age,workclass,fnlwgt,education,education.num,marital.status,occupation,relationship,race,sex,capital.gain,capital.loss,hours.per.week,native.country,income
24,Private,168997,Some-college,10,Married-civ-spouse,Craft-repair,Husband,White,Male,0,0,40,United-States,0
46,Private,188861,Some-college,10,Married-civ-spouse,Transport-moving,Husband,White,Male,0,0,40,United-States,0
50,Self-emp-not-inc,124793,HS-grad,9,Married-civ-spouse,Craft-repair,Husband,White,Male,0,0,30,United-States,0
47,State-gov,189123,HS-grad,9,Married-civ-spouse,Other-service,Husband,White,Male,0,0,40,United-States,0
51,Self-emp-not-inc,176240,Assoc-acdm,12,Married-civ-spouse,Sales,Husband,White,Male,0,0,40,United-States,1
45,State-gov,101299,Doctorate,16,Married-civ-spouse,Prof-specialty,Husband,White,Male,0,0,40,United-States,1
32,Private,108256,HS-grad,9,Married-civ-spouse,Craft-repair,Husband,White,Male,0,0,40,United-States,0
69,Private,209236,HS-grad,9,Married-civ-spouse,Adm-clerical,Husband,White,Male,0,0,36,United-States,0
31,Private,407930,7th-8th,4,Married-civ-spouse,Handlers-cleaners,Husband,White,Male,0,0,40,United-States,0
34,Federal-gov,284703,Some-college,10,Married-civ-spouse,Machine-op-inspct,Husband,Black,Male,0,0,52,United-States,0
56,Private,128764,7th-8th,4,Widowed,Transport-moving,Not-in-family,White,Male,0,0,20,United-States,0
63,Private,346975,Bachelors,13,Married-civ-spouse,Prof-specialty,Wife,White,Female,7688,0,36,United-States,1
47,Private,149700,Bachelors,13,Married-civ-spouse,Tech-support,Husband,White,Male,15024,0,40,United-States,1
31,Private,153078,Assoc-acdm,12,Never-married,Craft-repair,Own-child,Other,Male,0,0,50,United-States,0
41,Private,82319,12th,8,Married-civ-spouse,Other-service,Wife,White,Female,0,0,10,United-States,0
41,Private,103980,Some-college,10,Married-civ-spouse,Prof-specialty,Husband,White,Male,0,0,52,United-States,0
35,Private,292472,Doctorate,16,Married-civ-spouse,Prof-specialty,Husband,Asian-Pac-Islander,Male,0,0,40,Taiwan,1
24,Private,278130,HS-grad,9,Never-married,Craft-repair,Own-child,White,Male,0,0,40,United-States,0
45,Private,205424,Bachelors,13,Never-married,Prof-specialty,Not-in-family,White,Male,0,0,40,United-States,1
33,Private,183612,HS-grad,9,Married-civ-spouse,Transport-moving,Husband,White,Male,0,0,20,United-States,0
28,Private,51961,Some-college,10,Never-married,Tech-support,Own-child,Black,Male,0,0,24,United-States,0
27,Private,404421,Some-college,10,Never-married,Handlers-cleaners,Not-in-family,Black,Male,0,0,40,United-States,0
48,Local-gov,189762,HS-grad,9,Married-civ-spouse,Craft-repair,Husband,White,Male,0,0,40,United-States,1
51,Private,384248,Some-college,10,Divorced,Exec-managerial,Unmarried,Black,Female,0,0,50,United-States,0
44,Self-emp-not-inc,202692,Masters,14,Married-civ-spouse,Prof-specialty,Husband,White,Male,0,0,40,United-States,0
24,Private,99970,Bachelors,13,Never-married,Tech-support,Own-child,White,Male,0,0,40,United-States,0
37,State-gov,252939,Assoc-voc,11,Never-married,Prof-specialty,Unmarried,Black,Female,5455,0,40,United-States,0
37,Private,208106,Bachelors,13,Separated,Exec-managerial,Not-in-family,White,Male,0,0,35,United-States,0
28,Private,37359,Assoc-voc,11,Married-civ-spouse,Prof-specialty,Husband,White,Male,99999,0,50,United-States,1
46,Private,128645,Some-college,10,Divorced,Prof-specialty,Not-in-family,White,Female,0,0,40,United-States,0
56,Private,32446,Some-college,10,Married-civ-spouse,Craft-repair,Husband,White,Male,0,0,40,United-States,1
52,Private,191529,Bachelors,13,Divorced,Farming-fishing,Not-in-family,White,Male,0,0,40,United-States,0
56,Private,193130,Prof-school,15,Married-civ-spouse,Exec-managerial,Husband,White,Male,0,0,16,United-States,0
17,Self-emp-inc,325171,10th,6,Never-married,Other-service,Own-child,Black,Male,0,0,35,United-States,0
56,Self-emp-not-inc,323639,Masters,14,Married-civ-spouse,Exec-managerial,Husband,White,Male,0,0,25,United-States,0
47,Local-gov,97419,Bachelors,13,Divorced,Prof-specialty,Not-in-family,Black,Female,0,0,40,United-States,0
60,Private,291904,10th,6,Divorced,Other-service,Not-in-family,Black,Female,0,0,40,United-States,0
24,Private,116800,Assoc-voc,11,Never-married,Machine-op-inspct,Own-child,White,Male,0,0,35,United-States,0
40,Private,216116,9th,5,Never-married,Machine-op-inspct,Unmarried,Black,Female,0,0,40,Haiti,0
29,Private,188675,Some-college,10,Married-civ-spouse,Craft-repair,Husband,Black,Male,0,0,40,Jamaica,1
44,Private,170924,Some-college,10,Married-civ-spouse,Craft-repair,Husband,White,Male,7298,0,40,United-States,1
25,Private,117589,Assoc-acdm,12,Never-married,Adm-clerical,Not-in-family,White,Female,0,0,40,United-States,0
67,Self-emp-not-inc,127543,10th,6,Married-civ-spouse,Farming-fishing,Husband,White,Male,2414,0,80,United-States,0
46,Private,188386,Doctorate,16,Married-civ-spouse,Exec-managerial,Husband,White,Male,15024,0,60,United-States,1
22,Private,401451,Some-college,10,Married-civ-spouse,Transport-moving,Husband,White,Male,0,0,48,United-States,1
71,Private,78277,HS-grad,9,Married-civ-spouse,Craft-repair,Husband,White,Male,0,0,15,United-States,0
33,Local-gov,368675,Some-college,10,Married-civ-spouse,Protective-serv,Husband,White,Male,0,0,40,United-States,0
49,Private,124672,HS-grad,9,Married-civ-spouse,Craft-repair,Husband,White,Male,0,0,40,United-States,1
31,Private,120461,Some-college,10,Never-married,Sales,Own-child,White,Female,0,0,40,United-States,0
57,Private,231232,7th-8th,4,Married-civ-spouse,Craft-repair,Husband,White,Male,0,0,40,United-States,0
35,Private,186886,HS-grad,9,Divorced,Exec-managerial,Unmarried,White,Female,0,0,55,United-States,0
27,Private,29807,HS-grad,9,Separated,Handlers-cleaners,Unmarried,White,Female,0,0,40,Japan,0
66,Self-emp-inc,115880,Some-college,10,Married-civ-spouse,Prof-specialty,Husband,White,Male,0,0,40,United-States,0
32,Private,251243,Some-college,10,Divorced,Exec-managerial,Not-in-family,White,Female,0,0,50,United-States,1
42,Private,96321,Some-college,10,Married-civ-spouse,Sales,Husband,White,Male,0,0,50,United-States,1
37,State-gov,160402,Bachelors,13,Married-civ-spouse,Prof-specialty,Husband,White,Male,0,0,55,United-States,1
25,Private,64860,Some-college,10,Married-spouse-absent,Adm-clerical,Unmarried,White,Female,0,0,22,United-States,0
34,Private,42900,Bachelors,13,Married-civ-spouse,Exec-managerial,Husband,White,Male,0,0,50,United-States,1
24,Federal-gov,306515,HS-grad,9,Never-married,Adm-clerical,Not-in-family,White,Female,0,0,40,United-States,0
63,Private,137843,Some-college,10,Married-civ-spouse,Sales,Husband,White,Male,7298,0,48,United-States,1
29,Private,278637,Bachelors,13,Married-civ-spouse,Sales,Husband,White,Male,3103,0,45,United-States,1
35,Federal-gov,475324,Bachelors,13,Married-civ-spouse,Exec-managerial,Husband,White,Male,0,0,40,United-States,1
29,Private,124680,Bachelors,13,Never-married,Sales,Not-in-family,White,Female,13550,0,35,United-States,1
27,Private,77774,HS-grad,9,Never-married,Machine-op-inspct,Own-child,White,Female,0,0,34,United-States,0
27,Local-gov,273929,HS-grad,9,Never-married,Farming-fishing,Own-child,White,Male,0,0,40,United-States,0
37,Private,271013,HS-grad,9,Divorced,Handlers-cleaners,Not-in-family,White,Male,0,0,40,United-States,0
50,Local-gov,191130,Assoc-voc,11,Married-civ-spouse,Protective-serv,Husband,White,Male,0,0,40,United-States,1
43,Private,143583,10th,6,Married-civ-spouse,Handlers-cleaners,Husband,Black,Male,0,0,40,United-States,0
31,Private,399052,9th,5,Married-civ-spouse,Farming-fishing,Wife,White,Female,0,0,42,United-States,0
64,Private,285052,Some-college,10,Widowed,Exec-managerial,Not-in-family,White,Female,0,0,10,United-States,0
46,Federal-gov,106252,Some-college,10,Divorced,Adm-clerical,Not-in-family,White,Female,0,0,40,United-States,0
54,Self-emp-not-inc,163815,Masters,14,Divorced,Sales,Not-in-family,White,Male,0,0,60,United-States,0
20,Private,49179,Some-college,10,Never-married,Prof-specialty,Not-in-family,White,Male,0,0,35,United-States,0
34,Private,181091,Bachelors,13,Married-civ-spouse,Exec-managerial,Husband,White,Male,0,1977,45,United-States,1
21,Federal-gov,99199,HS-grad,9,Never-married,Adm-clerical,Own-child,White,Male,0,0,36,United-States,0
40,Private,375603,HS-grad,9,Divorced,Adm-clerical,Unmarried,Black,Male,0,0,40,United-States,0
42,Local-gov,351161,Some-college,10,Divorced,Craft-repair,Not-in-family,White,Male,0,0,40,United-States,0
43,Private,209149,HS-grad,9,Divorced,Other-service,Not-in-family,White,Female,0,0,35,United-States,0
31,Private,433788,Some-college,10,Married-civ-spouse,Transport-moving,Husband,White,Male,0,0,40,United-States,1
43,Private,169628,Bachelors,13,Never-married,Sales,Unmarried,Black,Female,0,0,35,United-States,1
59,Private,138370,10th,6,Married-spouse-absent,Protective-serv,Not-in-family,Asian-Pac-Islander,Male,0,0,40,India,0
51,Private,175246,HS-grad,9,Married-civ-spouse,Transport-moving,Husband,White,Male,0,0,50,United-States,1
17,Private,126771,12th,8,Never-married,Prof-specialty,Own-child,White,Male,0,0,7,United-States,0
28,Private,377095,Bachelors,13,Married-civ-spouse,Exec-managerial,Wife,White,Female,0,0,40,United-States,0
40,Self-emp-not-inc,548664,HS-grad,9,Married-civ-spouse,Craft-repair,Husband,White,Male,0,0,15,United-States,0
30,Private,207301,HS-grad,9,Never-married,Sales,Not-in-family,White,Female,0,1980,40,United-States,0
38,Private,617898,Bachelors,13,Married-civ-spouse,Farming-fishing,Husband,White,Male,0,0,50,United-States,0
57,Private,162301,HS-grad,9,Divorced,Adm-clerical,Not-in-family,White,Female,0,0,45,United-States,0
30,Private,39150,HS-grad,9,Married-civ-spouse,Machine-op-inspct,Husband,White,Male,0,0,40,United-States,0
41,Private,187336,HS-grad,9,Separated,Adm-clerical,Unmarried,White,Female,0,0,40,United-States,0
36,State-gov,119272,HS-grad,9,Married-civ-spouse,Protective-serv,Husband,White,Male,7298,0,40,United-States,1
61,Self-emp-not-inc,176965,Prof-school,15,Married-civ-spouse,Prof-specialty,Husband,White,Male,0,0,50,United-States,1
30,Private,197886,Some-college,10,Never-married,Sales,Not-in-family,White,Male,0,0,45,United-States,1
64,Local-gov,266080,HS-grad,9,Divorced,Adm-clerical,Not-in-family,White,Female,0,0,35,United-States,0
35,Private,296478,Some-college,10,Married-civ-spouse,Sales,Husband,White,Male,0,0,40,United-States,0
63,Local-gov,168656,Bachelors,13,Divorced,Craft-repair,Not-in-family,Black,Male,0,0,35,Outlying-US(Guam-USVI-etc),0
59,Local-gov,171328,HS-grad,9,Separated,Protective-serv,Other-relative,Black,Female,0,2339,40,United-States,0
34,State-gov,112062,Masters,14,Never-married,Prof-specialty,Unmarried,White,Female,0,0,40,United-States,0
51,Private,142717,Doctorate,16,Divorced,Craft-repair,Not-in-family,White,Female,4787,0,60,United-States,1
29,Private,190765,HS-grad,9,Divorced,Machine-op-inspct,Not-in-family,White,Male,0,0,44,United-States,0
29,Private,297544,HS-grad,9,Married-civ-spouse,Craft-repair,Husband,White,Male,0,0,40,United-States,0
35,Self-emp-inc,153976,HS-grad,9,Married-civ-spouse,Exec-managerial,Husband,White,Male,0,0,60,United-States,0
36,Private,85272,Assoc-acdm,12,Married-civ-spouse,Prof-specialty,Wife,White,Female,0,0,30,United-States,1
22,Private,198244,HS-grad,9,Never-married,Adm-clerical,Not-in-family,White,Female,0,0,39,United-States,0
37,Self-emp-not-inc,205359,Some-college,10,Married-civ-spouse,Exec-managerial,Wife,White,Female,0,0,15,United-States,0
29,Private,232784,Assoc-acdm,12,Never-married,Exec-managerial,Own-child,White,Male,0,0,40,United-States,0
42,Private,190179,Bachelors,13,Married-civ-spouse,Prof-specialty,Husband,White,Male,99999,0,40,United-States,1
38,Private,91857,Some-college,10,Married-civ-spouse,Craft-repair,Husband,White,Male,0,0,41,United-States,0
55,Private,200992,Some-college,10,Widowed,Other-service,Not-in-family,White,Female,0,0,35,United-States,0
28,Self-emp-not-inc,51461,HS-grad,9,Married-civ-spouse,Farming-fishing,Husband,White,Male,0,0,40,United-States,0
55,State-gov,175127,Bachelors,13,Married-civ-spouse,Adm-clerical,Husband,White,Male,7688,0,38,United-States,1
34,Private,199934,Some-college,10,Married-civ-spouse,Machine-op-inspct,Husband,Black,Male,7298,0,40,United-States,1
46,Private,162030,HS-grad,9,Widowed,Adm-clerical,Unmarried,White,Female,0,0,43,United-States,0
56,Private,92215,9th,5,Divorced,Craft-repair,Not-in-family,White,Female,0,0,40,United-States,1
57,Self-emp-not-inc,34297,7th-8th,4,Married-civ-spouse,Craft-repair,Husband,White,Male,0,0,40,United-States,1
40,Private,362482,Assoc-voc,11,Married-civ-spouse,Sales,Husband,White,Male,0,0,50,United-States,0
17,Private,32607,10th,6,Never-married,Farming-fishing,Own-child,White,Male,0,0,20,United-States,0
28,Local-gov,154863,9th,5,Married-civ-spouse,Craft-repair,Husband,Black,Male,0,0,40,Trinadad&Tobago,1
27,Private,302406,Some-college,10,Married-civ-spouse,Sales,Husband,White,Male,0,0,40,United-States,1
25,Private,231714,Some-college,10,Married-civ-spouse,Machine-op-inspct,Husband,White,Male,0,0,40,United-States,0
21,Private,203003,10th,6,Married-civ-spouse,Craft-repair,Husband,White,Male,0,0,40,United-States,0
77,Private,142646,7th-8th,4,Widowed,Priv-house-serv,Unmarried,White,Female,0,0,23,United-States,0
27,Private,411950,Bachelors,13,Never-married,Prof-specialty,Not-in-family,White,Male,0,0,60,United-States,0
37,Private,195189,Some-college,10,Divorced,Other-service,Unmarried,Black,Female,0,0,40,United-States,0
57,Self-emp-inc,195835,HS-grad,9,Married-civ-spouse,Exec-managerial,Husband,White,Male,0,0,40,United-States,0
36,Self-emp-not-inc,84848,HS-grad,9,Separated,Other-service,Not-in-family,White,Female,0,0,16,United-States,0
51,Local-gov,154891,HS-grad,9,Divorced,Protective-serv,Unmarried,White,Male,0,0,52,United-States,0
41,Self-emp-inc,75742,Prof-school,15,Married-civ-spouse,Prof-specialty,Husband,White,Male,0,0,45,El-Salvador,1
17,Private,167878,11th,7,Never-married,Other-service,Own-child,White,Male,0,0,20,United-States,0
32,Private,370160,Some-college,10,Separated,Exec-managerial,Unmarried,Black,Female,0,0,40,United-States,0
22,Private,310380,HS-grad,9,Never-married,Adm-clerical,Unmarried,Black,Female,0,0,40,United-States,0
30,Self-emp-inc,356689,HS-grad,9,Married-civ-spouse,Handlers-cleaners,Husband,White,Male,0,0,60,United-States,0
38,Private,43712,Bachelors,13,Married-civ-spouse,Prof-specialty,Husband,White,Male,7298,0,60,United-States,1
31,Private,216827,HS-grad,9,Separated,Other-service,Unmarried,Black,Female,0,0,40,United-States,0
55,Self-emp-inc,227856,Bachelors,13,Married-civ-spouse,Exec-managerial,Husband,White,Male,0,2415,50,United-States,1
27,Private,97490,Some-college,10,Divorced,Craft-repair,Unmarried,White,Female,0,0,40,United-States,0
28,Private,153546,11th,7,Divorced,Other-service,Unmarried,White,Female,0,0,40,United-States,0
29,Private,29865,HS-grad,9,Divorced,Sales,Not-in-family,Amer-Indian-Eskimo,Female,0,0,50,United-States,0
45,Private,203653,HS-grad,9,Married-civ-spouse,Adm-clerical,Husband,Black,Male,7298,0,40,United-States,1
44,Self-emp-not-inc,147206,Some-college,10,Never-married,Craft-repair,Own-child,White,Male,0,0,12,United-States,0
24,Federal-gov,44075,Bachelors,13,Never-married,Prof-specialty,Not-in-family,Asian-Pac-Islander,Male,0,0,40,United-States,0
49,Self-emp-inc,30751,Assoc-voc,11,Divorced,Exec-managerial,Not-in-family,White,Male,0,0,60,United-States,0
19,Private,216937,HS-grad,9,Never-married,Handlers-cleaners,Other-relative,Other,Female,0,0,60,Guatemala,0
23,Private,184665,HS-grad,9,Never-married,Adm-clerical,Not-in-family,White,Female,0,0,50,United-States,0
43,Private,345789,Bachelors,13,Married-civ-spouse,Prof-specialty,Wife,White,Female,15024,0,50,United-States,1
34,Private,297094,HS-grad,9,Married-civ-spouse,Handlers-cleaners,Husband,Black,Male,0,0,40,United-States,0
33,Private,112115,Bachelors,13,Married-civ-spouse,Exec-managerial,Husband,White,Male,0,1902,45,United-States,1
53,Private,102828,HS-grad,9,Married-civ-spouse,Exec-managerial,Husband,White,Male,0,0,35,United-States,1
33,Private,340332,Bachelors,13,Separated,Exec-managerial,Not-in-family,Black,Female,0,0,45,United-States,0
29,Local-gov,273771,Masters,14,Never-married,Prof-specialty,Not-in-family,White,Male,0,0,45,United-States,0
42,Private,162003,Doctorate,16,Never-married,Prof-specialty,Not-in-family,White,Male,0,0,36,United-States,1
34,Private,203463,Some-college,10,Divorced,Sales,Not-in-family,White,Female,0,0,40,United-States,0
45,Private,233799,1st-4th,2,Married-civ-spouse,Machine-op-inspct,Husband,White,Male,0,0,40,Mexico,0
42,Private,146659,Doctorate,16,Married-civ-spouse,Prof-specialty,Husband,White,Male,0,1902,50,United-States,1
24,Private,205865,HS-grad,9,Never-married,Sales,Unmarried,White,Male,0,0,45,United-States,0
40,Private,142886,Bachelors,13,Widowed,Exec-managerial,Unmarried,White,Female,0,0,40,United-States,0
50,Self-emp-not-inc,163948,HS-grad,9,Married-civ-spouse,Transport-moving,Husband,White,Male,0,0,40,United-States,1
27,Local-gov,236472,Bachelors,13,Divorced,Prof-specialty,Other-relative,White,Female,0,0,40,United-States,0
18,Private,36882,HS-grad,9,Never-married,Adm-clerical,Own-child,White,Female,0,0,20,United-States,0
46,Private,54985,HS-grad,9,Married-civ-spouse,Machine-op-inspct,Husband,White,Male,0,1887,40,United-States,1
47,Private,71221,HS-grad,9,Divorced,Machine-op-inspct,Unmarried,White,Female,0,0,60,United-States,0
60,State-gov,313946,HS-grad,9,Married-civ-spouse,Other-service,Husband,White,Male,0,0,40,United-States,0
27,Private,179915,Bachelors,13,Never-married,Exec-managerial,Own-child,White,Female,0,0,99,United-States,0
59,Private,99248,Some-college,10,Divorced,Other-service,Not-in-family,White,Male,0,0,40,United-States,0
50,Local-gov,199995,Bachelors,13,Divorced,Protective-serv,Not-in-family,White,Male,0,0,40,United-States,1
20,Private,121568,HS-grad,9,Married-civ-spouse,Handlers-cleaners,Husband,White,Male,0,0,50,United-States,0
35,Federal-gov,23892,HS-grad,9,Divorced,Prof-specialty,Unmarried,White,Female,0,0,40,United-States,0
20,Private,50397,HS-grad,9,Never-married,Adm-clerical,Own-child,Black,Male,0,0,20,United-States,0
33,Private,182246,HS-grad,9,Never-married,Prof-specialty,Not-in-family,White,Male,0,0,40,United-States,0
47,Private,167787,HS-grad,9,Never-married,Adm-clerical,Other-relative,White,Female,0,0,40,United-States,0
21,Private,250051,Some-college,10,Never-married,Prof-specialty,Own-child,White,Female,0,0,10,United-States,0
36,Federal-gov,47310,Some-college,10,Divorced,Exec-managerial,Unmarried,Black,Female,0,0,40,United-States,1
27,Private,193122,HS-grad,9,Married-civ-spouse,Machine-op-inspct,Husband,White,Male,0,0,40,United-States,0
22,Self-emp-inc,269583,7th-8th,4,Married-civ-spouse,Craft-repair,Husband,White,Male,2580,0,40,United-States,0
39,Local-gov,203070,HS-grad,9,Separated,Protective-serv,Not-in-family,White,Male,0,0,40,United-States,0
45,Private,126889,Bachelors,13,Married-civ-spouse,Sales,Husband,White,Male,0,1887,60,United-States,1
45,Private,234652,5th-6th,3,Married-civ-spouse,Machine-op-inspct,Husband,White,Male,0,0,40,Mexico,0
37,Private,172538,HS-grad,9,Never-married,Machine-op-inspct,Own-child,White,Male,0,0,40,United-States,0
45,State-gov,271962,Bachelors,13,Divorced,Protective-serv,Not-in-family,White,Female,0,0,40,United-States,0
24,Private,450695,Assoc-acdm,12,Never-married,Sales,Not-in-family,White,Male,0,0,35,United-States,0
30,Private,147430,HS-grad,9,Married-spouse-absent,Adm-clerical,Not-in-family,White,Female,0,0,40,United-States,0
33,Private,301867,Some-college,10,Never-married,Adm-clerical,Unmarried,Asian-Pac-Islander,Female,0,0,35,United-States,0
50,Private,104729,HS-grad,9,Divorced,Machine-op-inspct,Other-relative,White,Female,0,0,48,United-States,0
23,Private,287681,7th-8th,4,Never-married,Other-service,Not-in-family,White,Male,0,0,25,Mexico,0
54,Private,210736,HS-grad,9,Married-civ-spouse,Craft-repair,Husband,White,Male,0,0,40,United-States,1
48,State-gov,99086,Bachelors,13,Never-married,Exec-managerial,Not-in-family,White,Female,0,0,50,United-States,0
24,Private,91999,Assoc-acdm,12,Never-married,Exec-managerial,Not-in-family,White,Male,0,0,20,United-States,0
61,Private,137554,7th-8th,4,Married-civ-spouse,Craft-repair,Husband,White,Male,0,0,40,United-States,0
22,Private,174461,Some-college,10,Never-married,Adm-clerical,Own-child,White,Female,0,0,15,United-States,0
37,Private,326886,HS-grad,9,Married-civ-spouse,Transport-moving,Husband,White,Male,0,0,40,United-States,0
25,Private,404616,Masters,14,Married-civ-spouse,Farming-fishing,Not-in-family,White,Male,0,0,99,United-States,1
45,Federal-gov,98524,Assoc-acdm,12,Married-civ-spouse,Adm-clerical,Husband,White,Male,0,0,40,United-States,1
34,Private,34374,Some-college,10,Never-married,Other-service,Not-in-family,White,Male,0,0,50,United-States,0
74,Self-emp-not-inc,92298,Bachelors,13,Married-civ-spouse,Exec-managerial,Husband,White,Male,0,0,10,United-States,0
51,Self-emp-not-inc,99185,Assoc-acdm,12,Married-civ-spouse,Exec-managerial,Husband,White,Male,0,0,40,United-States,1
17,Private,168203,7th-8th,4,Never-married,Farming-fishing,Other-relative,Other,Male,0,0,40,Mexico,0
31,Private,106437,Prof-school,15,Married-civ-spouse,Prof-specialty,Wife,White,Female,0,0,60,United-States,1
18,Private,318190,11th,7,Never-married,Other-service,Own-child,White,Male,0,0,15,United-States,0
63,Private,226422,HS-grad,9,Married-civ-spouse,Craft-repair,Husband,White,Male,0,0,40,United-States,0
56,Private,345730,Bachelors,13,Married-civ-spouse,Prof-specialty,Husband,White,Male,0,0,45,United-States,1
21,Private,235442,HS-grad,9,Married-civ-spouse,Adm-clerical,Husband,White,Male,0,0,40,United-States,0
18,Private,245199,Some-college,10,Never-married,Other-service,Own-child,White,Male,0,0,40,United-States,0
46,Private,122026,Bachelors,13,Married-civ-spouse,Craft-repair,Husband,White,Male,0,0,44,United-States,1
49,Private,280525,Some-college,10,Married-civ-spouse,Adm-clerical,Husband,White,Male,0,0,45,United-States,1
29,Private,235168,Assoc-acdm,12,Married-civ-spouse,Sales,Husband,White,Male,0,0,60,United-States,0
36,Private,296999,Some-college,10,Divorced,Craft-repair,Not-in-family,White,Female,0,0,37,United-States,0
37,Private,330826,Assoc-voc,11,Married-civ-spouse,Prof-specialty,Wife,White,Female,0,0,30,United-States,0
48,Private,247685,Some-college,10,Divorced,Craft-repair,Not-in-family,White,Male,3325,0,40,United-States,0
25,Private,236267,HS-grad,9,Married-civ-spouse,Handlers-cleaners,Husband,White,Male,0,0,40,United-States,0
24,Private,157894,Some-college,10,Never-married,Handlers-cleaners,Own-child,Black,Male,0,0,40,United-States,0
24,Private,197387,HS-grad,9,Never-married,Other-service,Own-child,White,Male,0,0,40,Mexico,0
20,State-gov,178628,Some-college,10,Never-married,Adm-clerical,Own-child,White,Male,0,0,40,United-States,0
50,Self-emp-not-inc,29231,HS-grad,9,Married-civ-spouse,Exec-managerial,Husband,White,Male,0,0,45,United-States,1
48,Private,141511,10th,6,Married-civ-spouse,Exec-managerial,Husband,White,Male,0,0,45,United-States,1
57,State-gov,250976,HS-grad,9,Married-civ-spouse,Craft-repair,Husband,White,Male,0,0,40,United-States,0
43,Federal-gov,115562,HS-grad,9,Married-civ-spouse,Machine-op-inspct,Husband,White,Male,0,0,40,United-States,0
61,Private,175331,10th,6,Married-civ-spouse,Transport-moving,Husband,White,Male,0,0,40,United-States,0
33,Private,175479,5th-6th,3,Never-married,Other-service,Unmarried,White,Female,0,0,40,Mexico,0
59,Private,108496,Masters,14,Married-civ-spouse,Exec-managerial,Husband,White,Male,0,0,45,United-States,1
39,Private,163237,HS-grad,9,Married-civ-spouse,Craft-repair,Husband,White,Male,0,0,60,United-States,0
54,Private,182854,HS-grad,9,Married-civ-spouse,Craft-repair,Husband,White,Male,0,0,45,United-States,0
28,Private,157624,Bachelors,13,Never-married,Adm-clerical,Not-in-family,White,Female,0,0,40,United-States,0
37,Private,179671,9th,5,Married-civ-spouse,Handlers-cleaners,Husband,White,Male,0,0,50,United-States,0
43,Private,226902,Bachelors,13,Married-civ-spouse,Sales,Husband,White,Male,0,0,50,United-States,1
47,Private,146497,Some-college,10,Separated,Adm-clerical,Unmarried,White,Female,0,0,16,Germany,0
26,Private,176008,HS-grad,9,Divorced,Adm-clerical,Own-child,White,Female,0,0,40,United-States,0
22,Private,459463,12th,8,Married-spouse-absent,Other-service,Unmarried,Black,Female,0,0,50,United-States,0
41,Private,70092,Some-college,10,Divorced,Adm-clerical,Unmarried,White,Female,0,0,38,United-States,0
22,State-gov,178818,Some-college,10,Never-married,Prof-specialty,Own-child,White,Female,0,0,20,United-States,0
40,Private,141657,HS-grad,9,Divorced,Adm-clerical,Unmarried,White,Female,0,0,40,United-States,0
42,Private,259757,Bachelors,13,Divorced,Prof-specialty,Unmarried,White,Male,0,653,50,United-States,1
33,Private,133278,HS-grad,9,Never-married,Adm-clerical,Own-child,Black,Female,0,0,40,United-States,0
45,Private,187033,HS-grad,9,Married-civ-spouse,Craft-repair,Husband,White,Male,0,2051,40,United-States,0
41,Private,37869,HS-grad,9,Married-civ-spouse,Sales,Husband,White,Male,0,1902,40,United-States,1
45,Local-gov,148222,HS-grad,9,Never-married,Adm-clerical,Not-in-family,Black,Female,0,0,40,United-States,0
25,State-gov,153534,Some-college,10,Married-civ-spouse,Protective-serv,Husband,White,Male,0,0,40,United-States,0
23,Private,240063,Bachelors,13,Never-married,Machine-op-inspct,Own-child,White,Male,0,0,25,United-States,0
42,Private,245317,10th,6,Married-civ-spouse,Transport-moving,Husband,White,Male,0,0,50,United-States,0
58,State-gov,280519,HS-grad,9,Divorced,Other-service,Own-child,Black,Male,0,0,40,United-States,0
35,Private,198841,Assoc-voc,11,Divorced,Tech-support,Own-child,White,Male,0,0,35,United-States,0
32,Private,295117,Bachelors,13,Married-civ-spouse,Exec-managerial,Husband,Black,Male,0,0,40,England,1
25,State-gov,120041,Bachelors,13,Never-married,Prof-specialty,Not-in-family,White,Female,0,0,40,United-States,0
38,Private,65382,Some-college,10,Married-civ-spouse,Craft-repair,Husband,White,Male,0,0,40,United-States,1
38,Private,225707,HS-grad,9,Married-civ-spouse,Machine-op-inspct,Husband,White,Male,0,0,40,Cuba,1
75,Private,71898,Preschool,1,Never-married,Priv-house-serv,Not-in-family,Asian-Pac-Islander,Female,0,0,48,Philippines,0
44,Private,57233,Some-college,10,Married-civ-spouse,Prof-specialty,Husband,White,Male,0,0,45,United-States,0
18,Private,114008,HS-grad,9,Never-married,Other-service,Own-child,White,Male,0,0,35,United-States,0
48,Private,102112,Assoc-acdm,12,Married-civ-spouse,Prof-specialty,Husband,White,Male,0,0,50,United-States,1
31,State-gov,86143,HS-grad,9,Never-married,Protective-serv,Other-relative,Asian-Pac-Islander,Male,0,0,40,United-States,0
77,Private,187656,Some-college,10,Widowed,Priv-house-serv,Not-in-family,White,Female,0,0,20,United-States,0
34,Private,118605,Assoc-acdm,12,Married-civ-spouse,Prof-specialty,Husband,White,Male,0,0,55,United-States,0
33,Private,85043,HS-grad,9,Never-married,Farming-fishing,Not-in-family,White,Male,0,0,20,United-States,0
30,Private,171598,Bachelors,13,Married-spouse-absent,Sales,Not-in-family,White,Female,0,0,50,United-States,0
19,Private,178147,Some-college,10,Never-married,Handlers-cleaners,Own-child,White,Male,0,0,10,United-States,0
19,Private,183041,11th,7,Never-married,Handlers-cleaners,Own-child,White,Male,0,0,24,United-States,0
42,Private,112956,HS-grad,9,Never-married,Transport-moving,Own-child,White,Male,0,0,40,United-States,0
35,Private,538583,11th,7,Separated,Transport-moving,Not-in-family,Black,Male,3674,0,40,United-States,0
22,Private,222490,Some-college,10,Never-married,Sales,Own-child,White,Female,0,0,30,United-States,0
18,Private,115215,HS-grad,9,Never-married,Other-service,Own-child,White,Male,0,0,25,United-States,0
54,Private,28683,HS-grad,9,Married-civ-spouse,Sales,Husband,White,Male,3464,0,40,United-States,0
28,Private,100829,Bachelors,13,Married-civ-spouse,Exec-managerial,Wife,White,Female,0,0,50,United-States,1
63,Private,125954,HS-grad,9,Never-married,Machine-op-inspct,Not-in-family,White,Male,2174,0,40,United-States,0
23,Private,137994,Some-college,10,Never-married,Machine-op-inspct,Own-child,Black,Female,0,0,40,United-States,0
61,Private,202202,HS-grad,9,Never-married,Adm-clerical,Not-in-family,White,Female,0,0,40,United-States,0
47,Private,102318,HS-grad,9,Separated,Craft-repair,Own-child,White,Male,0,0,40,United-States,0
46,Local-gov,33373,Bachelors,13,Divorced,Prof-specialty,Unmarried,White,Female,0,0,40,United-States,0
34,Private,182926,HS-grad,9,Married-civ-spouse,Craft-repair,Husband,White,Male,0,0,43,United-States,1
28,Private,154571,Some-college,10,Married-civ-spouse,Exec-managerial,Husband,Asian-Pac-Islander,Male,0,0,40,Philippines,0
28,Private,190367,HS-grad,9,Married-civ-spouse,Machine-op-inspct,Husband,White,Male,0,0,45,United-States,0
39,Private,103925,Bachelors,13,Married-civ-spouse,Prof-specialty,Wife,White,Female,7688,0,32,United-States,1
45,Private,84790,Bachelors,13,Married-civ-spouse,Prof-specialty,Husband,White,Male,0,0,55,United-States,1
22,Private,190968,HS-grad,9,Married-civ-spouse,Other-service,Husband,White,Male,0,0,40,United-States,0
46,Private,190487,HS-grad,9,Divorced,Priv-house-serv,Unmarried,White,Female,0,0,28,Ecuador,0
30,Private,340917,HS-grad,9,Never-married,Craft-repair,Not-in-family,White,Male,0,0,40,United-States,0
58,Private,174040,Some-college,10,Never-married,Farming-fishing,Not-in-family,White,Male,0,0,40,United-States,0
17,Private,54257,11th,7,Never-married,Adm-clerical,Own-child,White,Female,0,0,20,United-States,0
43,Self-emp-not-inc,176069,HS-grad,9,Married-civ-spouse,Other-service,Wife,White,Female,0,0,16,United-States,0
64,State-gov,211222,Bachelors,13,Married-civ-spouse,Adm-clerical,Husband,White,Male,0,0,40,United-States,0
22,Private,235829,Some-college,10,Never-married,Adm-clerical,Own-child,White,Female,0,0,40,United-States,0
52,Private,117674,Bachelors,13,Never-married,Prof-specialty,Not-in-family,White,Male,0,0,38,United-States,0
58,Private,169611,HS-grad,9,Married-civ-spouse,Adm-clerical,Wife,White,Female,0,0,40,United-States,0
24,Private,341368,HS-grad,9,Never-married,Adm-clerical,Not-in-family,White,Male,0,0,40,United-States,0
21,Federal-gov,169003,12th,8,Never-married,Adm-clerical,Own-child,Black,Male,0,0,25,United-States,0
29,Self-emp-not-inc,322238,HS-grad,9,Never-married,Farming-fishing,Not-in-family,White,Male,0,0,40,United-States,0
26,Local-gov,197530,Masters,14,Married-spouse-absent,Prof-specialty,Not-in-family,White,Female,0,0,40,United-States,0
48,Private,207982,Some-college,10,Never-married,Other-service,Unmarried,Black,Female,0,0,40,United-States,0
37,Private,184556,Some-college,10,Divorced,Tech-support,Unmarried,White,Female,0,0,40,United-States,0
57,Private,214061,HS-grad,9,Divorced,Adm-clerical,Not-in-family,White,Female,0,0,40,United-States,0
46,Local-gov,344172,Assoc-acdm,12,Married-civ-spouse,Protective-serv,Husband,White,Male,0,0,49,United-States,1
68,Private,128472,Doctorate,16,Married-civ-spouse,Prof-specialty,Husband,White,Male,0,0,55,United-States,1
37,Private,82521,Bachelors,13,Married-civ-spouse,Exec-managerial,Husband,White,Male,15024,0,40,United-States,1
63,Private,124242,HS-grad,9,Married-civ-spouse,Adm-clerical,Husband,Black,Male,0,0,40,United-States,0
41,Self-emp-not-inc,32533,Assoc-voc,11,Married-civ-spouse,Farming-fishing,Husband,White,Male,0,0,45,United-States,0
40,Private,109762,Some-college,10,Divorced,Craft-repair,Unmarried,White,Male,0,0,40,United-States,0
34,Private,434463,Bachelors,13,Never-married,Machine-op-inspct,Not-in-family,White,Female,0,0,39,United-States,0
46,Private,216414,Assoc-voc,11,Married-spouse-absent,Craft-repair,Unmarried,White,Male,0,0,40,United-States,0
17,Self-emp-inc,143034,10th,6,Never-married,Other-service,Own-child,White,Male,0,0,4,United-States,0
33,Private,157747,Assoc-acdm,12,Married-civ-spouse,Handlers-cleaners,Husband,White,Male,0,0,40,United-States,0
32,Self-emp-not-inc,210926,11th,7,Separated,Handlers-cleaners,Unmarried,White,Female,0,0,40,Nicaragua,0
25,Private,199472,Assoc-voc,11,Never-married,Adm-clerical,Not-in-family,White,Female,0,0,38,United-States,0
35,Private,142616,HS-grad,9,Separated,Other-service,Own-child,Black,Female,0,0,30,United-States,0
24,Private,304386,HS-grad,9,Never-married,Other-service,Own-child,White,Female,0,0,30,United-States,0
35,Private,434114,HS-grad,9,Married-civ-spouse,Handlers-cleaners,Husband,White,Male,0,0,40,Mexico,0
39,Private,103260,Bachelors,13,Married-civ-spouse,Craft-repair,Wife,White,Female,0,0,30,United-States,1
42,Private,124692,HS-grad,9,Married-civ-spouse,Handlers-cleaners,Husband,White,Male,0,0,40,United-States,0
25,Private,274228,HS-grad,9,Married-civ-spouse,Tech-support,Husband,White,Male,0,0,84,United-States,0
49,Private,195956,Bachelors,13,Divorced,Tech-support,Unmarried,White,Female,0,0,35,United-States,0
22,Private,233955,Bachelors,13,Never-married,Prof-specialty,Not-in-family,Amer-Indian-Eskimo,Female,14344,0,40,United-States,1
17,Private,265657,11th,7,Never-married,Other-service,Own-child,White,Male,0,0,25,United-States,0
38,Self-emp-not-inc,65716,Assoc-voc,11,Divorced,Other-service,Unmarried,White,Female,0,0,40,United-States,0
20,Private,293726,Some-college,10,Never-married,Craft-repair,Not-in-family,White,Male,0,0,40,United-States,0
54,Local-gov,113000,Some-college,10,Married-civ-spouse,Farming-fishing,Husband,White,Male,0,0,40,United-States,0
59,Local-gov,283635,Masters,14,Divorced,Prof-specialty,Not-in-family,White,Female,0,0,40,United-States,0
24,Private,438839,Bachelors,13,Never-married,Sales,Not-in-family,White,Male,0,0,40,United-States,0
54,Self-emp-inc,146574,HS-grad,9,Married-civ-spouse,Craft-repair,Husband,White,Male,0,0,40,United-States,1
27,Private,217530,HS-grad,9,Married-civ-spouse,Machine-op-inspct,Husband,White,Male,0,0,40,Mexico,0
54,Self-emp-not-inc,392286,Assoc-acdm,12,Married-civ-spouse,Sales,Husband,White,Male,0,0,50,United-States,1
30,Private,35724,Prof-school,15,Married-civ-spouse,Prof-specialty,Wife,White,Female,0,0,45,United-States,1
33,Private,149184,HS-grad,9,Never-married,Prof-specialty,Not-in-family,White,Male,0,0,60,United-States,1
60,Local-gov,101110,Assoc-voc,11,Divorced,Prof-specialty,Unmarried,White,Male,0,0,40,United-States,1
49,Private,188330,HS-grad,9,Married-civ-spouse,Sales,Husband,White,Male,0,0,40,United-States,1
23,Private,109307,Assoc-voc,11,Never-married,Exec-managerial,Own-child,White,Male,0,0,40,United-States,0
63,Private,219540,HS-grad,9,Divorced,Craft-repair,Not-in-family,White,Female,0,0,40,United-States,0
26,Private,152035,HS-grad,9,Never-married,Adm-clerical,Not-in-family,White,Female,0,0,40,United-States,0
62,Private,149617,Some-college,10,Widowed,Exec-managerial,Not-in-family,White,Female,0,0,16,United-States,0
23,Private,222835,Bachelors,13,Never-married,Other-service,Own-child,White,Female,0,0,30,United-States,0
24,Private,155913,Bachelors,13,Married-civ-spouse,Prof-specialty,Husband,White,Male,0,0,44,United-States,0
49,Self-emp-not-inc,189123,HS-grad,9,Married-civ-spouse,Craft-repair,Husband,White,Male,5013,0,50,United-States,0
19,Private,198668,7th-8th,4,Never-married,Other-service,Not-in-family,White,Female,0,0,40,United-States,0
47,Private,80924,Some-college,10,Widowed,Other-service,Not-in-family,White,Female,0,0,35,United-States,0
21,Private,231160,Some-college,10,Never-married,Other-service,Own-child,White,Male,0,0,25,United-States,0
19,Private,225775,Some-college,10,Never-married,Craft-repair,Not-in-family,White,Male,0,0,45,Mexico,0
45,Private,189225,HS-grad,9,Never-married,Other-service,Unmarried,Black,Female,0,0,40,United-States,0
50,Private,144361,HS-grad,9,Married-civ-spouse,Craft-repair,Husband,White,Male,0,0,40,United-States,0
44,Private,197462,HS-grad,9,Married-civ-spouse,Machine-op-inspct,Husband,White,Male,0,0,40,United-States,0
33,Private,194901,HS-grad,9,Married-civ-spouse,Craft-repair,Husband,White,Male,0,0,45,United-States,0
48,Self-emp-not-inc,177783,7th-8th,4,Never-married,Farming-fishing,Not-in-family,White,Male,0,0,50,United-States,0
48,Private,143299,HS-grad,9,Never-married,Machine-op-inspct,Not-in-family,Black,Male,0,0,40,United-States,0
23,Private,140764,Assoc-voc,11,Never-married,Other-service,Own-child,White,Female,0,0,15,United-States,0
42,Private,118212,9th,5,Married-civ-spouse,Transport-moving,Husband,White,Male,0,0,40,United-States,0
50,Private,171199,11th,7,Divorced,Other-service,Unmarried,White,Female,0,0,40,United-States,0
58,Self-emp-inc,21626,Assoc-voc,11,Divorced,Sales,Not-in-family,White,Male,2202,0,56,United-States,0
40,Federal-gov,78036,Assoc-voc,11,Married-civ-spouse,Prof-specialty,Wife,White,Female,0,0,65,United-States,1
52,Private,358554,HS-grad,9,Married-civ-spouse,Machine-op-inspct,Husband,Black,Male,0,0,40,United-States,1
44,Private,216411,Assoc-voc,11,Separated,Prof-specialty,Not-in-family,White,Female,0,0,40,Dominican-Republic,0
59,Private,159724,Masters,14,Married-civ-spouse,Sales,Husband,White,Male,7298,0,55,United-States,1
38,Self-emp-not-inc,409189,7th-8th,4,Married-civ-spouse,Sales,Husband,White,Male,0,0,40,Mexico,0
24,Private,239663,10th,6,Married-civ-spouse,Other-service,Husband,White,Male,0,0,40,Mexico,0
50,Local-gov,50178,Some-college,10,Married-civ-spouse,Craft-repair,Husband,White,Male,4064,0,55,United-States,0
36,Private,248445,HS-grad,9,Separated,Transport-moving,Other-relative,White,Male,0,0,60,Mexico,0
51,Self-emp-not-inc,276456,Assoc-acdm,12,Married-civ-spouse,Sales,Husband,White,Male,3103,0,30,United-States,1
32,Private,105938,HS-grad,9,Divorced,Machine-op-inspct,Own-child,Black,Female,0,0,40,United-States,0
24,Private,236696,Bachelors,13,Never-married,Exec-managerial,Not-in-family,White,Male,0,0,40,United-States,0
50,Private,217577,HS-grad,9,Widowed,Machine-op-inspct,Unmarried,White,Female,0,0,40,United-States,0
49,Self-emp-not-inc,232664,Bachelors,13,Never-married,Exec-managerial,Own-child,White,Female,0,0,40,United-States,0
57,Private,300908,Assoc-acdm,12,Divorced,Machine-op-inspct,Not-in-family,White,Male,0,0,75,United-States,0
35,Private,218955,Bachelors,13,Married-civ-spouse,Sales,Husband,White,Male,0,0,40,United-States,0
42,Self-emp-not-inc,120837,HS-grad,9,Married-civ-spouse,Craft-repair,Husband,White,Male,0,2042,48,United-States,0
18,Private,110230,10th,6,Never-married,Other-service,Own-child,White,Male,0,0,11,United-States,0
62,Private,116104,HS-grad,9,Widowed,Adm-clerical,Not-in-family,White,Female,0,0,20,Germany,0
43,Private,160943,HS-grad,9,Married-civ-spouse,Other-service,Husband,Black,Male,0,0,40,United-States,1
58,State-gov,300623,HS-grad,9,Divorced,Adm-clerical,Unmarried,White,Female,0,0,40,United-States,0
41,Private,230020,HS-grad,9,Married-civ-spouse,Craft-repair,Husband,Other,Male,0,0,40,United-States,0
34,Private,281852,HS-grad,9,Never-married,Transport-moving,Not-in-family,Black,Male,0,0,80,United-States,0
40,Self-emp-not-inc,204235,Masters,14,Married-civ-spouse,Exec-managerial,Husband,White,Male,99999,0,50,United-States,1
31,Private,414525,12th,8,Never-married,Farming-fishing,Not-in-family,Black,Male,0,0,60,United-States,0
27,Private,297457,HS-grad,9,Never-married,Adm-clerical,Own-child,Black,Male,0,0,40,United-States,0
19,Private,187161,Some-college,10,Never-married,Other-service,Own-child,White,Female,0,0,25,United-States,0
42,State-gov,293791,Bachelors,13,Married-civ-spouse,Exec-managerial,Husband,White,Male,0,0,50,United-States,1
47,Private,274200,11th,7,Married-civ-spouse,Craft-repair,Husband,White,Male,7298,0,40,United-States,1
28,Private,185127,Some-college,10,Never-married,Sales,Not-in-family,White,Male,0,0,40,United-States,0
41,Federal-gov,214838,Masters,14,Married-civ-spouse,Exec-managerial,Husband,White,Male,0,0,60,United-States,1
34,Private,148207,Some-college,10,Married-civ-spouse,Exec-managerial,Husband,White,Male,0,0,65,United-States,1
47,Local-gov,216657,Masters,14,Never-married,Prof-specialty,Not-in-family,White,Male,0,0,35,United-States,1
30,Private,176175,Assoc-voc,11,Divorced,Adm-clerical,Unmarried,White,Female,0,0,24,United-States,0
24,Private,148709,HS-grad,9,Never-married,Other-service,Not-in-family,White,Female,0,0,40,United-States,0
23,Private,173679,Some-college,10,Never-married,Handlers-cleaners,Not-in-family,White,Male,0,0,40,United-States,0
35,Private,310290,HS-grad,9,Married-civ-spouse,Transport-moving,Wife,Black,Female,0,0,40,United-States,0
48,Private,154033,HS-grad,9,Divorced,Sales,Not-in-family,White,Female,0,0,52,United-States,0
71,Private,97870,Masters,14,Divorced,Prof-specialty,Not-in-family,White,Female,0,0,15,Germany,0
32,Private,175878,7th-8th,4,Married-civ-spouse,Craft-repair,Husband,White,Male,0,0,35,United-States,0
37,Self-emp-not-inc,137314,HS-grad,9,Married-civ-spouse,Exec-managerial,Husband,White,Male,0,0,60,United-States,0
29,Private,121523,11th,7,Married-civ-spouse,Transport-moving,Husband,White,Male,0,0,60,United-States,0
20,Private,305446,HS-grad,9,Never-married,Other-service,Own-child,White,Male,0,0,30,United-States,0
24,Private,190709,Some-college,10,Married-civ-spouse,Transport-moving,Husband,White,Male,0,0,65,United-States,0
42,Self-emp-not-inc,69333,Assoc-voc,11,Married-civ-spouse,Transport-moving,Husband,White,Male,4386,0,80,United-States,1
45,Self-emp-inc,173664,Bachelors,13,Married-civ-spouse,Exec-managerial,Husband,White,Male,0,0,45,United-States,1
28,Private,261278,Assoc-voc,11,Never-married,Tech-support,Not-in-family,Black,Female,0,0,40,United-States,0
55,Private,98746,Some-college,10,Married-civ-spouse,Tech-support,Husband,White,Male,0,0,50,Canada,1
52,Private,204584,Bachelors,13,Married-spouse-absent,Exec-managerial,Not-in-family,White,Female,0,0,42,United-States,0
22,Private,236684,Assoc-voc,11,Never-married,Other-service,Own-child,Black,Female,0,0,36,United-States,0
35,Private,108907,HS-grad,9,Separated,Machine-op-inspct,Unmarried,White,Male,0,0,40,United-States,0
39,State-gov,172700,HS-grad,9,Never-married,Other-service,Unmarried,Black,Female,0,0,40,United-States,0
28,Private,175262,HS-grad,9,Married-civ-spouse,Machine-op-inspct,Own-child,White,Male,0,0,40,United-States,0
29,Federal-gov,244473,Bachelors,13,Married-civ-spouse,Exec-managerial,Husband,White,Male,7688,0,40,United-States,1
61,Private,270056,HS-grad,9,Divorced,Adm-clerical,Not-in-family,Asian-Pac-Islander,Female,0,0,40,Japan,0
35,State-gov,216035,HS-grad,9,Married-civ-spouse,Protective-serv,Husband,White,Male,0,0,40,United-States,0
42,Self-emp-not-inc,82297,7th-8th,4,Married-civ-spouse,Other-service,Wife,Black,Female,0,0,50,United-States,0
25,Private,189775,Some-college,10,Married-spouse-absent,Adm-clerical,Own-child,Black,Female,0,0,20,United-States,0
25,Private,154863,HS-grad,9,Never-married,Adm-clerical,Unmarried,Black,Male,0,0,35,United-States,0
54,State-gov,119565,Bachelors,13,Married-civ-spouse,Exec-managerial,Husband,White,Male,0,0,40,Puerto-Rico,1
28,Private,214689,Bachelors,13,Never-married,Handlers-cleaners,Other-relative,White,Male,0,0,25,United-States,0
55,Private,414994,HS-grad,9,Married-civ-spouse,Craft-repair,Husband,White,Male,0,0,40,United-States,0
55,Private,178644,9th,5,Married-civ-spouse,Craft-repair,Husband,White,Male,0,0,55,United-States,0
49,Private,122493,HS-grad,9,Widowed,Tech-support,Unmarried,White,Male,0,0,40,United-States,0
29,Self-emp-not-inc,164607,HS-grad,9,Married-civ-spouse,Craft-repair,Husband,White,Male,0,0,40,United-States,0
25,Federal-gov,144259,HS-grad,9,Never-married,Adm-clerical,Own-child,Black,Male,0,0,40,United-States,0
37,Federal-gov,160910,HS-grad,9,Married-civ-spouse,Craft-repair,Husband,White,Male,0,0,40,United-States,0
68,Private,225612,Bachelors,13,Widowed,Sales,Not-in-family,White,Male,0,0,35,United-States,1
33,Private,155781,Prof-school,15,Never-married,Prof-specialty,Not-in-family,White,Male,0,0,40,United-States,1
40,Private,315321,HS-grad,9,Divorced,Exec-managerial,Unmarried,White,Female,0,625,52,United-States,0
35,Private,214896,HS-grad,9,Divorced,Adm-clerical,Not-in-family,White,Female,0,0,45,United-States,0
19,Private,38619,11th,7,Never-married,Machine-op-inspct,Not-in-family,White,Male,0,0,10,United-States,0
31,Private,213179,HS-grad,9,Married-civ-spouse,Transport-moving,Husband,White,Male,0,0,60,United-States,1
46,Private,383384,HS-grad,9,Married-civ-spouse,Prof-specialty,Husband,White,Male,0,0,40,United-States,0
28,Self-emp-not-inc,254989,11th,7,Never-married,Sales,Own-child,White,Male,0,0,40,United-States,0
35,Private,38294,HS-grad,9,Married-civ-spouse,Craft-repair,Husband,White,Male,0,0,40,United-States,0
21,Private,387335,Some-college,10,Never-married,Tech-support,Own-child,White,Female,0,1719,9,United-States,0
33,Private,348152,HS-grad,9,Married-civ-spouse,Craft-repair,Husband,White,Male,0,0,40,United-States,0
33,Private,104525,HS-grad,9,Married-civ-spouse,Handlers-cleaners,Husband,White,Male,0,0,40,United-States,0
48,Local-gov,121622,Masters,14,Never-married,Prof-specialty,Unmarried,White,Female,0,1380,40,United-States,0
53,Private,161691,HS-grad,9,Widowed,Sales,Not-in-family,White,Female,0,0,35,United-States,0
20,Private,102607,HS-grad,9,Never-married,Handlers-cleaners,Own-child,White,Male,0,0,30,United-States,0
23,Private,208598,Some-college,10,Never-married,Sales,Not-in-family,White,Male,0,0,45,United-States,0
48,Private,167159,Assoc-voc,11,Never-married,Adm-clerical,Unmarried,White,Male,0,0,40,United-States,0
50,Private,113290,HS-grad,9,Married-civ-spouse,Sales,Wife,White,Female,0,0,15,United-States,0
45,Private,183092,Assoc-acdm,12,Never-married,Adm-clerical,Not-in-family,Black,Female,0,0,40,United-States,0
24,Private,136310,Some-college,10,Married-civ-spouse,Tech-support,Husband,White,Male,0,0,40,United-States,0
31,Private,102884,HS-grad,9,Married-civ-spouse,Machine-op-inspct,Husband,White,Male,0,0,50,United-States,0
49,Local-gov,145290,5th-6th,3,Married-civ-spouse,Other-service,Husband,White,Male,0,0,40,United-States,0
18,Private,108892,11th,7,Never-married,Handlers-cleaners,Own-child,White,Male,0,0,12,United-States,0
60,Self-emp-not-inc,52900,HS-grad,9,Married-civ-spouse,Craft-repair,Husband,White,Male,0,0,42,United-States,1
43,Private,99212,Assoc-voc,11,Married-civ-spouse,Exec-managerial,Husband,White,Male,3103,0,48,United-States,1
68,Private,284763,11th,7,Divorced,Transport-moving,Not-in-family,White,Male,0,0,70,United-States,0
40,Local-gov,202872,Masters,14,Married-civ-spouse,Prof-specialty,Wife,White,Female,0,0,40,United-States,1
29,Self-emp-not-inc,184710,HS-grad,9,Married-civ-spouse,Craft-repair,Husband,White,Male,0,0,40,United-States,0
27,Private,123984,Assoc-acdm,12,Never-married,Other-service,Not-in-family,Asian-Pac-Islander,Female,0,0,35,Philippines,0
26,Private,133373,Some-college,10,Never-married,Sales,Own-child,White,Male,0,0,42,United-States,0
17,Private,176017,10th,6,Never-married,Other-service,Other-relative,White,Male,0,0,15,United-States,0
45,State-gov,305739,Some-college,10,Divorced,Adm-clerical,Not-in-family,White,Female,0,0,40,United-States,0
24,Private,432376,Bachelors,13,Never-married,Sales,Other-relative,White,Male,0,0,40,United-States,0
26,Private,36936,Assoc-voc,11,Married-civ-spouse,Craft-repair,Husband,White,Male,0,2002,40,United-States,0
22,Private,137510,Some-college,10,Never-married,Adm-clerical,Own-child,White,Male,0,0,40,United-States,0
49,Private,185385,Masters,14,Married-civ-spouse,Prof-specialty,Husband,White,Male,0,0,50,United-States,1
29,Private,174645,11th,7,Divorced,Craft-repair,Unmarried,White,Female,0,0,52,United-States,0
53,Private,204584,Masters,14,Divorced,Sales,Not-in-family,White,Female,0,0,40,United-States,0
35,Private,52738,Some-college,10,Married-civ-spouse,Machine-op-inspct,Husband,White,Male,0,0,46,United-States,0
23,Private,256628,7th-8th,4,Married-civ-spouse,Transport-moving,Husband,White,Male,0,0,32,United-States,0
76,Private,203910,HS-grad,9,Widowed,Other-service,Not-in-family,White,Male,0,0,17,United-States,0
54,Private,240542,Some-college,10,Divorced,Sales,Unmarried,White,Female,0,0,48,United-States,0
64,Local-gov,158412,HS-grad,9,Widowed,Adm-clerical,Not-in-family,White,Female,0,0,40,United-States,0
34,Private,272411,Bachelors,13,Never-married,Adm-clerical,Not-in-family,White,Female,0,0,40,United-States,0
66,Self-emp-not-inc,182470,Prof-school,15,Married-civ-spouse,Prof-specialty,Husband,White,Male,0,0,25,United-States,1
19,Private,45766,Some-college,10,Never-married,Handlers-cleaners,Not-in-family,White,Male,0,0,45,United-States,0
33,State-gov,291494,Doctorate,16,Married-civ-spouse,Prof-specialty,Husband,White,Male,0,0,50,United-States,1
18,Federal-gov,280728,Some-college,10,Never-married,Sales,Own-child,White,Female,0,0,32,United-States,0
27,Private,330466,Bachelors,13,Never-married,Tech-support,Other-relative,Asian-Pac-Islander,Male,0,0,40,United-States,0
21,Private,180190,Assoc-voc,11,Married-civ-spouse,Farming-fishing,Husband,White,Male,0,0,46,United-States,0
35,Private,112271,Masters,14,Married-civ-spouse,Adm-clerical,Husband,White,Male,0,0,40,United-States,0
39,Self-emp-not-inc,188335,HS-grad,9,Married-civ-spouse,Farming-fishing,Husband,White,Male,0,0,40,United-States,0
27,Private,47907,Bachelors,13,Never-married,Prof-specialty,Not-in-family,White,Female,0,0,48,United-States,0
32,Self-emp-not-inc,70985,HS-grad,9,Married-civ-spouse,Farming-fishing,Husband,White,Male,4064,0,40,United-States,0
49,Private,297884,HS-grad,9,Married-civ-spouse,Machine-op-inspct,Husband,White,Male,4064,0,50,United-States,0
27,Private,69132,Bachelors,13,Never-married,Prof-specialty,Not-in-family,White,Male,0,0,40,United-States,0
49,Private,213431,HS-grad,9,Separated,Prof-specialty,Unmarried,Black,Female,0,0,40,United-States,0
57,State-gov,283635,Some-college,10,Divorced,Craft-repair,Not-in-family,White,Female,0,0,40,United-States,0
19,Federal-gov,27433,12th,8,Never-married,Other-service,Own-child,White,Female,0,0,30,United-States,0
20,Private,380544,Assoc-acdm,12,Never-married,Transport-moving,Own-child,White,Male,0,0,20,United-States,0
64,Self-emp-not-inc,165479,HS-grad,9,Married-civ-spouse,Sales,Husband,White,Male,0,0,5,United-States,0
44,Private,171722,HS-grad,9,Separated,Other-service,Unmarried,White,Female,0,0,39,United-States,0
42,Self-emp-inc,348886,Bachelors,13,Married-civ-spouse,Exec-managerial,Husband,White,Male,0,0,45,United-States,1
22,Private,100587,Some-college,10,Never-married,Other-service,Own-child,Black,Female,0,0,15,United-States,0
57,Private,319733,Bachelors,13,Married-civ-spouse,Machine-op-inspct,Husband,White,Male,0,0,40,Poland,1
27,Local-gov,29174,Bachelors,13,Never-married,Prof-specialty,Unmarried,White,Female,0,0,40,United-States,0
37,Private,103323,HS-grad,9,Never-married,Craft-repair,Not-in-family,White,Male,0,0,40,United-States,0
30,State-gov,48214,Masters,14,Married-civ-spouse,Prof-specialty,Wife,White,Female,0,0,50,United-States,1
26,Private,206600,Bachelors,13,Never-married,Craft-repair,Own-child,White,Male,0,0,40,Mexico,0
26,Private,108658,HS-grad,9,Never-married,Machine-op-inspct,Not-in-family,White,Male,0,0,40,United-States,0
26,Private,456618,Some-college,10,Never-married,Adm-clerical,Own-child,White,Male,2597,0,40,United-States,0
43,Local-gov,223861,Assoc-voc,11,Divorced,Exec-managerial,Not-in-family,White,Female,0,0,40,United-States,0
51,Private,282549,HS-grad,9,Married-civ-spouse,Machine-op-inspct,Husband,Black,Male,3137,0,40,United-States,0
43,Private,270522,HS-grad,9,Separated,Other-service,Not-in-family,White,Female,0,0,26,United-States,0
66,Local-gov,188220,HS-grad,9,Widowed,Adm-clerical,Unmarried,White,Female,0,0,35,United-States,1
27,Private,19395,Some-college,10,Married-civ-spouse,Handlers-cleaners,Wife,White,Female,0,0,35,United-States,0
35,Private,54595,10th,6,Widowed,Other-service,Not-in-family,Black,Female,0,1980,40,United-States,0
38,Private,247111,HS-grad,9,Married-civ-spouse,Tech-support,Husband,White,Male,0,0,40,United-States,1
19,Private,143360,HS-grad,9,Never-married,Machine-op-inspct,Own-child,White,Female,0,0,34,United-States,0
21,Private,223352,HS-grad,9,Never-married,Other-service,Not-in-family,White,Female,1055,0,30,United-States,0
34,Self-emp-not-inc,123429,HS-grad,9,Married-civ-spouse,Sales,Husband,White,Male,0,0,60,United-States,0
39,Private,65027,Some-college,10,Married-civ-spouse,Transport-moving,Husband,White,Male,0,0,43,United-States,0
29,Private,179008,HS-grad,9,Married-civ-spouse,Farming-fishing,Husband,White,Male,0,0,55,United-States,0
18,Private,110142,HS-grad,9,Never-married,Sales,Own-child,White,Female,0,0,40,United-States,0
50,Private,145409,HS-grad,9,Married-civ-spouse,Transport-moving,Husband,White,Male,0,0,50,United-States,1
46,State-gov,119904,Prof-school,15,Never-married,Prof-specialty,Not-in-family,White,Female,0,1564,55,United-States,1
36,Self-emp-not-inc,245090,Bachelors,13,Never-married,Farming-fishing,Not-in-family,White,Male,0,0,50,Mexico,0
32,Private,168854,HS-grad,9,Married-civ-spouse,Other-service,Husband,White,Male,0,0,54,United-States,0
31,Private,168906,Bachelors,13,Divorced,Exec-managerial,Not-in-family,White,Female,0,0,50,United-States,1
59,Private,196482,HS-grad,9,Widowed,Adm-clerical,Unmarried,White,Female,0,0,40,United-States,0
63,Self-emp-not-inc,26904,HS-grad,9,Married-civ-spouse,Farming-fishing,Husband,White,Male,0,0,98,United-States,0
46,Self-emp-not-inc,148599,Masters,14,Married-civ-spouse,Craft-repair,Husband,White,Male,0,0,50,United-States,1
41,Private,151504,Bachelors,13,Married-civ-spouse,Exec-managerial,Husband,White,Male,7688,0,50,United-States,1
17,Private,263746,10th,6,Never-married,Other-service,Own-child,White,Male,0,0,24,United-States,0
40,Self-emp-inc,110862,Assoc-acdm,12,Married-civ-spouse,Craft-repair,Husband,White,Male,0,2377,50,United-States,0
21,Private,313702,Some-college,10,Never-married,Sales,Not-in-family,White,Male,0,0,40,United-States,0
22,Private,131230,Bachelors,13,Never-married,Sales,Own-child,White,Male,0,0,40,United-States,0
29,Private,236436,Assoc-acdm,12,Never-married,Prof-specialty,Not-in-family,White,Female,8614,0,40,United-States,1
63,Private,268965,12th,8,Widowed,Sales,Unmarried,White,Female,0,0,40,United-States,0
25,Private,108317,Bachelors,13,Never-married,Exec-managerial,Not-in-family,White,Male,0,0,40,United-States,0
39,Private,129764,HS-grad,9,Married-civ-spouse,Craft-repair,Husband,White,Male,0,0,40,United-States,0
62,State-gov,202056,Bachelors,13,Divorced,Prof-specialty,Not-in-family,White,Male,14084,0,40,United-States,1
25,Private,187577,HS-grad,9,Married-civ-spouse,Craft-repair,Husband,White,Male,0,0,40,United-States,0
19,Private,205829,HS-grad,9,Never-married,Sales,Own-child,White,Female,0,0,35,United-States,0
48,Private,118023,Prof-school,15,Divorced,Sales,Not-in-family,White,Male,0,0,13,United-States,0
33,Private,213887,HS-grad,9,Divorced,Farming-fishing,Not-in-family,White,Male,0,0,40,United-States,0
27,Private,198258,Bachelors,13,Never-married,Sales,Own-child,White,Male,0,0,35,United-States,0
18,Private,168288,HS-grad,9,Never-married,Handlers-cleaners,Own-child,White,Male,0,0,40,United-States,0
57,Private,124852,Some-college,10,Never-married,Handlers-cleaners,Own-child,Black,Male,0,0,40,United-States,0
37,Private,224947,Assoc-voc,11,Never-married,Other-service,Not-in-family,White,Male,0,0,40,United-States,0
48,Private,318331,HS-grad,9,Never-married,Sales,Own-child,White,Male,0,0,40,United-States,0
21,Private,243368,Preschool,1,Never-married,Farming-fishing,Not-in-family,White,Male,0,0,50,Mexico,0
41,Private,116493,HS-grad,9,Divorced,Craft-repair,Not-in-family,White,Male,13550,0,44,United-States,1
66,Private,313255,Some-college,10,Married-civ-spouse,Sales,Husband,White,Male,0,0,24,United-States,0
54,Self-emp-inc,124963,Bachelors,13,Married-civ-spouse,Exec-managerial,Husband,White,Male,0,0,40,United-States,1
81,Private,364099,Some-college,10,Divorced,Adm-clerical,Not-in-family,White,Female,0,0,20,United-States,0
25,Private,171236,HS-grad,9,Divorced,Handlers-cleaners,Own-child,White,Female,0,0,40,United-States,0
65,Private,88513,HS-grad,9,Married-civ-spouse,Sales,Husband,White,Male,0,0,18,United-States,0
59,Self-emp-not-inc,181070,HS-grad,9,Married-civ-spouse,Sales,Husband,White,Male,0,0,40,England,1
40,Local-gov,183765,Assoc-acdm,12,Never-married,Prof-specialty,Not-in-family,White,Male,0,0,40,United-States,1
51,Private,441637,HS-grad,9,Married-civ-spouse,Tech-support,Husband,White,Male,0,0,40,United-States,0
28,Private,407043,HS-grad,9,Married-civ-spouse,Adm-clerical,Husband,Black,Male,0,0,40,United-States,0
36,Private,188834,HS-grad,9,Married-civ-spouse,Craft-repair,Husband,White,Male,0,0,40,United-States,0
27,Private,224849,HS-grad,9,Married-civ-spouse,Craft-repair,Husband,White,Male,0,0,40,United-States,0
17,Private,197850,11th,7,Never-married,Adm-clerical,Own-child,Asian-Pac-Islander,Female,0,0,24,United-States,0
42,Self-emp-not-inc,33795,HS-grad,9,Married-civ-spouse,Craft-repair,Husband,White,Male,0,0,45,United-States,0
38,Federal-gov,261241,Some-college,10,Married-civ-spouse,Adm-clerical,Husband,White,Male,0,0,45,United-States,1
49,Private,34377,12th,8,Married-civ-spouse,Craft-repair,Husband,White,Male,0,0,40,United-States,1
51,Private,282744,Bachelors,13,Married-civ-spouse,Farming-fishing,Husband,White,Male,0,0,40,Canada,0
74,Federal-gov,39890,Some-college,10,Widowed,Transport-moving,Not-in-family,White,Female,0,0,18,United-States,0
45,Private,329603,Doctorate,16,Married-civ-spouse,Prof-specialty,Husband,White,Male,0,0,40,Poland,1
53,Private,137192,Bachelors,13,Divorced,Exec-managerial,Unmarried,Asian-Pac-Islander,Male,0,0,50,United-States,0
33,Private,220362,Assoc-voc,11,Married-civ-spouse,Transport-moving,Husband,White,Male,0,0,84,United-States,1
44,Self-emp-inc,78374,Masters,14,Divorced,Exec-managerial,Unmarried,Asian-Pac-Islander,Female,0,0,40,United-States,0
49,Private,97883,Bachelors,13,Divorced,Exec-managerial,Unmarried,White,Female,0,0,40,United-States,0
31,Private,234500,Bachelors,13,Married-civ-spouse,Adm-clerical,Wife,White,Female,0,0,40,United-States,0
45,Private,285858,Bachelors,13,Married-civ-spouse,Transport-moving,Husband,White,Male,0,0,40,United-States,1
31,Private,114691,HS-grad,9,Married-civ-spouse,Machine-op-inspct,Husband,White,Male,0,0,40,United-States,1
22,Private,379778,HS-grad,9,Never-married,Other-service,Not-in-family,White,Male,0,0,40,United-States,0
31,Private,289731,Some-college,10,Married-civ-spouse,Craft-repair,Husband,White,Male,0,0,40,United-States,0
45,Self-emp-not-inc,222374,Bachelors,13,Never-married,Prof-specialty,Not-in-family,White,Male,0,0,40,United-States,0
37,Private,182668,10th,6,Married-civ-spouse,Transport-moving,Husband,White,Male,0,0,35,United-States,0
47,Local-gov,148576,Prof-school,15,Married-civ-spouse,Prof-specialty,Husband,White,Male,0,0,35,United-States,0
45,Private,259463,Assoc-voc,11,Married-civ-spouse,Prof-specialty,Husband,White,Male,0,0,40,United-States,1
50,Private,149770,Masters,14,Never-married,Prof-specialty,Unmarried,White,Female,0,0,40,United-States,0
35,Private,268661,Some-college,10,Married-civ-spouse,Sales,Husband,White,Male,0,0,50,United-States,0
48,Local-gov,273402,7th-8th,4,Married-civ-spouse,Transport-moving,Husband,White,Male,0,1902,40,United-States,0
20,Private,137300,Assoc-voc,11,Never-married,Machine-op-inspct,Unmarried,White,Female,0,0,40,United-States,0
53,Private,22154,Some-college,10,Married-civ-spouse,Craft-repair,Husband,White,Male,0,0,40,United-States,0
26,Private,192022,Bachelors,13,Never-married,Prof-specialty,Own-child,White,Female,0,0,40,United-States,0
32,Private,281030,HS-grad,9,Married-civ-spouse,Machine-op-inspct,Husband,White,Male,0,0,40,United-States,0
55,Private,189528,7th-8th,4,Married-civ-spouse,Craft-repair,Husband,White,Male,0,0,60,United-States,0
34,Private,160216,Bachelors,13,Never-married,Exec-managerial,Not-in-family,White,Female,0,0,55,United-States,1
36,Private,104858,Some-college,10,Married-civ-spouse,Farming-fishing,Husband,White,Male,0,0,56,United-States,1
27,Private,336951,HS-grad,9,Married-civ-spouse,Transport-moving,Husband,White,Male,0,0,99,United-States,0
37,Self-emp-not-inc,36989,Some-college,10,Married-civ-spouse,Farming-fishing,Husband,White,Male,0,0,40,United-States,0
45,Private,82797,Bachelors,13,Married-civ-spouse,Exec-managerial,Husband,White,Male,0,0,45,United-States,1
50,Private,94081,HS-grad,9,Married-civ-spouse,Exec-managerial,Husband,White,Male,0,0,40,United-States,1
29,Private,87523,HS-grad,9,Never-married,Sales,Own-child,White,Female,0,0,40,United-States,0
47,Self-emp-inc,120131,Bachelors,13,Married-civ-spouse,Exec-managerial,Husband,White,Male,0,0,50,Cuba,1
34,Private,238376,1st-4th,2,Married-civ-spouse,Craft-repair,Husband,White,Male,0,0,40,Mexico,0
32,Self-emp-not-inc,129497,Some-college,10,Married-civ-spouse,Craft-repair,Husband,White,Male,0,0,55,United-States,1
28,State-gov,239130,Some-college,10,Divorced,Other-service,Unmarried,White,Male,0,0,40,United-States,0
39,Private,139647,Some-college,10,Divorced,Exec-managerial,Unmarried,White,Female,0,0,56,United-States,0
40,Local-gov,197012,Bachelors,13,Divorced,Tech-support,Not-in-family,White,Female,8614,0,40,England,1
61,Local-gov,35001,7th-8th,4,Married-civ-spouse,Adm-clerical,Husband,White,Male,2885,0,40,United-States,0
51,Local-gov,182985,HS-grad,9,Married-civ-spouse,Adm-clerical,Wife,White,Female,0,0,40,United-States,0
36,Private,174717,Bachelors,13,Married-civ-spouse,Prof-specialty,Husband,White,Male,7688,0,40,United-States,1
63,Private,158609,Assoc-voc,11,Widowed,Adm-clerical,Unmarried,White,Female,0,0,8,United-States,0
44,Private,335248,Some-college,10,Divorced,Adm-clerical,Not-in-family,White,Female,0,0,40,United-States,0
30,Federal-gov,321990,Some-college,10,Married-civ-spouse,Adm-clerical,Husband,White,Male,7298,0,48,Cuba,1
30,Private,186269,Bachelors,13,Married-civ-spouse,Tech-support,Husband,White,Male,0,0,40,United-States,0
48,Private,498325,Assoc-acdm,12,Married-civ-spouse,Transport-moving,Husband,White,Male,0,0,50,United-States,0
25,Private,122999,HS-grad,9,Never-married,Craft-repair,Own-child,White,Male,0,0,40,United-States,0
19,Private,195805,HS-grad,9,Never-married,Sales,Own-child,White,Female,0,0,12,United-States,0
53,Private,30290,HS-grad,9,Never-married,Sales,Not-in-family,White,Female,0,0,40,United-States,0
39,Federal-gov,129573,Some-college,10,Married-civ-spouse,Adm-clerical,Husband,White,Male,0,0,50,United-States,0
21,Private,190805,HS-grad,9,Married-civ-spouse,Handlers-cleaners,Husband,White,Male,0,0,32,United-States,0
55,Local-gov,212448,HS-grad,9,Divorced,Adm-clerical,Not-in-family,White,Female,0,0,40,United-States,0
27,Private,181659,HS-grad,9,Married-civ-spouse,Machine-op-inspct,Husband,White,Male,0,0,40,United-States,0
47,Private,275095,Some-college,10,Divorced,Machine-op-inspct,Not-in-family,White,Female,0,0,40,United-States,0
31,Private,66815,HS-grad,9,Married-civ-spouse,Craft-repair,Husband,White,Male,0,0,50,United-States,0
40,Private,303291,Some-college,10,Married-civ-spouse,Other-service,Wife,White,Female,0,0,35,United-States,0
41,Private,92775,Bachelors,13,Married-civ-spouse,Exec-managerial,Husband,White,Male,0,0,60,United-States,1
71,Private,217971,9th,5,Widowed,Sales,Unmarried,White,Female,0,0,13,United-States,0
21,Private,188073,HS-grad,9,Never-married,Machine-op-inspct,Own-child,Black,Female,0,0,40,United-States,0
38,Private,220585,HS-grad,9,Married-civ-spouse,Exec-managerial,Husband,White,Male,0,0,55,United-States,1
24,Private,556660,HS-grad,9,Never-married,Exec-managerial,Other-relative,White,Male,4101,0,50,United-States,0
61,Private,132972,9th,5,Never-married,Machine-op-inspct,Unmarried,Black,Female,0,0,40,United-States,0
39,Self-emp-not-inc,154641,HS-grad,9,Divorced,Farming-fishing,Not-in-family,White,Male,8614,0,50,United-States,1
35,Private,33975,Assoc-acdm,12,Married-civ-spouse,Craft-repair,Husband,White,Male,0,0,40,United-States,0
40,Self-emp-not-inc,177810,Bachelors,13,Married-civ-spouse,Craft-repair,Husband,White,Male,0,0,30,United-States,0
35,Private,41777,12th,8,Never-married,Farming-fishing,Not-in-family,White,Male,0,0,20,United-States,0
48,Private,248164,Bachelors,13,Married-civ-spouse,Sales,Husband,White,Male,4386,0,50,United-States,1
27,Private,251905,Assoc-voc,11,Never-married,Exec-managerial,Own-child,White,Male,0,0,50,United-States,0
19,Private,60367,HS-grad,9,Never-married,Other-service,Own-child,White,Female,0,0,13,United-States,0
53,Local-gov,236873,Masters,14,Married-civ-spouse,Exec-managerial,Husband,Black,Male,0,0,40,United-States,1
62,Private,77884,5th-6th,3,Married-civ-spouse,Farming-fishing,Husband,Asian-Pac-Islander,Male,0,0,40,Philippines,0
57,Private,372020,Some-college,10,Married-civ-spouse,Sales,Husband,White,Male,5013,0,50,United-States,0
21,Private,211301,Some-college,10,Never-married,Adm-clerical,Own-child,White,Female,0,0,8,United-States,0
59,Private,99131,HS-grad,9,Married-civ-spouse,Adm-clerical,Wife,White,Female,0,0,40,United-States,0
50,Private,166220,Assoc-acdm,12,Married-civ-spouse,Sales,Wife,White,Female,3942,0,40,United-States,0
35,State-gov,35626,Some-college,10,Divorced,Adm-clerical,Unmarried,White,Female,0,0,15,United-States,0
29,Private,421065,HS-grad,9,Never-married,Machine-op-inspct,Not-in-family,White,Male,0,0,48,United-States,0
22,Private,34443,HS-grad,9,Never-married,Farming-fishing,Not-in-family,White,Male,0,0,25,United-States,0
38,Private,180342,Bachelors,13,Married-civ-spouse,Adm-clerical,Husband,White,Male,0,0,40,United-States,0
23,Private,198996,HS-grad,9,Never-married,Adm-clerical,Not-in-family,White,Female,0,0,40,United-States,0
21,Private,688355,HS-grad,9,Never-married,Adm-clerical,Unmarried,Black,Female,0,0,40,United-States,0
26,Private,76996,Some-college,10,Never-married,Machine-op-inspct,Not-in-family,Black,Female,0,0,38,United-States,0
47,Self-emp-not-inc,134671,HS-grad,9,Married-spouse-absent,Craft-repair,Not-in-family,White,Male,0,0,40,United-States,0
22,Local-gov,163205,HS-grad,9,Never-married,Other-service,Own-child,White,Female,0,0,53,United-States,0
28,Private,176683,Assoc-voc,11,Married-civ-spouse,Tech-support,Husband,White,Male,0,0,70,United-States,1
46,Private,389843,Bachelors,13,Married-civ-spouse,Sales,Husband,White,Male,0,0,50,Germany,1
23,Private,129345,Some-college,10,Never-married,Other-service,Not-in-family,White,Male,0,0,25,United-States,0
41,Private,58124,HS-grad,9,Married-civ-spouse,Other-service,Husband,White,Male,0,0,40,United-States,0
42,Private,201495,Bachelors,13,Married-civ-spouse,Exec-managerial,Husband,White,Male,0,0,40,United-States,0
33,Private,168981,1st-4th,2,Never-married,Sales,Own-child,White,Female,0,0,24,United-States,0
43,Private,116852,HS-grad,9,Married-civ-spouse,Exec-managerial,Wife,White,Female,0,0,36,Portugal,1
37,Private,175232,Masters,14,Divorced,Exec-managerial,Unmarried,White,Male,0,0,60,United-States,1
37,Private,175390,HS-grad,9,Divorced,Machine-op-inspct,Unmarried,Black,Female,0,0,40,United-States,0
46,Private,33109,HS-grad,9,Divorced,Craft-repair,Not-in-family,White,Male,0,1741,40,United-States,0
26,Local-gov,211497,Some-college,10,Married-civ-spouse,Prof-specialty,Husband,White,Male,0,0,40,United-States,0
45,Private,107787,Assoc-voc,11,Married-civ-spouse,Craft-repair,Husband,White,Male,0,0,40,Canada,0
30,Private,172304,Assoc-voc,11,Married-civ-spouse,Exec-managerial,Husband,White,Male,0,0,55,United-States,0
39,Federal-gov,255407,HS-grad,9,Married-civ-spouse,Craft-repair,Husband,White,Male,0,0,40,United-States,0
32,Private,323055,HS-grad,9,Married-civ-spouse,Craft-repair,Husband,White,Male,0,0,40,United-States,0
27,Private,166210,HS-grad,9,Divorced,Craft-repair,Not-in-family,White,Male,0,0,50,United-States,0
43,Local-gov,161240,HS-grad,9,Married-civ-spouse,Protective-serv,Husband,White,Male,0,0,45,United-States,1
24,Local-gov,249101,HS-grad,9,Divorced,Protective-serv,Unmarried,Black,Female,0,0,40,United-States,0
35,Private,174503,HS-grad,9,Divorced,Craft-repair,Not-in-family,White,Female,0,0,40,United-States,0
31,Private,348504,Bachelors,13,Married-civ-spouse,Exec-managerial,Husband,White,Male,0,0,50,United-States,0
32,Private,226267,5th-6th,3,Married-spouse-absent,Craft-repair,Other-relative,White,Male,0,0,40,El-Salvador,0
25,Private,53903,Some-college,10,Married-civ-spouse,Craft-repair,Husband,White,Male,0,0,40,United-States,0
22,Private,305466,HS-grad,9,Never-married,Handlers-cleaners,Not-in-family,White,Male,0,0,40,United-States,0
31,Private,211334,Some-college,10,Married-civ-spouse,Craft-repair,Husband,White,Male,2407,0,65,United-States,0
32,State-gov,104509,HS-grad,9,Divorced,Other-service,Not-in-family,White,Female,0,0,25,United-States,0
23,Private,219835,Some-college,10,Never-married,Protective-serv,Own-child,White,Male,0,0,40,Mexico,0
46,Private,197332,Masters,14,Married-civ-spouse,Prof-specialty,Husband,White,Male,7688,0,46,United-States,1
39,Private,37314,Masters,14,Never-married,Exec-managerial,Not-in-family,White,Male,0,0,50,United-States,1
34,Private,105493,Masters,14,Divorced,Prof-specialty,Unmarried,White,Female,0,0,40,United-States,0
72,Private,74141,9th,5,Married-civ-spouse,Exec-managerial,Wife,Asian-Pac-Islander,Female,0,0,48,United-States,1
32,Federal-gov,82393,Bachelors,13,Married-civ-spouse,Prof-specialty,Husband,Asian-Pac-Islander,Male,0,0,56,United-States,1
26,Private,523067,Some-college,10,Never-married,Prof-specialty,Own-child,White,Male,0,0,3,El-Salvador,0
75,Self-emp-not-inc,218521,Some-college,10,Married-spouse-absent,Craft-repair,Not-in-family,White,Male,0,0,30,United-States,0
39,Private,245361,Bachelors,13,Divorced,Exec-managerial,Not-in-family,White,Female,0,0,25,United-States,0
42,Local-gov,195897,7th-8th,4,Married-civ-spouse,Craft-repair,Husband,White,Male,0,0,40,United-States,0
57,Private,98926,Some-college,10,Widowed,Tech-support,Not-in-family,White,Female,0,0,16,United-States,0
36,Private,484024,HS-grad,9,Divorced,Machine-op-inspct,Unmarried,White,Male,0,0,40,United-States,0
23,Private,241185,HS-grad,9,Never-married,Adm-clerical,Not-in-family,White,Female,0,0,40,United-States,0
28,Self-emp-not-inc,240172,Masters,14,Never-married,Prof-specialty,Own-child,White,Male,0,0,40,United-States,0
51,Private,142835,11th,7,Married-civ-spouse,Machine-op-inspct,Husband,White,Male,0,0,40,United-States,0
49,Private,411273,10th,6,Divorced,Machine-op-inspct,Not-in-family,Black,Male,0,0,40,United-States,0
42,Private,328239,Some-college,10,Never-married,Other-service,Not-in-family,White,Male,0,0,40,United-States,0
59,Private,384246,Doctorate,16,Married-civ-spouse,Prof-specialty,Husband,White,Male,0,0,50,United-States,0
44,State-gov,175696,Bachelors,13,Married-civ-spouse,Exec-managerial,Husband,White,Male,0,0,40,United-States,1
38,Self-emp-not-inc,201328,7th-8th,4,Married-civ-spouse,Farming-fishing,Husband,White,Male,0,0,56,United-States,0
42,Private,109067,Bachelors,13,Separated,Tech-support,Not-in-family,White,Male,0,0,40,United-States,0
26,Private,157617,HS-grad,9,Married-civ-spouse,Craft-repair,Husband,White,Male,0,0,40,Poland,0
31,Private,459465,Some-college,10,Never-married,Craft-repair,Not-in-family,White,Male,0,0,50,United-States,0
29,Private,200381,11th,7,Never-married,Exec-managerial,Not-in-family,White,Female,0,0,40,United-States,0
26,Private,132572,Bachelors,13,Never-married,Adm-clerical,Own-child,Black,Female,0,0,32,United-States,0
20,Private,142233,HS-grad,9,Never-married,Sales,Not-in-family,White,Female,0,0,35,United-States,0
46,Self-emp-not-inc,102308,Bachelors,13,Married-civ-spouse,Sales,Husband,White,Male,0,2415,40,United-States,1
51,Self-emp-not-inc,290688,5th-6th,3,Married-civ-spouse,Craft-repair,Husband,White,Male,0,0,40,United-States,0
32,Local-gov,250585,Bachelors,13,Never-married,Prof-specialty,Not-in-family,White,Female,0,0,50,United-States,0
59,Private,157932,10th,6,Married-civ-spouse,Craft-repair,Husband,White,Male,0,0,40,United-States,1
39,Private,456922,Bachelors,13,Divorced,Tech-support,Not-in-family,White,Male,0,0,40,United-States,0
51,Self-emp-not-inc,186845,Bachelors,13,Married-civ-spouse,Farming-fishing,Husband,White,Male,0,0,8,United-States,0
54,Private,257869,Some-college,10,Separated,Other-service,Not-in-family,White,Male,0,0,28,Columbia,0
26,Private,206600,11th,7,Never-married,Other-service,Other-relative,White,Male,0,0,30,Mexico,0
20,Private,194247,HS-grad,9,Never-married,Exec-managerial,Not-in-family,White,Male,0,0,25,United-States,0
56,Private,101436,HS-grad,9,Divorced,Adm-clerical,Other-relative,Amer-Indian-Eskimo,Female,0,0,35,United-States,0
29,State-gov,214284,Masters,14,Never-married,Prof-specialty,Unmarried,Asian-Pac-Islander,Female,0,0,20,Taiwan,0
39,Private,367260,HS-grad,9,Divorced,Exec-managerial,Not-in-family,White,Male,0,0,80,United-States,0
42,Local-gov,125461,Bachelors,13,Never-married,Exec-managerial,Own-child,White,Male,4650,0,35,United-States,0
19,Private,100790,HS-grad,9,Never-married,Prof-specialty,Not-in-family,White,Female,0,0,40,United-States,0
39,Private,181705,HS-grad,9,Married-civ-spouse,Prof-specialty,Husband,White,Male,0,0,45,United-States,0
44,Private,102085,Some-college,10,Divorced,Adm-clerical,Other-relative,White,Female,0,0,40,United-States,0
20,Private,234880,Some-college,10,Never-married,Sales,Own-child,White,Female,0,0,30,United-States,0
40,Private,225978,Some-college,10,Separated,Exec-managerial,Not-in-family,Black,Male,0,0,40,United-States,0
30,Private,189759,Bachelors,13,Never-married,Sales,Not-in-family,White,Male,0,0,40,United-States,0
40,Local-gov,244522,Masters,14,Married-civ-spouse,Prof-specialty,Husband,White,Male,0,1902,48,United-States,1
45,Private,199625,Some-college,10,Divorced,Prof-specialty,Unmarried,White,Female,0,0,20,United-States,0
55,Self-emp-not-inc,168625,Some-college,10,Divorced,Tech-support,Not-in-family,White,Female,0,0,12,United-States,1
55,Private,181220,HS-grad,9,Married-civ-spouse,Exec-managerial,Husband,White,Male,0,0,50,United-States,0
38,Private,174242,Some-college,10,Married-civ-spouse,Tech-support,Husband,White,Male,0,0,40,United-States,1
37,Local-gov,48976,Bachelors,13,Never-married,Prof-specialty,Not-in-family,White,Female,4865,0,45,United-States,0
30,Private,329425,Some-college,10,Never-married,Protective-serv,Own-child,White,Male,0,0,48,United-States,0
29,Private,239632,HS-grad,9,Never-married,Adm-clerical,Not-in-family,White,Female,0,0,40,United-States,0
52,Private,122109,HS-grad,9,Never-married,Prof-specialty,Unmarried,White,Female,0,323,40,United-States,0
27,Private,311446,HS-grad,9,Married-civ-spouse,Adm-clerical,Wife,White,Female,5178,0,40,United-States,1
34,Private,223678,HS-grad,9,Never-married,Other-service,Unmarried,Amer-Indian-Eskimo,Female,0,0,32,United-States,0
35,Self-emp-not-inc,171968,HS-grad,9,Separated,Transport-moving,Not-in-family,White,Male,0,0,70,United-States,0
21,Private,305874,Some-college,10,Married-civ-spouse,Other-service,Husband,White,Male,0,0,40,United-States,0
18,Private,249857,Some-college,10,Never-married,Other-service,Own-child,White,Male,0,0,20,United-States,0
65,Local-gov,323006,HS-grad,9,Widowed,Other-service,Unmarried,Black,Female,0,0,25,United-States,0
49,Private,278322,HS-grad,9,Married-civ-spouse,Craft-repair,Husband,White,Male,0,0,40,United-States,1
58,Federal-gov,319733,HS-grad,9,Married-civ-spouse,Transport-moving,Husband,White,Male,0,0,70,United-States,0
22,Private,216134,Some-college,10,Never-married,Sales,Own-child,Black,Female,0,0,40,United-States,0
46,Private,81497,HS-grad,9,Divorced,Handlers-cleaners,Not-in-family,White,Female,0,0,48,United-States,0
61,Private,191417,9th,5,Widowed,Exec-managerial,Not-in-family,Black,Male,0,0,65,United-States,0
41,Local-gov,33068,Masters,14,Divorced,Prof-specialty,Not-in-family,White,Male,0,1974,40,United-States,0
45,Private,83064,Bachelors,13,Married-civ-spouse,Sales,Husband,White,Male,0,0,50,United-States,0
43,Private,178976,HS-grad,9,Never-married,Adm-clerical,Unmarried,White,Female,0,0,40,United-States,0
19,Private,25429,12th,8,Never-married,Other-service,Own-child,White,Female,0,0,20,United-States,0
26,Private,239043,11th,7,Never-married,Other-service,Not-in-family,White,Male,0,0,40,United-States,0
50,Private,185354,Masters,14,Divorced,Exec-managerial,Not-in-family,White,Female,0,0,35,United-States,0
34,Local-gov,155781,HS-grad,9,Married-civ-spouse,Protective-serv,Husband,White,Male,4064,0,50,United-States,0
35,Private,172571,Assoc-voc,11,Divorced,Transport-moving,Not-in-family,White,Male,0,0,50,United-States,0
47,Private,169092,Masters,14,Divorced,Prof-specialty,Unmarried,White,Female,0,0,50,United-States,1
38,Private,205493,HS-grad,9,Married-civ-spouse,Exec-managerial,Wife,White,Female,0,0,60,United-States,1
59,Self-emp-not-inc,148526,Some-college,10,Married-civ-spouse,Sales,Husband,White,Male,0,0,40,United-States,0
39,Private,87556,Masters,14,Never-married,Prof-specialty,Not-in-family,White,Male,6849,0,40,United-States,0
57,Private,89392,Masters,14,Married-spouse-absent,Prof-specialty,Not-in-family,White,Female,0,0,40,United-States,0
49,Private,166857,9th,5,Divorced,Handlers-cleaners,Not-in-family,White,Female,0,0,40,United-States,0
49,Local-gov,186539,Masters,14,Married-civ-spouse,Protective-serv,Husband,White,Male,0,0,40,United-States,1
43,State-gov,260960,Bachelors,13,Married-civ-spouse,Prof-specialty,Husband,White,Male,0,0,50,United-States,0
39,State-gov,114055,Bachelors,13,Never-married,Exec-managerial,Not-in-family,White,Female,0,0,40,United-States,0
20,Private,387779,11th,7,Never-married,Transport-moving,Own-child,White,Male,0,0,15,United-States,0
38,Private,172571,Some-college,10,Divorced,Craft-repair,Own-child,White,Male,0,0,58,Poland,0
20,Private,216889,Some-college,10,Never-married,Protective-serv,Own-child,White,Male,0,0,40,United-States,0
26,Private,150062,HS-grad,9,Married-civ-spouse,Sales,Husband,White,Male,0,0,50,United-States,0
41,Local-gov,112797,Masters,14,Divorced,Prof-specialty,Unmarried,White,Female,0,0,60,United-States,0
33,Private,176992,Some-college,10,Married-civ-spouse,Craft-repair,Husband,White,Male,0,0,40,United-States,1
33,Private,251120,Bachelors,13,Married-civ-spouse,Sales,Husband,White,Male,7688,0,50,United-States,1
74,Private,161387,HS-grad,9,Divorced,Handlers-cleaners,Not-in-family,White,Female,0,0,16,United-States,0
18,Private,141363,Some-college,10,Never-married,Other-service,Not-in-family,White,Female,0,0,40,United-States,0
29,Private,357781,7th-8th,4,Married-civ-spouse,Farming-fishing,Husband,White,Male,0,0,40,United-States,0
33,Private,231826,1st-4th,2,Married-civ-spouse,Handlers-cleaners,Husband,White,Male,0,0,40,Mexico,0
26,Private,139116,Some-college,10,Never-married,Other-service,Own-child,Black,Female,0,0,50,United-States,0
28,Private,67661,Some-college,10,Never-married,Adm-clerical,Other-relative,White,Female,0,0,40,United-States,0
41,Private,297186,HS-grad,9,Married-civ-spouse,Transport-moving,Wife,White,Female,0,0,40,United-States,0
19,Private,174732,Some-college,10,Never-married,Other-service,Own-child,Black,Male,0,0,25,United-States,0
45,Private,107682,Masters,14,Divorced,Exec-managerial,Not-in-family,White,Female,0,0,40,United-States,1
29,Private,144592,Prof-school,15,Married-civ-spouse,Prof-specialty,Husband,White,Male,0,0,50,United-States,1
20,Private,182342,Some-college,10,Never-married,Farming-fishing,Own-child,White,Male,0,0,40,United-States,0
34,Local-gov,202729,HS-grad,9,Married-civ-spouse,Protective-serv,Husband,White,Male,0,0,40,United-States,0
55,Private,211678,Assoc-voc,11,Married-civ-spouse,Machine-op-inspct,Husband,White,Male,0,0,45,United-States,0
51,Private,189762,Some-college,10,Married-civ-spouse,Exec-managerial,Wife,White,Female,0,0,15,United-States,1
52,Private,194259,7th-8th,4,Married-civ-spouse,Exec-managerial,Wife,White,Female,0,0,50,United-States,0
28,Local-gov,250135,Masters,14,Married-civ-spouse,Prof-specialty,Wife,White,Female,0,1902,55,United-States,0
23,Private,188505,Bachelors,13,Never-married,Other-service,Own-child,White,Female,0,0,25,United-States,0
36,Private,163237,Assoc-acdm,12,Married-civ-spouse,Adm-clerical,Husband,White,Male,0,0,40,United-States,1
46,Private,99385,Bachelors,13,Separated,Exec-managerial,Unmarried,White,Female,0,0,40,United-States,0
31,State-gov,557853,Bachelors,13,Never-married,Adm-clerical,Not-in-family,White,Male,0,0,47,United-States,0
52,Private,217663,HS-grad,9,Married-civ-spouse,Sales,Husband,White,Male,0,0,45,United-States,1
65,Private,153522,HS-grad,9,Widowed,Other-service,Unmarried,White,Female,0,0,17,United-States,0
58,Private,222247,10th,6,Married-civ-spouse,Transport-moving,Husband,White,Male,0,1887,40,United-States,1
44,Private,105862,Some-college,10,Married-civ-spouse,Exec-managerial,Wife,White,Female,0,0,70,United-States,1
71,Private,138145,9th,5,Married-civ-spouse,Other-service,Husband,White,Male,0,0,40,United-States,0
22,Private,324445,HS-grad,9,Never-married,Tech-support,Not-in-family,White,Female,0,0,40,United-States,0
28,Private,191935,Assoc-acdm,12,Never-married,Sales,Own-child,White,Male,0,0,20,United-States,0
60,Self-emp-inc,376133,HS-grad,9,Married-civ-spouse,Adm-clerical,Wife,White,Female,15024,0,15,United-States,1
22,Private,215546,Assoc-acdm,12,Never-married,Exec-managerial,Not-in-family,White,Male,0,0,55,United-States,0
51,Private,289572,Bachelors,13,Married-civ-spouse,Sales,Husband,White,Male,7688,0,50,United-States,1
23,Private,347292,HS-grad,9,Never-married,Handlers-cleaners,Not-in-family,White,Male,0,0,40,United-States,0
24,Private,175586,HS-grad,9,Never-married,Machine-op-inspct,Unmarried,Black,Female,0,0,40,United-States,0
29,Private,53181,Masters,14,Married-civ-spouse,Prof-specialty,Husband,White,Male,0,0,55,United-States,1
46,Private,57914,HS-grad,9,Married-civ-spouse,Protective-serv,Husband,White,Male,0,0,40,United-States,0
53,State-gov,231472,Doctorate,16,Married-civ-spouse,Prof-specialty,Husband,White,Male,0,0,40,United-States,1
36,Private,185607,HS-grad,9,Never-married,Other-service,Unmarried,White,Female,0,0,30,United-States,0
52,Private,180142,Masters,14,Married-civ-spouse,Tech-support,Husband,White,Male,0,0,45,United-States,0
37,Private,126569,Masters,14,Married-civ-spouse,Exec-managerial,Husband,White,Male,0,1977,40,United-States,1
39,Private,195253,HS-grad,9,Married-civ-spouse,Machine-op-inspct,Husband,White,Male,0,0,40,United-States,1
20,State-gov,243986,Some-college,10,Never-married,Prof-specialty,Own-child,White,Female,0,0,20,United-States,0
25,Private,191782,11th,7,Never-married,Machine-op-inspct,Own-child,Black,Female,0,0,40,United-States,0
36,Private,231082,Bachelors,13,Divorced,Prof-specialty,Not-in-family,White,Female,0,0,50,United-States,0
44,Private,204235,HS-grad,9,Married-civ-spouse,Transport-moving,Husband,White,Male,0,0,40,United-States,0
69,Private,269499,HS-grad,9,Widowed,Handlers-cleaners,Not-in-family,White,Female,0,0,8,United-States,0
32,State-gov,111567,HS-grad,9,Married-civ-spouse,Craft-repair,Husband,White,Male,0,0,49,United-States,1
63,Federal-gov,97855,Masters,14,Married-civ-spouse,Exec-managerial,Husband,White,Male,0,0,50,United-States,1
34,Private,117963,Prof-school,15,Married-civ-spouse,Prof-specialty,Husband,White,Male,0,0,50,United-States,1
21,Private,197583,Some-college,10,Never-married,Adm-clerical,Own-child,White,Female,0,0,20,United-States,0
51,Private,200576,Some-college,10,Divorced,Adm-clerical,Not-in-family,White,Female,0,0,63,United-States,0
49,State-gov,183710,Doctorate,16,Married-civ-spouse,Exec-managerial,Husband,White,Male,0,0,50,United-States,1
26,Private,58098,Some-college,10,Never-married,Adm-clerical,Not-in-family,White,Female,0,1974,40,United-States,0
26,Private,159603,Assoc-acdm,12,Never-married,Adm-clerical,Unmarried,White,Female,0,0,32,United-States,0
23,Private,455361,HS-grad,9,Never-married,Other-service,Not-in-family,White,Male,0,0,40,Guatemala,0
47,Private,233511,Masters,14,Divorced,Sales,Not-in-family,White,Male,27828,0,60,United-States,1
17,Private,130795,10th,6,Never-married,Other-service,Own-child,White,Male,0,0,20,United-States,0
80,Local-gov,20101,HS-grad,9,Widowed,Other-service,Unmarried,Amer-Indian-Eskimo,Female,0,0,32,United-States,0
36,Private,192704,12th,8,Never-married,Exec-managerial,Not-in-family,White,Male,4650,0,50,United-States,0
30,Private,296453,HS-grad,9,Never-married,Craft-repair,Not-in-family,White,Male,0,0,35,United-States,0
30,Private,103435,HS-grad,9,Divorced,Machine-op-inspct,Unmarried,White,Male,0,0,40,United-States,0
19,Private,199495,HS-grad,9,Never-married,Craft-repair,Own-child,White,Male,0,0,40,United-States,0
52,Local-gov,100226,Bachelors,13,Married-civ-spouse,Adm-clerical,Wife,White,Female,0,0,40,United-States,1
28,Private,308995,Some-college,10,Never-married,Adm-clerical,Own-child,Black,Female,0,0,40,Jamaica,0
27,Private,183639,HS-grad,9,Never-married,Transport-moving,Own-child,White,Male,0,0,40,United-States,0
41,Private,93885,Some-college,10,Divorced,Sales,Unmarried,White,Female,0,0,48,United-States,0
57,Private,35884,HS-grad,9,Divorced,Other-service,Not-in-family,White,Female,0,0,40,United-States,0
43,Self-emp-not-inc,182217,Bachelors,13,Married-civ-spouse,Prof-specialty,Wife,White,Female,0,0,35,United-States,0
32,Private,166634,HS-grad,9,Married-civ-spouse,Machine-op-inspct,Husband,Black,Male,0,0,40,United-States,0
48,Self-emp-not-inc,51620,Bachelors,13,Separated,Craft-repair,Not-in-family,White,Male,0,0,50,United-States,0
23,Local-gov,157331,Bachelors,13,Never-married,Prof-specialty,Not-in-family,White,Female,0,0,40,United-States,0
69,Private,361561,Prof-school,15,Married-civ-spouse,Prof-specialty,Husband,White,Male,0,0,3,United-States,0
41,Local-gov,227644,Some-college,10,Married-civ-spouse,Craft-repair,Husband,White,Male,0,0,40,United-States,0
37,Private,200863,Some-college,10,Widowed,Craft-repair,Unmarried,White,Male,0,0,40,United-States,0
37,Private,166497,Bachelors,13,Divorced,Craft-repair,Not-in-family,White,Male,0,0,35,United-States,0
23,Private,189461,HS-grad,9,Never-married,Sales,Other-relative,White,Male,0,0,55,United-States,0
32,Private,250354,10th,6,Never-married,Craft-repair,Other-relative,White,Male,0,0,45,United-States,0
34,Local-gov,104509,Masters,14,Separated,Prof-specialty,Unmarried,White,Female,0,0,40,United-States,0
49,Local-gov,31339,HS-grad,9,Married-civ-spouse,Craft-repair,Husband,White,Male,0,0,40,United-States,0
47,Private,359461,Bachelors,13,Married-civ-spouse,Craft-repair,Husband,White,Male,0,0,40,United-States,0
17,Private,99161,10th,6,Never-married,Other-service,Own-child,White,Male,0,0,8,United-States,0
35,Private,243357,11th,7,Separated,Other-service,Unmarried,Black,Female,0,0,40,United-States,0
20,Private,133515,Some-college,10,Never-married,Sales,Other-relative,White,Female,0,0,40,United-States,0
45,Self-emp-not-inc,111679,Some-college,10,Divorced,Craft-repair,Not-in-family,White,Male,0,0,30,United-States,0
26,Private,39092,Some-college,10,Married-civ-spouse,Exec-managerial,Husband,White,Male,4064,0,50,United-States,0
34,Private,170769,HS-grad,9,Married-civ-spouse,Adm-clerical,Husband,White,Male,0,0,50,United-States,1
41,Private,162189,HS-grad,9,Never-married,Machine-op-inspct,Own-child,White,Female,1831,0,40,Peru,0
60,Private,198727,HS-grad,9,Married-civ-spouse,Prof-specialty,Husband,White,Male,0,0,30,United-States,0
49,Private,183013,HS-grad,9,Married-civ-spouse,Farming-fishing,Husband,White,Male,0,0,40,United-States,0
18,Private,338632,11th,7,Never-married,Other-service,Own-child,White,Male,0,0,16,United-States,0
50,Private,167886,Some-college,10,Married-civ-spouse,Sales,Husband,White,Male,0,0,40,United-States,1
84,Private,132806,HS-grad,9,Widowed,Other-service,Not-in-family,White,Female,0,0,13,United-States,0
42,Self-emp-not-inc,101593,Bachelors,13,Married-civ-spouse,Exec-managerial,Husband,White,Male,0,0,60,United-States,1
39,Private,160728,HS-grad,9,Divorced,Machine-op-inspct,Unmarried,White,Male,2977,0,40,United-States,0
20,Federal-gov,119156,HS-grad,9,Never-married,Adm-clerical,Other-relative,White,Male,0,0,20,United-States,0
70,Self-emp-not-inc,268832,Assoc-voc,11,Married-civ-spouse,Farming-fishing,Husband,White,Male,0,0,24,United-States,1
54,Self-emp-not-inc,123011,HS-grad,9,Married-civ-spouse,Craft-repair,Husband,White,Male,15024,0,52,United-States,1
58,Private,280309,Assoc-acdm,12,Married-civ-spouse,Exec-managerial,Husband,White,Male,5178,0,60,United-States,1
34,Self-emp-not-inc,29254,Some-college,10,Married-civ-spouse,Craft-repair,Husband,White,Male,0,0,55,United-States,1
17,Private,178953,12th,8,Never-married,Sales,Own-child,White,Female,0,0,20,United-States,0
30,Private,289458,Bachelors,13,Never-married,Exec-managerial,Not-in-family,White,Female,0,0,40,United-States,0
23,Private,182117,Some-college,10,Never-married,Adm-clerical,Own-child,White,Male,0,0,40,United-States,0
48,Private,247895,Bachelors,13,Married-civ-spouse,Exec-managerial,Husband,Black,Male,0,0,40,United-States,1
38,Private,224566,Assoc-voc,11,Married-civ-spouse,Handlers-cleaners,Husband,White,Male,0,0,50,United-States,0
32,Private,211028,Some-college,10,Never-married,Adm-clerical,Not-in-family,White,Female,0,0,40,United-States,0
25,Private,521400,5th-6th,3,Never-married,Machine-op-inspct,Other-relative,White,Male,0,0,40,Mexico,0
47,Private,170850,Bachelors,13,Married-civ-spouse,Tech-support,Husband,White,Male,0,0,48,United-States,0
22,Private,231912,Assoc-voc,11,Never-married,Adm-clerical,Own-child,White,Female,0,0,37,United-States,0
54,Private,167552,1st-4th,2,Married-civ-spouse,Craft-repair,Husband,Black,Male,0,0,40,Haiti,1
31,Private,226443,Some-college,10,Married-civ-spouse,Craft-repair,Husband,White,Male,0,0,55,United-States,1
46,Private,202560,HS-grad,9,Married-civ-spouse,Exec-managerial,Wife,White,Female,0,0,40,United-States,1
35,Private,230054,7th-8th,4,Married-civ-spouse,Machine-op-inspct,Husband,White,Male,0,0,40,Mexico,0
44,Private,242619,Some-college,10,Married-civ-spouse,Machine-op-inspct,Husband,White,Male,0,0,40,United-States,0
53,Private,141388,11th,7,Married-civ-spouse,Craft-repair,Husband,White,Male,0,0,40,United-States,0
51,Private,104748,Some-college,10,Married-civ-spouse,Exec-managerial,Husband,White,Male,0,0,45,United-States,0
46,Private,270565,Assoc-voc,11,Married-civ-spouse,Prof-specialty,Husband,White,Male,0,0,60,United-States,0
28,Private,167336,HS-grad,9,Married-civ-spouse,Exec-managerial,Wife,White,Female,0,0,45,United-States,1
21,Private,176690,Some-college,10,Never-married,Other-service,Own-child,White,Male,0,0,24,United-States,0
24,Private,210029,HS-grad,9,Never-married,Adm-clerical,Not-in-family,White,Female,0,2001,37,United-States,0
43,Self-emp-not-inc,272165,9th,5,Married-civ-spouse,Craft-repair,Husband,White,Male,0,0,40,United-States,0
51,Local-gov,114508,9th,5,Separated,Other-service,Other-relative,White,Female,0,0,40,United-States,0
33,Private,201988,Masters,14,Married-civ-spouse,Prof-specialty,Husband,White,Male,0,0,45,United-States,0
52,Self-emp-not-inc,209642,HS-grad,9,Married-civ-spouse,Exec-managerial,Husband,White,Male,0,0,45,United-States,1
19,Private,190817,Some-college,10,Never-married,Sales,Own-child,White,Female,0,0,40,United-States,0
35,Private,161637,Doctorate,16,Married-civ-spouse,Prof-specialty,Husband,Asian-Pac-Islander,Male,0,1902,40,Taiwan,1
52,Private,164135,HS-grad,9,Married-civ-spouse,Exec-managerial,Husband,White,Male,0,0,50,United-States,1
26,Private,261278,Some-college,10,Separated,Sales,Other-relative,Black,Male,0,0,30,United-States,0
21,Private,197200,Some-college,10,Never-married,Machine-op-inspct,Own-child,White,Male,0,0,40,United-States,0
18,Private,703067,11th,7,Never-married,Sales,Own-child,White,Male,0,0,20,United-States,0
37,Local-gov,65291,Assoc-voc,11,Never-married,Protective-serv,Not-in-family,White,Female,0,0,40,United-States,0
46,Private,155489,Assoc-acdm,12,Married-civ-spouse,Craft-repair,Husband,White,Male,0,0,44,United-States,1
48,Private,189462,Some-college,10,Married-civ-spouse,Craft-repair,Husband,White,Male,7688,0,40,United-States,1
42,Private,156580,Bachelors,13,Married-civ-spouse,Sales,Wife,White,Female,0,0,40,Puerto-Rico,0
44,Private,107218,Bachelors,13,Married-civ-spouse,Exec-managerial,Husband,Asian-Pac-Islander,Male,0,0,40,United-States,0
50,Private,95469,HS-grad,9,Married-civ-spouse,Adm-clerical,Husband,White,Male,7298,0,45,United-States,1
27,Private,247819,Some-college,10,Never-married,Adm-clerical,Not-in-family,White,Female,0,0,15,United-States,0
31,Self-emp-not-inc,312055,HS-grad,9,Married-civ-spouse,Exec-managerial,Husband,White,Male,0,0,70,United-States,0
21,Private,228255,Some-college,10,Never-married,Other-service,Own-child,White,Male,0,0,30,United-States,0
29,Private,159768,HS-grad,9,Never-married,Machine-op-inspct,Not-in-family,White,Male,3325,0,40,Ecuador,0
39,Self-emp-not-inc,50096,Some-college,10,Married-civ-spouse,Farming-fishing,Husband,White,Male,0,0,80,United-States,0
27,Local-gov,289039,Some-college,10,Never-married,Protective-serv,Unmarried,Asian-Pac-Islander,Female,0,0,40,United-States,0
39,Private,70995,Bachelors,13,Married-civ-spouse,Transport-moving,Husband,White,Male,15024,0,99,United-States,1
55,Federal-gov,88876,Masters,14,Married-civ-spouse,Exec-managerial,Husband,Asian-Pac-Islander,Male,0,0,60,United-States,1
35,Private,194809,11th,7,Divorced,Machine-op-inspct,Unmarried,White,Female,0,0,40,United-States,0
43,Local-gov,117022,HS-grad,9,Married-spouse-absent,Farming-fishing,Unmarried,Black,Male,0,0,40,United-States,0
62,Private,194167,HS-grad,9,Divorced,Machine-op-inspct,Not-in-family,White,Female,2174,0,40,United-States,0
57,Local-gov,139452,HS-grad,9,Divorced,Adm-clerical,Not-in-family,White,Female,0,0,16,United-States,0
43,Self-emp-not-inc,349341,Bachelors,13,Divorced,Exec-managerial,Not-in-family,White,Male,0,0,60,United-States,0
38,Private,108140,Masters,14,Married-civ-spouse,Prof-specialty,Husband,White,Male,0,0,50,United-States,1
41,Private,188615,Some-college,10,Married-civ-spouse,Craft-repair,Husband,White,Male,0,0,40,United-States,1
56,Private,398067,HS-grad,9,Widowed,Adm-clerical,Not-in-family,White,Female,0,0,40,United-States,0
61,Federal-gov,221943,Some-college,10,Married-civ-spouse,Adm-clerical,Husband,White,Male,9386,0,40,United-States,1
18,Private,180039,12th,8,Never-married,Sales,Own-child,White,Female,0,0,20,United-States,0
53,Private,189511,HS-grad,9,Married-civ-spouse,Craft-repair,Husband,White,Male,0,0,40,United-States,0
39,Private,177277,HS-grad,9,Married-civ-spouse,Machine-op-inspct,Husband,White,Male,0,0,45,United-States,1
22,Private,228452,10th,6,Never-married,Craft-repair,Not-in-family,White,Male,0,0,30,United-States,0
24,Private,249046,Bachelors,13,Never-married,Tech-support,Own-child,White,Male,0,0,40,United-States,0
19,State-gov,135162,Some-college,10,Never-married,Adm-clerical,Own-child,White,Female,0,0,10,United-States,0
50,Private,108446,Some-college,10,Married-civ-spouse,Sales,Husband,White,Male,0,0,40,United-States,0
17,Private,350995,12th,8,Never-married,Other-service,Own-child,White,Male,0,0,16,United-States,0
50,Private,132716,HS-grad,9,Married-civ-spouse,Transport-moving,Husband,White,Male,0,0,40,United-States,1
56,Private,65325,Bachelors,13,Married-civ-spouse,Adm-clerical,Husband,White,Male,0,0,50,United-States,0
42,Private,79586,Bachelors,13,Married-civ-spouse,Adm-clerical,Husband,Asian-Pac-Islander,Male,0,0,40,United-States,1
38,State-gov,188303,Some-college,10,Married-civ-spouse,Protective-serv,Husband,White,Male,7688,0,40,United-States,1
54,Local-gov,375134,Assoc-voc,11,Divorced,Craft-repair,Not-in-family,White,Male,0,0,40,United-States,0
50,Private,195844,Assoc-acdm,12,Married-civ-spouse,Exec-managerial,Husband,White,Male,0,0,50,United-States,1
55,Self-emp-not-inc,185195,Bachelors,13,Married-civ-spouse,Exec-managerial,Husband,White,Male,0,0,99,United-States,0
54,Self-emp-not-inc,104748,10th,6,Married-civ-spouse,Sales,Husband,White,Male,0,0,65,United-States,0
35,Private,172186,Some-college,10,Never-married,Craft-repair,Own-child,White,Male,0,0,40,United-States,0
56,Private,179781,HS-grad,9,Married-civ-spouse,Exec-managerial,Husband,White,Male,0,0,40,United-States,1
31,Private,241360,Bachelors,13,Never-married,Sales,Not-in-family,White,Male,0,0,40,United-States,0
27,Local-gov,151626,HS-grad,9,Never-married,Prof-specialty,Own-child,Black,Female,0,0,40,United-States,0
31,Private,187901,Some-college,10,Never-married,Sales,Not-in-family,White,Female,0,1504,40,United-States,0
25,Private,252803,HS-grad,9,Never-married,Other-service,Unmarried,Black,Female,0,0,40,United-States,0
45,Private,206947,HS-grad,9,Divorced,Adm-clerical,Not-in-family,White,Female,0,0,50,United-States,0
50,Federal-gov,98980,Bachelors,13,Married-civ-spouse,Exec-managerial,Husband,White,Male,7298,0,40,United-States,1
30,Private,251120,Assoc-acdm,12,Never-married,Sales,Not-in-family,White,Male,0,0,40,England,0
27,Private,162343,Bachelors,13,Married-civ-spouse,Exec-managerial,Husband,White,Male,0,0,40,Dominican-Republic,0
55,Private,50164,Doctorate,16,Married-civ-spouse,Exec-managerial,Husband,White,Male,0,0,60,United-States,1
57,Private,142714,Some-college,10,Divorced,Other-service,Not-in-family,White,Female,0,0,38,United-States,0
22,Private,318915,HS-grad,9,Never-married,Other-service,Unmarried,White,Female,0,0,40,United-States,0
22,Private,326334,Some-college,10,Never-married,Craft-repair,Own-child,White,Male,0,0,35,United-States,0
34,Private,123084,11th,7,Married-civ-spouse,Machine-op-inspct,Own-child,White,Female,0,0,40,United-States,0
26,Private,300290,11th,7,Divorced,Adm-clerical,Own-child,White,Female,0,0,40,United-States,0
24,Private,122272,Bachelors,13,Never-married,Farming-fishing,Own-child,White,Female,0,0,40,United-States,0
42,Self-emp-not-inc,174216,Prof-school,15,Married-civ-spouse,Prof-specialty,Husband,White,Male,0,0,38,United-States,1
64,State-gov,216160,Doctorate,16,Married-civ-spouse,Prof-specialty,Husband,White,Male,0,0,50,Columbia,1
27,Private,107458,Bachelors,13,Never-married,Prof-specialty,Not-in-family,White,Male,0,0,40,United-States,0
18,Private,352640,HS-grad,9,Never-married,Adm-clerical,Own-child,White,Female,0,0,40,United-States,0
20,Private,138768,HS-grad,9,Never-married,Handlers-cleaners,Own-child,White,Male,0,0,40,United-States,0
25,Private,189219,Bachelors,13,Never-married,Tech-support,Own-child,White,Female,0,0,16,United-States,0
53,Private,152657,10th,6,Married-civ-spouse,Craft-repair,Husband,Black,Male,0,0,40,United-States,0
18,Private,189487,Some-college,10,Never-married,Sales,Own-child,White,Female,0,0,35,United-States,0
19,Private,188568,Some-college,10,Never-married,Priv-house-serv,Not-in-family,White,Female,0,0,40,United-States,0
42,Private,193626,HS-grad,9,Married-civ-spouse,Adm-clerical,Wife,White,Female,0,0,53,United-States,0
29,Private,236436,HS-grad,9,Never-married,Adm-clerical,Not-in-family,White,Female,0,0,40,United-States,0
60,Private,198170,Some-college,10,Married-civ-spouse,Transport-moving,Husband,White,Male,0,0,40,United-States,1
20,Private,110597,Some-college,10,Never-married,Sales,Own-child,White,Female,0,0,30,United-States,0
42,Private,433170,Some-college,10,Married-civ-spouse,Craft-repair,Husband,White,Male,0,0,60,United-States,1
38,Private,102945,Bachelors,13,Married-civ-spouse,Sales,Husband,White,Male,0,0,52,United-States,1
68,Private,104438,Bachelors,13,Married-civ-spouse,Prof-specialty,Husband,White,Male,0,0,40,Ireland,1
35,Private,142874,Assoc-acdm,12,Married-spouse-absent,Sales,Own-child,Black,Female,0,0,36,United-States,0
43,Private,124692,Bachelors,13,Married-civ-spouse,Sales,Husband,White,Male,0,0,40,United-States,1
31,State-gov,100863,Masters,14,Divorced,Exec-managerial,Unmarried,White,Female,0,0,50,United-States,1
42,Local-gov,29075,Assoc-acdm,12,Married-civ-spouse,Prof-specialty,Wife,Amer-Indian-Eskimo,Female,0,0,40,United-States,0
32,Private,213179,Some-college,10,Divorced,Craft-repair,Own-child,White,Male,0,0,40,United-States,1
30,Self-emp-not-inc,166961,Some-college,10,Married-civ-spouse,Adm-clerical,Wife,White,Female,0,0,20,United-States,1
64,Self-emp-not-inc,339321,Bachelors,13,Married-civ-spouse,Prof-specialty,Husband,White,Male,0,0,24,United-States,1
22,Private,314525,Bachelors,13,Never-married,Prof-specialty,Not-in-family,White,Male,0,0,40,United-States,0
37,Self-emp-inc,111128,Some-college,10,Married-civ-spouse,Craft-repair,Husband,White,Male,0,0,50,United-States,1
57,Private,20953,Some-college,10,Married-civ-spouse,Sales,Husband,White,Male,0,1902,40,United-States,1
36,Private,199501,Some-college,10,Divorced,Exec-managerial,Unmarried,Black,Female,0,0,38,United-States,0
53,Private,124963,HS-grad,9,Divorced,Handlers-cleaners,Not-in-family,White,Male,0,0,40,United-States,0
26,Local-gov,166295,Bachelors,13,Married-civ-spouse,Adm-clerical,Husband,White,Male,0,0,41,United-States,0
21,Private,157893,HS-grad,9,Never-married,Transport-moving,Own-child,White,Female,0,0,40,United-States,0
33,Private,251521,11th,7,Never-married,Adm-clerical,Not-in-family,White,Female,0,0,35,United-States,0
42,Private,183384,Some-college,10,Divorced,Adm-clerical,Not-in-family,Black,Female,0,0,40,United-States,0
33,Self-emp-not-inc,310525,12th,8,Never-married,Craft-repair,Not-in-family,Black,Male,0,0,32,United-States,0
31,Private,197860,Some-college,10,Married-civ-spouse,Handlers-cleaners,Husband,White,Male,0,0,40,United-States,0
36,Private,104772,HS-grad,9,Divorced,Craft-repair,Unmarried,White,Male,0,0,48,United-States,0
37,Federal-gov,32528,HS-grad,9,Married-civ-spouse,Adm-clerical,Husband,White,Male,0,0,40,England,1
42,Private,186376,Bachelors,13,Married-civ-spouse,Other-service,Husband,Asian-Pac-Islander,Male,0,0,72,Philippines,1
27,Local-gov,74056,Bachelors,13,Never-married,Tech-support,Not-in-family,White,Male,0,0,50,United-States,0
44,Local-gov,193882,Assoc-voc,11,Never-married,Tech-support,Not-in-family,White,Male,0,1340,40,United-States,0
32,Private,226267,Some-college,10,Married-civ-spouse,Adm-clerical,Husband,White,Male,0,0,40,Mexico,0
44,Private,163215,12th,8,Divorced,Machine-op-inspct,Unmarried,White,Female,0,0,40,United-States,0
30,Private,312667,Some-college,10,Married-civ-spouse,Craft-repair,Husband,White,Male,0,0,40,United-States,0
20,Private,318036,HS-grad,9,Never-married,Other-service,Not-in-family,White,Male,0,0,40,United-States,0
28,Private,243660,HS-grad,9,Married-civ-spouse,Transport-moving,Husband,White,Male,0,0,40,United-States,0
41,Private,76625,HS-grad,9,Married-civ-spouse,Craft-repair,Husband,White,Male,0,0,40,United-States,0
46,Private,294907,5th-6th,3,Married-civ-spouse,Machine-op-inspct,Husband,White,Male,0,0,40,Mexico,0
26,Private,141824,Some-college,10,Divorced,Exec-managerial,Not-in-family,White,Female,0,0,40,United-States,0
79,Private,266119,Bachelors,13,Married-civ-spouse,Sales,Husband,White,Male,0,0,40,United-States,0
18,Private,192409,12th,8,Never-married,Other-service,Own-child,White,Female,0,0,25,United-States,0
64,Private,477697,HS-grad,9,Married-civ-spouse,Exec-managerial,Husband,White,Male,0,0,16,United-States,0
42,Private,175526,HS-grad,9,Married-civ-spouse,Machine-op-inspct,Husband,White,Male,0,0,40,United-States,0
29,Private,130438,HS-grad,9,Married-civ-spouse,Machine-op-inspct,Husband,White,Male,0,0,40,United-States,0
49,Private,199763,Some-college,10,Divorced,Machine-op-inspct,Not-in-family,White,Female,0,0,35,United-States,0
29,Federal-gov,229300,Bachelors,13,Never-married,Prof-specialty,Not-in-family,White,Male,0,0,48,United-States,0
52,Self-emp-inc,68015,Some-college,10,Married-civ-spouse,Sales,Husband,White,Male,0,0,90,United-States,1
51,Self-emp-not-inc,311569,HS-grad,9,Divorced,Sales,Not-in-family,White,Male,0,0,40,United-States,0
48,Private,176810,HS-grad,9,Married-civ-spouse,Other-service,Husband,White,Male,0,0,40,United-States,0
67,Self-emp-not-inc,141085,HS-grad,9,Divorced,Prof-specialty,Not-in-family,White,Female,0,0,20,United-States,0
60,Local-gov,48788,Bachelors,13,Separated,Prof-specialty,Unmarried,White,Female,5455,0,55,United-States,0
47,Private,32509,Some-college,10,Divorced,Other-service,Unmarried,White,Female,0,0,40,United-States,0
28,Local-gov,149991,Bachelors,13,Married-civ-spouse,Protective-serv,Husband,Black,Male,0,0,42,United-States,1
48,Private,168283,Some-college,10,Married-civ-spouse,Transport-moving,Husband,White,Male,0,0,45,United-States,1
35,Private,77146,Bachelors,13,Married-civ-spouse,Sales,Husband,White,Male,0,0,45,United-States,1
37,Private,212437,Some-college,10,Widowed,Machine-op-inspct,Unmarried,Black,Female,0,0,48,United-States,0
32,State-gov,169973,Masters,14,Never-married,Adm-clerical,Not-in-family,White,Female,0,0,38,United-States,0
35,Private,154410,Bachelors,13,Married-civ-spouse,Exec-managerial,Husband,White,Male,0,0,50,United-States,1
26,Private,211424,Some-college,10,Married-civ-spouse,Handlers-cleaners,Husband,White,Male,0,0,40,United-States,1
28,Self-emp-not-inc,420054,HS-grad,9,Married-civ-spouse,Craft-repair,Husband,White,Male,0,0,40,Italy,0
27,Private,491421,5th-6th,3,Never-married,Farming-fishing,Unmarried,White,Male,0,0,50,United-States,0
37,Private,219141,11th,7,Married-civ-spouse,Handlers-cleaners,Husband,Black,Male,7688,0,40,United-States,1
25,Private,241025,Bachelors,13,Never-married,Other-service,Own-child,White,Male,0,0,18,United-States,0
63,Private,106910,5th-6th,3,Widowed,Other-service,Other-relative,Asian-Pac-Islander,Female,0,0,19,Philippines,0
66,Self-emp-not-inc,274451,9th,5,Married-civ-spouse,Farming-fishing,Husband,White,Male,0,0,25,United-States,1
39,Private,32146,Masters,14,Never-married,Prof-specialty,Not-in-family,White,Male,0,0,60,United-States,0
37,Private,359591,10th,6,Married-civ-spouse,Craft-repair,Husband,White,Male,0,0,40,United-States,0
28,Private,119793,HS-grad,9,Never-married,Sales,Own-child,White,Male,0,0,60,United-States,0
26,State-gov,58039,Some-college,10,Married-civ-spouse,Other-service,Husband,White,Male,0,0,40,United-States,0
46,Private,130779,Some-college,10,Married-civ-spouse,Adm-clerical,Husband,White,Male,0,0,40,United-States,0
54,Private,337992,Bachelors,13,Married-civ-spouse,Exec-managerial,Husband,Asian-Pac-Islander,Male,0,0,50,Japan,1
17,Private,231439,11th,7,Never-married,Handlers-cleaners,Own-child,White,Male,0,0,30,United-States,0
34,State-gov,50178,Some-college,10,Married-civ-spouse,Exec-managerial,Husband,White,Male,0,0,38,United-States,0
27,Private,129528,Some-college,10,Never-married,Sales,Not-in-family,White,Female,0,0,40,United-States,0
22,Private,168187,Some-college,10,Never-married,Other-service,Unmarried,White,Female,0,0,50,United-States,0
34,Private,176673,Some-college,10,Never-married,Sales,Other-relative,Black,Female,0,0,35,United-States,0
37,Private,40955,Prof-school,15,Married-civ-spouse,Prof-specialty,Husband,White,Male,0,0,50,United-States,1
38,Self-emp-not-inc,172342,Some-college,10,Divorced,Other-service,Unmarried,White,Female,0,0,40,United-States,0
27,Private,332187,Bachelors,13,Never-married,Adm-clerical,Not-in-family,White,Female,0,0,65,United-States,0
44,Private,569761,Assoc-voc,11,Married-civ-spouse,Handlers-cleaners,Husband,Black,Male,0,0,40,United-States,0
28,Private,95566,1st-4th,2,Married-spouse-absent,Other-service,Own-child,Other,Female,0,0,35,Dominican-Republic,0
34,Private,191834,Assoc-voc,11,Married-civ-spouse,Craft-repair,Husband,White,Male,0,0,48,United-States,0
57,Private,199934,Bachelors,13,Married-civ-spouse,Exec-managerial,Husband,White,Male,0,0,40,United-States,1
44,Private,115323,Masters,14,Married-civ-spouse,Exec-managerial,Husband,White,Male,0,0,40,United-States,1
25,Private,359985,5th-6th,3,Never-married,Adm-clerical,Not-in-family,White,Female,0,0,33,Mexico,0
22,Private,89991,Some-college,10,Never-married,Other-service,Own-child,White,Female,0,0,11,United-States,0
35,Private,150042,HS-grad,9,Married-civ-spouse,Exec-managerial,Wife,White,Female,0,0,40,United-States,1
52,State-gov,189728,HS-grad,9,Separated,Other-service,Not-in-family,White,Female,0,0,35,United-States,0
55,Self-emp-not-inc,194065,Assoc-acdm,12,Divorced,Sales,Not-in-family,White,Female,0,0,40,United-States,0
30,Private,133602,Bachelors,13,Divorced,Exec-managerial,Not-in-family,White,Male,0,0,40,United-States,0
30,Private,214993,HS-grad,9,Married-civ-spouse,Craft-repair,Husband,White,Male,0,0,40,United-States,0
38,Private,316211,HS-grad,9,Divorced,Craft-repair,Own-child,White,Male,0,0,40,United-States,0
50,Private,140741,11th,7,Never-married,Machine-op-inspct,Other-relative,White,Female,0,0,40,United-States,0
29,Private,207473,7th-8th,4,Married-civ-spouse,Transport-moving,Husband,White,Male,0,0,40,Mexico,0
47,Private,192053,HS-grad,9,Divorced,Transport-moving,Not-in-family,White,Male,0,1590,40,United-States,0
32,State-gov,117927,Some-college,10,Never-married,Adm-clerical,Not-in-family,Black,Female,0,0,40,United-States,0
51,Private,249339,HS-grad,9,Married-civ-spouse,Craft-repair,Husband,White,Male,0,0,40,United-States,0
32,Private,226535,HS-grad,9,Never-married,Craft-repair,Not-in-family,White,Male,0,0,40,United-States,0
28,Private,113987,HS-grad,9,Married-civ-spouse,Machine-op-inspct,Wife,White,Female,0,0,40,United-States,0
44,Private,171424,Bachelors,13,Married-civ-spouse,Prof-specialty,Husband,White,Male,0,0,40,United-States,1
24,Private,137591,Some-college,10,Never-married,Sales,Own-child,White,Male,0,1762,40,United-States,0
64,Self-emp-inc,307786,1st-4th,2,Married-civ-spouse,Sales,Husband,White,Male,0,0,20,United-States,0
33,Federal-gov,339388,Assoc-acdm,12,Divorced,Other-service,Unmarried,White,Male,0,0,40,United-States,0
32,Private,171814,HS-grad,9,Never-married,Machine-op-inspct,Not-in-family,White,Female,0,0,40,United-States,0
43,Private,339767,Some-college,10,Married-civ-spouse,Other-service,Wife,White,Female,0,0,20,England,1
24,Private,209034,Assoc-acdm,12,Married-civ-spouse,Sales,Own-child,White,Female,0,0,20,United-States,0
54,State-gov,197184,Bachelors,13,Married-civ-spouse,Exec-managerial,Husband,White,Male,0,0,38,United-States,0
35,Private,152375,HS-grad,9,Never-married,Sales,Not-in-family,White,Male,0,0,45,United-States,0
48,Private,268083,Some-college,10,Divorced,Exec-managerial,Not-in-family,White,Female,0,0,40,United-States,0
28,Private,133625,HS-grad,9,Married-civ-spouse,Transport-moving,Husband,Black,Male,0,0,40,United-States,0
24,Private,43323,HS-grad,9,Never-married,Other-service,Not-in-family,White,Female,0,1762,40,United-States,0
36,Private,33355,Some-college,10,Never-married,Other-service,Own-child,White,Male,0,0,45,United-States,0
54,Private,155408,HS-grad,9,Widowed,Handlers-cleaners,Unmarried,White,Female,0,0,40,United-States,0
54,Private,174319,HS-grad,9,Divorced,Transport-moving,Not-in-family,White,Male,0,0,40,United-States,0
42,Federal-gov,33521,Bachelors,13,Married-civ-spouse,Prof-specialty,Husband,White,Male,0,0,40,United-States,0
39,Private,120130,Some-college,10,Separated,Machine-op-inspct,Own-child,White,Male,0,0,40,United-States,0
48,Private,149210,Bachelors,13,Divorced,Sales,Not-in-family,Black,Male,0,0,40,United-States,1
23,Private,133061,HS-grad,9,Married-civ-spouse,Sales,Husband,White,Male,0,0,80,United-States,0
54,Private,225599,Masters,14,Married-civ-spouse,Prof-specialty,Husband,Asian-Pac-Islander,Male,7298,0,40,India,1
28,Private,25955,Assoc-voc,11,Divorced,Craft-repair,Not-in-family,Amer-Indian-Eskimo,Male,0,0,40,United-States,0
26,Local-gov,190350,Bachelors,13,Never-married,Prof-specialty,Own-child,Black,Female,0,0,35,United-States,0
29,Private,128777,7th-8th,4,Divorced,Craft-repair,Unmarried,White,Female,0,0,55,United-States,0
26,Private,279145,HS-grad,9,Married-civ-spouse,Craft-repair,Husband,White,Male,0,0,50,United-States,0
40,Private,202872,Some-college,10,Divorced,Adm-clerical,Unmarried,White,Female,0,0,24,United-States,0
33,Private,36539,Bachelors,13,Married-civ-spouse,Exec-managerial,Wife,White,Female,0,0,40,United-States,1
70,Private,278139,HS-grad,9,Married-civ-spouse,Sales,Husband,White,Male,3432,0,40,United-States,0
19,Private,281704,Some-college,10,Never-married,Other-service,Not-in-family,White,Male,0,0,35,United-States,0
25,Private,114838,Prof-school,15,Never-married,Prof-specialty,Not-in-family,White,Female,0,0,8,Italy,0
43,Private,191712,Bachelors,13,Never-married,Adm-clerical,Not-in-family,White,Male,0,1741,40,United-States,0
55,Private,171242,HS-grad,9,Divorced,Exec-managerial,Not-in-family,White,Male,0,0,60,United-States,1
55,Self-emp-inc,124137,Some-college,10,Married-civ-spouse,Sales,Husband,White,Male,0,0,40,United-States,1
60,Federal-gov,119832,Some-college,10,Married-civ-spouse,Adm-clerical,Husband,White,Male,7298,0,40,United-States,1
47,Private,129513,Bachelors,13,Married-civ-spouse,Exec-managerial,Husband,White,Male,0,0,60,United-States,1
22,Private,183257,Some-college,10,Never-married,Sales,Own-child,Black,Female,0,0,20,United-States,0
43,Private,477983,HS-grad,9,Married-civ-spouse,Handlers-cleaners,Husband,Black,Male,0,0,40,United-States,0
54,Private,421561,Some-college,10,Married-civ-spouse,Prof-specialty,Husband,White,Male,0,0,40,United-States,1
33,Private,288398,Bachelors,13,Divorced,Adm-clerical,Not-in-family,White,Female,0,0,45,United-States,0
39,State-gov,55568,HS-grad,9,Married-civ-spouse,Adm-clerical,Wife,White,Female,0,0,40,United-States,0
27,Private,47907,Bachelors,13,Never-married,Adm-clerical,Not-in-family,White,Female,0,0,43,United-States,0
36,Private,156352,9th,5,Never-married,Handlers-cleaners,Own-child,White,Male,0,0,40,United-States,0
25,Private,254613,HS-grad,9,Never-married,Craft-repair,Own-child,White,Male,0,0,40,Cuba,0
34,Private,261799,Assoc-voc,11,Married-civ-spouse,Adm-clerical,Husband,Black,Male,0,0,45,United-States,1
55,Private,208451,Masters,14,Married-civ-spouse,Exec-managerial,Husband,White,Male,0,0,40,United-States,1
56,Self-emp-inc,165881,HS-grad,9,Married-civ-spouse,Sales,Husband,White,Male,0,0,50,United-States,1
23,Private,136824,Some-college,10,Never-married,Other-service,Own-child,White,Male,0,0,20,United-States,0
41,Private,108713,10th,6,Never-married,Sales,Own-child,White,Female,0,0,40,United-States,0
27,Private,151382,7th-8th,4,Divorced,Machine-op-inspct,Unmarried,White,Male,0,974,40,United-States,0
26,Private,917220,12th,8,Never-married,Transport-moving,Own-child,Black,Male,0,0,40,United-States,0
41,State-gov,116520,Doctorate,16,Married-civ-spouse,Prof-specialty,Husband,White,Male,0,0,40,United-States,1
31,Private,163003,Assoc-acdm,12,Never-married,Prof-specialty,Other-relative,Asian-Pac-Islander,Female,0,0,40,Philippines,0
36,Private,317040,Assoc-voc,11,Divorced,Adm-clerical,Unmarried,Black,Female,0,0,54,United-States,0
38,Federal-gov,248919,HS-grad,9,Married-civ-spouse,Transport-moving,Husband,White,Male,0,2051,40,United-States,0
41,Private,204046,HS-grad,9,Married-civ-spouse,Craft-repair,Husband,White,Male,0,0,40,United-States,0
18,Private,192485,12th,8,Never-married,Handlers-cleaners,Own-child,Black,Male,0,0,20,United-States,0
42,Private,279914,Bachelors,13,Married-civ-spouse,Tech-support,Husband,White,Male,0,0,40,United-States,1
38,Local-gov,134444,Some-college,10,Married-civ-spouse,Protective-serv,Husband,White,Male,0,0,72,United-States,0
26,Private,171114,Bachelors,13,Never-married,Exec-managerial,Own-child,White,Female,0,0,40,United-States,0
22,Private,102632,HS-grad,9,Never-married,Craft-repair,Not-in-family,White,Male,0,0,41,United-States,0
49,Local-gov,34021,Bachelors,13,Never-married,Prof-specialty,Own-child,White,Female,0,0,50,United-States,0
28,Private,192591,Bachelors,13,Never-married,Adm-clerical,Not-in-family,White,Female,0,0,45,United-States,0
22,Private,304602,HS-grad,9,Never-married,Handlers-cleaners,Own-child,White,Male,0,0,40,United-States,0
21,Private,145119,Some-college,10,Never-married,Other-service,Own-child,Asian-Pac-Islander,Male,0,0,20,United-States,0
43,Self-emp-not-inc,150528,HS-grad,9,Married-civ-spouse,Craft-repair,Husband,White,Male,0,0,30,United-States,0
22,Private,34747,HS-grad,9,Never-married,Other-service,Own-child,White,Female,0,0,35,United-States,0
45,Self-emp-inc,84324,Assoc-acdm,12,Married-civ-spouse,Prof-specialty,Husband,White,Male,0,0,50,United-States,1
38,Private,198170,Assoc-voc,11,Married-civ-spouse,Sales,Husband,White,Male,0,0,40,United-States,0
61,Private,195453,HS-grad,9,Married-civ-spouse,Exec-managerial,Husband,White,Male,0,0,50,United-States,1
41,Self-emp-not-inc,44006,Assoc-voc,11,Divorced,Farming-fishing,Not-in-family,White,Male,0,0,40,United-States,0
37,Private,128715,Bachelors,13,Married-civ-spouse,Exec-managerial,Husband,White,Male,0,0,60,United-States,1
53,Self-emp-not-inc,137547,Prof-school,15,Never-married,Prof-specialty,Not-in-family,Asian-Pac-Islander,Male,27828,0,40,Philippines,1
51,State-gov,193720,HS-grad,9,Married-civ-spouse,Craft-repair,Husband,White,Male,0,0,56,United-States,1
62,Private,113440,Bachelors,13,Married-civ-spouse,Sales,Husband,White,Male,0,0,35,United-States,0
26,Private,280093,Some-college,10,Never-married,Handlers-cleaners,Own-child,White,Male,0,0,40,United-States,0
24,Private,228613,11th,7,Never-married,Machine-op-inspct,Unmarried,White,Female,0,0,40,United-States,0
33,Federal-gov,88913,Some-college,10,Never-married,Adm-clerical,Own-child,Asian-Pac-Islander,Female,0,0,40,United-States,0
30,Private,19302,Some-college,10,Married-civ-spouse,Prof-specialty,Husband,White,Male,7688,0,40,United-States,1
28,Private,65171,Some-college,10,Married-civ-spouse,Tech-support,Husband,White,Male,0,0,70,United-States,0
29,Private,82910,Some-college,10,Married-civ-spouse,Transport-moving,Husband,White,Male,0,0,40,United-States,0
48,Self-emp-not-inc,171986,HS-grad,9,Divorced,Prof-specialty,Not-in-family,White,Male,0,0,15,United-States,0
42,Private,126701,Bachelors,13,Divorced,Adm-clerical,Unmarried,White,Male,9562,0,45,United-States,1
47,Private,140045,HS-grad,9,Separated,Adm-clerical,Unmarried,White,Female,0,0,40,United-States,0
23,Private,238092,Bachelors,13,Never-married,Prof-specialty,Own-child,White,Male,0,0,40,United-States,0
42,Private,52781,Bachelors,13,Married-civ-spouse,Prof-specialty,Husband,White,Male,7688,0,40,United-States,1
34,Private,167474,HS-grad,9,Married-civ-spouse,Exec-managerial,Husband,White,Male,0,0,40,United-States,0
39,Private,139743,HS-grad,9,Separated,Adm-clerical,Not-in-family,White,Female,0,0,20,United-States,0
57,Private,199847,Bachelors,13,Married-civ-spouse,Exec-managerial,Husband,White,Male,15024,0,60,United-States,1
46,Private,149949,7th-8th,4,Married-civ-spouse,Transport-moving,Husband,White,Male,0,0,40,United-States,0
67,Self-emp-inc,106175,Bachelors,13,Married-civ-spouse,Exec-managerial,Husband,White,Male,0,2392,75,United-States,1
39,Private,324420,1st-4th,2,Married-civ-spouse,Craft-repair,Husband,White,Male,0,0,45,Mexico,0
43,Local-gov,92374,Masters,14,Married-civ-spouse,Prof-specialty,Wife,Black,Female,0,0,35,United-States,1
29,Private,158218,HS-grad,9,Never-married,Farming-fishing,Unmarried,White,Male,0,0,35,United-States,0
42,Local-gov,318046,11th,7,Married-civ-spouse,Transport-moving,Husband,White,Male,0,0,40,United-States,0
30,Self-emp-inc,204470,Some-college,10,Married-civ-spouse,Exec-managerial,Husband,White,Male,0,0,36,United-States,1
28,Private,197113,HS-grad,9,Never-married,Machine-op-inspct,Own-child,Other,Male,0,0,50,Puerto-Rico,0
56,Self-emp-not-inc,403072,Some-college,10,Married-civ-spouse,Craft-repair,Husband,White,Male,0,0,50,United-States,1
25,Private,278404,Bachelors,13,Never-married,Prof-specialty,Not-in-family,White,Male,0,0,40,United-States,0
36,Private,185360,HS-grad,9,Married-civ-spouse,Sales,Husband,White,Male,0,0,60,United-States,0
19,Private,170800,Some-college,10,Never-married,Other-service,Own-child,White,Male,0,0,20,United-States,0
18,Private,127388,12th,8,Never-married,Other-service,Not-in-family,White,Female,0,0,25,United-States,0
44,Private,89172,Bachelors,13,Married-civ-spouse,Craft-repair,Husband,White,Male,0,0,50,United-States,1
32,Private,61898,11th,7,Divorced,Other-service,Unmarried,White,Female,0,0,15,United-States,0
34,Self-emp-not-inc,320194,Prof-school,15,Separated,Prof-specialty,Unmarried,White,Male,0,0,48,United-States,1
27,Private,219863,HS-grad,9,Married-civ-spouse,Transport-moving,Husband,White,Male,0,0,40,United-States,0
34,Private,126838,HS-grad,9,Married-civ-spouse,Transport-moving,Husband,White,Male,0,0,40,United-States,0
50,Private,28952,Some-college,10,Married-civ-spouse,Sales,Wife,White,Female,0,0,39,United-States,0
70,Self-emp-inc,158437,Prof-school,15,Married-civ-spouse,Prof-specialty,Husband,White,Male,0,0,35,United-States,1
37,Private,179671,HS-grad,9,Divorced,Craft-repair,Not-in-family,White,Male,0,0,40,United-States,0
36,Local-gov,139703,Masters,14,Never-married,Prof-specialty,Not-in-family,Black,Female,0,0,40,United-States,0
37,Private,75024,HS-grad,9,Divorced,Sales,Unmarried,White,Female,0,0,25,Canada,0
22,Private,203182,Bachelors,13,Never-married,Exec-managerial,Other-relative,White,Female,0,0,20,United-States,0
31,Private,163516,Some-college,10,Widowed,Adm-clerical,Unmarried,White,Female,0,0,40,United-States,0
25,Private,509866,HS-grad,9,Never-married,Transport-moving,Not-in-family,White,Male,0,0,78,United-States,0
37,Self-emp-not-inc,150993,11th,7,Married-civ-spouse,Transport-moving,Husband,White,Male,0,0,45,United-States,0
45,Self-emp-inc,151584,Prof-school,15,Married-civ-spouse,Prof-specialty,Husband,White,Male,0,0,35,United-States,1
45,Self-emp-inc,281911,HS-grad,9,Married-civ-spouse,Craft-repair,Husband,White,Male,0,0,48,United-States,0
29,Private,77009,11th,7,Separated,Sales,Not-in-family,White,Female,0,2754,42,United-States,0
35,Private,199753,HS-grad,9,Never-married,Machine-op-inspct,Own-child,White,Male,0,0,48,United-States,0
33,Private,193042,HS-grad,9,Married-civ-spouse,Transport-moving,Husband,White,Male,0,0,60,United-States,1
41,Private,67339,11th,7,Married-civ-spouse,Handlers-cleaners,Husband,White,Male,7688,0,40,United-States,1
31,Private,345277,Bachelors,13,Divorced,Prof-specialty,Not-in-family,White,Female,0,0,40,United-States,0
25,Private,126133,Some-college,10,Never-married,Other-service,Own-child,White,Female,0,0,40,United-States,0
45,Private,214627,Doctorate,16,Widowed,Prof-specialty,Unmarried,White,Male,15020,0,40,Iran,1
51,Private,33304,HS-grad,9,Married-civ-spouse,Craft-repair,Husband,White,Male,0,0,40,United-States,0
63,Local-gov,150079,HS-grad,9,Married-civ-spouse,Adm-clerical,Wife,White,Female,0,0,35,United-States,1
47,Private,278322,Some-college,10,Married-civ-spouse,Prof-specialty,Husband,White,Male,7688,0,40,United-States,1
26,Private,358124,HS-grad,9,Never-married,Other-service,Other-relative,Black,Female,0,0,40,United-States,0
19,Private,279968,Some-college,10,Never-married,Adm-clerical,Own-child,White,Female,0,0,20,United-States,0
46,Federal-gov,227310,Some-college,10,Never-married,Adm-clerical,Unmarried,Black,Female,0,0,40,United-States,0
41,Private,84610,Bachelors,13,Married-civ-spouse,Exec-managerial,Husband,White,Male,0,1902,60,United-States,1
32,Private,177792,Bachelors,13,Divorced,Exec-managerial,Not-in-family,White,Female,0,0,48,United-States,1
31,Local-gov,204470,Masters,14,Never-married,Prof-specialty,Not-in-family,White,Male,0,0,43,United-States,0
18,Private,132986,12th,8,Never-married,Other-service,Own-child,White,Male,0,0,10,United-States,0
64,Private,631947,10th,6,Married-civ-spouse,Adm-clerical,Husband,White,Male,0,0,40,United-States,0
48,Private,36228,HS-grad,9,Divorced,Transport-moving,Not-in-family,White,Male,0,0,44,United-States,0
27,Private,205440,10th,6,Married-civ-spouse,Machine-op-inspct,Husband,White,Male,0,0,40,United-States,0
84,Private,388384,7th-8th,4,Married-civ-spouse,Prof-specialty,Husband,Black,Male,0,0,10,United-States,0
51,Private,355954,Some-college,10,Married-civ-spouse,Craft-repair,Husband,White,Male,0,0,60,United-States,1
36,Private,28572,Some-college,10,Married-civ-spouse,Craft-repair,Husband,White,Male,0,0,50,United-States,0
33,Private,78707,11th,7,Never-married,Other-service,Not-in-family,Black,Male,0,0,40,United-States,0
23,Private,227070,Some-college,10,Never-married,Other-service,Unmarried,White,Female,0,0,48,El-Salvador,0
65,Federal-gov,179985,HS-grad,9,Divorced,Adm-clerical,Not-in-family,White,Female,0,0,40,United-States,0
56,Local-gov,104996,HS-grad,9,Married-civ-spouse,Transport-moving,Husband,White,Male,0,0,40,United-States,0
46,Private,58126,HS-grad,9,Married-civ-spouse,Craft-repair,Husband,White,Male,0,0,40,United-States,0
65,Self-emp-not-inc,99359,Prof-school,15,Never-married,Prof-specialty,Not-in-family,White,Male,1086,0,60,United-States,0
65,Private,213477,Masters,14,Divorced,Sales,Not-in-family,White,Male,0,0,28,United-States,0
47,Local-gov,203067,Bachelors,13,Divorced,Prof-specialty,Not-in-family,White,Male,0,0,50,United-States,0
53,Local-gov,192982,Masters,14,Married-civ-spouse,Adm-clerical,Husband,White,Male,0,0,38,United-States,1
30,Self-emp-inc,124420,HS-grad,9,Divorced,Exec-managerial,Not-in-family,White,Male,4650,0,40,United-States,0
48,Federal-gov,483261,Some-college,10,Never-married,Adm-clerical,Not-in-family,Black,Male,0,0,40,United-States,0
40,Private,205987,Prof-school,15,Never-married,Exec-managerial,Not-in-family,White,Female,0,0,40,Cuba,0
25,Private,242729,Bachelors,13,Never-married,Sales,Own-child,White,Female,0,0,20,United-States,0
30,Private,398662,HS-grad,9,Never-married,Machine-op-inspct,Own-child,White,Male,0,0,40,United-States,0
45,Private,165232,Some-college,10,Divorced,Tech-support,Not-in-family,Black,Female,0,0,40,Trinadad&Tobago,0
20,Private,195411,HS-grad,9,Never-married,Sales,Own-child,Black,Female,0,0,20,United-States,0
31,Private,34572,Bachelors,13,Married-civ-spouse,Sales,Husband,White,Male,0,0,55,United-States,0
32,Private,103608,Bachelors,13,Married-civ-spouse,Handlers-cleaners,Husband,Asian-Pac-Islander,Male,0,0,40,United-States,0
51,Private,55507,HS-grad,9,Married-civ-spouse,Craft-repair,Husband,Black,Male,0,0,40,United-States,0
45,Private,1366120,Assoc-voc,11,Divorced,Other-service,Not-in-family,White,Female,0,0,8,United-States,0
17,Private,143331,10th,6,Never-married,Sales,Own-child,White,Male,0,0,15,United-States,0
39,Self-emp-not-inc,326400,Masters,14,Never-married,Prof-specialty,Not-in-family,White,Male,0,0,40,United-States,0
65,Private,83800,Some-college,10,Married-civ-spouse,Handlers-cleaners,Husband,White,Male,0,0,27,United-States,0
29,Private,193152,HS-grad,9,Never-married,Handlers-cleaners,Not-in-family,White,Male,0,1408,40,United-States,0
39,Private,269455,HS-grad,9,Married-civ-spouse,Farming-fishing,Husband,White,Male,0,0,45,United-States,0
23,State-gov,305498,Assoc-voc,11,Never-married,Tech-support,Not-in-family,White,Female,0,0,40,United-States,0
35,Private,340018,10th,6,Never-married,Other-service,Unmarried,Black,Female,0,0,38,United-States,0
45,Private,358886,12th,8,Married-civ-spouse,Adm-clerical,Husband,White,Male,2407,0,50,United-States,0
67,Self-emp-not-inc,354405,HS-grad,9,Widowed,Other-service,Not-in-family,White,Female,0,0,20,United-States,0
43,Local-gov,118853,Some-college,10,Married-civ-spouse,Tech-support,Husband,White,Male,4386,0,99,United-States,1
22,Private,201729,9th,5,Never-married,Handlers-cleaners,Other-relative,White,Male,0,0,30,United-States,0
32,Self-emp-not-inc,189461,HS-grad,9,Never-married,Other-service,Not-in-family,White,Female,0,0,60,United-States,0
42,Private,194636,HS-grad,9,Married-civ-spouse,Sales,Husband,White,Male,0,0,40,United-States,0
46,State-gov,27802,Assoc-acdm,12,Married-civ-spouse,Tech-support,Husband,White,Male,0,0,38,United-States,1
24,Private,122348,Bachelors,13,Married-civ-spouse,Exec-managerial,Wife,White,Female,0,0,40,United-States,0
40,Federal-gov,330174,Prof-school,15,Married-civ-spouse,Prof-specialty,Husband,White,Male,7688,0,40,United-States,1
41,Private,255044,Bachelors,13,Divorced,Exec-managerial,Not-in-family,White,Female,0,0,55,United-States,0
19,Private,269657,Some-college,10,Never-married,Sales,Not-in-family,White,Female,0,0,35,United-States,0
59,Self-emp-not-inc,174056,Bachelors,13,Married-civ-spouse,Sales,Husband,White,Male,15024,0,40,United-States,1
25,Private,267044,Some-college,10,Never-married,Adm-clerical,Not-in-family,Amer-Indian-Eskimo,Female,0,0,20,United-States,0
59,Local-gov,105866,Bachelors,13,Married-civ-spouse,Protective-serv,Husband,Black,Male,0,0,30,United-States,0
41,Private,322980,HS-grad,9,Separated,Adm-clerical,Not-in-family,Black,Male,2354,0,40,United-States,0
17,Self-emp-inc,61838,10th,6,Never-married,Craft-repair,Own-child,White,Male,0,0,40,United-States,0
51,Private,95469,HS-grad,9,Married-civ-spouse,Prof-specialty,Husband,White,Male,0,0,40,United-States,0
56,Private,184553,10th,6,Divorced,Craft-repair,Not-in-family,White,Male,0,0,56,United-States,0
17,Private,41979,10th,6,Never-married,Farming-fishing,Own-child,White,Male,0,0,40,United-States,0
25,Local-gov,44216,HS-grad,9,Divorced,Adm-clerical,Not-in-family,Amer-Indian-Eskimo,Female,0,0,35,United-States,0
24,Private,233856,HS-grad,9,Never-married,Machine-op-inspct,Other-relative,Black,Male,0,0,45,United-States,0
58,Private,201344,Bachelors,13,Divorced,Craft-repair,Own-child,White,Female,0,0,20,United-States,0
33,Private,97521,HS-grad,9,Never-married,Adm-clerical,Own-child,White,Male,0,0,40,United-States,0
43,Private,174524,HS-grad,9,Married-civ-spouse,Machine-op-inspct,Husband,White,Male,0,0,40,United-States,1
51,Private,316059,Some-college,10,Divorced,Exec-managerial,Not-in-family,White,Female,0,0,36,United-States,0
31,Local-gov,48520,Assoc-acdm,12,Never-married,Protective-serv,Unmarried,White,Male,0,0,40,United-States,0
49,Private,268022,Bachelors,13,Married-civ-spouse,Sales,Husband,White,Male,0,0,50,United-States,1
19,Private,175507,HS-grad,9,Never-married,Other-service,Not-in-family,White,Female,0,0,30,United-States,0
21,Private,265356,Some-college,10,Never-married,Sales,Other-relative,White,Male,0,0,40,United-States,0
20,State-gov,30796,Some-college,10,Never-married,Adm-clerical,Own-child,White,Female,0,0,10,United-States,0
73,Private,198526,HS-grad,9,Widowed,Other-service,Other-relative,White,Female,0,0,32,United-States,0
47,Local-gov,193012,Masters,14,Divorced,Protective-serv,Not-in-family,Black,Male,0,0,50,United-States,1
25,Private,182771,Some-college,10,Never-married,Sales,Own-child,Asian-Pac-Islander,Male,0,0,40,United-States,0
37,Private,188540,HS-grad,9,Married-civ-spouse,Exec-managerial,Husband,White,Male,0,1902,45,United-States,1
61,Private,203445,Some-college,10,Widowed,Adm-clerical,Other-relative,White,Female,0,0,40,United-States,0
22,Private,231053,11th,7,Married-civ-spouse,Machine-op-inspct,Husband,White,Male,0,0,70,United-States,1
33,Private,279173,HS-grad,9,Married-civ-spouse,Prof-specialty,Husband,White,Male,0,0,60,United-States,0
33,Private,174789,HS-grad,9,Married-civ-spouse,Craft-repair,Husband,White,Male,0,0,40,United-States,0
34,Private,58305,HS-grad,9,Married-civ-spouse,Craft-repair,Husband,White,Male,0,1573,40,United-States,0
63,Private,86108,HS-grad,9,Widowed,Farming-fishing,Not-in-family,White,Male,0,0,6,United-States,0
27,Private,207611,HS-grad,9,Never-married,Other-service,Not-in-family,White,Female,0,0,52,United-States,0
58,State-gov,123329,HS-grad,9,Never-married,Adm-clerical,Not-in-family,White,Female,0,0,16,United-States,0
44,Private,271792,Bachelors,13,Married-spouse-absent,Exec-managerial,Unmarried,White,Female,0,0,40,United-States,0
53,Private,153052,HS-grad,9,Married-civ-spouse,Craft-repair,Husband,White,Male,0,0,40,United-States,1
46,Private,101430,11th,7,Divorced,Handlers-cleaners,Unmarried,Black,Female,0,0,40,United-States,0
23,Private,244408,Some-college,10,Never-married,Adm-clerical,Other-relative,Asian-Pac-Islander,Female,0,0,24,Vietnam,0
45,Self-emp-not-inc,118081,Some-college,10,Married-civ-spouse,Other-service,Husband,White,Male,3103,0,42,United-States,0
21,Private,109952,HS-grad,9,Married-civ-spouse,Craft-repair,Husband,White,Male,0,0,40,United-States,0
62,Self-emp-inc,56248,Bachelors,13,Married-civ-spouse,Farming-fishing,Husband,White,Male,0,2415,60,United-States,1
23,Private,117363,Bachelors,13,Never-married,Adm-clerical,Own-child,White,Female,0,0,40,United-States,0
45,Private,190482,Assoc-voc,11,Married-civ-spouse,Craft-repair,Husband,White,Male,0,0,76,United-States,0
44,Private,367749,1st-4th,2,Never-married,Machine-op-inspct,Not-in-family,White,Female,0,0,40,El-Salvador,0
24,Private,54560,HS-grad,9,Married-civ-spouse,Transport-moving,Husband,White,Male,0,0,45,United-States,0
28,Private,188236,Some-college,10,Never-married,Adm-clerical,Not-in-family,White,Female,0,0,40,United-States,0
20,Private,137651,Some-college,10,Never-married,Machine-op-inspct,Own-child,Amer-Indian-Eskimo,Male,0,0,40,United-States,0
38,Private,76878,11th,7,Married-civ-spouse,Craft-repair,Husband,White,Male,5178,0,40,United-States,1
37,Private,172694,Some-college,10,Married-civ-spouse,Handlers-cleaners,Husband,Black,Male,0,0,50,United-States,0
60,Private,116707,11th,7,Divorced,Protective-serv,Not-in-family,White,Male,0,0,40,United-States,0
45,Private,178319,Doctorate,16,Married-civ-spouse,Prof-specialty,Husband,White,Male,0,0,56,United-States,1
48,Self-emp-not-inc,243631,Some-college,10,Married-civ-spouse,Craft-repair,Husband,Amer-Indian-Eskimo,Male,7688,0,40,United-States,1
28,Self-emp-not-inc,195607,HS-grad,9,Married-civ-spouse,Sales,Wife,White,Female,0,0,40,United-States,0
23,Self-emp-not-inc,289116,HS-grad,9,Divorced,Other-service,Unmarried,White,Female,0,0,50,United-States,0
28,Private,270887,Assoc-acdm,12,Never-married,Sales,Not-in-family,White,Male,0,0,65,United-States,0
41,Self-emp-inc,32185,Bachelors,13,Married-civ-spouse,Tech-support,Husband,White,Male,0,0,40,United-States,0
75,Self-emp-not-inc,213349,HS-grad,9,Married-civ-spouse,Farming-fishing,Husband,White,Male,0,0,20,United-States,0
33,Private,202642,Bachelors,13,Separated,Prof-specialty,Other-relative,Black,Female,0,0,40,Jamaica,0
31,Private,164190,Some-college,10,Married-civ-spouse,Prof-specialty,Husband,White,Male,0,0,50,United-States,1
27,Private,180553,HS-grad,9,Separated,Machine-op-inspct,Unmarried,White,Female,0,0,40,United-States,0
57,Local-gov,52267,Masters,14,Married-civ-spouse,Exec-managerial,Husband,White,Male,0,0,50,United-States,1
19,Private,375114,HS-grad,9,Never-married,Craft-repair,Not-in-family,White,Female,0,0,40,United-States,0
54,Private,349340,Preschool,1,Married-civ-spouse,Craft-repair,Husband,Asian-Pac-Islander,Male,0,0,40,India,0
24,Private,190968,HS-grad,9,Married-civ-spouse,Sales,Husband,White,Male,0,0,48,United-States,0
58,Private,190747,HS-grad,9,Married-civ-spouse,Machine-op-inspct,Husband,White,Male,0,0,40,United-States,0
34,Private,111415,HS-grad,9,Married-civ-spouse,Sales,Husband,White,Male,0,0,70,United-States,0
24,Private,59146,Bachelors,13,Married-civ-spouse,Exec-managerial,Wife,White,Female,0,0,40,United-States,0
30,Private,149531,HS-grad,9,Married-civ-spouse,Craft-repair,Husband,White,Male,0,0,50,United-States,0
25,Private,486332,HS-grad,9,Divorced,Other-service,Not-in-family,White,Male,0,0,40,Mexico,0
36,Private,137314,Assoc-voc,11,Never-married,Tech-support,Not-in-family,White,Male,0,0,45,United-States,0
18,Private,266681,11th,7,Never-married,Other-service,Own-child,White,Male,0,0,20,United-States,0
45,Private,261192,HS-grad,9,Married-civ-spouse,Other-service,Husband,Black,Male,0,0,40,United-States,0
61,Private,192237,10th,6,Divorced,Sales,Unmarried,White,Female,0,0,40,United-States,0
40,State-gov,377018,Bachelors,13,Married-civ-spouse,Prof-specialty,Husband,White,Male,0,0,60,United-States,1
46,Private,109227,Some-college,10,Divorced,Exec-managerial,Unmarried,White,Female,0,0,70,United-States,0
30,Private,306383,Some-college,10,Divorced,Handlers-cleaners,Not-in-family,White,Male,0,0,50,United-States,0
40,Self-emp-not-inc,242082,Bachelors,13,Married-civ-spouse,Prof-specialty,Husband,White,Male,0,0,45,United-States,1
25,Private,55718,Some-college,10,Never-married,Tech-support,Own-child,White,Male,0,0,25,United-States,0
23,Self-emp-not-inc,282604,11th,7,Married-civ-spouse,Transport-moving,Husband,White,Male,7688,0,60,United-States,1
27,State-gov,23740,HS-grad,9,Never-married,Transport-moving,Not-in-family,Amer-Indian-Eskimo,Male,0,0,38,United-States,1
20,Private,205970,Some-college,10,Never-married,Craft-repair,Own-child,White,Female,0,0,25,United-States,0
52,Private,180881,Bachelors,13,Married-civ-spouse,Exec-managerial,Husband,White,Male,0,0,40,United-States,0
51,Private,122159,Some-college,10,Widowed,Prof-specialty,Not-in-family,White,Female,3325,0,40,United-States,0
66,Self-emp-not-inc,174788,Some-college,10,Never-married,Sales,Not-in-family,White,Female,0,0,20,United-States,0
38,Self-emp-not-inc,342635,Bachelors,13,Married-civ-spouse,Prof-specialty,Husband,White,Male,0,0,70,United-States,0
33,Local-gov,224185,HS-grad,9,Married-civ-spouse,Craft-repair,Husband,White,Male,0,0,40,United-States,0
31,Private,273324,Some-college,10,Never-married,Other-service,Own-child,White,Male,0,1721,16,United-States,0
29,Private,38353,HS-grad,9,Married-civ-spouse,Craft-repair,Husband,White,Male,0,0,45,United-States,0
39,Private,355468,HS-grad,9,Married-civ-spouse,Sales,Husband,White,Male,0,1887,46,United-States,1
38,Local-gov,162613,Masters,14,Never-married,Prof-specialty,Not-in-family,White,Female,0,2258,60,United-States,0
45,Private,34248,HS-grad,9,Married-civ-spouse,Sales,Husband,White,Male,0,0,50,United-States,0
26,Private,160300,HS-grad,9,Never-married,Machine-op-inspct,Own-child,White,Male,0,0,40,United-States,0
17,Private,79682,10th,6,Never-married,Priv-house-serv,Other-relative,White,Male,0,0,30,United-States,0
52,Private,416129,Preschool,1,Married-civ-spouse,Other-service,Not-in-family,White,Male,0,0,40,El-Salvador,0
42,Private,190767,Assoc-voc,11,Divorced,Tech-support,Unmarried,White,Female,0,0,40,United-States,0
45,Private,273435,HS-grad,9,Married-civ-spouse,Craft-repair,Husband,White,Male,0,0,40,United-States,0
23,Private,152189,Assoc-acdm,12,Never-married,Other-service,Not-in-family,White,Male,0,0,40,United-States,0
56,Self-emp-not-inc,140558,HS-grad,9,Married-civ-spouse,Sales,Husband,White,Male,0,0,40,United-States,0
43,Private,145762,Bachelors,13,Married-civ-spouse,Exec-managerial,Husband,White,Male,0,0,40,United-States,0
31,Private,200117,HS-grad,9,Divorced,Adm-clerical,Not-in-family,White,Male,0,0,40,United-States,0
46,Private,142719,HS-grad,9,Married-spouse-absent,Farming-fishing,Not-in-family,White,Male,0,0,65,United-States,0
25,Private,228608,Some-college,10,Never-married,Craft-repair,Other-relative,Asian-Pac-Islander,Female,0,0,40,Cambodia,0
29,Self-emp-inc,156815,HS-grad,9,Married-civ-spouse,Other-service,Husband,White,Male,0,0,40,United-States,0
24,Private,315476,Assoc-acdm,12,Never-married,Craft-repair,Own-child,White,Male,0,0,40,United-States,0
42,Private,253770,Some-college,10,Divorced,Adm-clerical,Unmarried,White,Female,0,0,40,United-States,0
23,Private,161708,Assoc-acdm,12,Never-married,Other-service,Own-child,White,Female,0,0,20,United-States,0
26,Local-gov,192213,Masters,14,Never-married,Prof-specialty,Not-in-family,White,Female,0,0,40,Canada,0
26,Local-gov,425092,Masters,14,Never-married,Prof-specialty,Not-in-family,White,Female,2174,0,40,United-States,0
43,Private,320277,Bachelors,13,Married-civ-spouse,Exec-managerial,Husband,White,Male,0,0,40,United-States,0
41,Private,303510,HS-grad,9,Married-civ-spouse,Exec-managerial,Husband,White,Male,0,0,40,United-States,0
44,Private,167955,HS-grad,9,Married-civ-spouse,Craft-repair,Husband,White,Male,0,0,40,Poland,0
44,Private,84535,Some-college,10,Divorced,Sales,Unmarried,White,Female,0,0,48,United-States,0
53,Self-emp-not-inc,35295,Bachelors,13,Never-married,Sales,Unmarried,White,Male,0,0,60,United-States,1
35,Self-emp-not-inc,115618,HS-grad,9,Divorced,Sales,Not-in-family,White,Male,0,0,50,United-States,1
51,Self-emp-inc,189183,Bachelors,13,Married-civ-spouse,Exec-managerial,Husband,White,Male,0,0,40,United-States,0
38,Private,111499,Some-college,10,Married-civ-spouse,Transport-moving,Husband,White,Male,7298,0,50,United-States,1
39,Private,33886,HS-grad,9,Married-civ-spouse,Transport-moving,Husband,White,Male,0,0,60,United-States,0
46,Private,169324,HS-grad,9,Separated,Other-service,Not-in-family,Black,Female,0,0,45,Jamaica,0
77,Private,253642,7th-8th,4,Married-civ-spouse,Machine-op-inspct,Husband,Other,Male,0,0,30,United-States,0
25,Private,257910,Bachelors,13,Never-married,Exec-managerial,Not-in-family,White,Male,0,0,50,United-States,0
28,Local-gov,138332,Doctorate,16,Divorced,Prof-specialty,Not-in-family,White,Female,0,0,40,United-States,0
18,State-gov,391257,Some-college,10,Never-married,Other-service,Not-in-family,White,Female,0,0,40,United-States,0
53,Private,154891,9th,5,Married-civ-spouse,Transport-moving,Husband,White,Male,0,0,40,United-States,0
45,Local-gov,224474,Bachelors,13,Divorced,Prof-specialty,Unmarried,White,Female,4934,0,50,United-States,1
18,Private,141626,Some-college,10,Never-married,Tech-support,Own-child,White,Male,2176,0,20,United-States,0
21,Private,51262,HS-grad,9,Never-married,Other-service,Own-child,White,Male,0,0,35,United-States,0
46,Private,263568,HS-grad,9,Married-civ-spouse,Machine-op-inspct,Husband,White,Male,0,0,40,United-States,0
26,Private,262617,HS-grad,9,Never-married,Craft-repair,Other-relative,White,Male,2597,0,40,United-States,0
24,Private,100321,Some-college,10,Divorced,Craft-repair,Not-in-family,White,Male,0,0,48,United-States,0
42,Private,162140,Bachelors,13,Married-civ-spouse,Exec-managerial,Husband,White,Male,7298,0,45,United-States,1
67,Private,233022,11th,7,Widowed,Adm-clerical,Unmarried,White,Female,0,0,20,United-States,0
45,Private,338105,Bachelors,13,Married-civ-spouse,Adm-clerical,Husband,Asian-Pac-Islander,Male,0,0,40,Philippines,0
52,Private,236497,Bachelors,13,Married-civ-spouse,Exec-managerial,Husband,White,Male,0,0,48,United-States,1
43,Private,152420,Some-college,10,Married-civ-spouse,Machine-op-inspct,Husband,Black,Male,0,0,50,United-States,0
32,State-gov,169583,Doctorate,16,Never-married,Prof-specialty,Not-in-family,White,Female,0,0,70,United-States,0
23,Private,342946,11th,7,Never-married,Transport-moving,Own-child,White,Female,0,0,38,United-States,0
40,Self-emp-not-inc,57233,Assoc-voc,11,Married-civ-spouse,Exec-managerial,Husband,White,Male,0,0,40,United-States,1
38,Private,297449,Bachelors,13,Married-civ-spouse,Adm-clerical,Husband,White,Male,7298,0,50,United-States,1
59,Local-gov,161944,Bachelors,13,Never-married,Adm-clerical,Not-in-family,White,Male,0,0,38,United-States,0
26,Self-emp-not-inc,318644,Prof-school,15,Never-married,Prof-specialty,Own-child,White,Male,0,0,20,United-States,0
20,Private,105244,Some-college,10,Never-married,Handlers-cleaners,Not-in-family,White,Male,0,0,50,United-States,0
20,Private,120601,HS-grad,9,Never-married,Transport-moving,Own-child,Black,Male,0,0,40,United-States,0
53,Private,157069,Assoc-acdm,12,Married-civ-spouse,Machine-op-inspct,Husband,White,Male,0,0,40,United-States,1
52,Private,89534,HS-grad,9,Married-civ-spouse,Craft-repair,Husband,White,Male,0,0,40,United-States,1
23,Private,212617,Bachelors,13,Never-married,Other-service,Not-in-family,White,Male,0,0,66,Ecuador,0
22,Private,240817,HS-grad,9,Never-married,Sales,Own-child,White,Female,2597,0,40,United-States,0
51,Private,279156,HS-grad,9,Married-civ-spouse,Exec-managerial,Husband,White,Male,7298,0,40,United-States,1
42,Self-emp-not-inc,39539,HS-grad,9,Married-civ-spouse,Farming-fishing,Husband,White,Male,0,0,99,United-States,1
50,Self-emp-inc,121441,11th,7,Never-married,Exec-managerial,Other-relative,White,Male,0,2444,40,United-States,1
29,Private,234447,Some-college,10,Divorced,Adm-clerical,Not-in-family,Black,Female,0,0,40,United-States,0
23,Private,133355,Some-college,10,Never-married,Adm-clerical,Own-child,White,Male,0,0,15,United-States,0
57,State-gov,183657,Some-college,10,Married-civ-spouse,Prof-specialty,Husband,Black,Male,0,0,35,United-States,1
49,Private,62546,Bachelors,13,Married-civ-spouse,Exec-managerial,Husband,White,Male,0,0,40,United-States,1
28,Local-gov,218990,Assoc-voc,11,Married-civ-spouse,Protective-serv,Husband,Black,Male,0,0,46,United-States,0
25,Private,390316,9th,5,Married-civ-spouse,Craft-repair,Husband,White,Male,0,0,40,Mexico,0
76,Private,199949,Bachelors,13,Married-civ-spouse,Adm-clerical,Husband,White,Male,20051,0,50,United-States,1
46,Private,155664,Some-college,10,Never-married,Handlers-cleaners,Not-in-family,White,Male,0,0,40,United-States,0
55,Private,84231,HS-grad,9,Married-civ-spouse,Transport-moving,Husband,White,Male,0,0,50,United-States,0
31,Private,168387,Bachelors,13,Married-civ-spouse,Prof-specialty,Husband,White,Male,7688,0,40,Canada,1
74,Self-emp-not-inc,192413,Prof-school,15,Divorced,Prof-specialty,Other-relative,White,Male,0,0,40,United-States,0
42,Private,176286,Assoc-acdm,12,Married-civ-spouse,Exec-managerial,Husband,White,Male,0,0,40,United-States,1
36,Private,206951,Bachelors,13,Married-civ-spouse,Sales,Husband,White,Male,0,1902,45,United-States,1
67,Local-gov,191800,Bachelors,13,Divorced,Adm-clerical,Unmarried,Black,Female,6360,0,35,United-States,0
52,Private,89041,HS-grad,9,Married-civ-spouse,Craft-repair,Husband,White,Male,0,0,40,United-States,0
23,Private,240398,Bachelors,13,Never-married,Sales,Not-in-family,Black,Male,0,0,15,United-States,0
31,Private,243142,HS-grad,9,Divorced,Machine-op-inspct,Unmarried,White,Female,0,0,40,United-States,0
38,State-gov,22245,Doctorate,16,Married-civ-spouse,Prof-specialty,Husband,White,Male,0,0,45,United-States,1
29,State-gov,199450,Some-college,10,Divorced,Adm-clerical,Unmarried,Black,Male,0,0,40,United-States,0
51,Private,153870,Some-college,10,Married-civ-spouse,Transport-moving,Husband,White,Male,0,2603,40,United-States,0
32,Private,187901,Assoc-voc,11,Never-married,Exec-managerial,Not-in-family,White,Female,0,0,23,United-States,0
37,Private,240810,Assoc-acdm,12,Married-civ-spouse,Craft-repair,Husband,White,Male,0,0,45,United-States,0
44,Private,346594,HS-grad,9,Divorced,Other-service,Unmarried,White,Female,0,0,40,United-States,0
36,Self-emp-not-inc,67728,Bachelors,13,Married-civ-spouse,Sales,Husband,White,Male,0,0,50,United-States,1
45,Private,363087,HS-grad,9,Separated,Machine-op-inspct,Unmarried,Black,Female,0,0,40,United-States,0
56,Private,435022,Some-college,10,Divorced,Other-service,Not-in-family,White,Female,0,0,50,United-States,0
31,Private,156763,HS-grad,9,Married-civ-spouse,Sales,Husband,White,Male,2829,0,40,United-States,0
39,Private,174242,Bachelors,13,Married-civ-spouse,Exec-managerial,Husband,White,Male,15024,0,60,United-States,1
64,State-gov,111795,Bachelors,13,Married-civ-spouse,Craft-repair,Husband,White,Male,0,0,45,United-States,1
27,Private,58654,Assoc-voc,11,Separated,Adm-clerical,Unmarried,White,Female,0,0,40,United-States,0
31,Federal-gov,484669,Some-college,10,Never-married,Tech-support,Not-in-family,White,Male,0,0,40,United-States,0
63,Private,301108,11th,7,Married-civ-spouse,Sales,Husband,White,Male,0,0,22,United-States,0
44,Private,277647,HS-grad,9,Married-civ-spouse,Sales,Husband,White,Male,0,1902,40,United-States,1
20,Private,256504,Some-college,10,Never-married,Sales,Own-child,White,Female,0,0,6,United-States,0
43,Self-emp-inc,244945,Bachelors,13,Married-civ-spouse,Prof-specialty,Husband,White,Male,0,0,60,United-States,0
48,Private,98524,Assoc-acdm,12,Married-civ-spouse,Craft-repair,Husband,White,Male,0,0,45,United-States,0
44,State-gov,111483,Masters,14,Married-civ-spouse,Prof-specialty,Husband,White,Male,0,0,40,United-States,1
41,Private,124639,Some-college,10,Separated,Craft-repair,Not-in-family,Black,Male,0,0,40,United-States,0
51,Local-gov,33863,Masters,14,Married-civ-spouse,Prof-specialty,Husband,White,Male,0,0,45,United-States,0
50,Private,152810,Bachelors,13,Married-civ-spouse,Sales,Husband,White,Male,0,0,40,United-States,1
57,Private,109638,Some-college,10,Married-civ-spouse,Exec-managerial,Husband,White,Male,0,1672,45,United-States,0
33,Self-emp-not-inc,361497,HS-grad,9,Never-married,Prof-specialty,Not-in-family,White,Male,0,0,40,United-States,0
37,Private,272950,HS-grad,9,Divorced,Craft-repair,Not-in-family,White,Male,0,0,40,United-States,0
50,Private,114056,Assoc-voc,11,Married-civ-spouse,Protective-serv,Husband,White,Male,0,0,84,United-States,0
36,Private,284166,HS-grad,9,Never-married,Sales,Unmarried,White,Male,0,0,60,United-States,1
49,Local-gov,298445,Prof-school,15,Married-civ-spouse,Prof-specialty,Wife,White,Female,0,1977,60,United-States,1
34,Federal-gov,341051,Masters,14,Married-civ-spouse,Adm-clerical,Husband,White,Male,0,0,50,United-States,1
36,Private,287658,HS-grad,9,Never-married,Adm-clerical,Own-child,Black,Male,0,0,40,United-States,0
38,Self-emp-not-inc,184456,HS-grad,9,Married-civ-spouse,Other-service,Husband,White,Male,3464,0,80,Italy,0
30,Private,58582,Bachelors,13,Never-married,Craft-repair,Own-child,White,Male,0,0,10,United-States,0
63,Private,206052,HS-grad,9,Married-civ-spouse,Craft-repair,Husband,White,Male,0,0,40,United-States,0
46,State-gov,164023,Some-college,10,Married-civ-spouse,Protective-serv,Husband,Black,Male,0,0,70,United-States,1
25,Private,32275,Some-college,10,Married-civ-spouse,Exec-managerial,Wife,Other,Female,0,0,40,United-States,0
31,Private,123397,HS-grad,9,Married-civ-spouse,Transport-moving,Wife,White,Female,5178,0,35,United-States,1
29,Private,54932,Some-college,10,Divorced,Craft-repair,Unmarried,White,Male,0,0,35,United-States,1
41,Private,202872,10th,6,Married-spouse-absent,Craft-repair,Not-in-family,White,Female,0,0,40,United-States,0
43,State-gov,308498,HS-grad,9,Married-spouse-absent,Exec-managerial,Unmarried,White,Female,0,0,40,United-States,0
31,Private,500002,1st-4th,2,Married-civ-spouse,Farming-fishing,Husband,White,Male,0,0,45,Mexico,0
52,Federal-gov,279337,HS-grad,9,Married-civ-spouse,Adm-clerical,Husband,White,Male,0,0,40,United-States,0
37,Private,50837,7th-8th,4,Divorced,Exec-managerial,Not-in-family,White,Male,0,0,50,United-States,0
19,Private,85690,HS-grad,9,Never-married,Machine-op-inspct,Unmarried,White,Male,0,0,30,United-States,0
38,Federal-gov,216924,Assoc-voc,11,Married-civ-spouse,Craft-repair,Husband,White,Male,0,0,40,United-States,0
18,Local-gov,152171,11th,7,Never-married,Protective-serv,Own-child,White,Male,0,0,10,United-States,0
68,Private,186350,HS-grad,9,Widowed,Exec-managerial,Not-in-family,White,Female,0,0,10,United-States,1
23,Local-gov,144165,Bachelors,13,Never-married,Prof-specialty,Own-child,Amer-Indian-Eskimo,Male,0,0,30,United-States,0
49,Private,250733,HS-grad,9,Married-civ-spouse,Craft-repair,Husband,White,Male,0,0,46,United-States,0
40,State-gov,195520,Some-college,10,Never-married,Adm-clerical,Unmarried,Black,Female,0,0,49,United-States,0
45,Private,270842,Some-college,10,Divorced,Other-service,Not-in-family,White,Female,0,0,40,United-States,0
20,Private,226978,HS-grad,9,Never-married,Other-service,Own-child,White,Male,0,0,35,United-States,0
29,Self-emp-inc,130856,HS-grad,9,Married-civ-spouse,Exec-managerial,Husband,White,Male,0,0,45,United-States,0
27,Private,158647,Some-college,10,Never-married,Adm-clerical,Not-in-family,White,Female,0,0,40,United-States,0
18,Private,152004,11th,7,Never-married,Other-service,Own-child,Black,Male,0,0,20,United-States,0
51,Private,194097,HS-grad,9,Married-civ-spouse,Protective-serv,Husband,White,Male,0,0,40,United-States,0
49,Private,248895,HS-grad,9,Married-civ-spouse,Machine-op-inspct,Husband,White,Male,0,0,45,United-States,0
34,Private,36385,Masters,14,Married-civ-spouse,Prof-specialty,Husband,White,Male,0,0,45,United-States,1
37,Private,249720,Assoc-voc,11,Married-spouse-absent,Sales,Unmarried,Black,Female,0,0,32,United-States,0
20,Self-emp-not-inc,157145,Some-college,10,Never-married,Farming-fishing,Own-child,White,Male,0,2258,10,United-States,0
23,Private,160951,HS-grad,9,Never-married,Craft-repair,Own-child,Black,Male,2597,0,40,United-States,0
20,Private,334105,Some-college,10,Never-married,Other-service,Own-child,White,Female,0,0,10,United-States,0
42,Local-gov,175642,Bachelors,13,Never-married,Adm-clerical,Not-in-family,White,Female,99999,0,40,United-States,1
59,Self-emp-inc,253062,Prof-school,15,Married-civ-spouse,Prof-specialty,Husband,White,Male,0,0,55,United-States,1
45,Self-emp-not-inc,239093,Some-college,10,Married-civ-spouse,Exec-managerial,Husband,Amer-Indian-Eskimo,Male,3137,0,40,United-States,0
66,Self-emp-inc,102663,7th-8th,4,Married-civ-spouse,Exec-managerial,Husband,White,Male,0,0,50,United-States,0
36,Private,222584,HS-grad,9,Divorced,Adm-clerical,Unmarried,Black,Female,0,0,40,United-States,0
39,Private,179481,HS-grad,9,Never-married,Tech-support,Not-in-family,White,Male,4650,0,44,United-States,0
28,Private,94880,Some-college,10,Never-married,Craft-repair,Not-in-family,White,Male,0,0,43,Mexico,0
36,Private,179468,HS-grad,9,Divorced,Craft-repair,Not-in-family,White,Male,0,0,40,United-States,0
31,Private,191001,HS-grad,9,Never-married,Sales,Not-in-family,White,Female,0,0,40,United-States,0
46,Private,166809,HS-grad,9,Divorced,Adm-clerical,Unmarried,White,Female,0,0,40,United-States,0
46,Private,51618,HS-grad,9,Married-civ-spouse,Other-service,Wife,White,Female,0,0,40,United-States,0
60,Self-emp-not-inc,135285,Masters,14,Married-civ-spouse,Prof-specialty,Husband,White,Male,0,0,40,United-States,0
60,Self-emp-not-inc,38622,Some-college,10,Married-civ-spouse,Exec-managerial,Husband,White,Male,0,0,40,United-States,0
17,Private,156501,12th,8,Never-married,Other-service,Own-child,White,Female,0,0,16,United-States,0
42,Private,254773,Bachelors,13,Married-civ-spouse,Exec-managerial,Wife,Black,Female,0,0,50,United-States,1
21,Private,176178,Some-college,10,Never-married,Sales,Own-child,White,Female,0,0,16,United-States,0
52,Federal-gov,207841,Some-college,10,Married-civ-spouse,Adm-clerical,Husband,White,Male,0,0,40,United-States,0
60,Private,82775,Some-college,10,Married-civ-spouse,Sales,Husband,White,Male,0,0,55,United-States,0
32,Private,197457,HS-grad,9,Divorced,Tech-support,Unmarried,White,Female,1471,0,38,United-States,0
37,Private,167613,HS-grad,9,Married-civ-spouse,Other-service,Husband,White,Male,0,0,40,United-States,0
54,Private,139703,Some-college,10,Married-civ-spouse,Craft-repair,Husband,White,Male,3103,0,40,Germany,1
33,Self-emp-not-inc,38223,HS-grad,9,Never-married,Farming-fishing,Own-child,White,Male,0,0,70,United-States,0
41,Private,197093,Some-college,10,Never-married,Other-service,Not-in-family,Black,Male,0,0,20,United-States,0
32,Private,165949,Bachelors,13,Divorced,Machine-op-inspct,Not-in-family,White,Female,0,1590,42,United-States,0
17,Local-gov,170916,10th,6,Never-married,Protective-serv,Own-child,White,Female,0,1602,40,United-States,0
40,Private,191342,Bachelors,13,Married-civ-spouse,Exec-managerial,Husband,Asian-Pac-Islander,Male,0,0,40,China,1
45,Private,117556,Some-college,10,Divorced,Adm-clerical,Unmarried,Black,Female,0,0,32,United-States,0
25,Private,344991,Some-college,10,Married-civ-spouse,Craft-repair,Husband,White,Male,0,0,40,United-States,0
43,Private,213844,HS-grad,9,Married-AF-spouse,Craft-repair,Wife,Black,Female,0,0,42,United-States,1
47,Private,423222,Prof-school,15,Married-civ-spouse,Exec-managerial,Husband,White,Male,0,0,45,United-States,1
36,Private,207853,HS-grad,9,Divorced,Craft-repair,Own-child,White,Male,0,0,40,United-States,0
34,Private,204470,Masters,14,Married-civ-spouse,Exec-managerial,Husband,White,Male,0,0,50,United-States,1
36,Local-gov,180805,HS-grad,9,Never-married,Transport-moving,Not-in-family,Asian-Pac-Islander,Male,0,0,40,United-States,0
67,Self-emp-not-inc,107138,Some-college,10,Married-civ-spouse,Sales,Husband,White,Male,0,0,40,United-States,0
44,Private,215479,HS-grad,9,Divorced,Transport-moving,Not-in-family,Black,Male,0,0,20,Haiti,0
28,Private,109282,Some-college,10,Divorced,Prof-specialty,Not-in-family,White,Male,0,0,40,United-States,0
36,Self-emp-not-inc,288585,HS-grad,9,Married-civ-spouse,Other-service,Wife,Asian-Pac-Islander,Female,0,0,20,South,0
46,Self-emp-not-inc,95256,HS-grad,9,Divorced,Transport-moving,Not-in-family,White,Male,0,0,50,United-States,0
40,Private,145439,5th-6th,3,Married-civ-spouse,Other-service,Husband,Other,Male,4064,0,40,Mexico,0
25,Local-gov,276249,Masters,14,Never-married,Prof-specialty,Own-child,White,Female,0,0,40,United-States,0
32,Private,127610,Bachelors,13,Married-civ-spouse,Prof-specialty,Wife,White,Female,0,1902,32,United-States,1
45,Federal-gov,273194,HS-grad,9,Never-married,Transport-moving,Not-in-family,Black,Male,3325,0,40,United-States,0
51,Self-emp-not-inc,135102,HS-grad,9,Married-civ-spouse,Transport-moving,Husband,White,Male,0,0,65,United-States,0
35,Private,148903,HS-grad,9,Divorced,Sales,Unmarried,White,Female,0,0,40,United-States,0
45,Private,187969,Assoc-voc,11,Never-married,Sales,Not-in-family,White,Female,0,0,38,United-States,0
50,Private,36480,HS-grad,9,Married-civ-spouse,Exec-managerial,Husband,White,Male,0,0,40,United-States,0
20,Private,130840,10th,6,Never-married,Handlers-cleaners,Own-child,White,Male,0,0,40,United-States,0
58,Self-emp-inc,112945,Prof-school,15,Never-married,Prof-specialty,Not-in-family,White,Male,27828,0,40,United-States,1
36,Federal-gov,112847,Bachelors,13,Married-civ-spouse,Prof-specialty,Husband,Asian-Pac-Islander,Male,0,0,40,United-States,0
35,Self-emp-not-inc,166416,HS-grad,9,Married-civ-spouse,Farming-fishing,Husband,White,Male,0,0,99,United-States,0
46,Private,149949,Some-college,10,Married-civ-spouse,Craft-repair,Husband,White,Male,0,0,40,United-States,0
59,Self-emp-not-inc,96459,7th-8th,4,Married-civ-spouse,Craft-repair,Husband,White,Male,0,0,40,United-States,0
35,State-gov,349066,HS-grad,9,Divorced,Machine-op-inspct,Own-child,White,Male,0,0,40,United-States,0
19,Private,286469,Some-college,10,Never-married,Sales,Own-child,White,Female,0,0,30,United-States,0
40,Private,96129,Assoc-voc,11,Married-civ-spouse,Tech-support,Husband,White,Male,0,0,40,United-States,1
60,Private,123218,Some-college,10,Married-civ-spouse,Other-service,Husband,White,Male,0,0,40,United-States,0
24,Private,112854,Some-college,10,Never-married,Tech-support,Not-in-family,White,Female,0,0,16,United-States,0
43,Private,304175,Masters,14,Married-civ-spouse,Prof-specialty,Husband,White,Male,0,0,50,United-States,1
40,Self-emp-not-inc,29762,Some-college,10,Married-civ-spouse,Craft-repair,Husband,White,Male,0,0,60,United-States,0
43,Federal-gov,195385,HS-grad,9,Married-civ-spouse,Exec-managerial,Husband,Amer-Indian-Eskimo,Male,0,0,40,United-States,0
30,Private,285295,Bachelors,13,Married-civ-spouse,Other-service,Wife,Asian-Pac-Islander,Female,0,0,40,Philippines,0
25,State-gov,218184,Bachelors,13,Never-married,Protective-serv,Not-in-family,Black,Female,0,0,40,United-States,0
55,Local-gov,173296,Masters,14,Divorced,Prof-specialty,Unmarried,White,Female,0,0,45,United-States,0
48,Private,123075,Assoc-voc,11,Married-civ-spouse,Tech-support,Husband,White,Male,0,0,40,United-States,1
60,Self-emp-not-inc,95490,HS-grad,9,Married-civ-spouse,Sales,Husband,White,Male,0,0,45,United-States,0
39,State-gov,85874,HS-grad,9,Divorced,Adm-clerical,Unmarried,White,Female,0,0,40,United-States,0
41,Private,74182,HS-grad,9,Divorced,Craft-repair,Not-in-family,White,Male,0,0,40,United-States,0
24,Private,257500,HS-grad,9,Separated,Machine-op-inspct,Own-child,Black,Female,0,0,40,United-States,0
46,Private,187226,9th,5,Divorced,Other-service,Not-in-family,White,Male,0,0,25,United-States,0
38,Private,103751,9th,5,Married-civ-spouse,Craft-repair,Husband,White,Male,0,0,40,United-States,0
58,Private,473836,7th-8th,4,Widowed,Farming-fishing,Other-relative,White,Female,0,0,45,Guatemala,0
19,Private,69770,Some-college,10,Never-married,Other-service,Own-child,White,Male,0,0,20,United-States,0
41,Private,113823,Bachelors,13,Divorced,Other-service,Not-in-family,White,Male,0,0,40,United-States,0
23,Private,160968,Some-college,10,Never-married,Prof-specialty,Own-child,White,Male,0,0,10,United-States,0
36,Private,187999,HS-grad,9,Married-civ-spouse,Craft-repair,Husband,White,Male,0,0,40,United-States,1
60,Self-emp-inc,123218,Some-college,10,Married-civ-spouse,Exec-managerial,Husband,White,Male,0,0,40,United-States,0
25,Private,131463,Bachelors,13,Married-civ-spouse,Prof-specialty,Husband,White,Male,0,0,40,United-States,0
22,Private,141028,HS-grad,9,Never-married,Other-service,Own-child,Black,Male,0,0,30,United-States,0
20,Private,82777,HS-grad,9,Married-civ-spouse,Sales,Own-child,White,Male,0,0,40,United-States,0
49,Private,134797,Some-college,10,Divorced,Adm-clerical,Not-in-family,White,Male,0,0,40,United-States,0
27,Private,146719,HS-grad,9,Divorced,Sales,Own-child,White,Female,0,0,35,United-States,0
48,Local-gov,148549,Bachelors,13,Married-civ-spouse,Prof-specialty,Husband,White,Male,0,0,40,United-States,0
33,Private,214635,HS-grad,9,Married-civ-spouse,Other-service,Husband,Black,Male,0,0,36,Haiti,0
23,Private,130905,Bachelors,13,Never-married,Sales,Own-child,White,Female,0,0,40,United-States,0
46,Private,173243,Some-college,10,Married-civ-spouse,Tech-support,Husband,White,Male,5178,0,40,United-States,1
54,Private,178946,HS-grad,9,Married-civ-spouse,Craft-repair,Husband,White,Male,0,0,48,United-States,1
26,Private,303973,HS-grad,9,Never-married,Priv-house-serv,Other-relative,White,Female,0,1602,15,Mexico,0
27,Private,408623,Bachelors,13,Married-civ-spouse,Craft-repair,Other-relative,White,Male,0,0,50,United-States,0
58,Private,159378,HS-grad,9,Married-civ-spouse,Machine-op-inspct,Husband,White,Male,0,0,45,United-States,1
36,Private,290409,Some-college,10,Married-civ-spouse,Transport-moving,Husband,White,Male,0,0,40,United-States,0
42,Self-emp-not-inc,30759,HS-grad,9,Married-civ-spouse,Craft-repair,Husband,White,Male,0,0,35,United-States,0
35,Private,188041,Some-college,10,Married-civ-spouse,Exec-managerial,Husband,White,Male,0,0,50,United-States,0
28,Private,185061,11th,7,Never-married,Handlers-cleaners,Other-relative,White,Male,0,0,40,United-States,0
51,Self-emp-inc,258735,HS-grad,9,Divorced,Protective-serv,Not-in-family,White,Male,0,0,81,United-States,0
20,Private,247564,HS-grad,9,Never-married,Handlers-cleaners,Own-child,White,Male,0,0,35,United-States,0
24,Private,278107,HS-grad,9,Never-married,Craft-repair,Own-child,White,Male,0,0,60,United-States,0
54,Private,249322,Bachelors,13,Married-civ-spouse,Sales,Husband,White,Male,7688,0,50,United-States,1
17,Private,75333,10th,6,Never-married,Sales,Own-child,Black,Female,0,0,24,United-States,0
25,Local-gov,45474,Bachelors,13,Married-civ-spouse,Prof-specialty,Husband,White,Male,0,0,60,United-States,0
90,Private,51744,HS-grad,9,Never-married,Other-service,Not-in-family,Black,Male,0,2206,40,United-States,0
40,Private,169885,HS-grad,9,Separated,Other-service,Not-in-family,White,Female,0,0,40,United-States,0
47,Self-emp-not-inc,162924,Bachelors,13,Divorced,Exec-managerial,Not-in-family,Asian-Pac-Islander,Male,0,0,60,Japan,0
26,Private,189590,Some-college,10,Never-married,Adm-clerical,Not-in-family,White,Male,0,0,30,United-States,0
19,Private,172893,Some-college,10,Never-married,Exec-managerial,Own-child,White,Female,0,0,30,United-States,0
49,Private,107682,Some-college,10,Divorced,Adm-clerical,Not-in-family,White,Female,0,0,38,United-States,0
32,Local-gov,191731,Some-college,10,Never-married,Adm-clerical,Unmarried,Black,Female,0,0,40,United-States,0
64,Self-emp-not-inc,253296,HS-grad,9,Widowed,Other-service,Other-relative,White,Female,0,0,40,United-States,0
63,Private,180911,11th,7,Married-civ-spouse,Protective-serv,Husband,White,Male,4386,0,37,United-States,1
45,Private,191858,HS-grad,9,Married-civ-spouse,Machine-op-inspct,Husband,White,Male,0,0,45,United-States,1
33,Private,157446,11th,7,Never-married,Craft-repair,Not-in-family,White,Male,0,0,65,United-States,0
20,Private,196678,12th,8,Never-married,Adm-clerical,Own-child,White,Female,0,0,40,United-States,0
32,Private,209538,Masters,14,Married-civ-spouse,Exec-managerial,Husband,White,Male,0,0,55,United-States,1
33,Self-emp-not-inc,102884,Bachelors,13,Married-civ-spouse,Sales,Own-child,White,Male,0,0,20,United-States,0
36,Private,167440,Some-college,10,Married-civ-spouse,Machine-op-inspct,Husband,White,Male,0,0,44,United-States,0
22,Private,204935,HS-grad,9,Never-married,Machine-op-inspct,Own-child,White,Male,0,0,40,United-States,0
36,Self-emp-not-inc,295127,HS-grad,9,Married-civ-spouse,Farming-fishing,Husband,White,Male,0,0,84,United-States,0
25,Private,288185,9th,5,Married-civ-spouse,Machine-op-inspct,Husband,White,Male,0,0,40,Mexico,0
43,Private,221550,Masters,14,Never-married,Other-service,Not-in-family,White,Female,0,0,30,Poland,0
54,Private,104501,Some-college,10,Married-civ-spouse,Sales,Husband,White,Male,15024,0,40,United-States,1
18,Private,130652,Some-college,10,Never-married,Adm-clerical,Own-child,White,Female,0,0,25,United-States,0
45,Private,77085,Bachelors,13,Married-civ-spouse,Craft-repair,Husband,Asian-Pac-Islander,Male,0,0,40,Japan,1
52,State-gov,216342,Bachelors,13,Widowed,Exec-managerial,Unmarried,White,Female,0,0,55,United-States,0
52,Private,235307,Bachelors,13,Married-civ-spouse,Prof-specialty,Husband,White,Male,0,0,40,United-States,1
46,Private,173613,HS-grad,9,Divorced,Adm-clerical,Not-in-family,White,Female,0,0,40,United-States,0
54,Private,188186,HS-grad,9,Never-married,Other-service,Other-relative,White,Female,0,0,20,Hungary,0
23,Private,150683,Some-college,10,Never-married,Exec-managerial,Own-child,White,Male,0,0,40,United-States,0
65,Private,243858,HS-grad,9,Widowed,Other-service,Not-in-family,White,Female,0,0,15,United-States,0
24,Private,145964,Bachelors,13,Never-married,Exec-managerial,Unmarried,White,Male,0,0,40,United-States,1
22,Private,416165,Some-college,10,Never-married,Sales,Unmarried,White,Female,0,0,32,United-States,0
55,Private,153484,Masters,14,Married-civ-spouse,Exec-managerial,Husband,White,Male,0,1977,50,United-States,1
40,Private,71305,HS-grad,9,Married-civ-spouse,Other-service,Husband,Black,Male,0,0,40,United-States,0
39,Self-emp-inc,329980,Bachelors,13,Married-civ-spouse,Sales,Husband,White,Male,0,2415,60,United-States,1
35,Private,32528,HS-grad,9,Married-civ-spouse,Handlers-cleaners,Husband,White,Male,0,0,45,United-States,0
54,Private,420691,1st-4th,2,Married-civ-spouse,Other-service,Husband,White,Male,0,0,40,Mexico,0
36,Self-emp-not-inc,135416,Some-college,10,Married-civ-spouse,Other-service,Wife,White,Female,0,0,50,United-States,0
62,Private,257277,HS-grad,9,Widowed,Adm-clerical,Not-in-family,White,Female,0,0,38,United-States,0
38,Private,129591,Some-college,10,Married-civ-spouse,Craft-repair,Husband,White,Male,0,0,40,United-States,0
22,Private,54560,HS-grad,9,Never-married,Other-service,Own-child,White,Male,0,0,40,United-States,0
34,Self-emp-inc,29254,Some-college,10,Married-civ-spouse,Craft-repair,Husband,White,Male,0,0,70,United-States,0
52,Private,145333,Bachelors,13,Divorced,Sales,Not-in-family,White,Male,0,0,60,United-States,0
33,Private,118941,Bachelors,13,Married-civ-spouse,Exec-managerial,Wife,White,Female,0,0,32,United-States,1
46,Private,87250,Bachelors,13,Separated,Tech-support,Unmarried,White,Female,0,0,40,United-States,0
53,Private,35102,Some-college,10,Divorced,Adm-clerical,Not-in-family,White,Female,0,0,34,United-States,0
26,Private,118736,Bachelors,13,Never-married,Prof-specialty,Not-in-family,White,Female,0,0,20,United-States,0
43,Private,188905,5th-6th,3,Separated,Machine-op-inspct,Not-in-family,White,Female,0,0,40,Mexico,0
39,State-gov,176949,Assoc-acdm,12,Married-civ-spouse,Protective-serv,Husband,White,Male,0,0,52,United-States,0
20,Private,89991,Some-college,10,Never-married,Other-service,Own-child,White,Female,0,0,32,United-States,0
40,Private,291192,HS-grad,9,Widowed,Sales,Not-in-family,White,Female,0,0,40,United-States,0
55,Private,240988,9th,5,Married-civ-spouse,Machine-op-inspct,Other-relative,Asian-Pac-Islander,Male,0,0,40,Philippines,0
38,Federal-gov,137953,HS-grad,9,Married-civ-spouse,Adm-clerical,Husband,White,Male,0,0,45,United-States,0
36,Private,103605,HS-grad,9,Married-civ-spouse,Handlers-cleaners,Husband,White,Male,0,0,40,United-States,0
23,Private,197552,Some-college,10,Never-married,Sales,Own-child,White,Female,0,0,35,United-States,0
39,State-gov,99156,Doctorate,16,Married-civ-spouse,Prof-specialty,Husband,White,Male,0,0,50,United-States,1
33,Local-gov,220430,Bachelors,13,Married-civ-spouse,Protective-serv,Husband,Black,Male,0,0,70,United-States,1
34,Private,69251,Some-college,10,Married-civ-spouse,Other-service,Husband,Asian-Pac-Islander,Male,0,0,40,Philippines,0
56,Private,116143,Bachelors,13,Married-civ-spouse,Adm-clerical,Husband,White,Male,5178,0,44,United-States,1
19,Private,97261,HS-grad,9,Never-married,Farming-fishing,Not-in-family,White,Male,0,0,40,United-States,0
43,Self-emp-inc,155293,Bachelors,13,Married-civ-spouse,Sales,Husband,White,Male,0,0,60,United-States,1
66,Self-emp-not-inc,293114,HS-grad,9,Married-civ-spouse,Farming-fishing,Husband,White,Male,1409,0,40,United-States,0
19,Private,304643,Some-college,10,Never-married,Sales,Own-child,White,Male,0,0,20,United-States,0
30,Private,160784,Some-college,10,Never-married,Sales,Not-in-family,White,Male,0,0,45,United-States,0
39,Private,225605,HS-grad,9,Married-civ-spouse,Farming-fishing,Husband,White,Male,0,0,24,United-States,0
62,Self-emp-not-inc,226546,Prof-school,15,Married-civ-spouse,Prof-specialty,Husband,White,Male,0,0,16,United-States,0
35,Private,227571,7th-8th,4,Married-civ-spouse,Handlers-cleaners,Husband,White,Male,0,0,40,Mexico,0
40,Private,141583,10th,6,Never-married,Other-service,Unmarried,Black,Female,0,0,40,United-States,0
38,Private,312771,Assoc-voc,11,Married-civ-spouse,Sales,Husband,White,Male,0,0,40,United-States,1
58,Self-emp-not-inc,321171,HS-grad,9,Married-civ-spouse,Handlers-cleaners,Husband,White,Male,0,0,40,United-States,0
26,Local-gov,337867,Bachelors,13,Never-married,Prof-specialty,Own-child,Black,Female,0,0,40,United-States,0
75,Self-emp-not-inc,92792,HS-grad,9,Married-civ-spouse,Sales,Husband,White,Male,0,0,35,United-States,0
41,Private,290660,Bachelors,13,Married-civ-spouse,Craft-repair,Husband,White,Male,7688,0,55,United-States,1
71,Private,163385,Some-college,10,Widowed,Sales,Not-in-family,White,Male,0,0,35,United-States,1
25,Private,222539,10th,6,Never-married,Transport-moving,Not-in-family,White,Male,2597,0,50,United-States,0
20,Local-gov,163965,HS-grad,9,Never-married,Other-service,Unmarried,Black,Female,0,0,40,United-States,0
44,Private,257758,Doctorate,16,Married-civ-spouse,Prof-specialty,Husband,White,Male,0,0,40,United-States,1
30,Private,204704,Bachelors,13,Never-married,Exec-managerial,Unmarried,White,Female,0,0,45,United-States,1
45,Local-gov,311080,Some-college,10,Married-civ-spouse,Adm-clerical,Husband,White,Male,0,0,40,United-States,1
63,Self-emp-not-inc,147140,7th-8th,4,Married-civ-spouse,Farming-fishing,Husband,White,Male,0,0,60,United-States,1
53,Federal-gov,227836,Some-college,10,Divorced,Farming-fishing,Not-in-family,White,Male,0,0,40,United-States,0
30,Local-gov,352542,Bachelors,13,Divorced,Prof-specialty,Unmarried,White,Female,0,0,40,United-States,0
62,Private,159908,Some-college,10,Married-civ-spouse,Adm-clerical,Wife,White,Female,0,0,38,United-States,1
62,Private,211408,Assoc-voc,11,Married-civ-spouse,Tech-support,Husband,White,Male,0,0,40,United-States,1
40,Private,341835,HS-grad,9,Never-married,Exec-managerial,Not-in-family,White,Female,0,0,45,United-States,0
48,Private,120724,12th,8,Married-civ-spouse,Exec-managerial,Husband,White,Male,0,0,50,United-States,0
37,State-gov,60227,Bachelors,13,Never-married,Adm-clerical,Not-in-family,White,Male,0,0,38,United-States,0
56,Private,200235,Assoc-voc,11,Married-civ-spouse,Craft-repair,Husband,White,Male,0,0,48,United-States,1
51,Private,210736,10th,6,Married-spouse-absent,Craft-repair,Other-relative,White,Male,0,0,40,United-States,0
75,Private,256474,Masters,14,Never-married,Protective-serv,Not-in-family,White,Male,0,0,16,United-States,0
27,Private,72887,HS-grad,9,Never-married,Handlers-cleaners,Other-relative,Asian-Pac-Islander,Male,0,0,40,United-States,0
28,Private,196690,Assoc-voc,11,Never-married,Machine-op-inspct,Not-in-family,White,Female,0,1669,42,United-States,0
34,Private,154874,HS-grad,9,Never-married,Machine-op-inspct,Not-in-family,White,Male,4416,0,30,United-States,0
30,Local-gov,73796,Bachelors,13,Separated,Prof-specialty,Not-in-family,White,Female,0,0,40,United-States,0
34,Private,98101,7th-8th,4,Married-civ-spouse,Transport-moving,Husband,White,Male,0,0,40,United-States,0
25,Private,204536,HS-grad,9,Never-married,Craft-repair,Not-in-family,White,Male,0,0,35,United-States,0
26,Private,179772,Bachelors,13,Never-married,Exec-managerial,Not-in-family,White,Female,0,0,45,United-States,0
20,Private,190963,Some-college,10,Never-married,Exec-managerial,Not-in-family,White,Female,0,0,30,United-States,0
37,Private,154210,Some-college,10,Married-civ-spouse,Craft-repair,Husband,Asian-Pac-Islander,Male,0,0,40,Hong,0
53,Private,217568,HS-grad,9,Widowed,Craft-repair,Unmarried,Black,Female,0,0,40,United-States,0
23,Private,110677,Some-college,10,Never-married,Other-service,Own-child,White,Female,0,0,15,United-States,0
68,Self-emp-inc,182131,Some-college,10,Married-civ-spouse,Exec-managerial,Husband,White,Male,10605,0,20,United-States,1
35,Private,261012,Some-college,10,Married-spouse-absent,Adm-clerical,Not-in-family,Black,Female,0,0,40,United-States,0
20,Private,291979,HS-grad,9,Never-married,Sales,Own-child,White,Male,0,0,40,United-States,0
31,Private,356689,Bachelors,13,Never-married,Farming-fishing,Not-in-family,White,Male,0,0,40,United-States,0
46,Private,116789,HS-grad,9,Married-civ-spouse,Adm-clerical,Husband,White,Male,0,0,40,United-States,1
39,Private,169249,HS-grad,9,Separated,Other-service,Other-relative,Black,Male,0,0,40,United-States,0
29,Private,107812,Some-college,10,Never-married,Prof-specialty,Not-in-family,White,Male,0,0,15,United-States,0
57,Private,116878,1st-4th,2,Married-civ-spouse,Handlers-cleaners,Husband,White,Male,0,0,40,Italy,0
19,Private,376683,Some-college,10,Never-married,Other-service,Unmarried,Black,Female,2036,0,30,United-States,0
44,Private,249332,HS-grad,9,Married-civ-spouse,Transport-moving,Husband,White,Male,0,0,40,Ecuador,0
33,Local-gov,300681,HS-grad,9,Never-married,Other-service,Not-in-family,Black,Male,0,0,40,United-States,0
33,Private,256211,HS-grad,9,Married-civ-spouse,Machine-op-inspct,Husband,Asian-Pac-Islander,Male,0,0,40,South,0
29,Private,179565,Bachelors,13,Never-married,Adm-clerical,Not-in-family,White,Female,0,0,40,United-States,0
31,Private,352465,Some-college,10,Married-civ-spouse,Exec-managerial,Husband,White,Male,15024,0,50,United-States,1
42,Private,445940,9th,5,Married-civ-spouse,Craft-repair,Husband,White,Male,0,0,40,Mexico,0
42,Private,185764,Some-college,10,Married-civ-spouse,Machine-op-inspct,Husband,White,Male,0,0,60,United-States,0
69,Local-gov,197288,HS-grad,9,Married-civ-spouse,Exec-managerial,Husband,White,Male,0,0,35,United-States,0
49,Private,54260,Bachelors,13,Married-civ-spouse,Prof-specialty,Husband,White,Male,0,0,40,United-States,1
36,Private,143385,HS-grad,9,Never-married,Craft-repair,Not-in-family,White,Male,0,0,40,United-States,0
45,Private,81132,Some-college,10,Married-civ-spouse,Craft-repair,Other-relative,Asian-Pac-Islander,Male,0,0,40,Philippines,0
22,Private,311376,Bachelors,13,Never-married,Adm-clerical,Own-child,White,Female,0,0,40,United-States,0
50,Private,89534,HS-grad,9,Married-civ-spouse,Machine-op-inspct,Husband,White,Male,0,0,40,United-States,0
55,Private,185436,Some-college,10,Married-civ-spouse,Exec-managerial,Husband,White,Male,0,0,70,United-States,1
51,Private,133461,Some-college,10,Married-civ-spouse,Exec-managerial,Husband,White,Male,0,0,40,United-States,0
49,Private,184428,Bachelors,13,Divorced,Adm-clerical,Not-in-family,White,Male,0,0,40,United-States,0
64,Private,265661,HS-grad,9,Married-civ-spouse,Transport-moving,Husband,White,Male,0,0,40,United-States,0
37,Private,86551,Bachelors,13,Married-civ-spouse,Exec-managerial,Husband,White,Male,0,0,50,United-States,1
37,Private,61778,Bachelors,13,Never-married,Farming-fishing,Not-in-family,White,Male,0,0,30,United-States,0
20,Private,161922,HS-grad,9,Never-married,Handlers-cleaners,Not-in-family,White,Male,0,0,43,United-States,0
21,Private,174907,Assoc-acdm,12,Never-married,Sales,Own-child,White,Female,0,0,32,United-States,0
24,Private,403671,Some-college,10,Never-married,Machine-op-inspct,Not-in-family,White,Male,0,0,40,United-States,0
26,Private,173927,Assoc-voc,11,Never-married,Prof-specialty,Own-child,Other,Female,0,0,60,Jamaica,0
30,Local-gov,115040,HS-grad,9,Married-civ-spouse,Handlers-cleaners,Other-relative,White,Male,0,0,25,United-States,0
26,Private,459548,HS-grad,9,Never-married,Handlers-cleaners,Not-in-family,White,Male,0,0,20,Mexico,0
50,Private,128478,HS-grad,9,Married-civ-spouse,Transport-moving,Husband,White,Male,0,0,70,United-States,0
26,Private,132749,Some-college,10,Never-married,Other-service,Own-child,White,Female,0,0,45,United-States,0
40,Private,55395,Assoc-voc,11,Married-civ-spouse,Prof-specialty,Husband,White,Male,0,0,40,United-States,1
39,Private,129573,Bachelors,13,Never-married,Exec-managerial,Not-in-family,White,Male,0,0,50,United-States,1
45,Private,116163,HS-grad,9,Separated,Exec-managerial,Not-in-family,White,Female,0,0,40,United-States,0
30,Private,207937,Prof-school,15,Divorced,Prof-specialty,Not-in-family,White,Male,10520,0,50,United-States,1
59,Private,279636,HS-grad,9,Never-married,Adm-clerical,Not-in-family,White,Male,0,0,50,Guatemala,0
21,Private,163870,Some-college,10,Never-married,Adm-clerical,Own-child,White,Male,0,0,40,United-States,0
26,State-gov,203279,Prof-school,15,Never-married,Prof-specialty,Not-in-family,Asian-Pac-Islander,Male,2463,0,50,India,0
20,Private,316702,Some-college,10,Never-married,Prof-specialty,Own-child,White,Male,0,0,20,United-States,0
37,Local-gov,265038,Prof-school,15,Married-civ-spouse,Prof-specialty,Husband,White,Male,0,0,60,United-States,1
46,Private,309212,HS-grad,9,Divorced,Priv-house-serv,Not-in-family,White,Female,0,0,25,United-States,0
29,Federal-gov,107411,Some-college,10,Married-spouse-absent,Adm-clerical,Own-child,White,Female,0,0,40,United-States,0
33,Private,181091,Bachelors,13,Married-civ-spouse,Adm-clerical,Husband,White,Male,0,0,60,Iran,1
50,Private,71417,HS-grad,9,Married-civ-spouse,Craft-repair,Husband,White,Male,3103,0,40,United-States,1
37,Private,340614,Masters,14,Married-civ-spouse,Prof-specialty,Husband,White,Male,0,0,50,United-States,1
46,Private,190115,Assoc-acdm,12,Married-civ-spouse,Craft-repair,Husband,White,Male,0,0,40,United-States,1
33,Private,240763,Some-college,10,Married-civ-spouse,Machine-op-inspct,Husband,Black,Male,0,0,40,United-States,0
40,Private,198316,10th,6,Married-civ-spouse,Exec-managerial,Husband,White,Male,0,0,40,United-States,1
28,Private,61435,HS-grad,9,Married-civ-spouse,Craft-repair,Husband,White,Male,0,0,45,United-States,0
23,Private,54472,Some-college,10,Married-spouse-absent,Other-service,Not-in-family,White,Female,0,0,50,United-States,0
42,Local-gov,55363,Masters,14,Married-civ-spouse,Prof-specialty,Husband,White,Male,0,0,55,United-States,1
36,Private,183612,HS-grad,9,Married-civ-spouse,Prof-specialty,Husband,White,Male,0,1977,40,United-States,1
47,Private,148995,Bachelors,13,Married-civ-spouse,Exec-managerial,Husband,White,Male,0,2415,60,United-States,1
18,Private,396270,HS-grad,9,Never-married,Adm-clerical,Own-child,White,Male,0,0,25,United-States,0
21,Private,129674,Some-college,10,Never-married,Exec-managerial,Not-in-family,Black,Male,0,0,48,Mexico,0
48,Private,43206,Prof-school,15,Divorced,Prof-specialty,Unmarried,White,Female,0,0,25,United-States,0
56,Self-emp-not-inc,67841,HS-grad,9,Married-civ-spouse,Sales,Husband,White,Male,0,0,40,United-States,0
46,Private,83064,Some-college,10,Married-civ-spouse,Machine-op-inspct,Husband,White,Male,0,0,40,United-States,0
58,Private,138285,Assoc-acdm,12,Married-civ-spouse,Craft-repair,Husband,White,Male,0,1740,40,United-States,0
31,Private,45604,HS-grad,9,Married-civ-spouse,Exec-managerial,Husband,White,Male,0,0,54,United-States,0
22,Private,374116,HS-grad,9,Never-married,Priv-house-serv,Own-child,White,Female,0,0,36,United-States,0
37,Private,183800,Bachelors,13,Married-civ-spouse,Prof-specialty,Husband,White,Male,7688,0,50,United-States,1
22,Private,157332,HS-grad,9,Never-married,Other-service,Own-child,White,Female,0,0,35,United-States,0
28,Private,110164,Some-college,10,Divorced,Other-service,Other-relative,Black,Male,0,0,24,United-States,0
54,Private,97778,7th-8th,4,Married-civ-spouse,Craft-repair,Husband,White,Male,0,0,40,United-States,0
19,Private,237848,Some-college,10,Never-married,Other-service,Own-child,White,Male,0,0,3,United-States,0
17,Private,134480,11th,7,Never-married,Priv-house-serv,Own-child,White,Female,0,0,25,United-States,0
29,Private,78261,HS-grad,9,Married-civ-spouse,Machine-op-inspct,Husband,White,Male,0,0,40,United-States,0
27,Private,161155,10th,6,Never-married,Other-service,Not-in-family,White,Male,0,0,40,United-States,0
27,Self-emp-not-inc,70657,Some-college,10,Never-married,Craft-repair,Not-in-family,White,Male,0,0,35,United-States,0
68,Self-emp-not-inc,261897,10th,6,Widowed,Farming-fishing,Unmarried,White,Male,0,0,20,United-States,0
55,Local-gov,209535,Masters,14,Married-civ-spouse,Prof-specialty,Husband,White,Male,0,0,40,United-States,1
30,Private,29235,Some-college,10,Never-married,Adm-clerical,Other-relative,White,Female,0,0,20,United-States,0
26,Private,162312,Some-college,10,Never-married,Adm-clerical,Not-in-family,Asian-Pac-Islander,Male,0,0,20,Philippines,0
50,Self-emp-not-inc,32372,HS-grad,9,Married-civ-spouse,Farming-fishing,Husband,White,Male,0,0,30,United-States,0
33,Private,132832,HS-grad,9,Never-married,Adm-clerical,Not-in-family,White,Female,0,0,50,United-States,0
54,Self-emp-not-inc,91506,Some-college,10,Married-civ-spouse,Sales,Husband,White,Male,0,0,65,United-States,0
41,Local-gov,129060,Some-college,10,Divorced,Adm-clerical,Unmarried,Black,Female,0,0,40,United-States,0
33,Private,259301,Some-college,10,Married-civ-spouse,Transport-moving,Husband,White,Male,0,0,41,United-States,0
61,Local-gov,95450,Bachelors,13,Married-civ-spouse,Exec-managerial,Husband,White,Male,5178,0,50,United-States,1
22,Private,129508,HS-grad,9,Never-married,Adm-clerical,Own-child,White,Female,0,0,28,United-States,0
41,Private,163258,Bachelors,13,Never-married,Tech-support,Not-in-family,White,Male,0,0,40,United-States,0
40,Private,53727,Masters,14,Never-married,Sales,Not-in-family,White,Male,0,0,50,United-States,1
20,Private,26842,Some-college,10,Never-married,Machine-op-inspct,Not-in-family,White,Female,2176,0,40,United-States,0
27,Private,704108,Bachelors,13,Never-married,Prof-specialty,Not-in-family,White,Male,0,0,50,United-States,0
17,Private,209650,12th,8,Never-married,Other-service,Own-child,White,Male,0,0,16,United-States,0
41,Private,24763,HS-grad,9,Divorced,Transport-moving,Unmarried,White,Male,7443,0,40,United-States,0
27,Private,258102,5th-6th,3,Never-married,Transport-moving,Not-in-family,White,Male,0,0,40,Mexico,0
31,Federal-gov,59732,HS-grad,9,Married-civ-spouse,Farming-fishing,Husband,Amer-Indian-Eskimo,Male,0,0,40,United-States,0
26,Private,360252,Assoc-acdm,12,Married-civ-spouse,Adm-clerical,Wife,White,Female,0,0,40,United-States,0
40,Private,126701,9th,5,Never-married,Transport-moving,Not-in-family,White,Male,0,0,45,United-States,0
50,Local-gov,117496,HS-grad,9,Married-civ-spouse,Adm-clerical,Wife,White,Female,7298,0,30,United-States,1
55,Private,227158,Bachelors,13,Widowed,Adm-clerical,Unmarried,White,Female,0,0,40,United-States,0
40,State-gov,174283,Doctorate,16,Married-civ-spouse,Prof-specialty,Husband,White,Male,0,1887,50,United-States,1
50,Private,166758,Some-college,10,Divorced,Other-service,Not-in-family,White,Female,0,0,15,United-States,0
39,Private,370795,HS-grad,9,Never-married,Adm-clerical,Unmarried,Black,Female,0,0,40,United-States,0
19,Private,187352,HS-grad,9,Married-civ-spouse,Craft-repair,Husband,White,Male,0,0,40,United-States,0
44,Private,216907,Assoc-acdm,12,Married-civ-spouse,Craft-repair,Husband,White,Male,0,1848,40,United-States,1
41,Private,344624,Bachelors,13,Divorced,Exec-managerial,Not-in-family,White,Male,0,0,50,United-States,1
48,Private,99127,Assoc-acdm,12,Married-civ-spouse,Transport-moving,Husband,White,Male,0,0,45,United-States,0
51,Local-gov,143865,10th,6,Widowed,Other-service,Not-in-family,White,Female,0,0,24,United-States,0
24,Private,201179,HS-grad,9,Never-married,Other-service,Own-child,White,Male,0,0,40,United-States,0
19,Self-emp-not-inc,285263,9th,5,Never-married,Prof-specialty,Not-in-family,White,Male,0,0,35,Mexico,0
61,Private,80896,HS-grad,9,Separated,Transport-moving,Unmarried,Asian-Pac-Islander,Male,0,0,45,United-States,1
35,State-gov,226789,Masters,14,Married-civ-spouse,Prof-specialty,Husband,White,Male,0,0,75,United-States,0
62,Self-emp-not-inc,224520,HS-grad,9,Married-civ-spouse,Sales,Husband,White,Male,0,0,90,United-States,1
27,Private,204515,Bachelors,13,Never-married,Tech-support,Not-in-family,White,Female,0,0,36,United-States,0
76,Private,70697,7th-8th,4,Widowed,Other-service,Not-in-family,White,Female,0,0,25,United-States,0
32,Private,204374,Prof-school,15,Married-civ-spouse,Prof-specialty,Husband,White,Male,0,1977,60,United-States,1
47,Private,427055,Some-college,10,Married-civ-spouse,Adm-clerical,Husband,White,Male,0,0,45,Mexico,0
40,Private,194360,9th,5,Married-civ-spouse,Handlers-cleaners,Husband,White,Male,0,0,40,United-States,0
56,Private,178353,Some-college,10,Married-civ-spouse,Prof-specialty,Husband,White,Male,0,0,40,United-States,1
35,Self-emp-inc,196373,Bachelors,13,Married-civ-spouse,Exec-managerial,Husband,White,Male,0,0,45,United-States,1
55,Private,349910,HS-grad,9,Married-civ-spouse,Farming-fishing,Husband,White,Male,0,0,45,United-States,1
43,Private,35210,Some-college,10,Divorced,Adm-clerical,Unmarried,White,Female,0,0,40,United-States,0
45,Private,235924,Bachelors,13,Divorced,Exec-managerial,Own-child,White,Female,0,0,40,United-States,0
45,Private,50163,HS-grad,9,Divorced,Other-service,Not-in-family,White,Female,0,0,30,United-States,0
34,Private,265706,Masters,14,Never-married,Sales,Unmarried,White,Male,0,0,60,United-States,1
39,Private,206520,HS-grad,9,Never-married,Adm-clerical,Not-in-family,White,Male,0,0,45,United-States,0
57,Private,180920,10th,6,Married-civ-spouse,Craft-repair,Husband,White,Male,0,0,43,United-States,0
57,Private,120302,HS-grad,9,Married-civ-spouse,Machine-op-inspct,Husband,White,Male,0,0,40,United-States,0
29,Private,196243,HS-grad,9,Never-married,Machine-op-inspct,Not-in-family,White,Female,0,0,40,United-States,0
59,Private,453067,Some-college,10,Married-civ-spouse,Prof-specialty,Husband,White,Male,0,0,36,United-States,1
41,Self-emp-not-inc,49572,Some-college,10,Married-civ-spouse,Exec-managerial,Husband,White,Male,0,0,60,United-States,0
45,Private,176917,HS-grad,9,Never-married,Handlers-cleaners,Other-relative,White,Male,0,0,40,United-States,0
32,Private,131224,HS-grad,9,Married-civ-spouse,Prof-specialty,Husband,White,Male,0,0,40,United-States,0
25,Private,80312,Assoc-voc,11,Never-married,Adm-clerical,Not-in-family,White,Female,4865,0,40,United-States,0
30,Private,159589,Bachelors,13,Married-civ-spouse,Prof-specialty,Husband,White,Male,7688,0,50,United-States,1
31,Private,168521,Bachelors,13,Never-married,Exec-managerial,Not-in-family,White,Female,0,0,40,United-States,0
35,Private,189922,HS-grad,9,Married-civ-spouse,Craft-repair,Husband,White,Male,0,0,40,United-States,0
46,Private,123598,Bachelors,13,Married-civ-spouse,Sales,Husband,White,Male,0,0,40,United-States,0
19,Private,560804,Some-college,10,Never-married,Adm-clerical,Own-child,White,Female,0,0,30,United-States,0
25,Private,421467,Assoc-acdm,12,Never-married,Handlers-cleaners,Own-child,White,Male,0,0,26,United-States,0
48,Private,114561,Bachelors,13,Married-spouse-absent,Prof-specialty,Other-relative,Asian-Pac-Islander,Female,0,0,36,Philippines,1
51,Private,237735,HS-grad,9,Married-civ-spouse,Handlers-cleaners,Husband,White,Male,3103,0,40,United-States,1
38,Local-gov,181721,Bachelors,13,Married-civ-spouse,Exec-managerial,Husband,Black,Male,0,0,40,United-States,0
40,Self-emp-not-inc,34007,HS-grad,9,Married-civ-spouse,Farming-fishing,Husband,White,Male,0,0,70,United-States,1
39,Private,188540,HS-grad,9,Divorced,Exec-managerial,Not-in-family,White,Male,0,0,45,United-States,0
28,Private,138269,HS-grad,9,Never-married,Craft-repair,Not-in-family,White,Male,0,0,40,United-States,0
23,Private,436798,Some-college,10,Married-civ-spouse,Machine-op-inspct,Husband,White,Male,0,0,40,United-States,0
21,Private,145964,12th,8,Never-married,Farming-fishing,Not-in-family,White,Male,0,0,40,United-States,0
49,Local-gov,37353,Masters,14,Married-civ-spouse,Exec-managerial,Husband,White,Male,0,0,40,United-States,1
57,Private,206343,HS-grad,9,Separated,Machine-op-inspct,Not-in-family,White,Male,2174,0,40,Cuba,0
37,Private,184964,Masters,14,Divorced,Exec-managerial,Not-in-family,White,Male,0,0,45,United-States,1
43,Private,336513,Some-college,10,Married-civ-spouse,Exec-managerial,Husband,White,Male,0,1902,40,United-States,1
42,Self-emp-inc,161532,Bachelors,13,Married-civ-spouse,Craft-repair,Husband,Black,Male,0,0,60,United-States,0
61,Federal-gov,229062,Some-college,10,Married-civ-spouse,Adm-clerical,Husband,White,Male,0,1887,40,United-States,1
49,Private,177426,HS-grad,9,Divorced,Other-service,Not-in-family,White,Female,0,0,20,United-States,0
21,Private,211385,Assoc-acdm,12,Never-married,Other-service,Not-in-family,Black,Male,0,0,35,Jamaica,0
29,Private,204862,Assoc-acdm,12,Divorced,Prof-specialty,Not-in-family,White,Female,0,0,36,United-States,0
20,Private,211968,Assoc-voc,11,Never-married,Other-service,Own-child,White,Female,0,0,20,United-States,0
26,Self-emp-not-inc,37023,Some-college,10,Married-civ-spouse,Farming-fishing,Husband,White,Male,0,0,78,United-States,0
32,Private,206365,HS-grad,9,Never-married,Other-service,Not-in-family,Black,Female,0,0,40,United-States,0
36,Private,350783,HS-grad,9,Never-married,Prof-specialty,Not-in-family,White,Female,0,0,38,United-States,0
31,Private,118399,11th,7,Married-civ-spouse,Machine-op-inspct,Husband,White,Male,0,0,40,United-States,0
21,Private,241367,Some-college,10,Never-married,Adm-clerical,Own-child,White,Male,0,0,10,United-States,0
52,Private,301229,Assoc-voc,11,Separated,Sales,Unmarried,White,Female,0,0,40,United-States,0
23,Private,209770,HS-grad,9,Never-married,Adm-clerical,Own-child,White,Female,0,0,40,United-States,0
27,Private,204098,10th,6,Never-married,Craft-repair,Not-in-family,White,Male,0,0,30,United-States,0
25,Private,240676,Some-college,10,Divorced,Tech-support,Own-child,White,Female,0,0,40,United-States,0
53,Local-gov,216931,7th-8th,4,Married-civ-spouse,Transport-moving,Husband,White,Male,0,0,38,United-States,0
46,Private,267107,5th-6th,3,Married-civ-spouse,Craft-repair,Wife,White,Female,0,0,45,Italy,0
34,State-gov,259705,Some-college,10,Separated,Exec-managerial,Own-child,White,Female,0,0,40,United-States,0
43,Private,248094,HS-grad,9,Married-civ-spouse,Machine-op-inspct,Husband,White,Male,0,0,40,United-States,0
27,Private,180758,Some-college,10,Married-civ-spouse,Handlers-cleaners,Husband,White,Male,0,0,30,United-States,0
29,Private,267989,HS-grad,9,Married-civ-spouse,Craft-repair,Husband,White,Male,0,0,45,United-States,0
38,Private,166585,Bachelors,13,Divorced,Exec-managerial,Not-in-family,White,Female,0,0,55,United-States,0
59,State-gov,202682,HS-grad,9,Married-civ-spouse,Sales,Husband,White,Male,0,0,40,United-States,0
63,Private,264600,10th,6,Married-civ-spouse,Adm-clerical,Husband,White,Male,0,0,45,United-States,0
34,Private,212781,Bachelors,13,Married-civ-spouse,Exec-managerial,Husband,White,Male,0,0,40,United-States,1
42,Private,303388,Some-college,10,Married-civ-spouse,Exec-managerial,Husband,White,Male,0,0,65,United-States,0
30,Self-emp-inc,77689,Bachelors,13,Married-civ-spouse,Sales,Husband,White,Male,7688,0,50,United-States,1
34,Private,356882,Some-college,10,Married-civ-spouse,Sales,Husband,White,Male,0,0,45,United-States,1
37,Private,164526,Bachelors,13,Married-civ-spouse,Prof-specialty,Husband,White,Male,0,0,40,United-States,0
43,Self-emp-not-inc,118261,Masters,14,Divorced,Other-service,Unmarried,White,Female,0,0,30,United-States,0
53,Private,242859,Some-college,10,Separated,Adm-clerical,Own-child,White,Male,0,0,40,Cuba,0
53,Private,288020,Bachelors,13,Married-civ-spouse,Prof-specialty,Husband,Asian-Pac-Islander,Male,0,0,40,Japan,0
56,Private,170148,HS-grad,9,Divorced,Craft-repair,Unmarried,Black,Male,0,0,40,United-States,0
39,Private,129495,Some-college,10,Separated,Adm-clerical,Unmarried,Black,Female,0,0,40,United-States,0
28,Private,124685,Some-college,10,Married-civ-spouse,Exec-managerial,Husband,Amer-Indian-Eskimo,Male,0,0,55,United-States,0
45,Self-emp-not-inc,204405,Assoc-voc,11,Married-civ-spouse,Prof-specialty,Husband,White,Male,0,0,20,United-States,0
23,Private,69847,Bachelors,13,Never-married,Prof-specialty,Own-child,Asian-Pac-Islander,Female,0,0,20,United-States,0
49,Federal-gov,420282,Some-college,10,Never-married,Adm-clerical,Unmarried,Black,Female,0,0,40,United-States,0
19,Private,240686,11th,7,Never-married,Sales,Own-child,White,Female,0,0,25,United-States,0
21,Private,126314,Some-college,10,Never-married,Other-service,Own-child,White,Male,0,0,10,United-States,0
31,Private,259531,Assoc-voc,11,Never-married,Adm-clerical,Not-in-family,White,Female,0,0,40,United-States,0
24,Private,89154,9th,5,Never-married,Other-service,Not-in-family,White,Male,0,0,40,El-Salvador,0
47,Private,241832,9th,5,Married-spouse-absent,Handlers-cleaners,Unmarried,White,Male,0,0,40,El-Salvador,0
53,Private,55861,HS-grad,9,Married-civ-spouse,Craft-repair,Husband,White,Male,0,0,40,United-States,1
54,Private,128378,Some-college,10,Widowed,Prof-specialty,Not-in-family,White,Male,0,0,50,United-States,0
39,Self-emp-not-inc,147850,HS-grad,9,Married-civ-spouse,Transport-moving,Husband,White,Male,0,0,30,United-States,0
71,Federal-gov,149386,HS-grad,9,Widowed,Exec-managerial,Not-in-family,White,Male,0,0,9,United-States,0
53,Private,121618,7th-8th,4,Never-married,Transport-moving,Not-in-family,Amer-Indian-Eskimo,Male,0,0,40,United-States,0
27,Private,360097,HS-grad,9,Never-married,Handlers-cleaners,Not-in-family,Black,Male,0,0,40,United-States,0
25,Private,120268,Bachelors,13,Never-married,Prof-specialty,Own-child,White,Male,0,0,70,United-States,0
24,Private,161092,Bachelors,13,Never-married,Exec-managerial,Own-child,White,Male,0,0,40,United-States,0
26,Private,205109,Masters,14,Never-married,Prof-specialty,Not-in-family,White,Female,0,0,40,United-States,0
29,Federal-gov,142712,Some-college,10,Married-civ-spouse,Adm-clerical,Husband,White,Male,0,0,40,United-States,1
80,Self-emp-not-inc,34340,7th-8th,4,Widowed,Farming-fishing,Not-in-family,White,Male,0,0,35,United-States,0
57,Local-gov,143910,Bachelors,13,Divorced,Exec-managerial,Not-in-family,White,Male,0,0,40,United-States,0
56,Federal-gov,67153,Masters,14,Married-civ-spouse,Exec-managerial,Husband,White,Male,0,0,40,Portugal,1
44,Private,171484,10th,6,Married-civ-spouse,Machine-op-inspct,Husband,White,Male,0,0,40,United-States,1
28,Private,96337,Some-college,10,Never-married,Adm-clerical,Not-in-family,White,Female,0,0,40,United-States,0
28,Private,155621,5th-6th,3,Never-married,Craft-repair,Not-in-family,White,Male,0,0,40,Columbia,0
31,Self-emp-not-inc,204052,HS-grad,9,Married-civ-spouse,Craft-repair,Husband,White,Male,0,0,40,United-States,1
34,Private,115066,Some-college,10,Married-civ-spouse,Exec-managerial,Husband,White,Male,0,0,42,United-States,1
34,Local-gov,97723,Prof-school,15,Married-civ-spouse,Prof-specialty,Husband,White,Male,0,0,40,United-States,1
48,Private,395368,Some-college,10,Divorced,Handlers-cleaners,Other-relative,Black,Male,0,0,40,United-States,0
25,Private,75759,HS-grad,9,Married-civ-spouse,Transport-moving,Husband,White,Male,0,0,44,United-States,1
39,Private,151248,Some-college,10,Divorced,Sales,Other-relative,White,Female,0,0,35,United-States,0
46,Local-gov,267588,Bachelors,13,Married-civ-spouse,Prof-specialty,Wife,White,Female,0,0,70,United-States,0
59,Federal-gov,243612,HS-grad,9,Widowed,Machine-op-inspct,Unmarried,White,Female,0,0,40,United-States,0
67,Private,105438,HS-grad,9,Separated,Machine-op-inspct,Other-relative,White,Female,0,0,40,United-States,0
26,Private,139992,Bachelors,13,Never-married,Prof-specialty,Not-in-family,White,Female,0,0,40,United-States,0
53,Private,346754,Some-college,10,Married-civ-spouse,Exec-managerial,Wife,White,Female,0,0,40,United-States,1
41,Self-emp-not-inc,97277,Assoc-voc,11,Divorced,Other-service,Unmarried,White,Female,0,0,10,United-States,0
23,Private,49296,HS-grad,9,Never-married,Handlers-cleaners,Other-relative,Black,Male,0,0,40,United-States,0
36,Private,201117,Bachelors,13,Married-civ-spouse,Exec-managerial,Husband,White,Male,0,0,50,United-States,0
28,Private,132078,Bachelors,13,Never-married,Prof-specialty,Not-in-family,White,Female,0,0,40,United-States,0
27,Private,146460,Some-college,10,Never-married,Machine-op-inspct,Not-in-family,White,Female,0,0,40,United-States,0
27,Private,205145,HS-grad,9,Married-civ-spouse,Machine-op-inspct,Husband,White,Male,0,0,40,United-States,0
20,Private,174714,Some-college,10,Never-married,Prof-specialty,Own-child,White,Male,0,0,15,United-States,0
29,Federal-gov,224858,Some-college,10,Married-civ-spouse,Protective-serv,Husband,White,Male,0,0,60,United-States,0
43,Private,208613,Bachelors,13,Separated,Tech-support,Not-in-family,White,Male,0,0,40,United-States,0
80,Self-emp-not-inc,562336,HS-grad,9,Married-civ-spouse,Farming-fishing,Husband,White,Male,0,0,20,United-States,0
19,Federal-gov,215891,Some-college,10,Never-married,Adm-clerical,Own-child,White,Female,0,0,10,United-States,0
67,Private,257557,7th-8th,4,Married-civ-spouse,Transport-moving,Husband,Black,Male,10566,0,40,United-States,0
36,Private,51089,Bachelors,13,Never-married,Craft-repair,Not-in-family,White,Male,0,0,60,United-States,0
71,Private,180733,Masters,14,Never-married,Other-service,Not-in-family,White,Female,0,0,20,United-States,0
32,State-gov,443546,HS-grad,9,Married-civ-spouse,Protective-serv,Husband,White,Male,0,0,45,United-States,0
59,Self-emp-not-inc,199240,HS-grad,9,Divorced,Prof-specialty,Not-in-family,White,Male,0,0,20,England,0
31,Private,144064,Some-college,10,Married-civ-spouse,Exec-managerial,Husband,White,Male,0,0,40,United-States,0
59,Private,322691,Masters,14,Married-civ-spouse,Prof-specialty,Husband,White,Male,0,0,50,United-States,1
32,Private,105938,HS-grad,9,Never-married,Machine-op-inspct,Own-child,Black,Female,0,1602,20,United-States,0
40,Private,184857,HS-grad,9,Separated,Machine-op-inspct,Unmarried,White,Male,0,0,40,United-States,0
24,Federal-gov,130534,Bachelors,13,Never-married,Exec-managerial,Not-in-family,White,Male,0,0,40,United-States,0
61,Private,273803,HS-grad,9,Married-civ-spouse,Craft-repair,Husband,White,Male,0,0,40,United-States,0
22,Private,83704,Some-college,10,Never-married,Adm-clerical,Own-child,White,Male,0,0,30,United-States,0
20,Private,219835,Some-college,10,Never-married,Handlers-cleaners,Not-in-family,White,Male,0,0,30,United-States,0
23,Private,80680,Some-college,10,Married-civ-spouse,Sales,Own-child,White,Female,0,0,16,United-States,0
25,Private,206600,9th,5,Never-married,Machine-op-inspct,Other-relative,White,Male,0,0,48,Mexico,0
36,Private,154835,HS-grad,9,Separated,Adm-clerical,Own-child,Asian-Pac-Islander,Female,0,0,40,Philippines,0
54,Private,185407,Bachelors,13,Married-civ-spouse,Exec-managerial,Husband,White,Male,0,0,60,United-States,1
22,Private,180449,Some-college,10,Married-civ-spouse,Handlers-cleaners,Husband,White,Male,0,0,28,United-States,0
46,Private,268022,Bachelors,13,Married-civ-spouse,Sales,Husband,White,Male,0,0,40,United-States,1
32,Private,236770,Some-college,10,Divorced,Sales,Not-in-family,White,Male,0,0,50,United-States,0
28,Private,90547,HS-grad,9,Married-civ-spouse,Other-service,Wife,Black,Female,0,0,23,United-States,0
29,Private,211299,Assoc-voc,11,Never-married,Sales,Not-in-family,Black,Male,0,0,45,United-States,0
34,Private,178615,HS-grad,9,Married-civ-spouse,Machine-op-inspct,Husband,White,Male,0,0,40,United-States,0
20,Private,164775,5th-6th,3,Never-married,Handlers-cleaners,Other-relative,White,Male,0,0,40,Guatemala,0
47,Self-emp-not-inc,180446,Some-college,10,Married-civ-spouse,Tech-support,Husband,Black,Male,0,0,40,United-States,1
44,Private,81853,HS-grad,9,Never-married,Sales,Not-in-family,Asian-Pac-Islander,Female,0,0,40,United-States,0
61,Private,163393,HS-grad,9,Married-civ-spouse,Transport-moving,Husband,White,Male,0,0,20,United-States,0
25,Private,632834,HS-grad,9,Never-married,Craft-repair,Own-child,Black,Male,0,0,40,United-States,0
60,Self-emp-not-inc,25825,HS-grad,9,Divorced,Craft-repair,Not-in-family,White,Male,0,0,50,United-States,1
39,Local-gov,239119,Masters,14,Divorced,Prof-specialty,Not-in-family,Black,Male,0,0,40,Dominican-Republic,0
53,Federal-gov,266598,HS-grad,9,Married-civ-spouse,Prof-specialty,Husband,White,Male,0,0,40,United-States,1
33,Self-emp-inc,117963,Assoc-acdm,12,Married-civ-spouse,Exec-managerial,Husband,White,Male,0,1887,60,United-States,1
23,Private,308205,Assoc-acdm,12,Never-married,Other-service,Own-child,White,Male,0,0,20,United-States,0
39,Private,388023,HS-grad,9,Divorced,Exec-managerial,Not-in-family,White,Female,0,0,38,United-States,0
47,Federal-gov,191858,Assoc-acdm,12,Married-civ-spouse,Adm-clerical,Husband,White,Male,0,0,40,United-States,1
38,Self-emp-not-inc,122493,10th,6,Married-civ-spouse,Sales,Husband,White,Male,0,1887,40,United-States,1
33,Private,403552,HS-grad,9,Never-married,Other-service,Not-in-family,Black,Male,0,0,32,United-States,0
30,Private,186346,Bachelors,13,Never-married,Exec-managerial,Not-in-family,White,Female,0,0,50,United-States,0
35,State-gov,237873,HS-grad,9,Never-married,Other-service,Unmarried,Black,Female,0,0,40,United-States,0
29,Private,190562,HS-grad,9,Divorced,Machine-op-inspct,Unmarried,White,Male,0,0,56,United-States,0
27,Private,107218,HS-grad,9,Never-married,Other-service,Own-child,Asian-Pac-Islander,Male,0,0,40,United-States,0
37,Private,187311,Some-college,10,Never-married,Adm-clerical,Not-in-family,White,Female,0,0,60,United-States,0
29,Self-emp-inc,168221,Bachelors,13,Married-civ-spouse,Exec-managerial,Husband,White,Male,0,1740,70,United-States,0
28,Private,199566,Bachelors,13,Married-civ-spouse,Other-service,Husband,Black,Male,0,0,40,United-States,0
30,Private,54608,Assoc-acdm,12,Married-civ-spouse,Prof-specialty,Husband,White,Male,0,0,40,United-States,0
26,Private,284343,Bachelors,13,Never-married,Prof-specialty,Not-in-family,White,Male,0,0,50,United-States,0
47,Self-emp-inc,127678,Some-college,10,Married-civ-spouse,Sales,Husband,White,Male,0,0,80,United-States,0
32,Private,235862,Some-college,10,Divorced,Exec-managerial,Not-in-family,White,Female,0,0,45,United-States,0
29,Private,112754,Some-college,10,Never-married,Craft-repair,Own-child,White,Male,0,0,40,United-States,0
21,Private,240517,Some-college,10,Never-married,Machine-op-inspct,Own-child,White,Female,0,0,70,United-States,0
20,Private,42706,Some-college,10,Never-married,Farming-fishing,Not-in-family,White,Male,0,0,72,United-States,0
31,Private,509364,5th-6th,3,Never-married,Machine-op-inspct,Not-in-family,White,Male,0,0,45,Mexico,0
50,Self-emp-inc,119099,Some-college,10,Married-civ-spouse,Exec-managerial,Husband,White,Male,0,0,99,United-States,1
31,Private,126501,Some-college,10,Married-civ-spouse,Craft-repair,Husband,White,Male,0,0,40,United-States,0
55,Self-emp-not-inc,26683,HS-grad,9,Married-civ-spouse,Farming-fishing,Husband,White,Male,0,0,60,United-States,0
47,Private,379118,HS-grad,9,Divorced,Other-service,Unmarried,Black,Male,0,0,9,United-States,0
41,Private,49156,HS-grad,9,Married-civ-spouse,Craft-repair,Husband,White,Male,0,0,40,United-States,0
30,Private,154950,Some-college,10,Married-civ-spouse,Exec-managerial,Husband,White,Male,15024,0,60,United-States,1
55,Private,199067,HS-grad,9,Married-civ-spouse,Craft-repair,Husband,White,Male,0,0,40,United-States,1
22,Local-gov,44064,11th,7,Never-married,Handlers-cleaners,Own-child,White,Male,0,0,35,United-States,0
25,Private,431307,10th,6,Married-civ-spouse,Protective-serv,Wife,Black,Female,0,0,50,United-States,0
30,Self-emp-inc,178383,Some-college,10,Married-civ-spouse,Craft-repair,Husband,Black,Male,0,0,70,United-States,0
39,Private,101260,HS-grad,9,Never-married,Machine-op-inspct,Own-child,White,Male,0,0,40,United-States,0
45,Local-gov,238386,Some-college,10,Married-civ-spouse,Protective-serv,Husband,White,Male,0,0,40,United-States,1
38,Private,377486,HS-grad,9,Never-married,Craft-repair,Not-in-family,White,Male,0,0,36,United-States,0
50,Private,237729,HS-grad,9,Widowed,Sales,Not-in-family,White,Female,0,2444,72,United-States,1
25,Private,165622,Masters,14,Never-married,Sales,Not-in-family,White,Male,0,0,55,United-States,0
49,Private,133729,Some-college,10,Married-civ-spouse,Other-service,Husband,White,Male,0,0,17,United-States,0
28,Private,115971,Some-college,10,Divorced,Adm-clerical,Unmarried,White,Female,0,0,40,United-States,0
22,Private,267174,HS-grad,9,Never-married,Handlers-cleaners,Own-child,Black,Male,0,0,40,United-States,0
35,Self-emp-not-inc,190387,Bachelors,13,Married-civ-spouse,Farming-fishing,Husband,White,Male,0,0,45,United-States,0
57,Private,176079,Masters,14,Divorced,Prof-specialty,Not-in-family,White,Female,0,0,40,United-States,0
60,Private,113440,Bachelors,13,Divorced,Exec-managerial,Own-child,White,Male,0,0,60,United-States,0
61,Private,232308,10th,6,Married-civ-spouse,Machine-op-inspct,Husband,White,Male,0,0,40,United-States,0
64,State-gov,222966,7th-8th,4,Married-civ-spouse,Other-service,Wife,Black,Female,0,0,40,United-States,0
42,Self-emp-not-inc,170649,Some-college,10,Married-civ-spouse,Farming-fishing,Husband,White,Male,0,0,60,United-States,0
46,Private,213408,Some-college,10,Divorced,Sales,Unmarried,White,Female,0,0,40,Cuba,0
25,Private,192273,Bachelors,13,Married-civ-spouse,Prof-specialty,Husband,White,Male,0,0,40,United-States,0
46,Private,189498,Bachelors,13,Married-civ-spouse,Prof-specialty,Husband,White,Male,0,1848,45,United-States,1
59,Private,151616,Masters,14,Married-civ-spouse,Prof-specialty,Husband,White,Male,0,0,55,United-States,0
36,Self-emp-not-inc,129150,HS-grad,9,Married-civ-spouse,Farming-fishing,Husband,White,Male,0,0,50,United-States,1
53,Private,317313,HS-grad,9,Married-civ-spouse,Transport-moving,Husband,White,Male,0,0,60,United-States,1
24,Private,354351,HS-grad,9,Never-married,Craft-repair,Own-child,White,Male,0,0,40,United-States,0
30,Private,348618,9th,5,Married-civ-spouse,Craft-repair,Husband,Other,Male,0,0,40,Mexico,0
49,Self-emp-not-inc,249585,11th,7,Married-civ-spouse,Exec-managerial,Husband,White,Male,0,0,65,United-States,0
25,Local-gov,124483,Bachelors,13,Never-married,Adm-clerical,Not-in-family,Asian-Pac-Islander,Male,0,0,20,India,0
33,State-gov,31703,Some-college,10,Never-married,Other-service,Own-child,White,Male,0,0,40,United-States,0
27,Private,208725,Bachelors,13,Never-married,Craft-repair,Own-child,White,Male,0,0,40,United-States,0
45,Private,242391,Bachelors,13,Married-civ-spouse,Exec-managerial,Husband,White,Male,0,0,60,United-States,1
53,Private,142411,Assoc-voc,11,Divorced,Prof-specialty,Unmarried,White,Female,0,0,40,United-States,0
50,Private,88926,HS-grad,9,Married-civ-spouse,Adm-clerical,Wife,White,Female,5178,0,40,United-States,1
44,Private,467799,HS-grad,9,Married-civ-spouse,Craft-repair,Husband,White,Male,0,0,40,United-States,0
60,Self-emp-not-inc,261119,HS-grad,9,Divorced,Craft-repair,Unmarried,White,Female,0,0,40,United-States,0
23,Private,149704,HS-grad,9,Never-married,Adm-clerical,Own-child,White,Female,0,0,40,United-States,0
51,Private,205100,Some-college,10,Divorced,Sales,Not-in-family,White,Female,0,0,45,United-States,1
44,Self-emp-not-inc,254303,Some-college,10,Divorced,Other-service,Not-in-family,White,Male,0,0,45,United-States,0
55,Private,342121,Some-college,10,Married-civ-spouse,Tech-support,Husband,White,Male,0,0,40,United-States,0
31,Local-gov,189265,HS-grad,9,Never-married,Adm-clerical,Not-in-family,White,Female,0,0,40,United-States,0
63,Private,118798,HS-grad,9,Married-civ-spouse,Craft-repair,Husband,White,Male,99999,0,40,United-States,1
32,Private,328060,9th,5,Separated,Other-service,Unmarried,Other,Female,0,0,40,Mexico,0
34,Private,211948,HS-grad,9,Divorced,Sales,Not-in-family,White,Female,0,1590,40,United-States,0
22,Private,46561,Assoc-voc,11,Married-civ-spouse,Machine-op-inspct,Husband,White,Male,0,0,40,United-States,0
35,Private,410034,Some-college,10,Divorced,Sales,Not-in-family,White,Male,0,0,50,United-States,0
39,Private,126161,Doctorate,16,Never-married,Prof-specialty,Not-in-family,White,Male,0,0,45,United-States,0
32,Private,190228,HS-grad,9,Never-married,Other-service,Not-in-family,White,Male,0,0,60,United-States,0
50,Self-emp-not-inc,68898,Masters,14,Married-civ-spouse,Sales,Husband,White,Male,7688,0,55,United-States,1
56,Private,193453,Bachelors,13,Married-civ-spouse,Prof-specialty,Husband,White,Male,0,1902,65,United-States,1
19,Private,187570,HS-grad,9,Never-married,Craft-repair,Own-child,White,Male,0,0,20,United-States,0
53,Private,177705,Bachelors,13,Married-civ-spouse,Craft-repair,Husband,White,Male,0,0,44,United-States,1
55,Private,119751,Masters,14,Never-married,Prof-specialty,Other-relative,Asian-Pac-Islander,Female,0,0,40,Thailand,0
62,Private,131117,7th-8th,4,Divorced,Tech-support,Unmarried,White,Female,0,0,38,Columbia,0
33,Private,190772,HS-grad,9,Never-married,Adm-clerical,Not-in-family,White,Female,0,1617,40,United-States,0
23,Private,119838,Bachelors,13,Never-married,Prof-specialty,Own-child,White,Male,0,0,50,United-States,0
29,Private,499197,Some-college,10,Married-civ-spouse,Prof-specialty,Husband,White,Male,0,0,40,United-States,0
48,Private,175221,HS-grad,9,Married-civ-spouse,Machine-op-inspct,Husband,White,Male,0,0,40,United-States,0
39,Private,201410,HS-grad,9,Married-civ-spouse,Handlers-cleaners,Husband,White,Male,0,0,40,United-States,0
58,Private,147989,HS-grad,9,Married-civ-spouse,Transport-moving,Husband,White,Male,0,0,40,United-States,1
40,Private,247245,9th,5,Divorced,Other-service,Not-in-family,White,Female,0,0,40,United-States,0
44,Local-gov,241851,Assoc-voc,11,Married-civ-spouse,Transport-moving,Husband,White,Male,4386,0,40,United-States,1
46,Private,165138,Assoc-voc,11,Married-civ-spouse,Craft-repair,Husband,White,Male,0,0,40,United-States,0
41,Private,175674,Bachelors,13,Married-civ-spouse,Tech-support,Husband,White,Male,0,0,40,United-States,1
53,Private,196763,Assoc-acdm,12,Never-married,Exec-managerial,Not-in-family,White,Female,0,0,60,United-States,0
33,Private,35378,Bachelors,13,Married-civ-spouse,Sales,Wife,White,Female,0,0,45,United-States,1
64,Private,342494,HS-grad,9,Married-civ-spouse,Machine-op-inspct,Husband,White,Male,0,0,40,United-States,0
33,Private,598802,Some-college,10,Divorced,Adm-clerical,Unmarried,Black,Female,0,0,40,United-States,0
32,Self-emp-not-inc,197867,Assoc-voc,11,Divorced,Sales,Unmarried,White,Male,0,0,50,United-States,0
25,Private,201413,Some-college,10,Never-married,Other-service,Unmarried,Black,Female,0,0,40,United-States,0
43,Local-gov,598995,Bachelors,13,Divorced,Prof-specialty,Unmarried,Black,Female,0,0,42,United-States,0
51,Private,137253,HS-grad,9,Divorced,Prof-specialty,Unmarried,White,Female,0,0,40,United-States,1
33,State-gov,400943,Masters,14,Married-civ-spouse,Prof-specialty,Husband,White,Male,0,0,50,United-States,1
26,Private,193945,Assoc-acdm,12,Never-married,Tech-support,Not-in-family,White,Male,0,0,45,United-States,0
54,Private,308087,Some-college,10,Married-civ-spouse,Tech-support,Husband,White,Male,0,1977,18,United-States,1
24,Private,72119,Bachelors,13,Never-married,Adm-clerical,Own-child,White,Male,2202,0,30,United-States,0
42,State-gov,24264,Some-college,10,Divorced,Transport-moving,Unmarried,White,Male,0,0,38,United-States,0
29,Self-emp-not-inc,160786,HS-grad,9,Married-civ-spouse,Exec-managerial,Husband,White,Male,0,0,55,United-States,0
25,Private,297531,Bachelors,13,Never-married,Sales,Own-child,White,Female,0,0,40,United-States,0
27,Private,186454,Bachelors,13,Never-married,Prof-specialty,Not-in-family,Asian-Pac-Islander,Male,13550,0,40,United-States,1
17,Private,95446,10th,6,Never-married,Other-service,Own-child,White,Male,0,0,15,United-States,0
26,Private,137678,HS-grad,9,Never-married,Other-service,Not-in-family,White,Male,0,0,40,United-States,0
24,Private,204172,Bachelors,13,Never-married,Sales,Other-relative,White,Female,0,0,40,United-States,0
52,Private,229983,Prof-school,15,Married-civ-spouse,Prof-specialty,Wife,White,Female,3103,0,30,United-States,1
60,Self-emp-not-inc,44915,Masters,14,Divorced,Prof-specialty,Unmarried,White,Female,0,0,10,United-States,0
60,State-gov,190682,Assoc-voc,11,Widowed,Other-service,Not-in-family,Black,Female,0,0,37,United-States,0
50,Private,138358,10th,6,Separated,Adm-clerical,Not-in-family,Black,Female,0,0,47,Jamaica,0
24,Private,186452,HS-grad,9,Never-married,Exec-managerial,Not-in-family,White,Male,0,0,50,United-States,0
41,Local-gov,190368,Bachelors,13,Never-married,Prof-specialty,Not-in-family,White,Female,0,0,70,United-States,0
21,Private,226181,Bachelors,13,Never-married,Handlers-cleaners,Not-in-family,White,Male,0,0,40,United-States,0
47,Self-emp-not-inc,249585,Some-college,10,Married-civ-spouse,Craft-repair,Husband,White,Male,0,0,30,United-States,0
23,Private,203240,Some-college,10,Never-married,Other-service,Not-in-family,White,Female,0,0,40,United-States,0
39,Local-gov,98587,Some-college,10,Divorced,Prof-specialty,Own-child,White,Female,0,0,45,United-States,0
39,Private,314007,10th,6,Married-civ-spouse,Craft-repair,Husband,White,Male,0,2051,40,United-States,0
27,Private,176683,HS-grad,9,Never-married,Transport-moving,Own-child,White,Male,0,0,40,United-States,0
42,Private,76487,HS-grad,9,Married-civ-spouse,Adm-clerical,Husband,White,Male,0,0,45,United-States,0
41,Self-emp-inc,34987,Some-college,10,Married-civ-spouse,Farming-fishing,Husband,White,Male,0,0,54,United-States,1
23,Federal-gov,55465,Some-college,10,Never-married,Handlers-cleaners,Not-in-family,White,Male,0,0,40,United-States,0
51,Self-emp-inc,98642,HS-grad,9,Divorced,Exec-managerial,Not-in-family,White,Male,14084,0,40,United-States,1
35,Private,182467,Assoc-voc,11,Married-civ-spouse,Craft-repair,Wife,White,Female,0,0,44,United-States,0
50,Private,44368,Some-college,10,Married-civ-spouse,Exec-managerial,Husband,White,Male,0,0,40,United-States,0
46,Private,33842,Some-college,10,Married-civ-spouse,Transport-moving,Husband,White,Male,3103,0,40,United-States,1
44,Private,151089,Bachelors,13,Married-civ-spouse,Prof-specialty,Husband,White,Male,0,1902,50,United-States,1
30,Private,191571,HS-grad,9,Separated,Other-service,Own-child,White,Female,0,0,36,United-States,0
30,Private,208043,Bachelors,13,Married-civ-spouse,Sales,Husband,White,Male,0,0,55,United-States,1
60,Private,201965,Some-college,10,Never-married,Prof-specialty,Unmarried,White,Male,0,0,40,United-States,1
57,Private,173580,Some-college,10,Widowed,Machine-op-inspct,Unmarried,White,Female,0,0,40,United-States,0
26,Private,322614,Preschool,1,Married-spouse-absent,Machine-op-inspct,Not-in-family,White,Male,0,1719,40,Mexico,0
27,Private,36851,Bachelors,13,Never-married,Machine-op-inspct,Not-in-family,White,Male,0,0,41,United-States,0
34,Self-emp-not-inc,192259,Prof-school,15,Married-civ-spouse,Prof-specialty,Husband,White,Male,0,0,35,United-States,1
34,Private,245378,Bachelors,13,Married-civ-spouse,Exec-managerial,Husband,White,Male,0,0,45,United-States,0
57,Self-emp-not-inc,103948,Prof-school,15,Married-civ-spouse,Prof-specialty,Husband,White,Male,0,0,30,United-States,1
35,Private,117166,Bachelors,13,Never-married,Exec-managerial,Not-in-family,White,Male,0,0,50,United-States,0
65,Self-emp-inc,178771,HS-grad,9,Married-civ-spouse,Exec-managerial,Husband,White,Male,0,0,40,United-States,0
51,Private,22211,Masters,14,Married-civ-spouse,Prof-specialty,Husband,White,Male,0,1902,60,United-States,1
44,Private,261899,Some-college,10,Married-civ-spouse,Machine-op-inspct,Husband,White,Male,0,0,44,United-States,0
35,Self-emp-not-inc,32528,HS-grad,9,Married-civ-spouse,Transport-moving,Husband,White,Male,0,0,50,United-States,0
38,Private,110607,HS-grad,9,Divorced,Other-service,Not-in-family,White,Male,0,0,32,United-States,0
50,Private,269095,HS-grad,9,Divorced,Adm-clerical,Not-in-family,White,Female,0,0,40,United-States,0
25,Private,231638,Some-college,10,Never-married,Tech-support,Unmarried,White,Female,0,0,24,United-States,0
45,Self-emp-not-inc,192203,Some-college,10,Married-civ-spouse,Craft-repair,Husband,White,Male,0,1485,40,United-States,1
58,Self-emp-not-inc,211547,12th,8,Divorced,Sales,Not-in-family,White,Female,0,0,52,United-States,0
28,Private,214702,Bachelors,13,Married-civ-spouse,Exec-managerial,Husband,White,Male,0,0,60,United-States,0
54,Private,140359,7th-8th,4,Divorced,Machine-op-inspct,Unmarried,White,Female,0,3900,40,United-States,0
43,Private,271807,Some-college,10,Divorced,Craft-repair,Not-in-family,White,Male,0,0,40,United-States,0
61,Self-emp-not-inc,196773,7th-8th,4,Married-civ-spouse,Sales,Husband,White,Male,0,0,30,United-States,1
29,Local-gov,195520,Masters,14,Married-civ-spouse,Prof-specialty,Husband,White,Male,0,0,40,United-States,0
19,Private,264593,Some-college,10,Never-married,Sales,Other-relative,White,Male,0,0,40,United-States,0
24,Private,194604,Bachelors,13,Never-married,Sales,Own-child,White,Female,0,0,15,United-States,0
41,State-gov,288433,Masters,14,Never-married,Adm-clerical,Not-in-family,Black,Female,0,0,40,United-States,0
31,Private,191276,Assoc-voc,11,Divorced,Handlers-cleaners,Unmarried,White,Female,0,0,40,United-States,0
22,Private,246965,Some-college,10,Never-married,Prof-specialty,Not-in-family,White,Male,0,0,12,United-States,0
21,Private,184135,HS-grad,9,Never-married,Machine-op-inspct,Own-child,Black,Male,0,0,1,United-States,0
36,Private,136343,Bachelors,13,Married-civ-spouse,Prof-specialty,Husband,White,Male,0,0,40,United-States,1
24,Private,187937,Bachelors,13,Never-married,Prof-specialty,Unmarried,White,Female,0,0,40,United-States,0
25,Private,276310,9th,5,Married-civ-spouse,Machine-op-inspct,Husband,White,Male,0,0,40,Mexico,0
53,Self-emp-inc,155983,Masters,14,Married-civ-spouse,Sales,Husband,White,Male,0,0,65,United-States,1
24,Private,206861,Bachelors,13,Never-married,Adm-clerical,Own-child,White,Male,0,0,40,United-States,0
56,Private,285730,Masters,14,Never-married,Prof-specialty,Not-in-family,White,Male,0,0,66,United-States,0
38,Self-emp-not-inc,344480,HS-grad,9,Married-civ-spouse,Craft-repair,Husband,White,Male,4064,0,40,United-States,0
46,Federal-gov,162187,Bachelors,13,Married-civ-spouse,Prof-specialty,Husband,White,Male,0,0,40,United-States,1
58,Private,191069,HS-grad,9,Married-civ-spouse,Sales,Husband,White,Male,0,0,40,United-States,1
23,Private,201680,12th,8,Married-civ-spouse,Craft-repair,Husband,White,Male,0,0,40,United-States,0
21,Private,194096,Some-college,10,Never-married,Other-service,Own-child,White,Female,0,0,40,United-States,0
29,Federal-gov,182344,HS-grad,9,Married-spouse-absent,Other-service,Unmarried,Black,Male,0,0,40,United-States,0
49,Private,136455,Bachelors,13,Never-married,Prof-specialty,Not-in-family,White,Female,0,0,45,United-States,0
31,Private,218322,Some-college,10,Never-married,Other-service,Not-in-family,White,Male,0,0,30,United-States,0
39,Self-emp-not-inc,195253,Prof-school,15,Married-civ-spouse,Prof-specialty,Husband,White,Male,0,0,45,United-States,1
49,Private,190319,Bachelors,13,Married-spouse-absent,Adm-clerical,Not-in-family,Amer-Indian-Eskimo,Male,0,0,40,Philippines,0
33,Local-gov,33727,Masters,14,Married-civ-spouse,Prof-specialty,Wife,White,Female,0,0,40,United-States,0
37,Self-emp-not-inc,164526,Doctorate,16,Never-married,Prof-specialty,Not-in-family,White,Male,14084,0,45,United-States,1
28,Self-emp-not-inc,54683,Some-college,10,Never-married,Craft-repair,Not-in-family,White,Male,0,1590,40,United-States,0
29,Private,246933,HS-grad,9,Never-married,Adm-clerical,Other-relative,White,Male,0,0,40,Mexico,0
41,Local-gov,201435,HS-grad,9,Married-civ-spouse,Transport-moving,Husband,Black,Male,0,0,40,United-States,0
54,Local-gov,219276,Bachelors,13,Married-civ-spouse,Exec-managerial,Husband,Asian-Pac-Islander,Male,0,0,40,Philippines,1
49,Private,137192,Bachelors,13,Married-civ-spouse,Sales,Husband,Asian-Pac-Islander,Male,0,1977,50,South,1
50,Private,338283,Some-college,10,Married-civ-spouse,Craft-repair,Husband,White,Male,0,0,40,United-States,1
39,Private,106183,HS-grad,9,Divorced,Other-service,Unmarried,Amer-Indian-Eskimo,Female,6849,0,40,United-States,0
59,Private,152968,Some-college,10,Separated,Adm-clerical,Other-relative,White,Male,3325,0,40,United-States,0
39,Private,52645,Some-college,10,Divorced,Sales,Unmarried,White,Female,0,0,40,United-States,0
57,Private,298507,Bachelors,13,Married-civ-spouse,Prof-specialty,Husband,White,Male,3103,0,40,United-States,1
50,Private,156877,11th,7,Married-civ-spouse,Transport-moving,Husband,White,Male,0,0,70,United-States,1
56,Local-gov,435836,Masters,14,Divorced,Prof-specialty,Not-in-family,White,Female,0,0,40,United-States,0
64,Private,183513,HS-grad,9,Never-married,Adm-clerical,Not-in-family,White,Female,0,0,25,United-States,0
46,Private,205100,Assoc-voc,11,Married-civ-spouse,Exec-managerial,Husband,White,Male,0,0,48,United-States,1
45,Private,317360,Bachelors,13,Divorced,Prof-specialty,Unmarried,White,Female,0,0,50,United-States,0
55,Private,234327,Some-college,10,Married-civ-spouse,Craft-repair,Husband,White,Male,0,0,40,United-States,0
62,Private,270092,Masters,14,Married-civ-spouse,Prof-specialty,Husband,White,Male,0,0,40,United-States,1
54,Private,135803,Bachelors,13,Married-civ-spouse,Exec-managerial,Husband,Asian-Pac-Islander,Male,15024,0,60,South,1
26,Private,291968,Bachelors,13,Never-married,Prof-specialty,Not-in-family,White,Male,0,0,40,United-States,0
57,Private,29375,HS-grad,9,Separated,Sales,Not-in-family,Amer-Indian-Eskimo,Female,0,0,35,United-States,0
32,Self-emp-not-inc,27939,Some-college,10,Married-civ-spouse,Sales,Husband,Amer-Indian-Eskimo,Male,0,0,60,United-States,0
32,Private,47932,HS-grad,9,Married-civ-spouse,Handlers-cleaners,Husband,White,Male,0,0,40,United-States,0
41,Private,289669,HS-grad,9,Widowed,Machine-op-inspct,Not-in-family,White,Female,0,0,40,United-States,0
36,Private,150042,HS-grad,9,Never-married,Adm-clerical,Own-child,White,Female,0,0,40,United-States,0
61,Private,175999,HS-grad,9,Married-civ-spouse,Machine-op-inspct,Husband,White,Male,0,0,40,United-States,0
18,Private,193741,11th,7,Never-married,Other-service,Other-relative,Black,Male,0,0,30,United-States,0
38,Private,185203,HS-grad,9,Widowed,Other-service,Unmarried,White,Female,0,0,20,United-States,0
38,Private,28887,11th,7,Married-civ-spouse,Sales,Husband,White,Male,0,0,50,United-States,0
55,State-gov,136819,HS-grad,9,Married-civ-spouse,Protective-serv,Husband,White,Male,0,0,40,United-States,0
20,Private,155818,HS-grad,9,Never-married,Other-service,Own-child,White,Female,0,0,20,United-States,0
31,Private,118901,Bachelors,13,Divorced,Adm-clerical,Unmarried,White,Female,0,0,45,United-States,0
54,Private,161691,Masters,14,Divorced,Prof-specialty,Not-in-family,White,Female,0,2559,40,United-States,1
40,Local-gov,101795,HS-grad,9,Never-married,Protective-serv,Not-in-family,White,Male,0,0,42,United-States,0
25,Private,236977,HS-grad,9,Separated,Craft-repair,Own-child,White,Male,0,0,40,Mexico,0
31,Self-emp-not-inc,36592,HS-grad,9,Married-civ-spouse,Farming-fishing,Husband,White,Male,0,0,91,United-States,0
20,Private,116830,HS-grad,9,Never-married,Machine-op-inspct,Not-in-family,White,Male,0,0,40,United-States,0
35,Private,140915,Bachelors,13,Never-married,Sales,Own-child,Asian-Pac-Islander,Male,0,1590,40,South,0
53,State-gov,77651,HS-grad,9,Married-civ-spouse,Craft-repair,Husband,White,Male,0,0,40,United-States,0
46,Private,134727,11th,7,Divorced,Machine-op-inspct,Unmarried,Amer-Indian-Eskimo,Male,0,0,43,Germany,0
50,Federal-gov,96657,Bachelors,13,Divorced,Prof-specialty,Unmarried,Black,Female,0,0,40,United-States,0
26,Private,78172,Some-college,10,Married-AF-spouse,Protective-serv,Husband,White,Male,0,0,40,United-States,0
30,Local-gov,159773,Bachelors,13,Married-civ-spouse,Protective-serv,Husband,White,Male,0,0,45,United-States,1
67,Self-emp-not-inc,179285,Bachelors,13,Married-civ-spouse,Sales,Husband,White,Male,0,0,30,United-States,0
71,Private,182395,Bachelors,13,Never-married,Craft-repair,Not-in-family,White,Male,11678,0,45,United-States,1
50,Private,297906,Some-college,10,Married-civ-spouse,Sales,Husband,Asian-Pac-Islander,Male,0,0,50,United-States,1
21,Local-gov,38771,Some-college,10,Never-married,Adm-clerical,Own-child,White,Male,0,0,40,United-States,0
46,Local-gov,222115,Bachelors,13,Divorced,Adm-clerical,Not-in-family,White,Female,99999,0,40,United-States,1
24,Private,283092,11th,7,Never-married,Craft-repair,Not-in-family,Black,Male,0,0,35,Jamaica,0
31,Private,102270,7th-8th,4,Divorced,Machine-op-inspct,Unmarried,White,Female,0,0,40,United-States,0
24,Private,237928,Bachelors,13,Never-married,Prof-specialty,Not-in-family,White,Male,0,0,39,United-States,0
30,Private,247444,Some-college,10,Married-civ-spouse,Machine-op-inspct,Husband,White,Male,0,0,40,Nicaragua,0
61,Private,147393,Prof-school,15,Married-civ-spouse,Exec-managerial,Husband,White,Male,0,0,20,United-States,0
26,Self-emp-not-inc,117125,9th,5,Married-civ-spouse,Craft-repair,Husband,White,Male,0,0,40,Portugal,0
32,Private,113688,Assoc-voc,11,Divorced,Exec-managerial,Not-in-family,White,Female,0,0,50,United-States,0
43,Self-emp-not-inc,38876,HS-grad,9,Married-civ-spouse,Farming-fishing,Husband,White,Male,0,0,50,United-States,0
36,Private,184112,Prof-school,15,Married-civ-spouse,Prof-specialty,Wife,White,Female,15024,0,45,United-States,1
62,Private,211035,Bachelors,13,Married-civ-spouse,Adm-clerical,Wife,White,Female,0,0,30,United-States,1
40,Private,214010,Bachelors,13,Never-married,Other-service,Not-in-family,White,Male,0,0,37,United-States,0
53,Private,22978,Masters,14,Married-civ-spouse,Exec-managerial,Wife,White,Female,0,0,50,United-States,1
58,Private,137506,HS-grad,9,Married-civ-spouse,Machine-op-inspct,Husband,White,Male,0,0,40,United-States,0
39,Private,192702,Masters,14,Never-married,Craft-repair,Not-in-family,White,Female,0,0,50,United-States,0
73,Private,92298,11th,7,Married-civ-spouse,Machine-op-inspct,Husband,White,Male,0,0,15,United-States,0
47,Private,112791,HS-grad,9,Married-civ-spouse,Protective-serv,Husband,White,Male,0,0,40,United-States,0
26,Private,214637,HS-grad,9,Divorced,Other-service,Unmarried,White,Female,0,0,35,United-States,0
63,Private,68872,HS-grad,9,Married-civ-spouse,Transport-moving,Wife,Asian-Pac-Islander,Female,0,0,20,United-States,0
32,Local-gov,286101,HS-grad,9,Never-married,Transport-moving,Unmarried,Black,Female,0,0,37,United-States,0
54,Self-emp-not-inc,71344,Masters,14,Divorced,Prof-specialty,Not-in-family,White,Male,0,0,50,United-States,1
21,Private,228395,Some-college,10,Never-married,Sales,Other-relative,Black,Female,0,0,20,United-States,0
37,Private,186934,11th,7,Married-civ-spouse,Machine-op-inspct,Husband,White,Male,3103,0,44,United-States,1
33,State-gov,121245,Bachelors,13,Married-civ-spouse,Prof-specialty,Husband,White,Male,0,0,60,United-States,1
49,Private,149949,HS-grad,9,Divorced,Craft-repair,Not-in-family,White,Male,0,1876,40,United-States,0
52,Private,203392,Some-college,10,Married-civ-spouse,Craft-repair,Husband,White,Male,5013,0,40,United-States,0
38,Private,33887,HS-grad,9,Never-married,Machine-op-inspct,Other-relative,White,Male,0,0,40,United-States,0
34,Private,345360,Bachelors,13,Married-civ-spouse,Tech-support,Husband,White,Male,0,0,40,England,0
51,Local-gov,96190,Some-college,10,Married-civ-spouse,Adm-clerical,Wife,White,Female,0,0,40,United-States,0
32,Private,303942,HS-grad,9,Married-civ-spouse,Machine-op-inspct,Husband,White,Male,0,0,40,United-States,0
37,Private,167482,10th,6,Never-married,Craft-repair,Own-child,White,Male,0,0,35,United-States,0
39,Private,200153,Bachelors,13,Divorced,Adm-clerical,Not-in-family,White,Male,0,0,40,United-States,0
47,Federal-gov,211123,HS-grad,9,Married-civ-spouse,Craft-repair,Husband,White,Male,0,0,40,United-States,0
22,Federal-gov,218445,Some-college,10,Never-married,Exec-managerial,Not-in-family,White,Female,0,0,40,United-States,0
61,Private,228287,HS-grad,9,Married-civ-spouse,Craft-repair,Husband,White,Male,0,0,50,United-States,0
25,Private,101684,10th,6,Married-civ-spouse,Transport-moving,Husband,White,Male,0,0,40,United-States,0
30,Self-emp-not-inc,31510,Assoc-acdm,12,Divorced,Craft-repair,Not-in-family,White,Male,0,0,50,United-States,0
60,Local-gov,232769,11th,7,Married-civ-spouse,Transport-moving,Husband,White,Male,0,0,20,United-States,0
23,Private,163090,Assoc-acdm,12,Never-married,Sales,Own-child,White,Male,0,0,20,United-States,0
75,Self-emp-inc,98116,Some-college,10,Widowed,Sales,Not-in-family,White,Male,0,0,40,United-States,1
54,Private,197189,Bachelors,13,Married-civ-spouse,Transport-moving,Husband,White,Male,0,0,40,United-States,0
55,Private,100054,10th,6,Never-married,Other-service,Not-in-family,White,Male,0,0,40,United-States,0
33,Self-emp-inc,132601,HS-grad,9,Married-civ-spouse,Craft-repair,Husband,White,Male,0,0,40,United-States,1
31,Private,197023,Assoc-voc,11,Married-civ-spouse,Machine-op-inspct,Husband,Amer-Indian-Eskimo,Male,0,0,40,United-States,0
30,Private,432565,Assoc-voc,11,Married-civ-spouse,Tech-support,Other-relative,White,Female,0,0,40,Canada,1
62,Self-emp-not-inc,192236,Bachelors,13,Divorced,Prof-specialty,Not-in-family,White,Female,0,0,40,United-States,1
25,Private,306666,Some-college,10,Married-civ-spouse,Sales,Husband,Black,Male,0,0,45,United-States,0
49,Local-gov,226871,HS-grad,9,Married-civ-spouse,Machine-op-inspct,Husband,Black,Male,0,0,40,United-States,1
34,Private,167497,Some-college,10,Married-civ-spouse,Exec-managerial,Wife,White,Female,7688,0,50,United-States,1
28,Private,230743,Assoc-acdm,12,Divorced,Adm-clerical,Not-in-family,White,Female,0,0,40,United-States,0
25,Private,50103,HS-grad,9,Never-married,Sales,Unmarried,White,Female,0,0,40,United-States,0
22,Private,251196,Some-college,10,Never-married,Protective-serv,Own-child,Black,Female,0,0,20,United-States,0
19,Private,128346,HS-grad,9,Never-married,Machine-op-inspct,Own-child,White,Female,0,0,40,United-States,0
41,State-gov,108945,HS-grad,9,Never-married,Transport-moving,Not-in-family,White,Female,14344,0,40,United-States,1
59,Federal-gov,293971,Some-college,10,Married-civ-spouse,Tech-support,Husband,White,Male,0,0,40,United-States,1
54,Private,185407,Some-college,10,Married-civ-spouse,Farming-fishing,Husband,White,Male,0,0,40,United-States,0
34,Private,182218,Assoc-voc,11,Divorced,Prof-specialty,Unmarried,White,Female,0,0,40,United-States,0
33,Private,213308,Assoc-voc,11,Separated,Adm-clerical,Own-child,Black,Female,0,0,50,United-States,0
30,Local-gov,233993,Bachelors,13,Never-married,Prof-specialty,Own-child,White,Female,0,0,15,United-States,0
21,Private,102766,Some-college,10,Divorced,Craft-repair,Own-child,White,Male,0,0,40,United-States,0
62,Self-emp-inc,134768,Masters,14,Married-civ-spouse,Sales,Husband,White,Male,0,0,35,United-States,0
21,Private,205844,Some-college,10,Never-married,Sales,Own-child,Black,Female,0,0,25,United-States,0
39,Private,106961,HS-grad,9,Married-civ-spouse,Sales,Husband,White,Male,0,0,40,United-States,1
50,Private,71898,5th-6th,3,Married-civ-spouse,Machine-op-inspct,Wife,Asian-Pac-Islander,Female,0,0,35,Philippines,0
35,Private,454843,Some-college,10,Married-civ-spouse,Craft-repair,Husband,White,Male,0,0,40,United-States,1
25,Private,179462,7th-8th,4,Never-married,Handlers-cleaners,Unmarried,White,Male,0,0,40,United-States,0
37,Private,125550,HS-grad,9,Divorced,Sales,Not-in-family,White,Female,0,0,60,United-States,0
53,Self-emp-inc,135643,Bachelors,13,Married-civ-spouse,Adm-clerical,Wife,Asian-Pac-Islander,Female,0,0,50,South,0
35,Self-emp-not-inc,97277,Prof-school,15,Married-civ-spouse,Prof-specialty,Husband,White,Male,0,0,65,United-States,1
53,Private,154785,HS-grad,9,Married-civ-spouse,Craft-repair,Husband,White,Male,0,0,50,United-States,1
30,Private,377017,Some-college,10,Married-civ-spouse,Handlers-cleaners,Husband,White,Male,0,0,32,United-States,0
54,Private,123011,Some-college,10,Married-civ-spouse,Sales,Husband,White,Male,0,0,45,United-States,1
52,Private,68982,Bachelors,13,Married-civ-spouse,Exec-managerial,Husband,White,Male,0,0,50,United-States,1
46,Private,116666,HS-grad,9,Divorced,Exec-managerial,Not-in-family,White,Female,0,0,40,United-States,0
41,State-gov,75409,Bachelors,13,Married-civ-spouse,Prof-specialty,Wife,White,Female,0,0,40,United-States,1
67,Local-gov,258973,HS-grad,9,Divorced,Other-service,Not-in-family,White,Female,0,0,24,United-States,0
28,Local-gov,283227,Some-college,10,Married-civ-spouse,Exec-managerial,Husband,White,Male,0,0,65,United-States,0
47,Self-emp-inc,168191,Some-college,10,Married-civ-spouse,Craft-repair,Husband,White,Male,0,0,40,United-States,0
42,Private,334522,HS-grad,9,Married-civ-spouse,Handlers-cleaners,Husband,Black,Male,0,0,40,United-States,0
56,Local-gov,391926,HS-grad,9,Married-civ-spouse,Exec-managerial,Husband,White,Male,0,0,40,United-States,0
45,Local-gov,160187,HS-grad,9,Married-spouse-absent,Adm-clerical,Unmarried,Black,Female,0,0,40,United-States,0
26,Private,132572,Bachelors,13,Never-married,Adm-clerical,Own-child,Black,Female,0,0,40,United-States,0
47,Private,76034,Some-college,10,Married-civ-spouse,Other-service,Husband,White,Male,0,0,57,United-States,1
59,Local-gov,114401,HS-grad,9,Widowed,Other-service,Not-in-family,White,Female,0,1504,19,United-States,0
43,Private,484861,Some-college,10,Married-civ-spouse,Craft-repair,Husband,White,Male,4064,0,38,United-States,0
37,Private,278924,HS-grad,9,Divorced,Sales,Not-in-family,White,Male,0,0,40,United-States,0
50,Private,145333,Doctorate,16,Divorced,Prof-specialty,Other-relative,White,Male,10520,0,50,United-States,1
41,Private,252986,Some-college,10,Married-civ-spouse,Craft-repair,Husband,White,Male,0,0,48,United-States,1
34,Private,137900,HS-grad,9,Never-married,Sales,Not-in-family,White,Female,0,0,35,United-States,0
64,Local-gov,198728,Some-college,10,Never-married,Transport-moving,Unmarried,White,Male,0,0,40,United-States,0
25,Private,427744,10th,6,Married-civ-spouse,Exec-managerial,Husband,White,Male,0,0,40,United-States,0
27,Private,339956,HS-grad,9,Married-civ-spouse,Transport-moving,Husband,Black,Male,0,0,60,United-States,0
39,Private,183892,HS-grad,9,Married-civ-spouse,Machine-op-inspct,Husband,White,Male,0,0,40,United-States,0
37,Private,183345,Assoc-voc,11,Never-married,Craft-repair,Not-in-family,White,Male,0,0,45,United-States,0
24,Private,306779,Assoc-voc,11,Never-married,Exec-managerial,Own-child,White,Male,0,0,35,United-States,0
39,Self-emp-not-inc,190023,Bachelors,13,Married-civ-spouse,Sales,Husband,White,Male,0,0,60,United-States,0
37,Self-emp-inc,30529,Bachelors,13,Married-civ-spouse,Sales,Husband,White,Male,0,2415,50,United-States,1
55,Private,190514,7th-8th,4,Married-civ-spouse,Adm-clerical,Husband,White,Male,0,0,75,United-States,0
20,Private,105479,Some-college,10,Never-married,Sales,Not-in-family,White,Female,0,0,25,United-States,0
71,Self-emp-not-inc,78786,7th-8th,4,Married-civ-spouse,Farming-fishing,Husband,White,Male,0,0,10,United-States,0
43,Private,306440,Prof-school,15,Never-married,Prof-specialty,Not-in-family,White,Male,0,0,66,France,0
45,Private,162915,Some-college,10,Divorced,Transport-moving,Not-in-family,White,Male,0,0,50,United-States,0
33,Private,198727,HS-grad,9,Divorced,Tech-support,Not-in-family,White,Female,0,0,40,United-States,0
29,Self-emp-not-inc,116207,HS-grad,9,Married-civ-spouse,Prof-specialty,Husband,White,Male,0,0,65,United-States,1
55,Private,23789,HS-grad,9,Divorced,Exec-managerial,Not-in-family,White,Female,0,0,40,United-States,0
48,Private,73434,HS-grad,9,Married-civ-spouse,Adm-clerical,Wife,White,Female,0,0,40,Germany,1
34,Local-gov,51543,Some-college,10,Never-married,Other-service,Not-in-family,White,Male,0,0,48,United-States,0
42,Private,165599,HS-grad,9,Married-civ-spouse,Handlers-cleaners,Husband,White,Male,0,0,40,United-States,1
45,Private,43479,Some-college,10,Married-civ-spouse,Transport-moving,Husband,White,Male,0,0,48,United-States,0
39,Private,175972,Some-college,10,Married-civ-spouse,Other-service,Wife,White,Female,0,0,15,United-States,0
58,Private,298601,9th,5,Married-civ-spouse,Machine-op-inspct,Husband,Black,Male,3781,0,40,United-States,0
55,Private,205422,10th,6,Married-civ-spouse,Other-service,Wife,Black,Female,0,0,40,United-States,0
36,Private,321760,Bachelors,13,Never-married,Adm-clerical,Not-in-family,White,Female,0,0,17,United-States,0
58,Private,98725,Doctorate,16,Married-civ-spouse,Prof-specialty,Husband,White,Male,0,0,50,United-States,1
25,Private,469697,Some-college,10,Married-civ-spouse,Craft-repair,Own-child,White,Male,0,0,40,United-States,0
43,Private,37402,Masters,14,Never-married,Exec-managerial,Not-in-family,White,Female,0,0,25,United-States,0
29,Private,161444,HS-grad,9,Married-civ-spouse,Exec-managerial,Husband,White,Male,0,0,40,Columbia,0
28,Private,50814,HS-grad,9,Never-married,Adm-clerical,Not-in-family,White,Female,0,0,40,United-States,0
37,Private,126675,HS-grad,9,Never-married,Craft-repair,Not-in-family,White,Male,0,0,40,United-States,0
61,Local-gov,115023,HS-grad,9,Married-civ-spouse,Other-service,Husband,White,Male,0,0,40,United-States,0
39,State-gov,119421,HS-grad,9,Separated,Adm-clerical,Unmarried,White,Female,0,625,35,United-States,0
47,Private,183522,Some-college,10,Married-civ-spouse,Exec-managerial,Wife,Black,Female,0,0,40,United-States,1
56,Local-gov,216824,Prof-school,15,Married-civ-spouse,Adm-clerical,Husband,Asian-Pac-Islander,Male,0,0,40,Philippines,1
22,Private,43535,Some-college,10,Married-civ-spouse,Exec-managerial,Wife,White,Female,0,0,40,United-States,0
41,Local-gov,396467,Assoc-acdm,12,Married-civ-spouse,Exec-managerial,Husband,Black,Male,0,0,50,United-States,1
49,Local-gov,177114,Masters,14,Divorced,Prof-specialty,Not-in-family,White,Female,0,0,60,United-States,0
43,Self-emp-not-inc,227298,Bachelors,13,Never-married,Sales,Not-in-family,White,Male,0,0,45,United-States,0
24,Private,183594,Assoc-voc,11,Never-married,Craft-repair,Own-child,White,Male,0,0,20,United-States,0
32,Private,316589,Bachelors,13,Married-civ-spouse,Exec-managerial,Husband,White,Male,0,0,40,United-States,1
40,Private,212847,Some-college,10,Married-civ-spouse,Machine-op-inspct,Husband,White,Male,0,2179,40,United-States,0
28,Private,328923,HS-grad,9,Never-married,Adm-clerical,Other-relative,White,Female,0,0,38,United-States,0
21,Private,212661,10th,6,Never-married,Adm-clerical,Not-in-family,White,Female,0,0,39,United-States,0
58,Private,164857,Bachelors,13,Never-married,Prof-specialty,Not-in-family,White,Male,0,0,99,United-States,0
18,Private,60981,Some-college,10,Never-married,Sales,Own-child,White,Female,2176,0,35,United-States,0
39,Private,29814,HS-grad,9,Married-civ-spouse,Craft-repair,Husband,White,Male,0,0,40,United-States,0
31,Private,331065,Bachelors,13,Never-married,Exec-managerial,Not-in-family,White,Female,0,1408,40,United-States,0
31,Private,188246,Assoc-acdm,12,Divorced,Craft-repair,Not-in-family,White,Male,0,0,50,United-States,1
35,Private,30565,HS-grad,9,Married-AF-spouse,Other-service,Wife,White,Female,0,0,40,United-States,1
56,Private,134195,Masters,14,Never-married,Sales,Not-in-family,White,Male,0,0,50,United-States,0
68,Private,168794,Preschool,1,Never-married,Machine-op-inspct,Not-in-family,White,Male,0,0,10,United-States,0
44,Private,85440,HS-grad,9,Married-civ-spouse,Adm-clerical,Husband,White,Male,0,0,45,United-States,0
47,Private,97883,Bachelors,13,Widowed,Priv-house-serv,Unmarried,White,Female,25236,0,35,United-States,1
31,Private,269654,Bachelors,13,Never-married,Sales,Not-in-family,White,Male,0,0,48,United-States,0
53,Self-emp-inc,55139,Masters,14,Married-civ-spouse,Exec-managerial,Husband,White,Male,0,0,40,United-States,1
53,Local-gov,321770,HS-grad,9,Married-spouse-absent,Transport-moving,Other-relative,White,Female,0,0,35,United-States,0
40,Private,289748,Bachelors,13,Never-married,Exec-managerial,Not-in-family,White,Female,4650,0,48,United-States,0
58,Local-gov,160586,HS-grad,9,Married-civ-spouse,Farming-fishing,Husband,White,Male,0,0,40,United-States,0
25,Local-gov,167835,Bachelors,13,Married-civ-spouse,Prof-specialty,Wife,White,Female,0,0,38,United-States,1
66,Private,234743,Some-college,10,Married-civ-spouse,Exec-managerial,Husband,White,Male,0,0,24,United-States,0
45,Self-emp-inc,311231,Prof-school,15,Married-civ-spouse,Prof-specialty,Husband,White,Male,0,1485,50,United-States,1
56,Private,275236,Bachelors,13,Married-civ-spouse,Machine-op-inspct,Husband,White,Male,0,0,40,United-States,0
41,Private,115849,HS-grad,9,Married-civ-spouse,Transport-moving,Husband,White,Male,0,0,40,United-States,0
36,Private,127809,HS-grad,9,Separated,Other-service,Unmarried,Black,Female,0,0,30,United-States,0
24,Private,322674,Assoc-acdm,12,Never-married,Handlers-cleaners,Not-in-family,White,Male,0,0,48,United-States,0
42,Private,332401,Bachelors,13,Never-married,Sales,Not-in-family,White,Male,0,0,40,United-States,0
22,Private,163911,Some-college,10,Never-married,Adm-clerical,Own-child,White,Female,0,0,20,United-States,0
25,Private,195118,HS-grad,9,Never-married,Handlers-cleaners,Other-relative,White,Male,0,0,35,United-States,0
34,Private,112212,HS-grad,9,Married-civ-spouse,Adm-clerical,Husband,White,Male,0,1485,40,United-States,0
25,Private,138765,Some-college,10,Married-civ-spouse,Machine-op-inspct,Husband,White,Male,0,0,40,United-States,0
44,Private,344060,Bachelors,13,Never-married,Other-service,Not-in-family,White,Male,0,0,40,United-States,1
28,Private,210945,Assoc-acdm,12,Married-civ-spouse,Adm-clerical,Wife,Black,Female,0,0,35,Haiti,0
54,Private,219737,HS-grad,9,Widowed,Sales,Not-in-family,White,Female,0,0,37,United-States,0
42,Private,172297,Masters,14,Married-civ-spouse,Adm-clerical,Husband,White,Male,0,1902,40,United-States,1
34,Private,176648,HS-grad,9,Divorced,Adm-clerical,Not-in-family,Black,Male,0,0,42,United-States,0
21,Private,149224,Some-college,10,Never-married,Transport-moving,Own-child,White,Male,0,0,30,United-States,0
52,Local-gov,40641,10th,6,Married-civ-spouse,Craft-repair,Husband,White,Male,5013,0,40,United-States,0
61,Federal-gov,178312,Some-college,10,Married-civ-spouse,Prof-specialty,Husband,White,Male,0,0,40,United-States,0
24,Private,186495,HS-grad,9,Divorced,Adm-clerical,Not-in-family,White,Female,0,0,32,United-States,0
21,Private,321666,HS-grad,9,Never-married,Craft-repair,Own-child,White,Male,594,0,40,United-States,0
40,Private,168538,HS-grad,9,Married-civ-spouse,Sales,Husband,White,Male,0,0,60,United-States,1
21,Private,538319,Some-college,10,Never-married,Other-service,Own-child,White,Female,0,0,40,Puerto-Rico,0
55,Self-emp-inc,209569,HS-grad,9,Divorced,Sales,Unmarried,White,Female,0,0,50,United-States,1
45,Private,190088,HS-grad,9,Married-spouse-absent,Adm-clerical,Unmarried,White,Female,0,0,30,United-States,0
42,Private,26672,Assoc-voc,11,Never-married,Adm-clerical,Not-in-family,White,Female,0,0,60,United-States,0
53,Private,98791,Some-college,10,Married-civ-spouse,Tech-support,Husband,White,Male,0,0,40,United-States,0
52,Self-emp-inc,51048,Bachelors,13,Married-civ-spouse,Sales,Husband,White,Male,0,0,55,United-States,0
54,Self-emp-inc,138852,Some-college,10,Married-civ-spouse,Sales,Husband,White,Male,0,0,45,United-States,1
26,Private,174592,Masters,14,Never-married,Exec-managerial,Own-child,White,Female,0,0,40,United-States,0
22,Private,102632,Some-college,10,Married-civ-spouse,Exec-managerial,Husband,White,Male,0,0,45,United-States,0
47,Private,230136,HS-grad,9,Married-civ-spouse,Other-service,Husband,Black,Male,0,0,60,United-States,1
18,Private,252993,12th,8,Never-married,Handlers-cleaners,Own-child,White,Male,0,0,40,Columbia,0
45,Private,155489,Some-college,10,Married-civ-spouse,Sales,Husband,White,Male,0,0,60,United-States,1
46,Self-emp-not-inc,103538,Prof-school,15,Married-civ-spouse,Prof-specialty,Husband,White,Male,0,0,65,United-States,1
46,Private,94809,Some-college,10,Divorced,Priv-house-serv,Unmarried,White,Female,0,0,30,United-States,0
20,Federal-gov,225515,Some-college,10,Never-married,Tech-support,Own-child,White,Female,0,0,24,United-States,0
36,Private,130620,Bachelors,13,Married-civ-spouse,Prof-specialty,Wife,Asian-Pac-Islander,Female,0,0,35,Philippines,1
36,Private,118909,Assoc-acdm,12,Never-married,Adm-clerical,Unmarried,Black,Female,0,0,40,Jamaica,0
36,Private,172538,HS-grad,9,Married-civ-spouse,Craft-repair,Husband,White,Male,0,0,52,United-States,1
50,Self-emp-inc,163921,HS-grad,9,Married-civ-spouse,Sales,Husband,White,Male,0,0,48,United-States,1
29,Local-gov,181282,Bachelors,13,Divorced,Prof-specialty,Not-in-family,White,Male,0,0,50,United-States,0
46,Private,268281,Bachelors,13,Never-married,Prof-specialty,Not-in-family,White,Female,0,0,40,United-States,0
35,Private,67083,HS-grad,9,Married-civ-spouse,Other-service,Husband,Asian-Pac-Islander,Male,0,0,40,China,0
18,Private,181712,11th,7,Never-married,Handlers-cleaners,Own-child,White,Male,0,0,12,United-States,0
18,Private,32244,11th,7,Never-married,Handlers-cleaners,Own-child,White,Male,594,0,30,United-States,0
21,State-gov,145651,Some-college,10,Never-married,Sales,Own-child,Black,Female,0,1602,12,United-States,0
60,Private,184242,HS-grad,9,Married-spouse-absent,Other-service,Unmarried,White,Female,0,0,20,United-States,0
19,Private,299598,HS-grad,9,Never-married,Handlers-cleaners,Own-child,White,Male,0,0,16,United-States,0
44,Private,54611,Some-college,10,Divorced,Machine-op-inspct,Not-in-family,White,Male,0,0,50,United-States,0
24,Private,208882,HS-grad,9,Never-married,Craft-repair,Not-in-family,Black,Male,0,0,40,United-States,0
61,Private,180418,HS-grad,9,Married-civ-spouse,Transport-moving,Husband,White,Male,0,0,40,United-States,1
52,Private,133403,Some-college,10,Married-civ-spouse,Craft-repair,Husband,White,Male,0,0,55,United-States,0
25,Private,211497,Some-college,10,Married-civ-spouse,Exec-managerial,Husband,White,Male,0,0,40,United-States,0
35,Private,214816,Bachelors,13,Married-civ-spouse,Exec-managerial,Husband,White,Male,0,0,40,United-States,1
26,Private,139098,Masters,14,Married-civ-spouse,Prof-specialty,Husband,White,Male,5013,0,40,United-States,0
26,Self-emp-not-inc,284343,Assoc-acdm,12,Never-married,Craft-repair,Not-in-family,White,Male,0,0,40,United-States,0
30,Federal-gov,266463,HS-grad,9,Married-civ-spouse,Adm-clerical,Husband,White,Male,0,0,40,United-States,1
61,State-gov,199495,12th,8,Married-civ-spouse,Craft-repair,Husband,White,Male,0,0,40,United-States,0
28,Private,165030,Some-college,10,Never-married,Exec-managerial,Not-in-family,White,Female,0,0,50,United-States,0
37,Private,167415,HS-grad,9,Married-civ-spouse,Sales,Husband,White,Male,0,0,50,United-States,0
61,Private,162397,Bachelors,13,Married-civ-spouse,Sales,Husband,White,Male,0,0,40,United-States,1
58,Self-emp-not-inc,105592,7th-8th,4,Married-civ-spouse,Transport-moving,Husband,White,Male,0,0,40,United-States,1
41,Private,115932,Some-college,10,Married-civ-spouse,Exec-managerial,Husband,White,Male,99999,0,50,United-States,1
59,Self-emp-not-inc,148626,10th,6,Married-civ-spouse,Farming-fishing,Husband,White,Male,0,0,40,United-States,0
45,Self-emp-inc,201699,Doctorate,16,Married-civ-spouse,Prof-specialty,Husband,White,Male,0,0,60,United-States,1
55,Private,234213,HS-grad,9,Married-civ-spouse,Transport-moving,Husband,White,Male,0,0,60,United-States,0
50,Private,50178,HS-grad,9,Married-civ-spouse,Tech-support,Husband,White,Male,0,0,40,United-States,1
32,Federal-gov,249409,HS-grad,9,Never-married,Other-service,Own-child,Black,Male,0,0,40,United-States,0
43,Self-emp-not-inc,240170,Bachelors,13,Married-civ-spouse,Exec-managerial,Husband,White,Male,0,0,50,Germany,0
29,Private,40083,Doctorate,16,Never-married,Prof-specialty,Not-in-family,White,Male,0,0,40,Canada,0
23,Private,165064,Some-college,10,Married-civ-spouse,Sales,Husband,White,Male,0,0,40,United-States,0
33,Private,132705,9th,5,Separated,Adm-clerical,Not-in-family,White,Male,0,0,48,United-States,0
56,Private,174040,HS-grad,9,Divorced,Other-service,Not-in-family,White,Male,0,0,40,United-States,0
22,Private,234663,HS-grad,9,Married-civ-spouse,Machine-op-inspct,Husband,White,Male,0,0,40,United-States,0
21,Private,182117,Assoc-acdm,12,Never-married,Other-service,Own-child,White,Male,0,0,40,United-States,0
27,Local-gov,263431,Some-college,10,Never-married,Exec-managerial,Unmarried,White,Male,0,0,40,United-States,0
51,Private,251841,Assoc-voc,11,Never-married,Exec-managerial,Not-in-family,White,Female,0,0,43,United-States,0
20,Private,323009,HS-grad,9,Never-married,Adm-clerical,Unmarried,White,Female,0,0,40,Germany,0
51,Private,61270,HS-grad,9,Married-civ-spouse,Handlers-cleaners,Husband,White,Male,0,0,40,United-States,1
46,Private,189762,Assoc-acdm,12,Never-married,Tech-support,Not-in-family,White,Male,0,0,56,United-States,0
23,Private,149224,HS-grad,9,Never-married,Sales,Not-in-family,White,Male,0,0,40,United-States,0
29,Local-gov,175262,Masters,14,Married-civ-spouse,Prof-specialty,Other-relative,White,Male,0,0,35,United-States,0
63,Private,213945,Bachelors,13,Married-civ-spouse,Sales,Husband,White,Male,15024,0,40,Iran,1
52,Federal-gov,22428,Bachelors,13,Married-civ-spouse,Protective-serv,Husband,White,Male,0,0,60,United-States,1
27,Private,280758,11th,7,Never-married,Craft-repair,Other-relative,White,Male,0,0,60,United-States,0
34,Private,150154,HS-grad,9,Never-married,Adm-clerical,Own-child,White,Male,0,0,40,United-States,0
49,Local-gov,123088,Some-college,10,Married-civ-spouse,Exec-managerial,Husband,White,Male,0,0,46,United-States,0
30,Private,123178,10th,6,Never-married,Craft-repair,Not-in-family,White,Male,0,0,50,United-States,0
42,Local-gov,176716,Masters,14,Divorced,Prof-specialty,Not-in-family,White,Male,0,0,40,United-States,0
27,Private,160786,11th,7,Married-civ-spouse,Craft-repair,Husband,White,Male,0,1902,40,United-States,1
24,Private,403865,Some-college,10,Married-civ-spouse,Craft-repair,Husband,White,Male,0,0,56,United-States,0
26,Private,33610,HS-grad,9,Never-married,Craft-repair,Other-relative,White,Male,0,0,60,United-States,0
53,Private,167651,HS-grad,9,Married-civ-spouse,Craft-repair,Husband,White,Male,0,0,40,United-States,1
48,Private,192791,HS-grad,9,Married-civ-spouse,Machine-op-inspct,Husband,White,Male,0,0,40,United-States,0
25,Private,86872,HS-grad,9,Married-civ-spouse,Sales,Husband,White,Male,0,0,40,United-States,0
34,Local-gov,303867,9th,5,Never-married,Other-service,Own-child,White,Male,0,0,40,United-States,0
35,Private,148581,HS-grad,9,Married-civ-spouse,Craft-repair,Husband,White,Male,0,1740,40,United-States,0
22,Private,193586,HS-grad,9,Never-married,Sales,Not-in-family,White,Female,0,0,25,United-States,0
33,Private,169879,Bachelors,13,Married-civ-spouse,Prof-specialty,Husband,White,Male,3103,0,47,United-States,1
39,Self-emp-inc,336226,HS-grad,9,Married-civ-spouse,Exec-managerial,Husband,White,Male,3103,0,60,United-States,1
31,State-gov,301526,Some-college,10,Married-spouse-absent,Other-service,Other-relative,White,Male,0,0,40,United-States,0
45,Private,319637,HS-grad,9,Divorced,Other-service,Unmarried,White,Female,0,0,40,United-States,0
31,Private,241885,HS-grad,9,Married-civ-spouse,Other-service,Husband,White,Male,0,0,40,United-States,0
46,Local-gov,354962,HS-grad,9,Married-civ-spouse,Machine-op-inspct,Husband,Black,Male,0,0,40,United-States,0
62,Private,209844,Some-college,10,Divorced,Adm-clerical,Unmarried,White,Female,0,0,30,United-States,0
39,Private,352248,Assoc-acdm,12,Married-civ-spouse,Adm-clerical,Husband,White,Male,0,0,40,United-States,0
34,Private,146161,Bachelors,13,Married-civ-spouse,Prof-specialty,Husband,White,Male,0,0,60,United-States,1
31,Private,33117,HS-grad,9,Divorced,Exec-managerial,Not-in-family,White,Male,0,0,50,United-States,0
28,Private,218887,HS-grad,9,Never-married,Farming-fishing,Unmarried,White,Female,0,0,35,United-States,0
24,Private,306779,Some-college,10,Never-married,Sales,Not-in-family,White,Male,0,0,65,United-States,0
47,Local-gov,102628,Some-college,10,Married-civ-spouse,Other-service,Husband,White,Male,0,0,40,United-States,1
49,Self-emp-not-inc,168191,7th-8th,4,Married-civ-spouse,Other-service,Husband,White,Male,0,0,70,Italy,0
58,Private,126991,HS-grad,9,Divorced,Other-service,Unmarried,Black,Female,0,0,20,United-States,0
50,Self-emp-not-inc,219420,Doctorate,16,Divorced,Sales,Not-in-family,White,Male,0,0,64,United-States,0
56,Self-emp-not-inc,144380,Some-college,10,Married-spouse-absent,Prof-specialty,Not-in-family,Black,Male,0,0,50,United-States,0
33,Private,170651,HS-grad,9,Never-married,Other-service,Own-child,White,Female,1055,0,40,United-States,0
48,Private,36177,HS-grad,9,Married-civ-spouse,Craft-repair,Husband,White,Male,0,0,45,United-States,0
24,Private,77665,HS-grad,9,Never-married,Craft-repair,Not-in-family,White,Male,0,0,42,United-States,0
58,Private,205896,HS-grad,9,Divorced,Sales,Other-relative,White,Female,0,0,40,United-States,0
40,Private,170214,HS-grad,9,Married-civ-spouse,Transport-moving,Husband,White,Male,0,0,40,United-States,1
43,Private,242488,Some-college,10,Married-civ-spouse,Adm-clerical,Husband,White,Male,5013,0,40,United-States,0
58,Private,205410,HS-grad,9,Married-civ-spouse,Machine-op-inspct,Husband,White,Male,0,0,40,United-States,0
21,Private,57916,HS-grad,9,Never-married,Protective-serv,Own-child,White,Male,0,0,40,United-States,0
38,Private,248886,HS-grad,9,Married-civ-spouse,Adm-clerical,Husband,White,Male,0,0,42,United-States,0
51,Private,44000,Masters,14,Married-civ-spouse,Prof-specialty,Wife,White,Female,99999,0,50,United-States,1
28,Private,55360,Some-college,10,Never-married,Craft-repair,Not-in-family,Black,Male,0,0,40,United-States,0
52,Private,180062,Some-college,10,Married-civ-spouse,Exec-managerial,Husband,White,Male,0,0,60,United-States,0
38,Self-emp-not-inc,133299,Assoc-acdm,12,Married-civ-spouse,Transport-moving,Husband,White,Male,0,0,40,United-States,0
39,Private,242922,HS-grad,9,Married-civ-spouse,Craft-repair,Husband,Black,Male,0,0,40,United-States,0
23,Private,115458,HS-grad,9,Never-married,Transport-moving,Own-child,White,Male,0,0,40,United-States,0
54,Private,178251,Assoc-acdm,12,Widowed,Adm-clerical,Unmarried,White,Female,0,0,30,United-States,0
76,Self-emp-inc,120796,9th,5,Married-civ-spouse,Prof-specialty,Husband,White,Male,0,0,40,United-States,0
50,Private,100109,Bachelors,13,Divorced,Exec-managerial,Unmarried,White,Male,0,0,45,United-States,1
54,Self-emp-not-inc,200960,Bachelors,13,Married-civ-spouse,Sales,Husband,White,Male,0,0,50,United-States,1
32,Private,360593,HS-grad,9,Divorced,Sales,Unmarried,Black,Female,0,0,30,United-States,0
56,Private,225267,HS-grad,9,Married-civ-spouse,Prof-specialty,Husband,White,Male,0,0,40,United-States,0
42,Private,136177,Some-college,10,Divorced,Adm-clerical,Unmarried,White,Female,0,0,38,United-States,0
66,Private,236784,Bachelors,13,Divorced,Prof-specialty,Unmarried,White,Female,0,0,8,Cuba,0
33,Self-emp-not-inc,108438,HS-grad,9,Married-civ-spouse,Craft-repair,Husband,White,Male,0,0,40,United-States,1
43,Private,223277,Some-college,10,Divorced,Craft-repair,Not-in-family,White,Male,0,0,40,United-States,0
57,Self-emp-not-inc,222216,Some-college,10,Married-civ-spouse,Exec-managerial,Wife,White,Female,0,0,60,United-States,0
38,Private,146178,HS-grad,9,Never-married,Craft-repair,Unmarried,Black,Female,0,0,40,United-States,0
44,Private,101214,Bachelors,13,Divorced,Sales,Unmarried,White,Male,0,0,44,United-States,1
35,Private,62669,Some-college,10,Married-civ-spouse,Exec-managerial,Husband,White,Male,0,0,55,United-States,1
46,Private,265105,Bachelors,13,Married-civ-spouse,Prof-specialty,Husband,White,Male,0,0,50,United-States,1
33,Private,194901,HS-grad,9,Never-married,Craft-repair,Not-in-family,White,Male,0,0,45,United-States,0
28,Private,55360,Some-college,10,Never-married,Sales,Not-in-family,Black,Male,0,0,50,United-States,0
28,Private,92262,HS-grad,9,Married-civ-spouse,Craft-repair,Husband,White,Male,0,0,40,United-States,0
37,Private,271767,Masters,14,Separated,Exec-managerial,Not-in-family,White,Male,0,0,45,United-States,1
35,Private,115803,11th,7,Divorced,Transport-moving,Not-in-family,White,Male,0,0,40,United-States,0
37,State-gov,34996,HS-grad,9,Separated,Other-service,Unmarried,White,Female,0,0,40,United-States,0
36,Private,176335,Some-college,10,Never-married,Transport-moving,Not-in-family,White,Male,0,0,40,United-States,0
29,Private,126399,HS-grad,9,Divorced,Sales,Unmarried,White,Female,0,0,32,United-States,0
41,Private,184846,Some-college,10,Divorced,Adm-clerical,Unmarried,White,Female,0,0,40,United-States,0
54,Private,68684,HS-grad,9,Married-civ-spouse,Craft-repair,Husband,White,Male,0,0,44,United-States,0
62,Self-emp-inc,118725,HS-grad,9,Married-civ-spouse,Exec-managerial,Husband,Black,Male,20051,0,72,United-States,1
25,Private,210184,11th,7,Separated,Craft-repair,Own-child,White,Male,0,0,40,United-States,0
63,Private,440607,Preschool,1,Married-civ-spouse,Prof-specialty,Husband,Other,Male,0,0,30,Mexico,0
37,Private,349116,HS-grad,9,Never-married,Sales,Not-in-family,Black,Male,0,0,44,United-States,0
19,Private,262601,HS-grad,9,Never-married,Other-service,Own-child,White,Female,0,0,14,United-States,0
33,Private,376483,Some-college,10,Divorced,Adm-clerical,Not-in-family,Black,Female,0,0,40,United-States,0
49,Private,54772,HS-grad,9,Married-civ-spouse,Craft-repair,Husband,White,Male,3103,0,45,United-States,1
33,Local-gov,198183,Bachelors,13,Never-married,Prof-specialty,Not-in-family,White,Female,0,0,50,United-States,1
29,State-gov,356089,Bachelors,13,Married-civ-spouse,Exec-managerial,Husband,White,Male,7688,0,40,United-States,1
54,Private,156877,HS-grad,9,Married-civ-spouse,Craft-repair,Husband,White,Male,0,0,40,Greece,0
50,Private,269095,Bachelors,13,Divorced,Exec-managerial,Unmarried,White,Female,0,0,40,United-States,1
27,Private,230563,HS-grad,9,Never-married,Adm-clerical,Own-child,White,Female,0,0,40,United-States,0
33,Private,136331,HS-grad,9,Married-spouse-absent,Craft-repair,Unmarried,White,Male,0,0,50,United-States,0
19,Private,66838,Some-college,10,Never-married,Sales,Own-child,White,Female,0,0,9,United-States,0
31,Private,97453,HS-grad,9,Divorced,Exec-managerial,Unmarried,White,Female,0,0,40,United-States,0
56,Private,192869,HS-grad,9,Married-civ-spouse,Machine-op-inspct,Husband,White,Male,0,0,40,United-States,1
33,Private,112820,Assoc-voc,11,Married-civ-spouse,Protective-serv,Husband,White,Male,0,0,40,United-States,0
26,Private,154966,Some-college,10,Married-civ-spouse,Craft-repair,Husband,White,Male,0,0,40,Puerto-Rico,0
61,Private,98350,Preschool,1,Married-spouse-absent,Other-service,Not-in-family,Asian-Pac-Islander,Male,0,0,40,China,0
60,Federal-gov,27466,Some-college,10,Widowed,Exec-managerial,Not-in-family,White,Female,0,0,40,England,0
47,Self-emp-not-inc,218676,Masters,14,Married-civ-spouse,Exec-managerial,Husband,White,Male,0,0,45,United-States,0
49,Local-gov,343231,Masters,14,Never-married,Prof-specialty,Not-in-family,White,Female,0,0,80,United-States,0
40,Private,138975,HS-grad,9,Married-civ-spouse,Craft-repair,Husband,White,Male,0,0,56,United-States,0
62,Private,138253,Masters,14,Never-married,Handlers-cleaners,Not-in-family,White,Male,4650,0,40,United-States,0
48,Private,128432,HS-grad,9,Married-civ-spouse,Other-service,Husband,White,Male,0,0,40,United-States,0
36,Private,198237,Bachelors,13,Married-civ-spouse,Prof-specialty,Husband,White,Male,15024,0,50,United-States,1
38,Private,192939,HS-grad,9,Divorced,Craft-repair,Unmarried,White,Male,0,0,40,United-States,0
30,Private,101345,Bachelors,13,Married-civ-spouse,Sales,Wife,White,Female,3103,0,55,United-States,1
59,Local-gov,197290,9th,5,Married-civ-spouse,Other-service,Husband,White,Male,0,0,40,United-States,0
51,Private,259363,Some-college,10,Married-civ-spouse,Exec-managerial,Husband,White,Male,0,0,60,United-States,1
37,Private,348796,Bachelors,13,Divorced,Other-service,Not-in-family,White,Male,0,0,40,United-States,0
35,Private,379959,HS-grad,9,Divorced,Other-service,Not-in-family,White,Female,0,0,40,United-States,0
51,Private,200450,HS-grad,9,Married-civ-spouse,Handlers-cleaners,Husband,White,Male,0,0,48,United-States,0
34,Private,226296,11th,7,Married-civ-spouse,Handlers-cleaners,Husband,White,Male,0,0,40,United-States,0
51,Private,673764,Masters,14,Never-married,Prof-specialty,Not-in-family,White,Male,27828,0,40,United-States,1
46,Federal-gov,140664,Some-college,10,Married-civ-spouse,Exec-managerial,Husband,White,Male,0,0,48,United-States,1
44,Self-emp-not-inc,167280,Bachelors,13,Married-civ-spouse,Sales,Husband,White,Male,0,0,40,United-States,0
23,Private,161478,Some-college,10,Never-married,Other-service,Own-child,Asian-Pac-Islander,Female,0,0,23,United-States,0
30,Private,101859,7th-8th,4,Never-married,Craft-repair,Not-in-family,White,Male,0,0,50,United-States,0
19,Private,177945,Some-college,10,Never-married,Sales,Own-child,White,Male,0,0,25,United-States,0
17,Private,33138,12th,8,Never-married,Sales,Own-child,White,Male,0,0,40,United-States,0
27,Private,219371,HS-grad,9,Never-married,Other-service,Not-in-family,White,Female,0,0,35,United-States,0
37,Private,211494,HS-grad,9,Married-civ-spouse,Tech-support,Husband,White,Male,0,0,40,United-States,1
42,Self-emp-inc,188615,Bachelors,13,Married-civ-spouse,Sales,Husband,White,Male,0,0,60,United-States,1
44,Private,222978,HS-grad,9,Divorced,Sales,Not-in-family,White,Female,0,1504,40,United-States,0
22,Private,180052,Some-college,10,Never-married,Sales,Own-child,White,Male,0,0,20,United-States,0
63,Private,236338,HS-grad,9,Married-civ-spouse,Sales,Wife,White,Female,0,0,35,United-States,0
17,Private,166242,10th,6,Never-married,Other-service,Own-child,White,Female,0,0,15,United-States,0
43,Private,91949,HS-grad,9,Divorced,Machine-op-inspct,Not-in-family,Black,Female,0,0,40,United-States,0
40,Private,217120,10th,6,Divorced,Craft-repair,Not-in-family,White,Male,0,0,50,United-States,0
38,Self-emp-not-inc,255503,11th,7,Divorced,Exec-managerial,Not-in-family,White,Male,0,0,55,United-States,0
46,Private,171199,Bachelors,13,Divorced,Machine-op-inspct,Unmarried,Other,Female,0,0,40,Puerto-Rico,0
37,Private,176900,HS-grad,9,Married-civ-spouse,Craft-repair,Husband,White,Male,0,0,99,United-States,1
20,Private,146538,HS-grad,9,Married-civ-spouse,Machine-op-inspct,Husband,White,Male,0,0,40,United-States,0
42,Private,112181,HS-grad,9,Married-civ-spouse,Machine-op-inspct,Wife,White,Female,0,0,40,United-States,0
34,Private,148226,HS-grad,9,Never-married,Machine-op-inspct,Unmarried,Black,Female,0,0,48,United-States,0
25,Private,61956,Some-college,10,Never-married,Transport-moving,Not-in-family,White,Male,0,0,50,United-States,0
33,Self-emp-not-inc,127894,Prof-school,15,Married-civ-spouse,Prof-specialty,Husband,White,Male,0,0,60,United-States,1
45,Private,360393,Masters,14,Married-civ-spouse,Exec-managerial,Husband,White,Male,0,1902,50,United-States,1
49,Private,53893,HS-grad,9,Divorced,Transport-moving,Not-in-family,White,Male,0,0,40,United-States,0
49,Private,144396,11th,7,Divorced,Exec-managerial,Not-in-family,White,Female,0,0,38,United-States,0
28,Private,96020,Bachelors,13,Married-civ-spouse,Exec-managerial,Wife,White,Female,0,0,50,United-States,1
26,Private,358975,Some-college,10,Never-married,Priv-house-serv,Not-in-family,White,Female,0,0,50,Hungary,0
62,Private,266624,HS-grad,9,Married-civ-spouse,Farming-fishing,Husband,White,Male,6418,0,40,United-States,1
29,Private,40295,HS-grad,9,Married-civ-spouse,Prof-specialty,Husband,White,Male,0,0,40,United-States,0
50,Federal-gov,65160,Bachelors,13,Married-civ-spouse,Exec-managerial,Husband,White,Male,0,0,40,United-States,0
39,Private,180667,HS-grad,9,Never-married,Adm-clerical,Not-in-family,White,Male,0,0,40,United-States,0
21,Private,185251,HS-grad,9,Never-married,Sales,Own-child,White,Male,0,0,40,United-States,0
59,Self-emp-not-inc,241297,Some-college,10,Widowed,Farming-fishing,Not-in-family,White,Female,6849,0,40,United-States,0
19,Private,63434,12th,8,Never-married,Farming-fishing,Own-child,White,Female,0,0,30,United-States,0
47,Self-emp-not-inc,152752,5th-6th,3,Married-civ-spouse,Transport-moving,Husband,White,Male,0,0,20,United-States,0
45,Private,175262,9th,5,Married-civ-spouse,Handlers-cleaners,Husband,Asian-Pac-Islander,Male,0,0,40,India,0
65,Local-gov,205024,HS-grad,9,Married-civ-spouse,Other-service,Husband,White,Male,0,0,8,United-States,0
49,Private,165468,HS-grad,9,Married-civ-spouse,Exec-managerial,Husband,White,Male,7688,0,55,United-States,1
29,Private,75648,Some-college,10,Married-civ-spouse,Craft-repair,Husband,White,Male,0,0,55,United-States,0
45,Private,108993,HS-grad,9,Never-married,Craft-repair,Own-child,White,Male,0,0,40,United-States,0
43,Private,178780,Assoc-acdm,12,Married-civ-spouse,Exec-managerial,Husband,White,Male,0,0,45,United-States,1
47,Private,27815,9th,5,Divorced,Other-service,Not-in-family,White,Female,0,1719,30,United-States,0
19,Private,224849,HS-grad,9,Never-married,Sales,Not-in-family,White,Male,0,0,35,United-States,0
40,Private,92036,HS-grad,9,Married-civ-spouse,Handlers-cleaners,Husband,White,Male,0,0,40,United-States,1
39,Private,22245,Bachelors,13,Married-civ-spouse,Prof-specialty,Not-in-family,White,Male,0,0,60,United-States,0
30,Private,194141,Some-college,10,Divorced,Machine-op-inspct,Not-in-family,White,Male,0,1617,40,United-States,0
48,Private,199735,Bachelors,13,Divorced,Priv-house-serv,Not-in-family,White,Female,0,0,44,Germany,0
28,Local-gov,84657,Bachelors,13,Divorced,Prof-specialty,Not-in-family,White,Female,0,0,40,United-States,0
28,Local-gov,185647,Some-college,10,Married-civ-spouse,Protective-serv,Husband,White,Male,0,0,48,United-States,0
52,State-gov,101119,11th,7,Married-civ-spouse,Transport-moving,Husband,White,Male,0,0,40,United-States,0
51,Local-gov,176813,Assoc-acdm,12,Married-civ-spouse,Prof-specialty,Husband,White,Male,0,0,60,United-States,0
39,Private,150057,Some-college,10,Married-civ-spouse,Craft-repair,Husband,White,Male,0,0,55,United-States,1
56,Private,160932,HS-grad,9,Married-civ-spouse,Transport-moving,Husband,White,Male,0,0,44,United-States,1
63,Federal-gov,95680,Some-college,10,Married-civ-spouse,Tech-support,Husband,White,Male,0,0,18,United-States,1
41,Self-emp-not-inc,190290,HS-grad,9,Divorced,Craft-repair,Not-in-family,White,Male,0,0,40,United-States,0
39,Private,230329,HS-grad,9,Married-civ-spouse,Craft-repair,Husband,White,Male,0,0,35,United-States,0
44,Private,116632,Masters,14,Married-civ-spouse,Exec-managerial,Husband,White,Male,0,0,50,United-States,1
26,Private,231638,Some-college,10,Never-married,Adm-clerical,Own-child,White,Female,0,0,40,United-States,0
47,Private,201699,Assoc-acdm,12,Married-civ-spouse,Sales,Husband,White,Male,5178,0,50,United-States,1
23,Private,104443,Some-college,10,Never-married,Adm-clerical,Own-child,White,Female,0,0,40,United-States,0
19,State-gov,282721,Some-college,10,Never-married,Other-service,Not-in-family,Black,Male,0,0,12,United-States,0
53,Federal-gov,167410,Bachelors,13,Divorced,Tech-support,Not-in-family,Amer-Indian-Eskimo,Male,0,0,40,United-States,0
43,Private,245842,HS-grad,9,Married-civ-spouse,Machine-op-inspct,Husband,White,Male,0,0,44,Mexico,0
33,Self-emp-not-inc,295621,Bachelors,13,Married-civ-spouse,Prof-specialty,Husband,Black,Male,0,0,25,United-States,1
36,Private,160035,Some-college,10,Married-civ-spouse,Exec-managerial,Husband,White,Male,0,0,55,United-States,1
33,Private,236396,Bachelors,13,Married-civ-spouse,Sales,Husband,White,Male,0,1902,55,United-States,1
48,Local-gov,78859,HS-grad,9,Never-married,Exec-managerial,Own-child,White,Female,0,0,40,United-States,0
37,Private,174912,HS-grad,9,Separated,Craft-repair,Own-child,White,Male,0,0,40,United-States,0
33,Private,341187,Bachelors,13,Married-civ-spouse,Exec-managerial,Husband,White,Male,0,0,50,United-States,1
36,Private,215373,Bachelors,13,Never-married,Exec-managerial,Not-in-family,White,Male,0,0,70,United-States,0
42,Federal-gov,115932,Bachelors,13,Divorced,Adm-clerical,Own-child,White,Male,0,0,40,United-States,0
37,Private,222450,5th-6th,3,Married-civ-spouse,Machine-op-inspct,Husband,White,Male,0,0,40,Mexico,0
26,Private,231638,HS-grad,9,Never-married,Exec-managerial,Own-child,White,Female,0,0,40,United-States,0
33,Private,178107,Bachelors,13,Never-married,Craft-repair,Own-child,White,Male,0,0,20,United-States,0
40,Private,121956,Bachelors,13,Married-spouse-absent,Prof-specialty,Not-in-family,Asian-Pac-Islander,Male,13550,0,40,Cambodia,1
59,Private,231377,Some-college,10,Married-civ-spouse,Exec-managerial,Husband,White,Male,0,1848,45,United-States,1
90,Self-emp-not-inc,282095,Some-college,10,Married-civ-spouse,Farming-fishing,Husband,White,Male,0,0,40,United-States,0
26,Self-emp-inc,66872,12th,8,Married-civ-spouse,Sales,Husband,Other,Male,0,0,98,Dominican-Republic,0
40,Private,128700,Some-college,10,Divorced,Adm-clerical,Unmarried,White,Female,0,0,40,United-States,0
53,Private,132304,HS-grad,9,Divorced,Machine-op-inspct,Not-in-family,White,Female,0,0,40,Scotland,0
49,Private,192323,HS-grad,9,Married-civ-spouse,Machine-op-inspct,Husband,White,Male,0,0,40,United-States,0
30,Private,299507,Assoc-acdm,12,Separated,Other-service,Unmarried,White,Female,0,0,40,United-States,0
61,Local-gov,321117,HS-grad,9,Married-civ-spouse,Protective-serv,Husband,White,Male,0,0,40,United-States,0
20,Private,215495,Some-college,10,Never-married,Adm-clerical,Own-child,White,Female,0,0,40,Mexico,0
46,Self-emp-inc,120121,Bachelors,13,Married-civ-spouse,Sales,Husband,White,Male,0,0,50,United-States,1
20,Private,122346,HS-grad,9,Never-married,Machine-op-inspct,Own-child,White,Male,0,0,40,United-States,0
36,Private,201519,Bachelors,13,Married-civ-spouse,Exec-managerial,Wife,White,Female,0,0,40,United-States,1
28,Private,51331,Assoc-acdm,12,Married-civ-spouse,Exec-managerial,Wife,White,Female,0,0,16,United-States,1
44,Private,162643,HS-grad,9,Never-married,Adm-clerical,Not-in-family,White,Female,0,0,43,United-States,0
37,Private,86150,Bachelors,13,Married-civ-spouse,Other-service,Wife,Asian-Pac-Islander,Female,0,0,30,United-States,1
37,Private,192939,Bachelors,13,Married-civ-spouse,Craft-repair,Husband,White,Male,0,0,40,United-States,1
22,Private,29444,12th,8,Never-married,Farming-fishing,Not-in-family,Amer-Indian-Eskimo,Male,0,0,50,United-States,0
39,Private,214896,HS-grad,9,Separated,Other-service,Not-in-family,White,Female,0,0,40,El-Salvador,0
27,Private,196044,Some-college,10,Married-civ-spouse,Craft-repair,Husband,White,Male,0,0,60,United-States,0
33,Private,86143,Some-college,10,Never-married,Exec-managerial,Own-child,Asian-Pac-Islander,Male,0,0,40,Philippines,0
46,Private,53893,Some-college,10,Married-civ-spouse,Tech-support,Husband,White,Male,0,0,40,United-States,1
40,Self-emp-not-inc,335549,Prof-school,15,Never-married,Prof-specialty,Not-in-family,White,Male,0,2444,45,United-States,1
25,Private,120238,HS-grad,9,Married-civ-spouse,Sales,Husband,White,Male,0,0,40,United-States,0
37,Self-emp-not-inc,107410,HS-grad,9,Married-civ-spouse,Machine-op-inspct,Husband,White,Male,0,0,40,United-States,0
35,Private,110402,11th,7,Married-civ-spouse,Sales,Husband,White,Male,0,0,35,United-States,0
49,Private,101320,Assoc-acdm,12,Married-civ-spouse,Sales,Wife,White,Female,0,1902,40,United-States,1
37,Private,178948,Bachelors,13,Married-civ-spouse,Exec-managerial,Wife,White,Female,7688,0,45,United-States,1
51,Private,152810,HS-grad,9,Married-civ-spouse,Prof-specialty,Husband,White,Male,0,0,40,United-States,1
27,Private,386036,Some-college,10,Never-married,Transport-moving,Not-in-family,White,Male,0,0,48,United-States,0
43,Local-gov,209544,Masters,14,Never-married,Exec-managerial,Not-in-family,White,Female,10520,0,50,United-States,1
41,Private,233130,Some-college,10,Married-civ-spouse,Craft-repair,Husband,White,Male,0,0,40,United-States,1
38,State-gov,125499,Bachelors,13,Married-civ-spouse,Prof-specialty,Husband,Asian-Pac-Islander,Male,7688,0,60,India,1
34,Private,148291,HS-grad,9,Married-civ-spouse,Tech-support,Wife,White,Female,0,0,32,United-States,0
37,Private,95855,11th,7,Divorced,Handlers-cleaners,Not-in-family,White,Female,0,0,40,United-States,0
34,Private,300681,Some-college,10,Married-civ-spouse,Prof-specialty,Husband,Black,Male,0,0,40,Jamaica,1
23,Private,118693,Assoc-voc,11,Never-married,Tech-support,Not-in-family,White,Male,0,0,40,United-States,0
35,Local-gov,162651,Bachelors,13,Divorced,Prof-specialty,Not-in-family,White,Male,0,0,40,Puerto-Rico,0
35,Local-gov,300681,HS-grad,9,Married-civ-spouse,Protective-serv,Husband,Black,Male,7298,0,35,United-States,1
47,Private,97842,Some-college,10,Married-civ-spouse,Craft-repair,Husband,White,Male,0,0,40,United-States,0
35,Self-emp-not-inc,194404,Assoc-acdm,12,Never-married,Farming-fishing,Not-in-family,White,Male,0,0,40,United-States,0
30,Private,164190,Bachelors,13,Never-married,Exec-managerial,Not-in-family,White,Male,0,0,42,United-States,0
22,Self-emp-not-inc,279802,Some-college,10,Never-married,Prof-specialty,Own-child,White,Female,0,0,3,United-States,0
64,Self-emp-not-inc,167149,7th-8th,4,Married-civ-spouse,Other-service,Husband,White,Male,0,0,25,United-States,0
17,Private,154398,11th,7,Never-married,Other-service,Own-child,Black,Male,0,0,16,Haiti,0
47,Private,192793,Doctorate,16,Married-civ-spouse,Prof-specialty,Husband,White,Male,0,0,40,Iran,1
31,Self-emp-inc,31740,Assoc-voc,11,Married-civ-spouse,Farming-fishing,Husband,White,Male,0,0,55,United-States,0
30,Self-emp-not-inc,176185,Assoc-acdm,12,Married-civ-spouse,Sales,Husband,White,Male,0,0,60,Iran,0
57,Self-emp-not-inc,84231,Some-college,10,Married-civ-spouse,Other-service,Husband,White,Male,0,0,48,United-States,0
41,Private,107306,HS-grad,9,Never-married,Exec-managerial,Not-in-family,White,Male,2174,0,40,United-States,0
38,Private,34378,HS-grad,9,Married-civ-spouse,Sales,Husband,White,Male,0,0,55,United-States,0
58,Private,116901,HS-grad,9,Divorced,Other-service,Unmarried,White,Female,0,0,25,United-States,0
43,Private,244172,HS-grad,9,Separated,Transport-moving,Unmarried,White,Male,0,0,40,Mexico,0
25,Private,57635,Assoc-voc,11,Married-civ-spouse,Sales,Wife,White,Female,0,0,42,United-States,1
49,State-gov,354529,Some-college,10,Never-married,Adm-clerical,Not-in-family,White,Female,0,0,40,United-States,0
57,Private,161097,HS-grad,9,Divorced,Sales,Not-in-family,White,Female,0,0,26,United-States,0
49,Federal-gov,115784,Some-college,10,Married-civ-spouse,Craft-repair,Husband,White,Male,0,0,40,United-States,0
58,Private,314153,HS-grad,9,Married-civ-spouse,Sales,Husband,White,Male,0,0,40,United-States,1
19,Private,104844,Some-college,10,Never-married,Sales,Own-child,White,Female,0,0,15,United-States,0
40,State-gov,166327,Some-college,10,Divorced,Adm-clerical,Not-in-family,Black,Female,0,0,35,United-States,0
19,Private,310158,Some-college,10,Never-married,Transport-moving,Own-child,White,Male,0,0,30,United-States,0
45,Federal-gov,168232,Bachelors,13,Never-married,Adm-clerical,Not-in-family,White,Male,0,0,55,United-States,1
26,Private,229523,HS-grad,9,Married-civ-spouse,Machine-op-inspct,Wife,White,Female,0,0,56,United-States,0
22,Private,233624,HS-grad,9,Married-civ-spouse,Craft-repair,Husband,White,Male,0,0,43,United-States,0
61,Self-emp-not-inc,268797,HS-grad,9,Married-civ-spouse,Other-service,Wife,Black,Female,0,0,17,United-States,0
34,Private,136997,HS-grad,9,Divorced,Adm-clerical,Unmarried,White,Female,0,0,35,United-States,0
39,Private,176186,Some-college,10,Married-civ-spouse,Farming-fishing,Husband,White,Male,0,0,50,United-States,1
32,Private,316769,11th,7,Never-married,Other-service,Unmarried,Black,Female,0,0,40,Jamaica,0
54,Private,123011,Some-college,10,Married-civ-spouse,Craft-repair,Husband,White,Male,0,0,40,United-States,1
32,Private,207668,Bachelors,13,Married-civ-spouse,Exec-managerial,Husband,White,Male,15024,0,45,United-States,1
31,Private,315128,Some-college,10,Never-married,Adm-clerical,Not-in-family,White,Female,0,0,52,United-States,0
41,Private,57233,Bachelors,13,Married-civ-spouse,Sales,Husband,White,Male,0,0,70,United-States,0
33,Private,94235,Prof-school,15,Never-married,Prof-specialty,Own-child,White,Male,0,0,42,United-States,1
29,Private,213692,Some-college,10,Never-married,Craft-repair,Own-child,White,Male,0,0,45,United-States,0
27,Private,207418,Bachelors,13,Never-married,Prof-specialty,Not-in-family,White,Female,0,0,50,United-States,0
39,Private,51100,HS-grad,9,Married-civ-spouse,Transport-moving,Husband,White,Male,0,0,40,United-States,1
50,Private,305319,7th-8th,4,Married-civ-spouse,Craft-repair,Husband,White,Male,0,0,40,United-States,0
48,Private,267912,Bachelors,13,Never-married,Other-service,Not-in-family,White,Male,0,0,50,Mexico,1
24,Private,153542,Some-college,10,Never-married,Sales,Other-relative,White,Male,0,0,35,United-States,0
26,Private,78258,Assoc-voc,11,Divorced,Prof-specialty,Unmarried,White,Female,0,0,36,United-States,0
30,Local-gov,327825,HS-grad,9,Divorced,Protective-serv,Own-child,White,Female,0,0,32,United-States,0
28,Private,125321,HS-grad,9,Never-married,Machine-op-inspct,Not-in-family,White,Female,0,0,40,United-States,0
46,Private,113390,Masters,14,Married-civ-spouse,Adm-clerical,Husband,White,Male,0,1740,60,United-States,0
50,Private,213290,Assoc-voc,11,Married-civ-spouse,Prof-specialty,Wife,White,Female,0,1887,36,United-States,1
21,Private,185948,Some-college,10,Never-married,Sales,Own-child,White,Male,0,0,35,United-States,0
48,Private,398843,Some-college,10,Separated,Sales,Unmarried,Black,Female,0,0,35,United-States,0
35,Private,589809,Some-college,10,Never-married,Exec-managerial,Not-in-family,White,Male,13550,0,60,United-States,1
44,Private,211759,Bachelors,13,Married-civ-spouse,Exec-managerial,Husband,Other,Male,0,0,40,Puerto-Rico,0
52,Self-emp-not-inc,194995,Bachelors,13,Married-civ-spouse,Sales,Husband,White,Male,15024,0,55,United-States,1
34,Self-emp-not-inc,111985,HS-grad,9,Married-civ-spouse,Craft-repair,Husband,White,Male,0,0,50,United-States,0
40,Private,101272,HS-grad,9,Divorced,Adm-clerical,Not-in-family,White,Female,0,0,32,United-States,0
24,Private,209770,Bachelors,13,Never-married,Prof-specialty,Not-in-family,White,Female,0,0,8,United-States,0
21,Private,275190,Some-college,10,Never-married,Sales,Own-child,White,Female,0,0,20,United-States,0
49,Private,304416,11th,7,Married-civ-spouse,Sales,Wife,White,Female,0,0,40,United-States,0
31,Private,132996,HS-grad,9,Married-civ-spouse,Prof-specialty,Husband,White,Male,5178,0,45,United-States,1
39,Private,305597,HS-grad,9,Married-civ-spouse,Craft-repair,Husband,White,Male,0,0,40,United-States,1
51,Private,173291,HS-grad,9,Divorced,Other-service,Not-in-family,White,Female,0,0,40,United-States,0
37,Private,39606,Assoc-voc,11,Divorced,Sales,Unmarried,White,Female,0,0,40,United-States,0
24,Private,206671,Assoc-voc,11,Married-civ-spouse,Craft-repair,Husband,White,Male,0,0,40,United-States,0
35,Private,217274,Some-college,10,Married-civ-spouse,Machine-op-inspct,Husband,White,Male,0,0,50,United-States,0
27,Private,249315,Some-college,10,Never-married,Sales,Not-in-family,White,Male,0,0,44,United-States,0
47,Private,187563,HS-grad,9,Married-civ-spouse,Machine-op-inspct,Husband,White,Male,0,0,40,United-States,0
56,Self-emp-not-inc,200235,Some-college,10,Married-civ-spouse,Sales,Husband,White,Male,0,0,60,United-States,0
73,Private,247355,HS-grad,9,Married-civ-spouse,Transport-moving,Husband,White,Male,0,0,16,Canada,0
36,Self-emp-not-inc,138940,HS-grad,9,Married-civ-spouse,Farming-fishing,Husband,White,Male,0,0,70,United-States,0
31,Private,70568,1st-4th,2,Never-married,Other-service,Other-relative,White,Female,0,0,25,El-Salvador,0
63,Local-gov,28856,7th-8th,4,Married-civ-spouse,Other-service,Husband,White,Male,0,0,55,United-States,0
49,Private,23776,Some-college,10,Married-civ-spouse,Adm-clerical,Husband,White,Male,0,0,40,United-States,0
57,Local-gov,199546,Masters,14,Divorced,Other-service,Unmarried,Black,Female,0,0,40,United-States,0
53,Private,218630,HS-grad,9,Married-civ-spouse,Machine-op-inspct,Husband,White,Male,0,0,40,United-States,1
34,Private,41809,Some-college,10,Divorced,Adm-clerical,Unmarried,White,Female,0,0,40,United-States,0
34,Self-emp-inc,265917,HS-grad,9,Married-civ-spouse,Exec-managerial,Husband,White,Male,0,0,40,United-States,1
33,Self-emp-not-inc,361817,HS-grad,9,Separated,Craft-repair,Unmarried,White,Male,0,0,50,United-States,0
26,Self-emp-not-inc,227858,Some-college,10,Never-married,Other-service,Not-in-family,White,Female,0,0,48,United-States,0
18,Private,236262,11th,7,Never-married,Handlers-cleaners,Own-child,White,Male,0,0,12,United-States,0
37,Private,127961,HS-grad,9,Never-married,Machine-op-inspct,Not-in-family,White,Male,0,0,40,United-States,0
46,Private,29696,HS-grad,9,Married-civ-spouse,Exec-managerial,Husband,White,Male,0,0,40,United-States,1
24,Private,127139,Some-college,10,Never-married,Adm-clerical,Own-child,White,Female,0,0,40,United-States,0
34,Private,24529,HS-grad,9,Widowed,Adm-clerical,Unmarried,White,Male,0,0,15,United-States,0
25,Private,108301,HS-grad,9,Separated,Other-service,Unmarried,White,Female,0,0,20,United-States,0
26,Private,485117,Assoc-acdm,12,Never-married,Craft-repair,Not-in-family,White,Male,0,0,40,United-States,0
20,Private,284317,Some-college,10,Never-married,Other-service,Own-child,White,Female,0,0,35,United-States,0
42,Private,185145,Some-college,10,Married-civ-spouse,Transport-moving,Husband,White,Male,0,0,57,United-States,0
26,Local-gov,117833,Bachelors,13,Never-married,Prof-specialty,Not-in-family,White,Female,4865,0,35,United-States,0
52,State-gov,104280,Some-college,10,Married-civ-spouse,Tech-support,Husband,White,Male,0,0,50,United-States,0
51,Self-emp-inc,166459,Assoc-voc,11,Married-civ-spouse,Exec-managerial,Husband,White,Male,0,0,40,United-States,0
34,Private,183811,Some-college,10,Never-married,Handlers-cleaners,Not-in-family,White,Male,0,0,40,United-States,0
33,Self-emp-not-inc,223046,HS-grad,9,Never-married,Craft-repair,Not-in-family,White,Male,0,0,40,United-States,0
30,Private,331419,Assoc-acdm,12,Never-married,Craft-repair,Not-in-family,White,Male,4787,0,50,United-States,1
21,Private,286824,Some-college,10,Never-married,Handlers-cleaners,Own-child,White,Male,0,0,12,United-States,0
21,State-gov,478457,Some-college,10,Never-married,Other-service,Own-child,Black,Female,0,0,12,United-States,0
48,Private,315423,5th-6th,3,Married-civ-spouse,Transport-moving,Husband,White,Male,0,0,40,United-States,0
17,Private,73145,9th,5,Never-married,Craft-repair,Own-child,White,Female,0,0,16,United-States,0
42,Private,197522,Some-college,10,Separated,Machine-op-inspct,Unmarried,Black,Female,0,0,40,United-States,0
33,Private,209101,HS-grad,9,Never-married,Adm-clerical,Not-in-family,White,Male,0,0,40,United-States,0
55,State-gov,256335,Bachelors,13,Divorced,Exec-managerial,Unmarried,Black,Male,0,0,40,United-States,0
40,Private,187376,Some-college,10,Married-civ-spouse,Sales,Husband,White,Male,0,0,60,United-States,1
44,Private,223194,HS-grad,9,Married-civ-spouse,Craft-repair,Husband,Black,Male,0,1485,40,Haiti,0
40,Self-emp-not-inc,204116,Bachelors,13,Married-spouse-absent,Prof-specialty,Not-in-family,White,Female,2174,0,40,United-States,0
43,Self-emp-not-inc,34007,Bachelors,13,Married-civ-spouse,Farming-fishing,Husband,White,Male,0,0,70,United-States,1
23,Private,250743,Some-college,10,Divorced,Adm-clerical,Not-in-family,Black,Male,0,0,40,United-States,0
45,Local-gov,33798,Masters,14,Never-married,Prof-specialty,Not-in-family,White,Female,0,0,40,United-States,0
51,Private,222615,HS-grad,9,Married-civ-spouse,Machine-op-inspct,Husband,White,Male,0,0,40,United-States,1
42,Private,185057,HS-grad,9,Separated,Adm-clerical,Unmarried,White,Female,0,0,35,Scotland,0
81,Private,177408,HS-grad,9,Married-civ-spouse,Exec-managerial,Husband,White,Male,0,2377,26,United-States,1
52,Private,284129,Some-college,10,Married-civ-spouse,Craft-repair,Husband,White,Male,0,0,40,United-States,1
38,Self-emp-not-inc,120985,HS-grad,9,Married-civ-spouse,Craft-repair,Husband,White,Male,4386,0,35,United-States,0
32,Private,348460,Assoc-voc,11,Married-civ-spouse,Craft-repair,Husband,White,Male,0,0,50,United-States,0
51,Private,171409,Some-college,10,Married-civ-spouse,Transport-moving,Husband,White,Male,0,0,40,United-States,1
29,Private,183523,10th,6,Never-married,Other-service,Own-child,White,Male,0,0,40,United-States,0
24,Private,228772,5th-6th,3,Never-married,Machine-op-inspct,Other-relative,White,Female,0,0,40,Mexico,0
47,Private,184579,Some-college,10,Married-civ-spouse,Tech-support,Husband,White,Male,0,0,60,United-States,0
31,Private,367314,HS-grad,9,Divorced,Adm-clerical,Not-in-family,White,Female,0,0,40,United-States,0
39,Private,110713,Bachelors,13,Married-civ-spouse,Sales,Husband,White,Male,0,0,50,United-States,1
65,Private,173674,HS-grad,9,Divorced,Other-service,Other-relative,White,Female,0,0,14,United-States,0
67,Self-emp-not-inc,139960,7th-8th,4,Married-civ-spouse,Craft-repair,Husband,White,Male,0,0,40,United-States,0
42,Private,340234,HS-grad,9,Married-civ-spouse,Tech-support,Husband,Asian-Pac-Islander,Male,15024,0,40,United-States,1
40,Federal-gov,406463,Masters,14,Never-married,Tech-support,Not-in-family,White,Female,0,0,40,United-States,0
40,Self-emp-inc,218558,Bachelors,13,Married-civ-spouse,Exec-managerial,Husband,White,Male,0,0,45,United-States,1
34,State-gov,44464,Doctorate,16,Never-married,Prof-specialty,Not-in-family,White,Female,0,0,60,United-States,0
50,Self-emp-not-inc,312477,HS-grad,9,Married-civ-spouse,Exec-managerial,Husband,White,Male,0,1887,40,United-States,1
24,Private,152189,HS-grad,9,Never-married,Craft-repair,Own-child,White,Male,0,0,40,United-States,0
19,State-gov,67217,Some-college,10,Never-married,Other-service,Not-in-family,White,Male,594,0,24,United-States,0
31,Private,292592,HS-grad,9,Married-civ-spouse,Machine-op-inspct,Wife,White,Female,0,0,40,United-States,0
32,Private,114746,HS-grad,9,Separated,Handlers-cleaners,Unmarried,Asian-Pac-Islander,Female,0,0,60,South,0
33,State-gov,108116,HS-grad,9,Married-civ-spouse,Tech-support,Husband,White,Male,0,0,40,United-States,0
26,Private,165510,Bachelors,13,Never-married,Farming-fishing,Own-child,White,Male,0,0,40,United-States,0
44,Private,71269,Some-college,10,Divorced,Exec-managerial,Not-in-family,White,Male,0,0,50,United-States,0
40,Private,177083,HS-grad,9,Divorced,Exec-managerial,Unmarried,White,Female,0,0,50,United-States,0
22,Private,106700,Assoc-acdm,12,Never-married,Adm-clerical,Own-child,White,Female,0,0,27,United-States,0
53,Private,346871,HS-grad,9,Divorced,Prof-specialty,Not-in-family,White,Male,4787,0,46,United-States,1
26,Private,194352,Bachelors,13,Never-married,Prof-specialty,Own-child,White,Female,0,0,40,United-States,0
28,Private,129882,Some-college,10,Never-married,Adm-clerical,Unmarried,Black,Female,0,0,40,United-States,0
38,Private,320305,7th-8th,4,Married-civ-spouse,Adm-clerical,Husband,White,Male,0,0,40,United-States,0
44,Local-gov,254146,Masters,14,Married-civ-spouse,Prof-specialty,Husband,White,Male,0,0,40,United-States,1
34,Private,69251,HS-grad,9,Married-civ-spouse,Transport-moving,Husband,Asian-Pac-Islander,Male,0,0,40,United-States,1
21,Private,30619,Some-college,10,Never-married,Exec-managerial,Not-in-family,White,Female,0,0,38,United-States,0
36,Private,124818,HS-grad,9,Married-civ-spouse,Machine-op-inspct,Husband,White,Male,0,0,40,United-States,0
26,Private,233777,HS-grad,9,Married-civ-spouse,Machine-op-inspct,Husband,White,Male,0,0,40,United-States,1
53,Private,254285,Masters,14,Married-civ-spouse,Prof-specialty,Husband,White,Male,0,0,40,United-States,1
26,Private,385278,HS-grad,9,Married-civ-spouse,Exec-managerial,Husband,Black,Male,0,0,60,United-States,0
56,Self-emp-not-inc,357118,Bachelors,13,Never-married,Exec-managerial,Not-in-family,White,Female,0,0,60,United-States,0
28,Private,293926,HS-grad,9,Married-civ-spouse,Craft-repair,Husband,White,Male,0,1740,30,United-States,0
50,Local-gov,74660,Some-college,10,Widowed,Prof-specialty,Unmarried,White,Male,0,0,40,United-States,0
65,Self-emp-not-inc,144822,9th,5,Married-civ-spouse,Craft-repair,Husband,White,Male,0,0,45,United-States,0
54,Self-emp-not-inc,156800,Bachelors,13,Married-civ-spouse,Craft-repair,Husband,White,Male,0,0,50,United-States,0
27,Self-emp-not-inc,208577,HS-grad,9,Never-married,Craft-repair,Not-in-family,White,Male,0,2258,50,United-States,0
35,Private,165799,HS-grad,9,Divorced,Exec-managerial,Not-in-family,White,Male,0,0,60,United-States,0
43,Private,260696,Bachelors,13,Divorced,Exec-managerial,Not-in-family,White,Female,0,0,40,United-States,0
36,Local-gov,126569,Some-college,10,Married-civ-spouse,Protective-serv,Husband,White,Male,0,0,40,United-States,1
47,Private,120131,Bachelors,13,Married-civ-spouse,Sales,Husband,White,Male,0,0,40,United-States,1
57,State-gov,290661,Doctorate,16,Divorced,Prof-specialty,Not-in-family,White,Male,0,0,60,United-States,1
25,Private,208591,HS-grad,9,Never-married,Machine-op-inspct,Own-child,White,Male,0,0,40,United-States,0
47,Self-emp-not-inc,191175,5th-6th,3,Married-civ-spouse,Sales,Husband,White,Male,0,2179,50,Mexico,0
25,Private,233461,Assoc-acdm,12,Never-married,Tech-support,Not-in-family,White,Male,0,0,30,United-States,0
36,Federal-gov,68781,Some-college,10,Married-civ-spouse,Adm-clerical,Husband,White,Male,0,0,35,United-States,0
19,Private,175820,11th,7,Never-married,Handlers-cleaners,Own-child,White,Male,0,0,25,United-States,0
29,Self-emp-not-inc,162298,Bachelors,13,Married-civ-spouse,Sales,Husband,White,Male,0,0,70,United-States,1
61,Self-emp-inc,171831,HS-grad,9,Married-civ-spouse,Exec-managerial,Husband,White,Male,2829,0,45,United-States,0
23,Private,70261,Some-college,10,Never-married,Other-service,Own-child,White,Male,0,0,30,United-States,0
21,Private,152246,Some-college,10,Never-married,Handlers-cleaners,Own-child,Asian-Pac-Islander,Male,0,0,40,Philippines,0
38,Private,175972,Some-college,10,Married-civ-spouse,Other-service,Wife,White,Female,0,0,40,United-States,0
32,Private,96016,Bachelors,13,Never-married,Prof-specialty,Not-in-family,White,Male,0,0,45,United-States,0
62,State-gov,39630,Bachelors,13,Married-civ-spouse,Prof-specialty,Husband,White,Male,0,0,40,United-States,0
73,Private,336007,Bachelors,13,Married-civ-spouse,Prof-specialty,Husband,White,Male,0,2246,40,United-States,1
38,Private,161066,HS-grad,9,Divorced,Craft-repair,Not-in-family,Amer-Indian-Eskimo,Male,0,0,50,United-States,0
52,Private,245275,10th,6,Married-civ-spouse,Other-service,Wife,White,Female,0,0,35,United-States,0
18,Private,109702,Some-college,10,Never-married,Sales,Own-child,White,Female,0,0,30,United-States,0
46,Self-emp-not-inc,177407,HS-grad,9,Married-civ-spouse,Sales,Husband,White,Male,0,0,50,United-States,0
30,State-gov,180283,HS-grad,9,Never-married,Other-service,Not-in-family,Black,Female,0,0,40,United-States,0
28,Local-gov,56340,Masters,14,Never-married,Prof-specialty,Not-in-family,White,Female,0,0,40,United-States,0
43,Private,219424,Bachelors,13,Never-married,Exec-managerial,Not-in-family,Black,Female,0,0,50,United-States,1
63,Private,101077,Assoc-acdm,12,Married-spouse-absent,Adm-clerical,Other-relative,White,Female,0,0,35,United-States,0
33,Private,113364,HS-grad,9,Divorced,Adm-clerical,Own-child,White,Male,0,0,40,United-States,0
49,Self-emp-inc,191277,Some-college,10,Married-civ-spouse,Exec-managerial,Husband,White,Male,15024,0,50,United-States,1
60,Private,232337,7th-8th,4,Divorced,Machine-op-inspct,Not-in-family,White,Male,0,0,40,United-States,0
36,Private,297335,Bachelors,13,Never-married,Sales,Not-in-family,Asian-Pac-Islander,Female,0,0,50,China,0
65,Private,469602,Bachelors,13,Married-civ-spouse,Sales,Husband,White,Male,0,0,15,United-States,0
23,Private,340543,Bachelors,13,Never-married,Exec-managerial,Not-in-family,White,Female,0,0,38,United-States,0
24,Private,53942,Bachelors,13,Married-civ-spouse,Machine-op-inspct,Husband,White,Male,0,0,40,United-States,0
47,Private,107460,HS-grad,9,Separated,Exec-managerial,Unmarried,White,Female,0,0,37,United-States,0
48,Private,145041,HS-grad,9,Never-married,Machine-op-inspct,Other-relative,White,Male,0,0,40,Dominican-Republic,0
48,Federal-gov,147397,HS-grad,9,Married-civ-spouse,Adm-clerical,Husband,White,Male,0,0,36,United-States,0
54,Private,174102,Bachelors,13,Married-civ-spouse,Exec-managerial,Husband,White,Male,0,0,40,United-States,1
72,Local-gov,259762,HS-grad,9,Married-civ-spouse,Exec-managerial,Husband,White,Male,2290,0,10,United-States,0
35,Private,186815,HS-grad,9,Married-civ-spouse,Machine-op-inspct,Husband,White,Male,0,0,40,United-States,0
18,Private,193290,Some-college,10,Never-married,Other-service,Own-child,White,Male,0,1721,20,United-States,0
39,Private,76767,Some-college,10,Divorced,Adm-clerical,Not-in-family,White,Female,0,0,60,United-States,0
63,Private,188914,HS-grad,9,Widowed,Machine-op-inspct,Other-relative,Black,Female,0,0,40,Haiti,0
26,Local-gov,386949,HS-grad,9,Divorced,Adm-clerical,Unmarried,White,Female,0,0,25,United-States,0
58,Private,126104,Masters,14,Divorced,Adm-clerical,Not-in-family,White,Female,0,1980,45,United-States,0
27,Private,32519,Some-college,10,Married-civ-spouse,Sales,Husband,Asian-Pac-Islander,Male,0,0,55,South,0
29,Private,274010,Some-college,10,Never-married,Prof-specialty,Not-in-family,White,Male,0,0,45,United-States,0
30,Private,46712,HS-grad,9,Divorced,Other-service,Not-in-family,White,Female,0,0,40,United-States,0
39,Private,202027,Prof-school,15,Married-civ-spouse,Prof-specialty,Husband,White,Male,0,0,45,United-States,1
48,Federal-gov,156410,HS-grad,9,Married-civ-spouse,Adm-clerical,Husband,Black,Male,0,0,50,United-States,1
39,Private,111268,Bachelors,13,Never-married,Adm-clerical,Own-child,White,Female,0,0,40,United-States,0
46,State-gov,111163,HS-grad,9,Separated,Adm-clerical,Unmarried,White,Female,0,0,38,United-States,0
52,Private,389270,Some-college,10,Married-civ-spouse,Adm-clerical,Wife,White,Female,0,0,35,United-States,1
21,Private,231931,Some-college,10,Never-married,Sales,Own-child,White,Male,0,0,45,United-States,0
72,Self-emp-not-inc,52138,Doctorate,16,Married-civ-spouse,Prof-specialty,Husband,White,Male,0,2392,25,United-States,1
35,Self-emp-not-inc,42044,Assoc-acdm,12,Married-civ-spouse,Craft-repair,Husband,White,Male,0,0,40,United-States,0
41,Private,121718,Assoc-voc,11,Married-civ-spouse,Tech-support,Husband,White,Male,0,1848,48,United-States,1
33,Self-emp-not-inc,123424,Bachelors,13,Married-civ-spouse,Exec-managerial,Husband,White,Male,0,0,40,United-States,1
19,Private,97261,HS-grad,9,Never-married,Farming-fishing,Not-in-family,White,Male,0,0,40,United-States,0
59,Private,195176,Bachelors,13,Married-civ-spouse,Sales,Husband,White,Male,0,0,72,United-States,0
18,Private,120029,HS-grad,9,Never-married,Other-service,Own-child,White,Female,0,0,40,United-States,0
41,Private,123403,HS-grad,9,Married-civ-spouse,Adm-clerical,Husband,White,Male,0,0,40,United-States,0
35,Self-emp-not-inc,361888,Bachelors,13,Married-civ-spouse,Sales,Husband,White,Male,0,0,60,Japan,0
47,Private,104068,HS-grad,9,Divorced,Prof-specialty,Unmarried,Amer-Indian-Eskimo,Female,0,0,40,United-States,0
54,Local-gov,163557,HS-grad,9,Never-married,Adm-clerical,Not-in-family,White,Female,0,0,30,United-States,0
57,Private,34269,HS-grad,9,Widowed,Transport-moving,Unmarried,White,Male,0,653,42,United-States,1
70,Private,176285,HS-grad,9,Divorced,Other-service,Not-in-family,White,Female,0,0,23,United-States,0
36,Federal-gov,403489,Masters,14,Married-civ-spouse,Prof-specialty,Husband,White,Male,0,0,45,United-States,1
52,Private,114971,Some-college,10,Married-civ-spouse,Craft-repair,Husband,White,Male,0,0,40,United-States,1
26,Private,335998,HS-grad,9,Never-married,Sales,Not-in-family,White,Female,0,0,38,United-States,0
39,State-gov,42186,HS-grad,9,Married-civ-spouse,Adm-clerical,Wife,Asian-Pac-Islander,Female,3464,0,20,United-States,0
34,Private,258675,HS-grad,9,Never-married,Transport-moving,Own-child,White,Male,0,0,40,United-States,0
28,Private,383322,Assoc-voc,11,Married-civ-spouse,Machine-op-inspct,Husband,White,Male,0,0,40,United-States,1
61,Private,130684,Some-college,10,Married-civ-spouse,Prof-specialty,Husband,White,Male,0,0,42,United-States,0
39,Private,104089,Assoc-voc,11,Married-civ-spouse,Craft-repair,Husband,White,Male,0,0,50,United-States,1
38,Private,290306,HS-grad,9,Married-civ-spouse,Craft-repair,Husband,White,Male,0,0,40,United-States,1
23,Private,163870,Some-college,10,Never-married,Craft-repair,Own-child,White,Male,0,0,40,United-States,0
30,Private,182771,Masters,14,Married-civ-spouse,Prof-specialty,Husband,Asian-Pac-Islander,Male,0,0,40,United-States,1
20,Private,243878,Some-college,10,Never-married,Craft-repair,Own-child,White,Male,0,0,40,United-States,0
34,Private,175856,Bachelors,13,Married-civ-spouse,Exec-managerial,Husband,White,Male,3103,0,55,United-States,1
21,Private,162228,Some-college,10,Never-married,Adm-clerical,Own-child,White,Male,0,0,40,United-States,0
31,Private,122609,HS-grad,9,Divorced,Adm-clerical,Unmarried,White,Female,0,0,40,United-States,0
58,Federal-gov,72998,11th,7,Divorced,Craft-repair,Not-in-family,Black,Female,14084,0,40,United-States,1
35,Private,252897,Assoc-acdm,12,Never-married,Adm-clerical,Not-in-family,White,Female,14344,0,40,United-States,1
34,Private,260560,HS-grad,9,Married-civ-spouse,Machine-op-inspct,Husband,White,Male,0,0,40,United-States,0
39,Self-emp-inc,131288,Assoc-acdm,12,Married-civ-spouse,Sales,Husband,White,Male,5178,0,48,United-States,1
28,Private,184831,Some-college,10,Married-civ-spouse,Exec-managerial,Husband,White,Male,0,0,40,United-States,0
27,Private,188576,Bachelors,13,Separated,Prof-specialty,Not-in-family,Asian-Pac-Islander,Male,0,0,40,Philippines,1
29,Private,118337,HS-grad,9,Married-civ-spouse,Transport-moving,Husband,White,Male,0,0,60,United-States,0
26,Private,190650,Bachelors,13,Never-married,Adm-clerical,Own-child,Asian-Pac-Islander,Male,0,0,40,Taiwan,0
26,Private,35917,Some-college,10,Never-married,Transport-moving,Not-in-family,White,Male,0,0,50,United-States,0
38,Local-gov,116580,Bachelors,13,Married-civ-spouse,Prof-specialty,Wife,White,Female,0,0,20,United-States,1
17,Private,198124,11th,7,Never-married,Sales,Own-child,White,Male,0,0,20,United-States,0
17,Private,206010,12th,8,Never-married,Other-service,Own-child,White,Female,0,0,8,United-States,0
32,Private,34066,10th,6,Married-civ-spouse,Handlers-cleaners,Husband,Amer-Indian-Eskimo,Male,0,0,40,United-States,0
40,Private,188465,HS-grad,9,Divorced,Other-service,Not-in-family,White,Female,0,0,35,United-States,0
38,Private,376025,7th-8th,4,Married-civ-spouse,Farming-fishing,Husband,White,Male,0,0,40,United-States,0
35,Private,316141,Some-college,10,Divorced,Prof-specialty,Unmarried,White,Female,7443,0,40,United-States,0
35,Private,184655,Bachelors,13,Never-married,Prof-specialty,Not-in-family,White,Male,0,0,40,United-States,0
42,Private,70055,11th,7,Married-civ-spouse,Transport-moving,Husband,White,Male,0,0,45,United-States,0
58,Private,49893,Some-college,10,Married-civ-spouse,Sales,Husband,White,Male,0,0,45,United-States,0
32,Federal-gov,83413,Bachelors,13,Married-civ-spouse,Adm-clerical,Husband,White,Male,0,0,35,United-States,1
38,Local-gov,177305,Bachelors,13,Married-civ-spouse,Prof-specialty,Husband,White,Male,0,0,38,United-States,0
38,Private,171344,11th,7,Married-spouse-absent,Transport-moving,Own-child,White,Male,0,0,36,Mexico,0
19,Federal-gov,30559,HS-grad,9,Married-AF-spouse,Sales,Wife,White,Female,0,0,40,United-States,0
50,Private,118058,Some-college,10,Married-civ-spouse,Transport-moving,Husband,White,Male,0,0,50,United-States,0
18,Private,240747,HS-grad,9,Never-married,Machine-op-inspct,Own-child,White,Female,0,0,40,Dominican-Republic,0
47,Self-emp-not-inc,28035,Some-college,10,Married-civ-spouse,Farming-fishing,Husband,White,Male,0,0,86,United-States,0
43,Private,39581,HS-grad,9,Never-married,Other-service,Not-in-family,Black,Female,0,0,45,United-States,0
25,Private,220098,HS-grad,9,Never-married,Other-service,Own-child,White,Male,0,0,30,United-States,0
43,Private,253759,Some-college,10,Married-civ-spouse,Tech-support,Wife,Black,Female,0,0,40,United-States,0
44,Private,322391,11th,7,Separated,Other-service,Unmarried,Black,Female,0,0,30,United-States,0
52,Federal-gov,23780,Some-college,10,Divorced,Adm-clerical,Not-in-family,White,Male,0,0,40,United-States,0
23,Private,145389,Some-college,10,Married-civ-spouse,Sales,Wife,White,Female,0,0,40,United-States,0
48,Private,128796,Assoc-acdm,12,Married-civ-spouse,Exec-managerial,Husband,White,Male,0,0,40,United-States,1
31,Private,286675,HS-grad,9,Divorced,Craft-repair,Own-child,White,Male,0,0,50,United-States,0
45,Private,81400,1st-4th,2,Married-civ-spouse,Other-service,Wife,White,Female,0,0,25,El-Salvador,0
20,Private,138768,HS-grad,9,Never-married,Transport-moving,Own-child,White,Male,0,0,30,United-States,0
35,Self-emp-not-inc,269300,Bachelors,13,Never-married,Other-service,Not-in-family,Black,Female,0,0,60,United-States,0
40,Local-gov,166893,Bachelors,13,Married-civ-spouse,Protective-serv,Husband,Black,Male,0,0,40,United-States,1
36,Private,93225,Bachelors,13,Never-married,Craft-repair,Not-in-family,White,Male,0,0,35,United-States,0
28,State-gov,445824,Masters,14,Married-civ-spouse,Prof-specialty,Wife,White,Female,0,0,50,United-States,1
39,Federal-gov,206190,HS-grad,9,Never-married,Exec-managerial,Unmarried,White,Female,0,0,45,United-States,0
36,Private,179666,12th,8,Married-civ-spouse,Craft-repair,Husband,Other,Male,0,0,40,United-States,0
30,Private,393965,Assoc-acdm,12,Divorced,Adm-clerical,Not-in-family,White,Female,0,0,25,United-States,0
40,Private,190122,Some-college,10,Separated,Adm-clerical,Not-in-family,White,Female,0,0,40,United-States,0
21,Private,300812,Some-college,10,Never-married,Other-service,Own-child,White,Male,0,0,25,United-States,0
44,Private,323627,Bachelors,13,Never-married,Exec-managerial,Not-in-family,White,Female,0,0,5,United-States,0
42,Private,177989,HS-grad,9,Married-civ-spouse,Craft-repair,Husband,White,Male,0,0,40,United-States,0
35,Private,205852,HS-grad,9,Married-civ-spouse,Handlers-cleaners,Husband,White,Male,0,0,40,United-States,0
44,Private,419134,HS-grad,9,Divorced,Adm-clerical,Unmarried,Black,Female,0,0,40,United-States,0
37,State-gov,117651,Bachelors,13,Never-married,Prof-specialty,Other-relative,White,Male,0,0,40,United-States,0
39,Private,190719,Some-college,10,Divorced,Sales,Not-in-family,White,Male,0,0,45,United-States,0
42,Private,42346,HS-grad,9,Widowed,Exec-managerial,Not-in-family,Black,Female,0,0,35,United-States,0
19,Private,68552,HS-grad,9,Never-married,Handlers-cleaners,Own-child,White,Male,0,0,30,United-States,0
18,Private,205004,Some-college,10,Never-married,Other-service,Own-child,White,Male,0,0,26,United-States,0
48,Private,349151,HS-grad,9,Married-civ-spouse,Craft-repair,Husband,White,Male,0,0,40,United-States,0
41,Private,222596,Bachelors,13,Married-civ-spouse,Sales,Husband,White,Male,15024,0,45,United-States,1
38,Private,22245,HS-grad,9,Married-civ-spouse,Exec-managerial,Husband,White,Male,0,0,60,United-States,1
50,Private,187830,Bachelors,13,Never-married,Exec-managerial,Not-in-family,White,Male,0,0,50,United-States,1
47,Private,133969,Bachelors,13,Married-civ-spouse,Exec-managerial,Husband,Asian-Pac-Islander,Male,2885,0,65,Japan,0
41,Private,264663,Some-college,10,Separated,Prof-specialty,Own-child,White,Female,0,3900,40,United-States,0
24,Private,461678,Some-college,10,Married-civ-spouse,Farming-fishing,Husband,White,Male,0,0,50,United-States,1
50,Private,160724,Masters,14,Married-civ-spouse,Exec-managerial,Husband,Asian-Pac-Islander,Male,7298,0,40,Philippines,1
47,Private,139268,HS-grad,9,Married-civ-spouse,Tech-support,Husband,White,Male,0,0,40,United-States,0
21,State-gov,204425,Some-college,10,Never-married,Exec-managerial,Own-child,White,Female,0,0,20,United-States,0
22,Private,137591,Some-college,10,Never-married,Sales,Own-child,White,Male,0,0,35,United-States,0
22,Private,215395,Some-college,10,Never-married,Other-service,Not-in-family,White,Male,0,1602,10,United-States,0
20,Self-emp-not-inc,188274,Some-college,10,Never-married,Prof-specialty,Own-child,White,Male,0,0,10,United-States,0
28,Private,192283,Masters,14,Married-spouse-absent,Sales,Not-in-family,White,Female,0,0,80,United-States,1
28,Private,190067,Bachelors,13,Never-married,Prof-specialty,Own-child,White,Female,0,1564,40,United-States,1
37,State-gov,150566,HS-grad,9,Separated,Craft-repair,Not-in-family,White,Male,0,0,44,United-States,0
44,Private,163331,Some-college,10,Widowed,Adm-clerical,Unmarried,White,Female,0,0,32,United-States,0
44,Private,278476,Some-college,10,Married-civ-spouse,Sales,Husband,White,Male,0,0,60,United-States,1
57,Private,140426,Doctorate,16,Married-civ-spouse,Tech-support,Husband,White,Male,0,1977,40,Germany,1
44,Private,187629,Assoc-acdm,12,Never-married,Craft-repair,Not-in-family,White,Male,0,0,25,United-States,0
43,Private,182254,Some-college,10,Divorced,Prof-specialty,Unmarried,White,Female,0,0,40,United-States,0
51,Private,34361,Some-college,10,Married-civ-spouse,Exec-managerial,Wife,White,Female,0,0,20,United-States,1
22,Private,378104,HS-grad,9,Never-married,Handlers-cleaners,Own-child,White,Male,0,0,40,United-States,0
37,Private,176293,Some-college,10,Married-spouse-absent,Prof-specialty,Not-in-family,White,Female,0,0,30,United-States,0
48,Private,207058,HS-grad,9,Divorced,Adm-clerical,Unmarried,White,Female,0,0,37,United-States,0
27,Private,42734,Some-college,10,Never-married,Other-service,Not-in-family,White,Male,0,0,25,United-States,0
27,Private,185670,Bachelors,13,Married-civ-spouse,Sales,Husband,White,Male,0,0,60,United-States,1
34,Private,499249,HS-grad,9,Married-spouse-absent,Handlers-cleaners,Not-in-family,White,Male,0,0,40,Guatemala,0
37,Private,377798,Some-college,10,Married-civ-spouse,Craft-repair,Husband,White,Male,3103,0,40,United-States,1
28,Private,247445,HS-grad,9,Never-married,Adm-clerical,Not-in-family,White,Male,0,0,40,United-States,0
45,Private,172960,Some-college,10,Divorced,Protective-serv,Not-in-family,White,Male,0,0,70,United-States,0
32,Private,168443,Masters,14,Married-civ-spouse,Exec-managerial,Wife,White,Female,0,0,40,United-States,0
54,Private,103700,HS-grad,9,Widowed,Other-service,Unmarried,White,Female,0,0,40,United-States,0
60,Self-emp-not-inc,184362,HS-grad,9,Married-civ-spouse,Sales,Wife,White,Female,0,0,25,United-States,0
52,Private,23780,Assoc-voc,11,Married-civ-spouse,Exec-managerial,Husband,White,Male,0,1977,45,United-States,1
67,Private,397831,Some-college,10,Married-civ-spouse,Exec-managerial,Husband,White,Male,0,1539,40,United-States,0
46,Local-gov,140219,Masters,14,Divorced,Prof-specialty,Not-in-family,White,Female,8614,0,55,United-States,1
33,Private,312881,Bachelors,13,Married-civ-spouse,Prof-specialty,Husband,Black,Male,0,0,40,United-States,1
27,Private,192936,HS-grad,9,Divorced,Adm-clerical,Unmarried,White,Female,0,0,40,United-States,0
23,Private,169188,Some-college,10,Married-civ-spouse,Exec-managerial,Wife,White,Female,0,0,25,United-States,0
44,Private,162028,11th,7,Divorced,Sales,Unmarried,White,Female,0,0,44,United-States,0
35,Private,56352,Assoc-voc,11,Married-civ-spouse,Other-service,Husband,White,Male,0,0,40,Puerto-Rico,0
30,Self-emp-not-inc,45796,Some-college,10,Married-civ-spouse,Machine-op-inspct,Husband,White,Male,0,0,40,United-States,0
26,Private,311497,Bachelors,13,Never-married,Exec-managerial,Not-in-family,White,Female,0,0,40,United-States,0
25,Private,122999,HS-grad,9,Never-married,Craft-repair,Other-relative,White,Male,0,0,40,United-States,0
40,Private,346189,Doctorate,16,Married-civ-spouse,Prof-specialty,Husband,White,Male,0,0,40,United-States,1
23,Private,106957,11th,7,Never-married,Craft-repair,Own-child,Asian-Pac-Islander,Male,14344,0,40,Vietnam,1
40,Private,326310,Some-college,10,Married-civ-spouse,Craft-repair,Husband,White,Male,0,0,44,United-States,0
38,Private,196123,HS-grad,9,Married-civ-spouse,Craft-repair,Husband,White,Male,0,0,50,United-States,0
90,Local-gov,187749,Assoc-acdm,12,Married-civ-spouse,Adm-clerical,Husband,Asian-Pac-Islander,Male,0,0,20,Philippines,0
54,State-gov,93415,Bachelors,13,Never-married,Prof-specialty,Unmarried,Asian-Pac-Islander,Female,0,0,40,United-States,1
36,Private,273604,Bachelors,13,Never-married,Other-service,Not-in-family,White,Female,0,0,40,United-States,0
51,Private,138358,10th,6,Divorced,Craft-repair,Not-in-family,Black,Female,0,0,35,United-States,0
64,Private,91343,Some-college,10,Widowed,Tech-support,Unmarried,White,Female,0,0,40,United-States,0
31,State-gov,181824,Bachelors,13,Married-civ-spouse,Prof-specialty,Wife,White,Female,0,1902,35,United-States,1
29,Private,282944,Doctorate,16,Married-civ-spouse,Prof-specialty,Husband,White,Male,0,0,50,United-States,1
45,Federal-gov,201127,Some-college,10,Married-civ-spouse,Prof-specialty,Husband,White,Male,0,0,56,United-States,1
34,Private,69491,HS-grad,9,Married-civ-spouse,Other-service,Husband,White,Male,0,0,40,United-States,0
33,State-gov,290614,HS-grad,9,Married-civ-spouse,Other-service,Husband,White,Male,0,0,40,United-States,0
38,Private,114591,Bachelors,13,Married-civ-spouse,Prof-specialty,Wife,White,Female,15024,0,40,United-States,1
27,Private,214695,HS-grad,9,Never-married,Sales,Own-child,Black,Male,0,0,60,United-States,0
30,Local-gov,182926,Some-college,10,Married-civ-spouse,Protective-serv,Husband,White,Male,15024,0,40,United-States,1
67,Private,49401,Assoc-voc,11,Divorced,Other-service,Not-in-family,White,Female,0,0,24,United-States,0
25,Private,262778,Masters,14,Never-married,Other-service,Not-in-family,White,Female,0,0,37,United-States,0
50,Private,77905,Bachelors,13,Divorced,Adm-clerical,Not-in-family,White,Female,0,0,8,United-States,0
27,Private,200928,Some-college,10,Never-married,Sales,Own-child,White,Male,0,0,22,United-States,0
42,Private,111949,HS-grad,9,Married-civ-spouse,Adm-clerical,Wife,White,Female,0,0,35,United-States,0
24,Private,280960,HS-grad,9,Married-civ-spouse,Machine-op-inspct,Wife,White,Female,0,0,24,United-States,0
33,Private,256362,Some-college,10,Never-married,Other-service,Not-in-family,White,Male,0,0,35,United-States,0
57,Private,562558,HS-grad,9,Divorced,Adm-clerical,Unmarried,White,Female,0,0,40,United-States,0
35,Self-emp-not-inc,216129,12th,8,Never-married,Other-service,Not-in-family,Black,Female,0,0,40,Trinadad&Tobago,0
31,Self-emp-not-inc,369648,Assoc-acdm,12,Married-civ-spouse,Craft-repair,Not-in-family,White,Male,0,0,50,United-States,1
23,State-gov,335453,Bachelors,13,Never-married,Tech-support,Not-in-family,White,Female,0,0,20,United-States,0
21,Private,116788,HS-grad,9,Never-married,Craft-repair,Own-child,White,Male,0,0,40,United-States,0
57,Self-emp-inc,376230,Masters,14,Married-civ-spouse,Sales,Husband,White,Male,99999,0,40,United-States,1
31,Private,213750,Some-college,10,Never-married,Sales,Not-in-family,White,Male,0,0,45,United-States,0
28,Local-gov,304960,Assoc-acdm,12,Never-married,Adm-clerical,Not-in-family,White,Female,0,1980,40,United-States,0
28,Private,36601,Some-college,10,Never-married,Other-service,Unmarried,White,Female,0,0,35,United-States,0
32,Private,235124,Some-college,10,Married-civ-spouse,Protective-serv,Husband,White,Male,0,0,46,Dominican-Republic,0
36,Private,359678,HS-grad,9,Never-married,Machine-op-inspct,Not-in-family,Black,Female,0,0,48,United-States,0
42,Private,54611,Some-college,10,Divorced,Farming-fishing,Not-in-family,White,Male,0,0,40,United-States,0
28,Self-emp-not-inc,282398,HS-grad,9,Divorced,Craft-repair,Not-in-family,White,Male,0,0,35,United-States,0
59,Private,118358,HS-grad,9,Married-civ-spouse,Craft-repair,Husband,White,Male,0,0,40,United-States,1
76,Self-emp-not-inc,225964,Some-college,10,Widowed,Sales,Not-in-family,White,Male,0,0,8,United-States,0
31,Federal-gov,108464,Assoc-acdm,12,Married-civ-spouse,Tech-support,Husband,White,Male,0,0,40,United-States,0
39,Self-emp-not-inc,122353,Bachelors,13,Married-civ-spouse,Exec-managerial,Husband,White,Male,0,0,40,United-States,0
30,Private,114691,Bachelors,13,Never-married,Adm-clerical,Other-relative,White,Male,0,0,40,United-States,0
45,Private,36006,Bachelors,13,Married-civ-spouse,Craft-repair,Husband,White,Male,0,0,45,United-States,1
90,Local-gov,153602,HS-grad,9,Married-civ-spouse,Other-service,Husband,White,Male,6767,0,40,United-States,0
63,Federal-gov,124244,HS-grad,9,Widowed,Handlers-cleaners,Not-in-family,Black,Male,0,0,40,United-States,0
32,Private,313835,Masters,14,Married-civ-spouse,Prof-specialty,Husband,White,Male,0,0,40,United-States,1
31,Private,232475,Some-college,10,Married-civ-spouse,Adm-clerical,Husband,White,Male,0,0,40,United-States,0
36,Private,151835,HS-grad,9,Married-civ-spouse,Other-service,Husband,White,Male,0,0,60,United-States,1
22,Private,31387,Bachelors,13,Married-civ-spouse,Adm-clerical,Own-child,Amer-Indian-Eskimo,Female,2885,0,25,United-States,0
60,Private,185749,11th,7,Widowed,Transport-moving,Unmarried,Black,Male,0,0,40,United-States,0
35,Private,270059,Some-college,10,Divorced,Sales,Unmarried,White,Female,0,0,30,United-States,0
23,Private,250630,Masters,14,Never-married,Prof-specialty,Not-in-family,White,Female,0,0,30,United-States,0
58,Local-gov,239405,5th-6th,3,Divorced,Other-service,Other-relative,Black,Female,0,0,40,Haiti,0
59,Local-gov,53304,Bachelors,13,Married-civ-spouse,Prof-specialty,Husband,White,Male,0,0,50,United-States,1
20,Private,140764,Some-college,10,Never-married,Other-service,Own-child,White,Female,0,0,20,United-States,0
49,Local-gov,288548,Masters,14,Separated,Prof-specialty,Unmarried,White,Female,0,0,50,United-States,0
28,Local-gov,127491,HS-grad,9,Separated,Adm-clerical,Not-in-family,White,Female,5721,0,40,United-States,0
26,Private,250038,Some-college,10,Married-civ-spouse,Adm-clerical,Husband,White,Male,0,0,40,United-States,1
51,State-gov,172281,Bachelors,13,Married-civ-spouse,Exec-managerial,Husband,White,Male,0,0,35,United-States,1
37,Self-emp-not-inc,241998,Bachelors,13,Married-civ-spouse,Prof-specialty,Husband,White,Male,0,0,5,United-States,1
20,Private,493443,11th,7,Never-married,Handlers-cleaners,Not-in-family,White,Male,0,0,40,United-States,0
23,Private,141264,Some-college,10,Never-married,Exec-managerial,Other-relative,Black,Female,0,0,40,United-States,0
26,Private,155213,Bachelors,13,Never-married,Prof-specialty,Not-in-family,White,Male,0,0,48,United-States,0
40,Private,189666,HS-grad,9,Married-civ-spouse,Other-service,Husband,White,Male,0,0,45,United-States,0
32,Private,311524,HS-grad,9,Never-married,Craft-repair,Own-child,Black,Male,0,0,38,United-States,0
31,Private,265706,Bachelors,13,Never-married,Sales,Not-in-family,White,Male,0,0,40,United-States,0
27,Private,278617,Some-college,10,Never-married,Craft-repair,Not-in-family,White,Male,0,0,40,United-States,0
34,Private,181388,HS-grad,9,Divorced,Adm-clerical,Not-in-family,White,Female,0,0,40,United-States,0
41,Self-emp-not-inc,438696,Masters,14,Divorced,Sales,Unmarried,White,Male,0,0,5,United-States,1
90,Private,115306,Masters,14,Never-married,Exec-managerial,Own-child,White,Female,0,0,40,United-States,0
25,Private,202033,Bachelors,13,Married-civ-spouse,Prof-specialty,Husband,White,Male,0,0,40,United-States,0
20,Private,196745,Some-college,10,Never-married,Other-service,Own-child,White,Female,594,0,16,United-States,0
48,Private,191858,Some-college,10,Married-civ-spouse,Craft-repair,Husband,White,Male,0,0,40,United-States,0
35,Private,158046,Some-college,10,Married-civ-spouse,Sales,Husband,White,Male,5013,0,70,United-States,0
26,Private,105059,9th,5,Married-civ-spouse,Craft-repair,Husband,White,Male,0,0,20,United-States,0
54,Private,172962,Bachelors,13,Divorced,Prof-specialty,Not-in-family,White,Male,0,1340,40,United-States,0
32,Private,143604,10th,6,Married-spouse-absent,Other-service,Not-in-family,Black,Female,0,0,37,United-States,0
39,Private,150061,Masters,14,Divorced,Exec-managerial,Unmarried,Black,Female,15020,0,60,United-States,1
51,Private,183611,Assoc-acdm,12,Divorced,Exec-managerial,Unmarried,White,Male,0,0,55,Germany,0
43,Private,96421,Bachelors,13,Divorced,Prof-specialty,Unmarried,White,Female,0,0,24,Outlying-US(Guam-USVI-etc),0
36,Private,89202,Bachelors,13,Never-married,Prof-specialty,Own-child,White,Male,0,0,50,United-States,0
28,Private,192588,HS-grad,9,Married-civ-spouse,Machine-op-inspct,Husband,White,Male,0,0,40,United-States,0
43,Private,26915,Assoc-voc,11,Married-civ-spouse,Exec-managerial,Husband,White,Male,0,0,45,United-States,1
60,Private,142494,Some-college,10,Married-civ-spouse,Exec-managerial,Husband,White,Male,15024,0,40,United-States,1
29,Private,413227,Bachelors,13,Never-married,Other-service,Not-in-family,White,Male,0,0,35,United-States,0
30,Self-emp-inc,117570,HS-grad,9,Divorced,Other-service,Not-in-family,White,Female,0,0,60,United-States,0
50,Private,200960,Some-college,10,Married-civ-spouse,Sales,Husband,White,Male,0,0,50,United-States,0
44,Self-emp-not-inc,216921,10th,6,Married-civ-spouse,Other-service,Husband,White,Male,0,0,70,United-States,0
30,Self-emp-not-inc,257295,Some-college,10,Never-married,Sales,Other-relative,Asian-Pac-Islander,Male,0,2258,40,South,0
56,Self-emp-inc,184598,9th,5,Married-civ-spouse,Transport-moving,Husband,White,Male,0,0,99,United-States,0
23,Local-gov,177265,HS-grad,9,Never-married,Other-service,Own-child,White,Female,0,0,45,United-States,0
20,Private,262749,Some-college,10,Never-married,Other-service,Own-child,White,Male,0,0,35,United-States,0
21,Private,119156,Some-college,10,Never-married,Machine-op-inspct,Own-child,White,Male,0,0,20,United-States,0
47,Local-gov,285060,Masters,14,Married-civ-spouse,Exec-managerial,Husband,White,Male,0,1977,41,United-States,1
37,Private,162424,HS-grad,9,Married-civ-spouse,Craft-repair,Husband,White,Male,0,0,45,United-States,0
70,Private,216390,9th,5,Married-civ-spouse,Machine-op-inspct,Wife,White,Female,2653,0,40,United-States,0
20,Private,123901,HS-grad,9,Never-married,Craft-repair,Own-child,White,Female,0,0,40,United-States,0
31,Local-gov,33124,Bachelors,13,Never-married,Prof-specialty,Not-in-family,White,Female,0,0,50,United-States,0
25,Private,254933,11th,7,Married-civ-spouse,Transport-moving,Husband,White,Male,0,0,40,United-States,0
39,Private,202683,Bachelors,13,Married-civ-spouse,Adm-clerical,Husband,White,Male,0,0,40,United-States,0
40,Private,55191,Some-college,10,Never-married,Adm-clerical,Not-in-family,Black,Female,0,0,40,United-States,0
37,Private,259284,HS-grad,9,Never-married,Transport-moving,Not-in-family,Black,Male,0,0,50,United-States,0
30,Private,110594,HS-grad,9,Divorced,Adm-clerical,Own-child,White,Female,0,0,40,United-States,0
27,Private,223751,Some-college,10,Never-married,Craft-repair,Not-in-family,White,Male,0,0,45,United-States,0
24,Private,121023,Bachelors,13,Never-married,Prof-specialty,Not-in-family,White,Female,0,0,40,United-States,0
36,Private,49626,HS-grad,9,Married-civ-spouse,Exec-managerial,Husband,White,Male,0,0,40,United-States,0
19,Private,299050,Some-college,10,Never-married,Adm-clerical,Own-child,White,Male,0,0,20,United-States,0
42,Local-gov,121718,Masters,14,Married-civ-spouse,Exec-managerial,Husband,White,Male,0,1902,60,United-States,1
46,Private,98012,Assoc-voc,11,Divorced,Adm-clerical,Not-in-family,White,Female,0,0,40,United-States,0
24,Private,221955,Bachelors,13,Married-civ-spouse,Sales,Other-relative,White,Male,0,0,40,United-States,0
48,Private,239058,12th,8,Widowed,Handlers-cleaners,Unmarried,White,Female,0,0,50,United-States,0
34,Private,125279,HS-grad,9,Married-civ-spouse,Transport-moving,Husband,White,Male,0,0,40,United-States,0
41,Federal-gov,185616,HS-grad,9,Never-married,Adm-clerical,Not-in-family,White,Female,0,1980,40,United-States,0
20,Private,379198,HS-grad,9,Never-married,Other-service,Other-relative,Other,Male,0,0,40,Mexico,0
41,State-gov,175537,Some-college,10,Divorced,Machine-op-inspct,Not-in-family,Black,Female,0,0,38,United-States,0
30,Private,190385,Bachelors,13,Married-civ-spouse,Other-service,Wife,White,Female,0,0,40,United-States,1
43,Private,119721,Bachelors,13,Married-civ-spouse,Exec-managerial,Husband,White,Male,0,0,40,United-States,0
49,State-gov,207120,HS-grad,9,Married-civ-spouse,Handlers-cleaners,Husband,White,Male,0,0,40,United-States,1
18,Self-emp-inc,147612,HS-grad,9,Never-married,Farming-fishing,Own-child,White,Female,0,0,8,United-States,0
50,Private,195638,10th,6,Separated,Adm-clerical,Unmarried,White,Female,0,0,40,United-States,0
33,Private,133503,HS-grad,9,Married-civ-spouse,Sales,Husband,White,Male,0,1977,45,United-States,1
19,Private,35865,Some-college,10,Never-married,Other-service,Not-in-family,White,Female,0,0,30,United-States,0
30,Private,284395,HS-grad,9,Married-civ-spouse,Craft-repair,Husband,White,Male,0,0,50,United-States,0
23,Private,162228,HS-grad,9,Never-married,Transport-moving,Own-child,White,Male,0,0,40,United-States,0
26,Private,40915,Bachelors,13,Never-married,Other-service,Not-in-family,White,Female,0,0,25,United-States,0
51,State-gov,226885,HS-grad,9,Never-married,Transport-moving,Not-in-family,White,Male,0,0,40,United-States,0
41,Local-gov,66118,Some-college,10,Married-civ-spouse,Transport-moving,Wife,White,Female,0,0,25,United-States,0
21,Private,344492,Some-college,10,Never-married,Other-service,Own-child,White,Female,0,0,30,United-States,0
27,Private,114967,9th,5,Married-civ-spouse,Craft-repair,Husband,White,Male,0,0,40,United-States,0
29,Self-emp-not-inc,110663,HS-grad,9,Separated,Craft-repair,Not-in-family,White,Male,0,0,35,United-States,0
60,Self-emp-inc,105339,Bachelors,13,Married-civ-spouse,Exec-managerial,Husband,White,Male,7298,0,60,United-States,1
27,State-gov,192257,HS-grad,9,Never-married,Protective-serv,Own-child,White,Male,2174,0,40,United-States,0
37,Private,167851,HS-grad,9,Married-civ-spouse,Craft-repair,Husband,White,Male,0,0,50,United-States,0
47,Private,222529,Bachelors,13,Married-civ-spouse,Farming-fishing,Husband,White,Male,0,0,65,United-States,0
53,Self-emp-not-inc,187830,Assoc-voc,11,Separated,Craft-repair,Not-in-family,White,Male,0,0,40,Poland,0
29,Private,29732,Bachelors,13,Married-civ-spouse,Prof-specialty,Wife,White,Female,0,0,24,United-States,0
23,Private,161874,Some-college,10,Never-married,Exec-managerial,Own-child,Black,Male,0,0,40,United-States,0
45,Local-gov,160472,Bachelors,13,Married-civ-spouse,Exec-managerial,Husband,White,Male,0,1977,50,United-States,1
34,Private,340940,Bachelors,13,Married-civ-spouse,Sales,Husband,White,Male,7298,0,60,United-States,1
27,Local-gov,172091,HS-grad,9,Never-married,Craft-repair,Unmarried,Black,Male,0,0,40,United-States,0
26,Private,96467,Bachelors,13,Never-married,Prof-specialty,Not-in-family,White,Female,0,0,40,United-States,0
62,State-gov,162678,Bachelors,13,Married-civ-spouse,Exec-managerial,Husband,White,Male,0,0,40,United-States,0
35,Self-emp-not-inc,225399,HS-grad,9,Never-married,Machine-op-inspct,Own-child,White,Male,8614,0,40,United-States,1
21,Private,292264,HS-grad,9,Never-married,Craft-repair,Not-in-family,White,Male,0,0,35,United-States,0
54,Self-emp-not-inc,175804,Bachelors,13,Married-civ-spouse,Exec-managerial,Husband,White,Male,0,0,40,United-States,1
17,Private,193769,9th,5,Never-married,Other-service,Unmarried,White,Male,0,0,20,United-States,0
29,Private,31166,HS-grad,9,Divorced,Prof-specialty,Not-in-family,Other,Female,0,0,30,Germany,0
33,Private,295591,5th-6th,3,Married-spouse-absent,Craft-repair,Not-in-family,White,Male,0,0,40,Mexico,0
24,Private,258730,HS-grad,9,Divorced,Other-service,Own-child,White,Female,0,0,40,Japan,0
18,Private,188241,11th,7,Never-married,Other-service,Own-child,White,Male,0,0,16,United-States,0
70,Private,315868,Bachelors,13,Divorced,Adm-clerical,Not-in-family,White,Male,0,0,40,United-States,0
38,Private,203169,Assoc-voc,11,Married-civ-spouse,Craft-repair,Husband,White,Male,0,0,50,United-States,1
46,Private,29437,Assoc-acdm,12,Married-civ-spouse,Sales,Husband,White,Male,0,0,50,United-States,0
32,Private,430175,HS-grad,9,Divorced,Craft-repair,Other-relative,Black,Female,0,0,50,United-States,0
39,Private,65382,Some-college,10,Married-civ-spouse,Exec-managerial,Husband,White,Male,0,0,40,United-States,0
45,Private,343377,Some-college,10,Married-civ-spouse,Adm-clerical,Husband,White,Male,0,0,40,United-States,0
34,Private,206609,Some-college,10,Never-married,Sales,Unmarried,White,Male,0,0,35,United-States,0
24,Private,219754,HS-grad,9,Never-married,Adm-clerical,Own-child,White,Male,0,0,40,United-States,0
43,Private,188696,Assoc-voc,11,Divorced,Machine-op-inspct,Not-in-family,White,Male,0,0,40,United-States,0
59,Self-emp-not-inc,32855,7th-8th,4,Married-civ-spouse,Farming-fishing,Husband,White,Male,0,0,70,United-States,0
24,Private,102323,HS-grad,9,Never-married,Machine-op-inspct,Own-child,White,Male,0,0,40,United-States,0
48,Private,273435,HS-grad,9,Married-civ-spouse,Craft-repair,Husband,White,Male,0,1579,40,United-States,0
22,Private,229987,Some-college,10,Never-married,Tech-support,Other-relative,Asian-Pac-Islander,Female,0,0,32,United-States,0
22,Private,214134,10th,6,Never-married,Transport-moving,Not-in-family,Amer-Indian-Eskimo,Male,0,0,84,United-States,0
36,Local-gov,130620,HS-grad,9,Married-civ-spouse,Adm-clerical,Wife,Asian-Pac-Islander,Female,0,0,40,China,1
53,Private,31588,Bachelors,13,Married-civ-spouse,Prof-specialty,Husband,White,Male,0,0,52,United-States,1
35,Private,361888,Assoc-acdm,12,Married-civ-spouse,Tech-support,Husband,White,Male,0,0,40,United-States,1
38,Private,103925,HS-grad,9,Married-civ-spouse,Adm-clerical,Wife,White,Female,0,0,40,United-States,1
39,Private,82540,Some-college,10,Married-civ-spouse,Exec-managerial,Husband,White,Male,0,0,60,United-States,0
43,Private,240504,HS-grad,9,Married-civ-spouse,Handlers-cleaners,Husband,White,Male,0,0,40,United-States,0
30,Private,210851,Some-college,10,Married-civ-spouse,Craft-repair,Husband,White,Male,0,0,40,United-States,0
24,Self-emp-not-inc,204209,Some-college,10,Never-married,Farming-fishing,Own-child,White,Male,0,0,60,United-States,0
35,Self-emp-inc,189404,Some-college,10,Married-civ-spouse,Sales,Husband,White,Male,0,1740,40,United-States,0
30,Private,154120,Bachelors,13,Never-married,Sales,Not-in-family,White,Male,0,0,65,United-States,0
41,Private,96741,Assoc-acdm,12,Divorced,Sales,Unmarried,White,Male,0,0,40,United-States,0
37,Private,105044,Some-college,10,Married-civ-spouse,Exec-managerial,Husband,White,Male,0,0,42,United-States,1
31,State-gov,373432,Bachelors,13,Married-civ-spouse,Prof-specialty,Husband,White,Male,7298,0,55,United-States,1
72,Local-gov,144515,Doctorate,16,Married-civ-spouse,Exec-managerial,Husband,White,Male,0,1258,40,United-States,0
24,Private,112706,Assoc-voc,11,Never-married,Tech-support,Own-child,White,Male,0,0,40,United-States,0
60,Private,225883,Some-college,10,Widowed,Sales,Unmarried,White,Female,0,0,27,United-States,0
56,Private,199713,9th,5,Married-civ-spouse,Craft-repair,Husband,White,Male,0,0,40,United-States,0
49,Self-emp-inc,38819,Bachelors,13,Married-civ-spouse,Sales,Husband,White,Male,0,0,50,United-States,1
36,Private,336367,Assoc-acdm,12,Never-married,Exec-managerial,Unmarried,White,Male,0,0,50,United-States,0
38,Self-emp-not-inc,29430,Some-college,10,Divorced,Machine-op-inspct,Unmarried,White,Male,0,0,40,United-States,0
21,Private,396790,HS-grad,9,Never-married,Transport-moving,Own-child,Black,Male,0,0,20,United-States,0
53,Local-gov,186303,Some-college,10,Married-civ-spouse,Protective-serv,Husband,White,Male,0,1887,40,United-States,1
33,Private,203463,HS-grad,9,Divorced,Other-service,Own-child,White,Female,0,0,40,United-States,0
21,Private,238068,HS-grad,9,Married-civ-spouse,Machine-op-inspct,Husband,White,Male,0,0,40,United-States,0
17,Private,268276,12th,8,Never-married,Other-service,Own-child,White,Male,0,0,12,United-States,0
56,Private,143266,Some-college,10,Married-civ-spouse,Exec-managerial,Husband,White,Male,0,0,40,United-States,1
45,Private,111994,Some-college,10,Divorced,Sales,Not-in-family,White,Male,4650,0,40,United-States,0
63,Self-emp-not-inc,196994,Bachelors,13,Married-civ-spouse,Sales,Husband,White,Male,0,0,15,United-States,0
23,Private,165474,Some-college,10,Never-married,Craft-repair,Not-in-family,White,Male,0,0,40,United-States,0
30,Private,310889,Assoc-voc,11,Married-civ-spouse,Exec-managerial,Husband,White,Male,0,0,50,United-States,1
28,Self-emp-not-inc,115945,Some-college,10,Never-married,Prof-specialty,Unmarried,White,Male,0,0,40,United-States,0
50,Private,344621,HS-grad,9,Divorced,Machine-op-inspct,Not-in-family,White,Female,0,0,40,United-States,0
25,Private,234263,Bachelors,13,Never-married,Sales,Not-in-family,White,Male,0,0,40,United-States,0
50,Private,55527,Assoc-acdm,12,Divorced,Craft-repair,Not-in-family,Black,Male,0,0,45,United-States,0
30,Private,110239,10th,6,Married-civ-spouse,Transport-moving,Husband,White,Male,0,0,55,United-States,0
22,Private,308205,5th-6th,3,Never-married,Farming-fishing,Other-relative,White,Male,0,0,40,Mexico,0
57,Private,112840,Some-college,10,Married-civ-spouse,Sales,Husband,White,Male,0,0,50,United-States,1
45,Private,59380,Bachelors,13,Separated,Exec-managerial,Not-in-family,White,Female,0,0,55,United-States,0
40,Private,408717,HS-grad,9,Married-civ-spouse,Craft-repair,Husband,White,Male,0,0,40,United-States,1
42,Private,270721,Bachelors,13,Never-married,Prof-specialty,Not-in-family,White,Male,0,0,32,United-States,0
52,Private,366232,9th,5,Divorced,Craft-repair,Unmarried,White,Female,0,0,40,Cuba,0
58,Private,56331,Bachelors,13,Married-civ-spouse,Sales,Husband,White,Male,0,0,40,United-States,0
46,Local-gov,121124,Bachelors,13,Married-civ-spouse,Protective-serv,Husband,White,Male,15024,0,40,United-States,1
47,Private,95680,Some-college,10,Married-civ-spouse,Exec-managerial,Husband,Asian-Pac-Islander,Male,0,0,40,United-States,0
36,Private,187098,HS-grad,9,Divorced,Adm-clerical,Unmarried,White,Female,0,0,40,United-States,0
71,Private,196610,7th-8th,4,Widowed,Exec-managerial,Not-in-family,White,Male,6097,0,40,United-States,1
25,Private,105693,Bachelors,13,Never-married,Prof-specialty,Not-in-family,White,Female,0,0,40,United-States,0
26,Private,102460,Some-college,10,Married-civ-spouse,Adm-clerical,Husband,White,Male,0,0,40,United-States,0
31,Private,332379,Some-college,10,Married-spouse-absent,Transport-moving,Unmarried,White,Male,0,0,50,United-States,0
28,Private,496526,HS-grad,9,Never-married,Adm-clerical,Not-in-family,White,Female,0,0,40,United-States,0
36,Private,28996,Some-college,10,Married-civ-spouse,Sales,Husband,White,Male,0,0,45,United-States,0
39,Private,58972,Assoc-acdm,12,Divorced,Exec-managerial,Unmarried,White,Male,1506,0,40,United-States,0
24,Private,353696,Some-college,10,Never-married,Other-service,Own-child,White,Male,0,0,20,Canada,0
70,Self-emp-not-inc,177199,HS-grad,9,Married-civ-spouse,Exec-managerial,Husband,White,Male,0,0,3,United-States,0
31,Private,253354,10th,6,Married-civ-spouse,Sales,Husband,White,Male,0,0,40,United-States,0
32,Private,218322,HS-grad,9,Married-civ-spouse,Craft-repair,Husband,White,Male,0,0,40,United-States,0
28,Private,39232,Bachelors,13,Never-married,Prof-specialty,Not-in-family,White,Male,0,0,45,United-States,0
31,Private,127610,Bachelors,13,Married-civ-spouse,Exec-managerial,Wife,White,Female,0,0,50,United-States,1
34,Local-gov,243867,11th,7,Separated,Machine-op-inspct,Not-in-family,Black,Male,0,0,40,United-States,0
19,Private,248339,HS-grad,9,Never-married,Craft-repair,Own-child,White,Male,0,0,35,United-States,0
33,Private,184306,HS-grad,9,Divorced,Handlers-cleaners,Unmarried,White,Male,0,0,30,United-States,0
29,Private,369114,HS-grad,9,Divorced,Adm-clerical,Not-in-family,White,Female,0,0,40,United-States,0
49,Local-gov,163229,HS-grad,9,Married-civ-spouse,Protective-serv,Husband,White,Male,0,0,56,United-States,0
26,Private,104045,Bachelors,13,Never-married,Exec-managerial,Not-in-family,White,Female,0,0,40,United-States,0
62,Private,370881,Assoc-acdm,12,Widowed,Other-service,Not-in-family,White,Female,0,0,7,United-States,0
46,State-gov,30219,Some-college,10,Married-civ-spouse,Exec-managerial,Husband,White,Male,7688,0,38,United-States,1
67,Local-gov,190661,Doctorate,16,Never-married,Prof-specialty,Not-in-family,White,Female,7896,0,50,United-States,1
42,Private,175943,Assoc-voc,11,Married-civ-spouse,Exec-managerial,Wife,White,Female,7298,0,35,United-States,1
45,State-gov,208049,HS-grad,9,Divorced,Tech-support,Unmarried,White,Female,0,0,40,United-States,0
35,Private,272019,11th,7,Married-civ-spouse,Craft-repair,Husband,White,Male,0,2057,40,United-States,0
20,Self-emp-not-inc,306710,HS-grad,9,Never-married,Farming-fishing,Own-child,White,Male,0,0,40,United-States,0
40,Local-gov,147372,Some-college,10,Never-married,Protective-serv,Not-in-family,White,Male,0,2444,40,United-States,1
27,State-gov,176727,Bachelors,13,Never-married,Prof-specialty,Not-in-family,White,Male,0,0,40,United-States,0
30,Private,33678,HS-grad,9,Never-married,Sales,Own-child,White,Male,0,0,40,United-States,0
44,Private,262684,HS-grad,9,Divorced,Adm-clerical,Not-in-family,White,Female,0,1504,45,United-States,0
21,Private,213015,HS-grad,9,Never-married,Handlers-cleaners,Other-relative,Black,Male,2176,0,40,United-States,0
53,Private,106176,Masters,14,Married-civ-spouse,Sales,Husband,White,Male,7298,0,60,United-States,1
41,Private,196456,Masters,14,Never-married,Prof-specialty,Not-in-family,White,Female,0,0,40,United-States,0
53,Local-gov,215990,Some-college,10,Married-civ-spouse,Other-service,Husband,White,Male,0,0,35,United-States,0
32,Private,230420,HS-grad,9,Never-married,Machine-op-inspct,Not-in-family,White,Male,0,0,45,United-States,0
41,Private,197344,HS-grad,9,Never-married,Craft-repair,Not-in-family,White,Male,0,0,54,United-States,0
54,Self-emp-not-inc,230951,Bachelors,13,Married-civ-spouse,Exec-managerial,Husband,White,Male,0,0,40,United-States,1
42,Private,176716,Masters,14,Never-married,Exec-managerial,Not-in-family,White,Male,0,0,40,United-States,1
57,Local-gov,268252,HS-grad,9,Divorced,Adm-clerical,Unmarried,White,Female,0,0,62,United-States,0
47,Local-gov,114459,Masters,14,Married-civ-spouse,Prof-specialty,Husband,White,Male,7688,0,45,United-States,1
48,Private,210424,HS-grad,9,Separated,Adm-clerical,Unmarried,White,Female,914,0,40,United-States,0
40,Private,125461,Assoc-voc,11,Never-married,Prof-specialty,Not-in-family,White,Male,0,0,42,United-States,0
50,Private,143953,HS-grad,9,Married-civ-spouse,Sales,Husband,White,Male,0,0,65,United-States,1
46,Private,167915,HS-grad,9,Married-civ-spouse,Craft-repair,Husband,White,Male,0,0,40,United-States,0
25,Private,123095,Some-college,10,Never-married,Adm-clerical,Own-child,White,Male,0,1590,40,United-States,0
41,Private,235167,5th-6th,3,Married-spouse-absent,Priv-house-serv,Not-in-family,White,Female,0,0,32,Mexico,0
59,Private,261232,11th,7,Divorced,Farming-fishing,Not-in-family,White,Male,0,0,40,United-States,0
32,Private,196342,Doctorate,16,Never-married,Prof-specialty,Not-in-family,White,Male,0,0,40,United-States,1
44,State-gov,154176,Some-college,10,Divorced,Adm-clerical,Not-in-family,Black,Female,0,1590,40,United-States,0
49,Private,129513,HS-grad,9,Married-civ-spouse,Transport-moving,Husband,White,Male,0,0,50,United-States,1
30,Private,361742,Some-college,10,Married-civ-spouse,Exec-managerial,Husband,White,Male,0,0,50,United-States,0
28,Private,330466,Bachelors,13,Never-married,Prof-specialty,Not-in-family,Asian-Pac-Islander,Male,0,0,40,Hong,0
45,Private,295046,HS-grad,9,Married-civ-spouse,Sales,Husband,White,Male,0,0,60,United-States,1
37,Self-emp-not-inc,204501,Bachelors,13,Married-civ-spouse,Sales,Husband,White,Male,0,0,20,Canada,1
52,Private,178915,HS-grad,9,Never-married,Exec-managerial,Unmarried,White,Female,0,0,40,United-States,0
34,Private,185408,Some-college,10,Never-married,Exec-managerial,Not-in-family,White,Female,0,0,40,United-States,0
42,Private,409902,HS-grad,9,Never-married,Exec-managerial,Unmarried,Black,Female,0,0,25,United-States,0
36,Private,206253,Some-college,10,Never-married,Other-service,Not-in-family,White,Female,0,1617,40,United-States,0
49,Private,332355,HS-grad,9,Married-civ-spouse,Exec-managerial,Husband,White,Male,0,0,40,United-States,0
21,Private,180339,Assoc-voc,11,Never-married,Farming-fishing,Not-in-family,White,Female,0,1602,30,United-States,0
43,Private,184321,10th,6,Married-civ-spouse,Machine-op-inspct,Husband,Black,Male,0,1887,40,United-States,1
23,Private,217961,HS-grad,9,Never-married,Craft-repair,Unmarried,White,Male,0,0,45,Outlying-US(Guam-USVI-etc),0
34,Private,160449,HS-grad,9,Married-civ-spouse,Machine-op-inspct,Husband,White,Male,0,0,44,United-States,1
43,Private,212894,Bachelors,13,Married-civ-spouse,Exec-managerial,Husband,White,Male,15024,0,50,United-States,1
35,Private,407068,1st-4th,2,Married-spouse-absent,Other-service,Not-in-family,White,Male,0,0,40,Guatemala,0
51,Private,224763,7th-8th,4,Married-civ-spouse,Transport-moving,Husband,White,Male,0,0,40,Cuba,0
37,Private,112554,HS-grad,9,Married-civ-spouse,Sales,Husband,White,Male,0,0,45,United-States,0
21,Private,254904,HS-grad,9,Never-married,Craft-repair,Not-in-family,White,Female,0,0,30,United-States,0
20,Private,117476,Some-college,10,Married-civ-spouse,Craft-repair,Husband,White,Male,0,0,40,United-States,0
29,Private,133696,Bachelors,13,Never-married,Prof-specialty,Not-in-family,White,Male,8614,0,45,United-States,1
22,Private,204226,HS-grad,9,Never-married,Exec-managerial,Own-child,White,Female,0,0,40,United-States,0
41,Local-gov,51111,Bachelors,13,Widowed,Adm-clerical,Not-in-family,White,Female,0,0,40,United-States,0
27,Private,288229,Bachelors,13,Never-married,Adm-clerical,Own-child,Asian-Pac-Islander,Female,0,0,50,Laos,0
51,Private,386773,Bachelors,13,Never-married,Sales,Not-in-family,White,Male,0,0,55,United-States,1
26,Private,148298,HS-grad,9,Never-married,Exec-managerial,Not-in-family,White,Female,0,0,50,United-States,0
28,Local-gov,100270,Bachelors,13,Divorced,Prof-specialty,Not-in-family,White,Male,0,0,40,United-States,0
47,Private,111994,HS-grad,9,Married-civ-spouse,Other-service,Husband,White,Male,0,0,34,United-States,0
44,Self-emp-not-inc,115896,Assoc-voc,11,Widowed,Prof-specialty,Unmarried,White,Female,0,0,40,United-States,0
41,Private,173858,7th-8th,4,Married-civ-spouse,Craft-repair,Husband,Asian-Pac-Islander,Male,0,0,40,China,0
29,Private,210464,9th,5,Married-civ-spouse,Machine-op-inspct,Husband,White,Male,0,0,40,United-States,0
18,Private,39222,11th,7,Never-married,Other-service,Own-child,White,Male,0,0,40,United-States,0
39,Private,192251,10th,6,Divorced,Other-service,Not-in-family,White,Female,0,0,60,United-States,0
57,Private,103809,HS-grad,9,Never-married,Sales,Unmarried,White,Female,0,0,40,United-States,0
27,Private,89813,HS-grad,9,Never-married,Handlers-cleaners,Own-child,White,Female,0,0,40,United-States,0
29,Private,351731,Some-college,10,Married-civ-spouse,Prof-specialty,Husband,White,Male,0,0,40,United-States,0
43,Private,209894,HS-grad,9,Married-civ-spouse,Adm-clerical,Wife,White,Female,0,0,40,United-States,1
24,Private,210781,Bachelors,13,Never-married,Craft-repair,Not-in-family,White,Female,0,0,40,United-States,0
31,Private,341672,Bachelors,13,Married-civ-spouse,Adm-clerical,Husband,Asian-Pac-Islander,Male,0,0,60,India,0
27,Private,394927,Bachelors,13,Married-civ-spouse,Sales,Husband,White,Male,0,0,55,United-States,0
60,Private,207665,HS-grad,9,Married-civ-spouse,Tech-support,Wife,White,Female,0,0,40,United-States,1
39,Private,403489,11th,7,Divorced,Transport-moving,Own-child,White,Male,0,0,40,United-States,0
52,Self-emp-not-inc,165278,Assoc-voc,11,Married-civ-spouse,Exec-managerial,Husband,White,Male,0,0,40,United-States,0
22,Private,103277,Assoc-acdm,12,Never-married,Adm-clerical,Own-child,White,Female,0,0,20,United-States,0
25,Private,255647,HS-grad,9,Married-civ-spouse,Other-service,Wife,White,Female,0,0,25,Mexico,0
30,Private,167476,HS-grad,9,Married-civ-spouse,Transport-moving,Husband,White,Male,0,0,50,United-States,0
54,State-gov,198741,Some-college,10,Married-civ-spouse,Protective-serv,Husband,White,Male,0,0,40,United-States,1
55,Local-gov,143949,Masters,14,Married-civ-spouse,Prof-specialty,Wife,White,Female,3103,0,45,United-States,1
41,Federal-gov,510072,Bachelors,13,Married-civ-spouse,Exec-managerial,Husband,White,Male,0,0,40,United-States,1
22,Private,305498,HS-grad,9,Divorced,Sales,Own-child,White,Female,0,0,33,United-States,0
55,Private,419732,Some-college,10,Divorced,Other-service,Unmarried,White,Female,0,0,38,United-States,0
31,Private,243773,9th,5,Never-married,Other-service,Unmarried,White,Female,0,0,20,United-States,0
59,Private,114032,Bachelors,13,Divorced,Adm-clerical,Unmarried,White,Female,0,0,40,United-States,0
62,Private,109190,Bachelors,13,Married-civ-spouse,Exec-managerial,Husband,White,Male,15024,0,40,United-States,1
24,Private,94395,Some-college,10,Never-married,Craft-repair,Not-in-family,White,Male,0,0,40,United-States,0
47,Self-emp-not-inc,166894,Some-college,10,Divorced,Prof-specialty,Unmarried,Black,Female,0,0,40,United-States,0
58,Private,255822,Assoc-voc,11,Married-civ-spouse,Craft-repair,Husband,White,Male,0,0,40,United-States,1
66,Self-emp-not-inc,298834,Assoc-voc,11,Married-civ-spouse,Prof-specialty,Husband,White,Male,0,0,50,United-States,0
38,Private,252250,11th,7,Divorced,Machine-op-inspct,Not-in-family,White,Male,0,0,65,United-States,0
37,Private,82576,Prof-school,15,Divorced,Prof-specialty,Not-in-family,White,Male,14084,0,36,United-States,1
23,Private,103632,HS-grad,9,Never-married,Adm-clerical,Not-in-family,White,Female,0,0,40,United-States,0
47,Private,128796,HS-grad,9,Married-civ-spouse,Craft-repair,Husband,White,Male,0,0,40,United-States,1
54,Private,217718,5th-6th,3,Married-spouse-absent,Other-service,Unmarried,Black,Female,0,0,30,Haiti,0
47,Private,181307,Some-college,10,Married-civ-spouse,Sales,Husband,White,Male,99999,0,60,United-States,1
33,Private,187560,Assoc-voc,11,Married-civ-spouse,Sales,Husband,White,Male,0,0,36,United-States,0
41,Private,171615,Assoc-acdm,12,Married-civ-spouse,Tech-support,Husband,White,Male,0,0,45,United-States,1
45,Local-gov,181758,Masters,14,Never-married,Prof-specialty,Not-in-family,White,Female,0,0,40,United-States,0
23,Private,214635,HS-grad,9,Never-married,Craft-repair,Not-in-family,White,Male,0,0,40,United-States,0
49,Local-gov,52590,HS-grad,9,Widowed,Protective-serv,Not-in-family,Black,Male,0,0,40,United-States,0
39,Private,80324,Some-college,10,Married-civ-spouse,Exec-managerial,Husband,White,Male,0,1977,62,United-States,1
33,Private,75167,HS-grad,9,Married-civ-spouse,Transport-moving,Husband,White,Male,0,0,55,United-States,0
29,Private,354558,HS-grad,9,Married-civ-spouse,Sales,Husband,White,Male,0,0,60,United-States,0
35,Self-emp-inc,338320,HS-grad,9,Married-civ-spouse,Exec-managerial,Husband,White,Male,0,0,50,United-States,1
48,State-gov,85384,Some-college,10,Married-civ-spouse,Craft-repair,Husband,White,Male,0,0,40,United-States,1
39,Private,149943,Masters,14,Never-married,Sales,Not-in-family,Asian-Pac-Islander,Male,0,0,40,China,0
30,Private,103649,Some-college,10,Never-married,Other-service,Own-child,Black,Female,0,0,40,United-States,0
39,Private,51264,11th,7,Divorced,Other-service,Own-child,White,Male,0,0,40,United-States,0
81,Self-emp-inc,247232,10th,6,Married-civ-spouse,Exec-managerial,Wife,White,Female,2936,0,28,United-States,0
70,Self-emp-not-inc,36311,Bachelors,13,Married-civ-spouse,Prof-specialty,Husband,White,Male,20051,0,35,United-States,1
26,Private,108542,Some-college,10,Married-civ-spouse,Adm-clerical,Husband,White,Male,0,0,40,United-States,1
34,Private,381153,HS-grad,9,Married-civ-spouse,Transport-moving,Husband,White,Male,0,0,40,United-States,0
56,Private,213105,HS-grad,9,Married-civ-spouse,Sales,Husband,White,Male,0,0,36,United-States,1
42,Local-gov,222596,HS-grad,9,Married-civ-spouse,Craft-repair,Husband,White,Male,0,0,40,United-States,1
42,Local-gov,227065,Masters,14,Never-married,Prof-specialty,Not-in-family,White,Male,0,0,22,United-States,0
53,Private,64322,HS-grad,9,Married-civ-spouse,Exec-managerial,Husband,White,Male,0,0,40,United-States,0
35,Private,257416,Assoc-voc,11,Never-married,Craft-repair,Own-child,Black,Male,0,0,40,United-States,0
32,Local-gov,177794,Masters,14,Never-married,Prof-specialty,Not-in-family,White,Female,0,0,40,United-States,0
30,Private,115963,7th-8th,4,Never-married,Machine-op-inspct,Unmarried,White,Male,0,0,42,United-States,0
26,Private,164583,HS-grad,9,Divorced,Sales,Unmarried,White,Female,0,0,30,United-States,0
55,Private,223594,Some-college,10,Married-civ-spouse,Craft-repair,Husband,Black,Male,7688,0,40,Puerto-Rico,1
23,Private,319842,Some-college,10,Never-married,Handlers-cleaners,Own-child,White,Male,0,0,25,United-States,0
17,Self-emp-not-inc,228786,10th,6,Never-married,Other-service,Own-child,White,Female,0,0,24,United-States,0
58,Private,150560,Bachelors,13,Divorced,Adm-clerical,Not-in-family,White,Female,14084,0,40,United-States,1
49,Private,309033,Assoc-voc,11,Married-civ-spouse,Prof-specialty,Wife,White,Female,15024,0,60,United-States,1
57,Self-emp-not-inc,217692,HS-grad,9,Widowed,Craft-repair,Not-in-family,White,Female,0,0,38,United-States,0
50,Private,183173,HS-grad,9,Married-civ-spouse,Prof-specialty,Husband,White,Male,99999,0,40,United-States,1
49,State-gov,55938,Bachelors,13,Married-civ-spouse,Adm-clerical,Husband,White,Male,0,0,40,United-States,1
40,Private,111483,Bachelors,13,Married-civ-spouse,Exec-managerial,Husband,White,Male,7298,0,40,United-States,1
21,State-gov,39236,Some-college,10,Never-married,Tech-support,Not-in-family,White,Female,0,0,50,United-States,0
41,Private,23646,Masters,14,Never-married,Prof-specialty,Not-in-family,White,Female,0,0,40,United-States,0
41,Private,406603,HS-grad,9,Never-married,Other-service,Not-in-family,White,Male,0,0,6,Iran,0
54,Private,256916,HS-grad,9,Married-civ-spouse,Exec-managerial,Husband,White,Male,0,0,45,United-States,0
18,Private,282609,5th-6th,3,Never-married,Handlers-cleaners,Other-relative,White,Male,0,0,30,Honduras,0
51,Private,186303,Bachelors,13,Married-civ-spouse,Sales,Husband,White,Male,0,0,40,United-States,1
41,Private,147372,HS-grad,9,Married-civ-spouse,Adm-clerical,Husband,White,Male,0,0,48,United-States,0
26,Private,128553,Some-college,10,Never-married,Exec-managerial,Own-child,Black,Female,0,0,40,United-States,0
33,Private,362747,Some-college,10,Never-married,Other-service,Not-in-family,Black,Female,0,0,35,United-States,0
50,Local-gov,153064,HS-grad,9,Married-civ-spouse,Exec-managerial,Husband,White,Male,5178,0,40,United-States,1
53,Private,123011,Masters,14,Married-civ-spouse,Exec-managerial,Husband,White,Male,0,0,45,United-States,1
19,Private,164123,11th,7,Never-married,Other-service,Not-in-family,Black,Male,0,0,40,United-States,0
38,Private,197077,HS-grad,9,Married-civ-spouse,Other-service,Husband,White,Male,0,0,40,United-States,0
54,Private,163826,HS-grad,9,Never-married,Prof-specialty,Not-in-family,White,Male,0,0,40,United-States,0
44,Private,183342,Prof-school,15,Married-civ-spouse,Exec-managerial,Husband,White,Male,0,0,55,United-States,1
22,Private,310152,Some-college,10,Never-married,Protective-serv,Not-in-family,White,Male,0,0,40,United-States,0
41,Private,224799,Some-college,10,Married-civ-spouse,Craft-repair,Husband,White,Male,0,0,40,United-States,0
51,Private,226735,HS-grad,9,Married-civ-spouse,Transport-moving,Husband,Black,Male,0,0,40,United-States,0
28,Private,303954,HS-grad,9,Married-civ-spouse,Craft-repair,Husband,White,Male,0,1848,42,United-States,1
60,Private,121127,10th,6,Widowed,Sales,Not-in-family,White,Female,0,0,40,United-States,0
47,Private,284871,Bachelors,13,Married-civ-spouse,Exec-managerial,Husband,White,Male,0,1887,40,United-States,1
23,Private,287681,HS-grad,9,Never-married,Craft-repair,Own-child,White,Male,0,0,40,Columbia,0
54,State-gov,44172,HS-grad,9,Separated,Exec-managerial,Unmarried,White,Female,0,0,38,United-States,0
25,Private,256263,Assoc-acdm,12,Married-civ-spouse,Sales,Husband,White,Male,0,0,40,United-States,0
32,Private,256362,HS-grad,9,Married-civ-spouse,Craft-repair,Husband,White,Male,0,0,40,United-States,1
38,Private,160035,HS-grad,9,Married-civ-spouse,Craft-repair,Husband,White,Male,0,0,55,United-States,0
34,Private,217460,Bachelors,13,Married-civ-spouse,Exec-managerial,Husband,White,Male,0,0,45,United-States,1
35,Self-emp-inc,135289,HS-grad,9,Married-civ-spouse,Other-service,Husband,White,Male,0,0,60,United-States,0
53,Private,194791,HS-grad,9,Married-civ-spouse,Farming-fishing,Husband,White,Male,0,0,45,United-States,0
26,Private,151551,Some-college,10,Separated,Sales,Own-child,Amer-Indian-Eskimo,Male,2597,0,48,United-States,0
31,Private,222130,Some-college,10,Never-married,Adm-clerical,Not-in-family,White,Female,0,0,43,United-States,0
23,Private,171705,HS-grad,9,Never-married,Sales,Unmarried,White,Female,0,0,48,United-States,0
26,Private,37379,Bachelors,13,Never-married,Exec-managerial,Not-in-family,White,Female,0,0,45,United-States,0
21,Private,190761,10th,6,Married-civ-spouse,Farming-fishing,Husband,White,Male,0,0,70,United-States,0
49,Private,48120,HS-grad,9,Never-married,Transport-moving,Unmarried,Black,Female,1506,0,40,United-States,0
45,Federal-gov,81487,Some-college,10,Married-civ-spouse,Adm-clerical,Husband,White,Male,0,0,40,Puerto-Rico,1
36,Self-emp-not-inc,241998,Some-college,10,Married-civ-spouse,Sales,Husband,White,Male,99999,0,20,United-States,1
39,Private,172538,HS-grad,9,Married-civ-spouse,Prof-specialty,Husband,White,Male,0,0,50,United-States,1
44,Private,227399,Assoc-voc,11,Married-civ-spouse,Exec-managerial,Husband,Black,Male,0,0,40,United-States,0
58,Self-emp-inc,154537,HS-grad,9,Married-civ-spouse,Exec-managerial,Wife,White,Female,0,0,20,United-States,1
53,Self-emp-not-inc,108815,HS-grad,9,Married-civ-spouse,Craft-repair,Husband,White,Male,0,0,60,United-States,0
37,Private,280966,Some-college,10,Married-civ-spouse,Machine-op-inspct,Husband,White,Male,0,0,50,United-States,1
28,Private,45613,Some-college,10,Never-married,Priv-house-serv,Not-in-family,White,Female,0,0,40,United-States,0
33,Self-emp-not-inc,124187,Assoc-acdm,12,Never-married,Other-service,Not-in-family,Black,Male,0,0,32,United-States,0
57,Private,64960,Assoc-voc,11,Married-civ-spouse,Prof-specialty,Husband,White,Male,0,1902,45,United-States,0
34,Private,46144,Some-college,10,Divorced,Handlers-cleaners,Unmarried,White,Female,0,0,40,United-States,0
56,Private,109015,Some-college,10,Married-civ-spouse,Exec-managerial,Wife,White,Female,7688,0,50,United-States,1
43,Self-emp-inc,33729,Bachelors,13,Married-civ-spouse,Sales,Husband,White,Male,0,0,45,United-States,1
18,State-gov,59342,11th,7,Never-married,Adm-clerical,Own-child,White,Female,0,0,5,United-States,0
44,Local-gov,56651,Bachelors,13,Married-civ-spouse,Exec-managerial,Husband,White,Male,0,0,52,United-States,0
37,Private,213008,Assoc-voc,11,Married-civ-spouse,Prof-specialty,Husband,White,Male,0,0,40,Japan,0
50,Private,48358,HS-grad,9,Married-civ-spouse,Craft-repair,Husband,White,Male,7688,0,40,United-States,1
29,Private,253856,Bachelors,13,Married-civ-spouse,Transport-moving,Husband,White,Male,0,0,20,United-States,0
34,Self-emp-not-inc,312197,HS-grad,9,Married-civ-spouse,Transport-moving,Husband,White,Male,0,0,75,Mexico,1
30,Federal-gov,68330,Bachelors,13,Never-married,Prof-specialty,Not-in-family,White,Male,0,0,40,United-States,1
38,Private,222450,Some-college,10,Separated,Exec-managerial,Unmarried,White,Male,0,0,40,United-States,0
63,Private,28334,Masters,14,Divorced,Exec-managerial,Not-in-family,White,Female,0,0,40,United-States,1
27,Private,255582,HS-grad,9,Never-married,Machine-op-inspct,Not-in-family,White,Female,0,0,40,United-States,0
45,Self-emp-inc,188330,Bachelors,13,Married-civ-spouse,Exec-managerial,Husband,White,Male,0,0,60,United-States,0
34,Private,456399,Assoc-acdm,12,Never-married,Prof-specialty,Not-in-family,White,Male,0,0,40,United-States,0
50,Private,102346,Bachelors,13,Married-civ-spouse,Exec-managerial,Wife,White,Female,0,2415,20,United-States,1
53,Federal-gov,199720,Doctorate,16,Married-civ-spouse,Prof-specialty,Husband,White,Male,15024,0,60,Germany,1
42,Private,529216,HS-grad,9,Separated,Transport-moving,Other-relative,Black,Male,0,0,40,United-States,0
57,Private,250201,HS-grad,9,Widowed,Transport-moving,Unmarried,White,Male,0,0,50,United-States,0
59,Private,61885,12th,8,Divorced,Transport-moving,Other-relative,Black,Male,0,0,35,United-States,0
35,Local-gov,302149,Bachelors,13,Married-civ-spouse,Sales,Husband,Asian-Pac-Islander,Male,7298,0,40,Philippines,1
51,Private,508891,HS-grad,9,Divorced,Machine-op-inspct,Own-child,Black,Male,0,0,40,United-States,0
61,Private,176689,HS-grad,9,Married-civ-spouse,Transport-moving,Husband,White,Male,0,0,40,United-States,0
24,Private,295763,Bachelors,13,Never-married,Exec-managerial,Own-child,White,Female,0,0,50,United-States,0
50,Private,99307,HS-grad,9,Married-civ-spouse,Craft-repair,Husband,White,Male,5013,0,45,United-States,0
23,Private,664670,HS-grad,9,Never-married,Craft-repair,Own-child,Black,Male,0,0,40,United-States,0
32,Private,204792,11th,7,Married-civ-spouse,Farming-fishing,Husband,White,Male,0,0,40,United-States,0
49,Private,168211,HS-grad,9,Married-civ-spouse,Protective-serv,Husband,White,Male,0,0,40,United-States,1
62,Private,148113,10th,6,Married-civ-spouse,Craft-repair,Husband,Black,Male,0,0,40,United-States,0
24,Private,42401,Bachelors,13,Never-married,Sales,Not-in-family,White,Male,0,0,47,United-States,0
47,Private,70943,HS-grad,9,Married-civ-spouse,Machine-op-inspct,Husband,White,Male,5178,0,40,United-States,1
21,Private,20728,HS-grad,9,Never-married,Sales,Own-child,White,Female,4101,0,40,United-States,0
26,Private,142506,Bachelors,13,Never-married,Prof-specialty,Unmarried,Black,Female,0,0,35,United-States,0
24,Private,100321,Bachelors,13,Married-civ-spouse,Prof-specialty,Husband,White,Male,0,0,45,United-States,0
25,Private,305472,Assoc-acdm,12,Never-married,Machine-op-inspct,Own-child,Black,Male,0,0,48,United-States,0
28,Self-emp-not-inc,212318,HS-grad,9,Never-married,Craft-repair,Not-in-family,White,Male,0,0,55,United-States,0
54,Private,244770,HS-grad,9,Never-married,Adm-clerical,Other-relative,White,Female,0,0,40,United-States,0
63,Private,67903,9th,5,Separated,Farming-fishing,Not-in-family,Black,Male,0,0,40,United-States,0
36,Private,109133,Some-college,10,Never-married,Exec-managerial,Not-in-family,White,Male,0,0,40,United-States,0
43,Private,131899,Bachelors,13,Married-civ-spouse,Exec-managerial,Husband,White,Male,0,0,40,United-States,1
47,Private,185385,10th,6,Married-civ-spouse,Machine-op-inspct,Husband,White,Male,0,0,40,United-States,1
25,Private,292058,HS-grad,9,Never-married,Other-service,Other-relative,White,Male,0,0,30,United-States,0
31,Self-emp-not-inc,175856,HS-grad,9,Married-civ-spouse,Craft-repair,Husband,White,Male,0,0,60,United-States,0
32,Federal-gov,566117,Some-college,10,Divorced,Adm-clerical,Unmarried,White,Female,0,0,40,United-States,0
43,State-gov,199806,Bachelors,13,Married-civ-spouse,Adm-clerical,Husband,White,Male,0,0,40,United-States,1
42,Private,225193,HS-grad,9,Married-civ-spouse,Craft-repair,Husband,White,Male,0,0,40,United-States,0
44,State-gov,115932,Masters,14,Married-civ-spouse,Exec-managerial,Husband,White,Male,0,0,40,United-States,0
42,State-gov,160369,HS-grad,9,Never-married,Protective-serv,Not-in-family,White,Male,0,0,40,United-States,1
65,Private,149131,11th,7,Divorced,Machine-op-inspct,Other-relative,White,Male,0,0,40,United-States,0
45,Private,297884,Bachelors,13,Divorced,Exec-managerial,Not-in-family,White,Male,0,0,40,United-States,1
46,Private,249935,Doctorate,16,Married-civ-spouse,Prof-specialty,Husband,White,Male,0,0,70,United-States,0
48,Private,175070,HS-grad,9,Divorced,Exec-managerial,Not-in-family,White,Female,0,2258,40,United-States,1
23,Private,178818,HS-grad,9,Never-married,Adm-clerical,Not-in-family,White,Female,0,0,40,United-States,0
44,Private,201723,Bachelors,13,Married-civ-spouse,Exec-managerial,Husband,White,Male,15024,0,45,United-States,1
67,Private,154035,HS-grad,9,Widowed,Handlers-cleaners,Other-relative,Black,Male,0,0,32,United-States,0
21,Private,207923,Some-college,10,Married-spouse-absent,Adm-clerical,Own-child,White,Female,0,0,15,United-States,0
18,Private,111476,11th,7,Never-married,Handlers-cleaners,Own-child,White,Male,0,0,40,United-States,0
35,Self-emp-not-inc,264627,11th,7,Divorced,Exec-managerial,Unmarried,White,Female,0,0,84,United-States,0
33,Private,155198,9th,5,Divorced,Machine-op-inspct,Not-in-family,White,Male,0,0,35,United-States,0
43,Private,164693,Assoc-voc,11,Married-civ-spouse,Craft-repair,Husband,White,Male,0,0,50,United-States,0
43,Private,196545,Bachelors,13,Married-civ-spouse,Machine-op-inspct,Husband,White,Male,0,1902,40,United-States,1
46,Private,158656,Assoc-acdm,12,Never-married,Prof-specialty,Unmarried,White,Female,0,0,36,United-States,0
25,Private,202091,Masters,14,Never-married,Prof-specialty,Own-child,White,Female,0,0,60,United-States,0
42,Private,106900,Assoc-voc,11,Never-married,Tech-support,Not-in-family,White,Male,0,0,40,United-States,0
31,Private,240283,Bachelors,13,Married-civ-spouse,Adm-clerical,Wife,White,Female,0,0,40,United-States,1
35,Private,79050,HS-grad,9,Never-married,Transport-moving,Unmarried,Black,Male,0,0,72,United-States,0
45,Private,201865,Doctorate,16,Married-civ-spouse,Exec-managerial,Husband,White,Male,0,0,45,United-States,1
37,Private,161226,HS-grad,9,Married-civ-spouse,Other-service,Wife,White,Female,0,0,30,United-States,1
26,Private,159732,HS-grad,9,Never-married,Machine-op-inspct,Not-in-family,White,Male,0,0,52,United-States,0
41,Private,53956,Bachelors,13,Divorced,Sales,Not-in-family,White,Male,0,1980,56,United-States,0
49,Private,151107,HS-grad,9,Never-married,Craft-repair,Not-in-family,Black,Male,0,0,40,United-States,0
33,Private,220860,HS-grad,9,Divorced,Transport-moving,Not-in-family,White,Male,0,0,45,United-States,0
41,Private,126076,Some-college,10,Divorced,Craft-repair,Not-in-family,White,Female,0,0,50,United-States,0
43,Private,125461,Bachelors,13,Married-civ-spouse,Sales,Husband,White,Male,0,1902,55,United-States,1
55,Self-emp-inc,257216,Masters,14,Widowed,Sales,Not-in-family,White,Female,0,0,40,United-States,0
34,Private,135785,Bachelors,13,Never-married,Prof-specialty,Not-in-family,White,Female,0,0,36,United-States,0
23,Private,196827,Some-college,10,Married-civ-spouse,Machine-op-inspct,Husband,White,Male,0,1902,40,United-States,0
33,Private,217460,HS-grad,9,Married-civ-spouse,Sales,Husband,White,Male,0,0,60,United-States,1
24,Private,204172,HS-grad,9,Never-married,Handlers-cleaners,Own-child,White,Female,0,0,48,United-States,0
58,Private,216941,HS-grad,9,Divorced,Exec-managerial,Unmarried,White,Female,0,0,40,United-States,0
50,Private,400630,Prof-school,15,Married-civ-spouse,Prof-specialty,Husband,White,Male,0,0,36,United-States,1
25,Private,196771,HS-grad,9,Never-married,Handlers-cleaners,Not-in-family,White,Male,0,0,65,United-States,0
62,Private,69867,Bachelors,13,Married-civ-spouse,Prof-specialty,Husband,White,Male,0,0,55,United-States,1
50,Local-gov,169182,HS-grad,9,Divorced,Other-service,Unmarried,White,Female,0,0,49,Dominican-Republic,0
46,Private,100067,11th,7,Married-civ-spouse,Other-service,Wife,Black,Female,0,0,35,United-States,1
28,Private,53063,Bachelors,13,Married-civ-spouse,Exec-managerial,Husband,White,Male,0,0,45,United-States,0
54,Local-gov,184620,Masters,14,Divorced,Prof-specialty,Not-in-family,White,Female,0,0,40,United-States,0
43,Private,161226,Bachelors,13,Married-civ-spouse,Machine-op-inspct,Husband,Amer-Indian-Eskimo,Male,0,0,40,United-States,0
33,Private,252168,HS-grad,9,Married-civ-spouse,Transport-moving,Husband,Black,Male,0,0,40,United-States,0
42,Private,154076,HS-grad,9,Married-civ-spouse,Prof-specialty,Husband,White,Male,7688,0,50,United-States,1
31,Private,156464,Bachelors,13,Never-married,Prof-specialty,Own-child,White,Male,0,0,25,United-States,0
21,Private,163595,Some-college,10,Never-married,Other-service,Own-child,White,Male,0,0,35,United-States,0
58,Private,197642,Some-college,10,Never-married,Adm-clerical,Not-in-family,White,Female,0,0,39,United-States,0
42,Private,170230,Bachelors,13,Divorced,Exec-managerial,Not-in-family,White,Female,0,0,55,United-States,1
38,Self-emp-not-inc,245090,9th,5,Married-civ-spouse,Craft-repair,Husband,White,Male,0,0,40,Mexico,0
45,Private,233511,Bachelors,13,Married-civ-spouse,Exec-managerial,Husband,White,Male,0,1977,60,United-States,1
21,Private,317175,HS-grad,9,Never-married,Transport-moving,Not-in-family,White,Male,0,0,60,United-States,0
29,Private,124953,Bachelors,13,Never-married,Prof-specialty,Own-child,White,Male,0,0,50,United-States,0
34,Private,106014,Some-college,10,Divorced,Craft-repair,Not-in-family,White,Male,0,0,60,United-States,0
40,Self-emp-not-inc,209833,Some-college,10,Married-civ-spouse,Craft-repair,Husband,White,Male,0,0,60,United-States,0
55,Private,147653,Bachelors,13,Divorced,Adm-clerical,Unmarried,White,Female,0,0,73,United-States,0
22,Private,185452,Bachelors,13,Never-married,Exec-managerial,Own-child,White,Female,0,0,40,United-States,0
37,Private,182675,Some-college,10,Married-civ-spouse,Exec-managerial,Wife,White,Female,0,0,45,United-States,1
50,Private,144361,HS-grad,9,Married-civ-spouse,Machine-op-inspct,Husband,White,Male,0,0,50,United-States,1
37,Federal-gov,329088,HS-grad,9,Married-civ-spouse,Adm-clerical,Husband,Black,Male,0,0,40,United-States,0
27,Private,144133,Bachelors,13,Married-civ-spouse,Exec-managerial,Other-relative,White,Male,0,0,50,United-States,0
27,Private,211184,HS-grad,9,Never-married,Adm-clerical,Not-in-family,White,Female,0,0,52,United-States,0
28,Private,60772,Bachelors,13,Never-married,Exec-managerial,Own-child,White,Female,0,0,45,United-States,0
42,Private,355728,Assoc-voc,11,Never-married,Craft-repair,Not-in-family,White,Male,0,0,44,United-States,0
48,Self-emp-inc,38240,HS-grad,9,Married-civ-spouse,Farming-fishing,Husband,White,Male,0,0,40,United-States,1
59,Private,114678,HS-grad,9,Never-married,Craft-repair,Not-in-family,Black,Male,0,0,60,United-States,0
50,Local-gov,141875,HS-grad,9,Married-civ-spouse,Transport-moving,Husband,White,Male,0,0,40,United-States,0
52,Self-emp-not-inc,165278,HS-grad,9,Married-civ-spouse,Transport-moving,Husband,White,Male,0,0,22,United-States,0
47,Private,131002,Bachelors,13,Married-civ-spouse,Prof-specialty,Husband,White,Male,0,0,50,United-States,1
21,Private,26410,HS-grad,9,Never-married,Adm-clerical,Not-in-family,White,Female,0,0,40,United-States,0
67,Self-emp-not-inc,431426,HS-grad,9,Married-civ-spouse,Adm-clerical,Wife,White,Female,0,0,2,United-States,0
51,Private,123429,Masters,14,Married-civ-spouse,Exec-managerial,Husband,White,Male,0,0,50,United-States,1
25,Private,193787,Some-college,10,Never-married,Tech-support,Own-child,White,Female,0,0,40,United-States,0
62,Private,113080,7th-8th,4,Divorced,Craft-repair,Own-child,White,Male,0,0,40,United-States,0
27,Private,122038,HS-grad,9,Married-civ-spouse,Craft-repair,Husband,White,Male,0,0,48,United-States,0
27,Private,221166,9th,5,Never-married,Farming-fishing,Own-child,White,Male,0,0,40,United-States,0
29,Private,253801,HS-grad,9,Married-civ-spouse,Craft-repair,Husband,White,Male,0,0,40,Ecuador,0
64,Federal-gov,267546,Assoc-acdm,12,Separated,Prof-specialty,Not-in-family,White,Female,0,0,40,United-States,1
40,Federal-gov,36885,Some-college,10,Never-married,Adm-clerical,Not-in-family,White,Female,0,0,50,United-States,0
45,Private,189890,Assoc-acdm,12,Divorced,Prof-specialty,Unmarried,White,Female,5455,0,38,United-States,0
55,Self-emp-not-inc,41938,Bachelors,13,Married-civ-spouse,Prof-specialty,Wife,White,Female,0,0,8,United-States,0
32,Private,27856,Some-college,10,Never-married,Adm-clerical,Not-in-family,White,Female,0,0,40,United-States,0
25,Private,190916,HS-grad,9,Never-married,Adm-clerical,Not-in-family,White,Male,0,0,40,United-States,0
30,Local-gov,211654,Masters,14,Married-civ-spouse,Prof-specialty,Husband,White,Male,0,0,40,United-States,1
47,Local-gov,138342,11th,7,Married-civ-spouse,Transport-moving,Husband,White,Male,3411,0,40,El-Salvador,0
49,Self-emp-not-inc,148254,HS-grad,9,Divorced,Farming-fishing,Not-in-family,White,Female,0,0,28,United-States,0
39,Private,315565,HS-grad,9,Married-civ-spouse,Transport-moving,Husband,Black,Male,0,0,40,Cuba,0
21,Private,111676,Some-college,10,Never-married,Other-service,Not-in-family,White,Female,0,0,40,United-States,0
38,Private,358682,Some-college,10,Married-civ-spouse,Handlers-cleaners,Husband,White,Male,0,0,40,United-States,0
41,Private,140886,HS-grad,9,Married-civ-spouse,Farming-fishing,Husband,White,Male,0,0,40,United-States,0
29,Private,172865,HS-grad,9,Married-civ-spouse,Machine-op-inspct,Husband,White,Male,0,0,50,United-States,0
43,Private,145441,Bachelors,13,Married-civ-spouse,Exec-managerial,Husband,White,Male,0,0,38,United-States,1
32,Private,193042,Bachelors,13,Married-civ-spouse,Sales,Husband,White,Male,0,0,44,United-States,0
19,Private,417657,HS-grad,9,Never-married,Handlers-cleaners,Own-child,White,Male,0,0,50,United-States,0
34,State-gov,154246,Bachelors,13,Divorced,Prof-specialty,Not-in-family,White,Male,4865,0,55,United-States,0
27,Private,420351,HS-grad,9,Never-married,Transport-moving,Own-child,White,Male,0,0,40,United-States,0
21,Private,255685,Some-college,10,Never-married,Other-service,Own-child,Black,Male,0,0,40,Outlying-US(Guam-USVI-etc),0
63,Private,181153,HS-grad,9,Married-civ-spouse,Sales,Husband,White,Male,0,0,35,United-States,0
64,Private,114994,HS-grad,9,Married-civ-spouse,Other-service,Husband,White,Male,0,0,20,United-States,0
25,Local-gov,137296,Assoc-acdm,12,Never-married,Adm-clerical,Own-child,Black,Female,0,0,38,United-States,0
38,Private,125933,Bachelors,13,Separated,Exec-managerial,Not-in-family,White,Male,27828,0,45,United-States,1
36,Private,152307,HS-grad,9,Married-civ-spouse,Machine-op-inspct,Husband,White,Male,0,0,40,United-States,0
43,Private,147110,Some-college,10,Never-married,Adm-clerical,Unmarried,White,Male,0,0,48,United-States,1
50,Private,258819,HS-grad,9,Divorced,Craft-repair,Not-in-family,White,Male,0,0,40,United-States,1
33,Private,132601,Some-college,10,Married-civ-spouse,Exec-managerial,Husband,White,Male,0,0,45,United-States,0
36,Private,238415,Assoc-voc,11,Married-civ-spouse,Sales,Husband,White,Male,0,0,50,United-States,1
31,State-gov,33308,Assoc-voc,11,Married-civ-spouse,Craft-repair,Husband,White,Male,0,0,40,United-States,0
39,Private,272950,Bachelors,13,Married-civ-spouse,Craft-repair,Husband,White,Male,0,0,45,United-States,1
38,Local-gov,331609,Some-college,10,Widowed,Transport-moving,Not-in-family,Black,Female,0,0,47,United-States,0
18,Private,110142,HS-grad,9,Never-married,Adm-clerical,Own-child,White,Female,0,0,30,United-States,0
62,Private,195343,Doctorate,16,Divorced,Prof-specialty,Unmarried,White,Male,15020,0,50,United-States,1
44,Private,167725,HS-grad,9,Married-civ-spouse,Craft-repair,Husband,White,Male,0,0,40,United-States,0
19,Private,231688,Some-college,10,Never-married,Machine-op-inspct,Own-child,White,Male,0,0,20,United-States,0
29,Private,104256,HS-grad,9,Divorced,Sales,Not-in-family,White,Female,0,0,34,United-States,0
65,Private,243569,Some-college,10,Widowed,Other-service,Unmarried,White,Female,0,0,24,United-States,0
43,Self-emp-inc,247981,HS-grad,9,Divorced,Craft-repair,Unmarried,White,Male,5455,0,50,United-States,0
23,Private,277328,Some-college,10,Never-married,Handlers-cleaners,Own-child,White,Male,0,0,32,Cuba,0
25,Private,333677,9th,5,Married-civ-spouse,Machine-op-inspct,Husband,White,Male,0,0,45,United-States,0
36,Private,111128,Some-college,10,Married-civ-spouse,Craft-repair,Husband,White,Male,0,0,45,United-States,0
31,Private,259931,7th-8th,4,Married-civ-spouse,Machine-op-inspct,Husband,White,Male,0,0,40,United-States,0
38,Private,97083,Some-college,10,Married-civ-spouse,Adm-clerical,Wife,Black,Female,0,0,40,United-States,0
28,Private,108569,Bachelors,13,Married-civ-spouse,Prof-specialty,Husband,White,Male,0,0,43,United-States,0
81,Private,114670,9th,5,Widowed,Priv-house-serv,Not-in-family,Black,Female,2062,0,5,United-States,0
40,Self-emp-not-inc,199303,Bachelors,13,Married-civ-spouse,Prof-specialty,Husband,White,Male,0,0,40,United-States,0
43,Private,208613,Prof-school,15,Married-spouse-absent,Prof-specialty,Not-in-family,White,Male,99999,0,40,United-States,1
28,Private,197905,HS-grad,9,Married-civ-spouse,Craft-repair,Husband,White,Male,0,0,50,United-States,0
24,Private,172496,Masters,14,Never-married,Tech-support,Not-in-family,White,Male,0,0,50,United-States,0
37,Private,292855,Assoc-voc,11,Married-civ-spouse,Prof-specialty,Wife,White,Female,0,1887,35,United-States,1
22,Private,332657,Some-college,10,Never-married,Prof-specialty,Not-in-family,White,Female,0,0,40,United-States,0
47,Private,97419,HS-grad,9,Married-civ-spouse,Protective-serv,Wife,Black,Female,0,0,40,United-States,0
22,Private,217961,Some-college,10,Never-married,Transport-moving,Own-child,White,Male,0,1719,30,United-States,0
22,Private,412156,Some-college,10,Never-married,Adm-clerical,Own-child,White,Female,0,0,40,United-States,0
26,Private,109080,Some-college,10,Married-civ-spouse,Sales,Husband,White,Male,0,0,60,United-States,0
34,Private,346122,HS-grad,9,Never-married,Tech-support,Not-in-family,White,Male,0,0,40,United-States,0
27,Private,91501,HS-grad,9,Married-civ-spouse,Tech-support,Wife,White,Female,0,0,40,United-States,0
30,Private,174789,HS-grad,9,Married-civ-spouse,Sales,Husband,White,Male,0,0,40,United-States,0
27,Private,138705,HS-grad,9,Married-civ-spouse,Craft-repair,Husband,White,Male,0,0,53,United-States,0
25,Private,88922,HS-grad,9,Married-civ-spouse,Transport-moving,Husband,Black,Male,0,0,40,United-States,0
50,Private,135465,Bachelors,13,Married-civ-spouse,Exec-managerial,Husband,White,Male,0,0,50,United-States,1
34,Private,242984,HS-grad,9,Married-civ-spouse,Exec-managerial,Husband,White,Male,0,1887,45,United-States,1
48,Private,121424,Bachelors,13,Married-civ-spouse,Exec-managerial,Husband,White,Male,0,0,55,United-States,1
28,Private,153869,11th,7,Married-civ-spouse,Craft-repair,Husband,White,Male,0,0,40,United-States,0
23,Private,257621,Bachelors,13,Never-married,Sales,Not-in-family,White,Female,0,0,45,United-States,0
34,Private,52537,HS-grad,9,Never-married,Transport-moving,Unmarried,Black,Male,0,0,30,United-States,0
60,Private,127084,HS-grad,9,Married-civ-spouse,Protective-serv,Husband,White,Male,0,2042,34,United-States,0
27,Private,52028,Bachelors,13,Married-civ-spouse,Exec-managerial,Wife,Asian-Pac-Islander,Female,0,0,40,South,0
52,Private,147629,HS-grad,9,Married-civ-spouse,Transport-moving,Husband,White,Male,0,0,60,United-States,1
28,Private,163320,HS-grad,9,Never-married,Transport-moving,Own-child,White,Male,0,0,40,United-States,0
55,Self-emp-not-inc,170350,HS-grad,9,Divorced,Other-service,Other-relative,White,Female,0,0,40,United-States,0
25,Private,366416,HS-grad,9,Never-married,Adm-clerical,Own-child,White,Female,0,0,40,United-States,0
20,Private,105585,Some-college,10,Never-married,Sales,Own-child,White,Male,0,0,25,United-States,0
63,Private,237620,HS-grad,9,Married-civ-spouse,Craft-repair,Husband,White,Male,0,0,30,United-States,0
64,Private,253759,HS-grad,9,Never-married,Exec-managerial,Not-in-family,White,Male,0,0,3,United-States,0
54,State-gov,93449,Masters,14,Married-civ-spouse,Prof-specialty,Husband,Asian-Pac-Islander,Male,0,0,40,India,1
60,Private,206339,HS-grad,9,Married-civ-spouse,Other-service,Husband,White,Male,0,0,40,United-States,0
30,Private,287986,Some-college,10,Never-married,Handlers-cleaners,Not-in-family,White,Male,0,0,40,United-States,0
30,Private,54608,Some-college,10,Married-civ-spouse,Machine-op-inspct,Husband,White,Male,0,0,48,United-States,0
22,Private,235733,HS-grad,9,Never-married,Other-service,Not-in-family,White,Female,0,0,45,United-States,0
64,Private,218490,Bachelors,13,Divorced,Exec-managerial,Not-in-family,White,Male,27828,0,55,United-States,1
51,Private,40641,Some-college,10,Married-civ-spouse,Exec-managerial,Husband,White,Male,0,0,60,United-States,1
39,Federal-gov,227597,HS-grad,9,Never-married,Armed-Forces,Not-in-family,White,Male,0,0,50,United-States,0
24,Private,217602,HS-grad,9,Married-civ-spouse,Farming-fishing,Husband,White,Male,0,0,60,United-States,0
28,Private,200515,Some-college,10,Married-civ-spouse,Other-service,Husband,White,Male,0,0,35,United-States,1
37,Private,336880,Some-college,10,Married-civ-spouse,Transport-moving,Husband,White,Male,0,0,50,United-States,0
61,Private,180382,5th-6th,3,Married-civ-spouse,Handlers-cleaners,Husband,White,Male,3411,0,45,United-States,0
75,Self-emp-not-inc,184335,11th,7,Married-civ-spouse,Exec-managerial,Husband,White,Male,0,0,30,United-States,0
44,Private,98779,10th,6,Married-civ-spouse,Machine-op-inspct,Husband,White,Male,4386,0,60,United-States,0
34,Private,198183,HS-grad,9,Never-married,Adm-clerical,Not-in-family,White,Female,0,0,40,United-States,0
50,Private,421132,HS-grad,9,Married-civ-spouse,Craft-repair,Husband,White,Male,0,0,40,United-States,0
46,Private,241844,9th,5,Married-civ-spouse,Other-service,Husband,White,Male,0,0,40,United-States,0
39,Private,53447,HS-grad,9,Divorced,Farming-fishing,Not-in-family,White,Female,0,0,40,United-States,0
60,Federal-gov,63526,Bachelors,13,Married-civ-spouse,Adm-clerical,Husband,Black,Male,0,0,40,United-States,1
36,Private,144169,HS-grad,9,Married-civ-spouse,Craft-repair,Husband,White,Male,0,0,50,United-States,0
43,Self-emp-not-inc,277647,HS-grad,9,Married-civ-spouse,Exec-managerial,Husband,White,Male,0,0,35,United-States,0
54,Federal-gov,51048,HS-grad,9,Married-civ-spouse,Prof-specialty,Husband,White,Male,0,0,40,United-States,1
42,Private,89073,HS-grad,9,Married-civ-spouse,Prof-specialty,Husband,White,Male,0,0,48,United-States,0
49,Private,185041,HS-grad,9,Married-civ-spouse,Machine-op-inspct,Husband,White,Male,0,0,40,United-States,0
21,Private,200089,1st-4th,2,Married-civ-spouse,Other-service,Other-relative,White,Male,0,0,40,England,0
26,Private,291968,HS-grad,9,Married-civ-spouse,Transport-moving,Husband,White,Male,0,0,44,United-States,0
36,Private,187847,Bachelors,13,Married-civ-spouse,Exec-managerial,Husband,White,Male,7688,0,40,United-States,1
17,Private,205726,11th,7,Never-married,Sales,Own-child,White,Female,0,0,15,United-States,0
44,Federal-gov,281739,Some-college,10,Never-married,Adm-clerical,Not-in-family,White,Male,13550,0,50,United-States,1
32,Private,375833,11th,7,Never-married,Craft-repair,Other-relative,White,Male,0,0,40,United-States,0
39,Private,141584,Masters,14,Never-married,Sales,Not-in-family,White,Male,0,2444,45,United-States,1
26,Private,247455,Bachelors,13,Married-civ-spouse,Sales,Wife,White,Female,5178,0,42,United-States,1
41,Private,112181,Bachelors,13,Married-civ-spouse,Sales,Wife,White,Female,0,0,12,United-States,1
44,Private,151504,Some-college,10,Married-civ-spouse,Sales,Husband,White,Male,0,0,50,United-States,0
45,Federal-gov,359808,Assoc-acdm,12,Never-married,Exec-managerial,Not-in-family,White,Male,0,0,40,United-States,0
37,Private,206888,HS-grad,9,Never-married,Exec-managerial,Not-in-family,White,Female,0,0,50,United-States,0
30,Private,202450,HS-grad,9,Married-civ-spouse,Transport-moving,Husband,White,Male,0,0,65,United-States,1
47,Local-gov,198660,Bachelors,13,Married-civ-spouse,Prof-specialty,Husband,White,Male,0,0,40,United-States,1
45,Private,362883,Some-college,10,Married-civ-spouse,Transport-moving,Husband,White,Male,0,0,40,United-States,0
22,Private,116800,Assoc-acdm,12,Never-married,Protective-serv,Own-child,White,Male,0,0,60,United-States,0
41,Private,56795,Masters,14,Married-civ-spouse,Prof-specialty,Wife,White,Female,0,0,45,England,0
22,Private,316509,HS-grad,9,Never-married,Craft-repair,Not-in-family,White,Male,0,0,50,United-States,0
27,Private,189777,HS-grad,9,Married-civ-spouse,Craft-repair,Husband,White,Male,0,0,40,United-States,0
22,Private,188274,HS-grad,9,Never-married,Transport-moving,Own-child,White,Male,0,0,40,United-States,0
24,Private,440138,HS-grad,9,Never-married,Priv-house-serv,Not-in-family,White,Female,0,0,45,England,0
42,Private,145175,Some-college,10,Married-civ-spouse,Machine-op-inspct,Husband,White,Male,0,0,40,United-States,0
52,Private,379682,Assoc-voc,11,Married-civ-spouse,Other-service,Wife,White,Female,0,0,20,United-States,1
35,Private,225860,Assoc-voc,11,Married-civ-spouse,Craft-repair,Husband,White,Male,0,0,40,United-States,1
24,State-gov,147253,Some-college,10,Never-married,Tech-support,Not-in-family,White,Male,0,0,50,United-States,0
46,Private,269045,Prof-school,15,Married-civ-spouse,Prof-specialty,Husband,Black,Male,0,0,40,United-States,1
35,Private,209214,HS-grad,9,Married-civ-spouse,Adm-clerical,Wife,White,Female,4386,0,35,United-States,1
20,Local-gov,271354,HS-grad,9,Never-married,Adm-clerical,Own-child,White,Male,0,0,40,United-States,0
20,Private,243178,HS-grad,9,Never-married,Handlers-cleaners,Own-child,White,Male,0,0,28,United-States,0
45,Private,122195,HS-grad,9,Widowed,Craft-repair,Unmarried,Black,Female,0,0,40,United-States,0
21,Private,132243,Assoc-acdm,12,Never-married,Other-service,Own-child,White,Female,0,0,5,United-States,0
28,Private,232653,Bachelors,13,Married-civ-spouse,Exec-managerial,Husband,White,Male,0,0,40,United-States,0
24,Private,161708,HS-grad,9,Divorced,Exec-managerial,Not-in-family,White,Female,0,0,45,United-States,1
32,Private,200323,Prof-school,15,Never-married,Prof-specialty,Not-in-family,White,Male,0,0,60,United-States,0
17,Private,238628,11th,7,Never-married,Other-service,Own-child,White,Female,0,0,5,United-States,0
50,Private,38310,7th-8th,4,Divorced,Other-service,Other-relative,White,Female,0,0,40,United-States,0
46,Private,156926,Some-college,10,Married-civ-spouse,Exec-managerial,Husband,White,Male,0,0,60,United-States,1
28,Private,271466,HS-grad,9,Married-civ-spouse,Exec-managerial,Husband,White,Male,0,0,45,United-States,1
24,Private,118023,Some-college,10,Never-married,Handlers-cleaners,Own-child,White,Male,0,0,30,United-States,0
55,Private,255364,Some-college,10,Married-civ-spouse,Prof-specialty,Husband,White,Male,0,0,40,United-States,0
33,Self-emp-not-inc,137674,HS-grad,9,Married-civ-spouse,Other-service,Husband,Black,Male,0,0,40,United-States,0
34,Private,178951,HS-grad,9,Married-civ-spouse,Sales,Husband,White,Male,0,0,45,United-States,0
40,Local-gov,293809,Bachelors,13,Married-civ-spouse,Prof-specialty,Husband,White,Male,0,0,20,United-States,0
34,Self-emp-inc,200689,Bachelors,13,Divorced,Sales,Unmarried,White,Female,0,0,40,United-States,0
29,State-gov,191355,Masters,14,Never-married,Prof-specialty,Not-in-family,White,Male,0,0,40,United-States,0
23,Private,192978,HS-grad,9,Married-civ-spouse,Handlers-cleaners,Husband,White,Male,0,0,40,United-States,0
37,Private,199753,Some-college,10,Married-civ-spouse,Craft-repair,Husband,White,Male,0,0,35,United-States,1
43,Local-gov,413760,Some-college,10,Separated,Craft-repair,Not-in-family,Black,Male,0,0,40,United-States,0
51,Private,175339,Bachelors,13,Married-civ-spouse,Sales,Husband,White,Male,0,0,47,United-States,1
64,Local-gov,202984,HS-grad,9,Married-civ-spouse,Craft-repair,Husband,White,Male,3137,0,40,United-States,0
34,Local-gov,166545,HS-grad,9,Never-married,Adm-clerical,Own-child,White,Female,0,0,40,United-States,0
44,Self-emp-not-inc,195486,HS-grad,9,Married-civ-spouse,Sales,Husband,Black,Male,0,0,70,Jamaica,0
28,Private,148645,HS-grad,9,Never-married,Machine-op-inspct,Own-child,White,Female,0,0,40,United-States,0
48,Private,413363,11th,7,Married-civ-spouse,Transport-moving,Husband,White,Male,0,2002,40,United-States,0
46,Private,128047,Some-college,10,Separated,Sales,Not-in-family,White,Male,0,0,42,United-States,0
27,Private,199172,Bachelors,13,Never-married,Protective-serv,Own-child,White,Female,0,0,40,United-States,0
31,Private,303032,Some-college,10,Never-married,Other-service,Unmarried,Black,Female,0,0,40,United-States,0
32,Federal-gov,97614,Some-college,10,Never-married,Exec-managerial,Not-in-family,White,Male,0,0,40,United-States,0
60,Self-emp-not-inc,218085,HS-grad,9,Married-civ-spouse,Other-service,Wife,Black,Female,0,0,50,United-States,0
29,Private,285290,11th,7,Never-married,Other-service,Unmarried,Black,Female,0,0,40,United-States,0
23,Private,565313,Some-college,10,Never-married,Other-service,Own-child,Black,Male,2202,0,80,United-States,0
32,Private,206051,Some-college,10,Never-married,Adm-clerical,Not-in-family,White,Male,0,0,35,United-States,0
17,Private,60562,9th,5,Never-married,Other-service,Own-child,White,Female,0,0,20,United-States,0
35,Private,200426,Assoc-voc,11,Married-spouse-absent,Prof-specialty,Unmarried,White,Female,0,0,44,United-States,0
23,Private,289909,Some-college,10,Never-married,Adm-clerical,Not-in-family,White,Male,0,0,45,United-States,0
30,Private,381153,HS-grad,9,Never-married,Craft-repair,Not-in-family,White,Male,0,0,40,United-States,0
24,Private,163665,Bachelors,13,Never-married,Other-service,Own-child,White,Female,0,0,40,United-States,0
43,Private,195258,HS-grad,9,Married-civ-spouse,Craft-repair,Husband,White,Male,0,0,40,United-States,1
37,Self-emp-not-inc,80324,HS-grad,9,Married-civ-spouse,Exec-managerial,Husband,White,Male,0,0,60,United-States,1
29,Private,144592,Bachelors,13,Never-married,Sales,Own-child,White,Male,0,0,40,United-States,0
37,Private,333305,Doctorate,16,Married-civ-spouse,Prof-specialty,Wife,White,Female,0,0,35,United-States,0
25,Private,112847,HS-grad,9,Married-civ-spouse,Transport-moving,Own-child,Other,Male,0,0,40,United-States,0
53,Private,257940,HS-grad,9,Married-civ-spouse,Machine-op-inspct,Husband,White,Male,2829,0,40,United-States,0
29,Private,53642,Assoc-voc,11,Married-civ-spouse,Adm-clerical,Husband,White,Male,0,0,40,United-States,0
27,Private,208725,Assoc-acdm,12,Never-married,Sales,Not-in-family,White,Male,0,0,42,United-States,0
27,Private,210498,Some-college,10,Married-civ-spouse,Exec-managerial,Husband,White,Male,0,0,80,United-States,0
65,Private,90907,5th-6th,3,Married-civ-spouse,Other-service,Husband,Asian-Pac-Islander,Male,0,0,40,United-States,0
47,Private,249935,11th,7,Divorced,Craft-repair,Own-child,White,Male,0,0,8,United-States,0
43,Federal-gov,72887,Bachelors,13,Married-spouse-absent,Tech-support,Not-in-family,Asian-Pac-Islander,Male,0,0,40,United-States,0
22,Private,126613,Some-college,10,Never-married,Sales,Own-child,White,Female,0,0,20,United-States,0
44,Local-gov,197919,Some-college,10,Divorced,Other-service,Unmarried,White,Female,0,0,40,United-States,0
35,Private,244803,HS-grad,9,Never-married,Handlers-cleaners,Other-relative,White,Male,0,0,40,Peru,0
40,Private,118001,HS-grad,9,Never-married,Handlers-cleaners,Not-in-family,Black,Male,0,0,40,United-States,0
32,Private,148207,Assoc-voc,11,Married-civ-spouse,Craft-repair,Husband,White,Male,0,0,40,United-States,0
28,Private,30771,Some-college,10,Never-married,Adm-clerical,Unmarried,Black,Female,0,0,40,United-States,0
27,Private,292120,HS-grad,9,Divorced,Tech-support,Not-in-family,White,Female,0,0,45,United-States,0
46,Private,127089,Some-college,10,Married-civ-spouse,Prof-specialty,Husband,White,Male,5178,0,38,United-States,1
25,Local-gov,179059,Bachelors,13,Never-married,Prof-specialty,Own-child,White,Male,0,0,40,United-States,0
28,State-gov,107218,Bachelors,13,Never-married,Tech-support,Own-child,Asian-Pac-Islander,Male,0,0,20,United-States,0
36,Private,447346,HS-grad,9,Married-civ-spouse,Sales,Husband,White,Male,0,0,50,United-States,1
30,Private,80933,HS-grad,9,Married-civ-spouse,Craft-repair,Husband,White,Male,0,0,40,United-States,0
36,Private,188540,Bachelors,13,Never-married,Exec-managerial,Not-in-family,White,Male,0,0,40,United-States,0
42,Private,272910,HS-grad,9,Divorced,Other-service,Not-in-family,White,Female,0,0,40,United-States,0
24,Private,100669,Some-college,10,Never-married,Handlers-cleaners,Own-child,Asian-Pac-Islander,Male,0,0,30,United-States,0
33,Private,251421,Assoc-acdm,12,Divorced,Prof-specialty,Not-in-family,White,Male,0,0,50,United-States,0
36,Self-emp-not-inc,64875,Assoc-voc,11,Married-civ-spouse,Tech-support,Husband,White,Male,0,0,60,United-States,0
55,State-gov,169482,HS-grad,9,Married-civ-spouse,Farming-fishing,Husband,White,Male,0,0,40,United-States,1
33,Private,59944,HS-grad,9,Never-married,Transport-moving,Not-in-family,White,Male,0,0,40,United-States,0
19,Private,145844,Assoc-acdm,12,Never-married,Exec-managerial,Not-in-family,White,Female,0,0,50,United-States,0
44,Self-emp-not-inc,83812,Bachelors,13,Divorced,Exec-managerial,Not-in-family,White,Male,0,0,60,United-States,0
42,Private,99254,Assoc-acdm,12,Married-civ-spouse,Adm-clerical,Wife,Black,Female,0,0,40,United-States,1
30,Private,113364,Bachelors,13,Never-married,Sales,Own-child,White,Male,0,0,18,United-States,0
49,Private,94215,12th,8,Divorced,Machine-op-inspct,Not-in-family,White,Female,0,0,40,United-States,0
28,Private,187160,Prof-school,15,Divorced,Prof-specialty,Unmarried,White,Male,0,0,55,United-States,0
27,Private,133696,Some-college,10,Married-civ-spouse,Prof-specialty,Husband,White,Male,0,0,88,United-States,0
46,Private,105327,HS-grad,9,Divorced,Craft-repair,Not-in-family,White,Male,0,0,40,United-States,0
18,Self-emp-not-inc,132986,HS-grad,9,Never-married,Farming-fishing,Own-child,White,Male,0,0,40,United-States,0
43,Private,112131,Some-college,10,Married-civ-spouse,Exec-managerial,Husband,White,Male,0,0,40,United-States,0
30,Private,302473,HS-grad,9,Never-married,Adm-clerical,Own-child,White,Female,0,0,40,United-States,0
33,Private,133503,HS-grad,9,Married-civ-spouse,Protective-serv,Husband,White,Male,2635,0,16,United-States,0
59,Private,168569,Prof-school,15,Never-married,Prof-specialty,Not-in-family,White,Male,0,0,50,United-States,0
26,Private,256000,Prof-school,15,Married-civ-spouse,Prof-specialty,Husband,White,Male,99999,0,60,United-States,1
33,Private,124052,HS-grad,9,Married-civ-spouse,Craft-repair,Husband,White,Male,0,0,40,United-States,0
35,Private,86648,Prof-school,15,Married-civ-spouse,Prof-specialty,Husband,White,Male,7688,0,50,United-States,1
33,Private,198660,Bachelors,13,Married-civ-spouse,Sales,Husband,White,Male,0,0,50,United-States,0
49,Self-emp-not-inc,162856,Some-college,10,Divorced,Exec-managerial,Not-in-family,Amer-Indian-Eskimo,Female,0,0,40,United-States,0
49,Private,187454,HS-grad,9,Married-civ-spouse,Sales,Husband,White,Male,99999,0,65,United-States,1
58,Private,142182,HS-grad,9,Married-civ-spouse,Craft-repair,Husband,White,Male,0,0,25,United-States,0
31,Private,175509,Bachelors,13,Never-married,Prof-specialty,Not-in-family,White,Male,0,0,50,United-States,0
38,Private,200818,Prof-school,15,Married-civ-spouse,Prof-specialty,Husband,White,Male,0,0,40,United-States,1
44,Federal-gov,306440,HS-grad,9,Divorced,Craft-repair,Not-in-family,White,Male,0,0,40,United-States,0
27,Private,178778,HS-grad,9,Married-civ-spouse,Transport-moving,Husband,White,Male,0,0,40,United-States,0
20,Private,283499,Some-college,10,Never-married,Transport-moving,Own-child,White,Male,0,0,30,United-States,0
57,Private,199572,11th,7,Married-civ-spouse,Machine-op-inspct,Husband,White,Male,0,0,40,United-States,0
36,Private,272944,Assoc-voc,11,Married-civ-spouse,Exec-managerial,Husband,White,Male,0,0,60,United-States,1
36,State-gov,183735,Masters,14,Married-civ-spouse,Prof-specialty,Husband,White,Male,0,0,40,United-States,1
32,Private,205019,Assoc-acdm,12,Never-married,Sales,Not-in-family,Black,Male,0,0,50,United-States,0
38,Local-gov,72338,HS-grad,9,Married-civ-spouse,Protective-serv,Husband,Asian-Pac-Islander,Male,0,0,54,United-States,1
30,Private,210906,HS-grad,9,Married-civ-spouse,Exec-managerial,Other-relative,White,Female,0,0,40,United-States,0
32,Private,222205,Some-college,10,Married-civ-spouse,Prof-specialty,Wife,White,Female,0,0,40,United-States,1
32,Private,42485,HS-grad,9,Divorced,Craft-repair,Unmarried,White,Male,0,0,40,United-States,0
21,Private,203914,Some-college,10,Never-married,Other-service,Own-child,White,Female,0,0,10,United-States,0
39,Private,186183,Masters,14,Married-civ-spouse,Prof-specialty,Husband,White,Male,0,0,40,United-States,1
18,Private,100875,11th,7,Never-married,Other-service,Unmarried,White,Female,0,0,28,United-States,0
24,Private,119156,HS-grad,9,Never-married,Handlers-cleaners,Own-child,White,Male,0,0,40,United-States,0
49,Private,28334,Some-college,10,Married-civ-spouse,Exec-managerial,Husband,White,Male,0,0,45,United-States,1
40,Private,183765,HS-grad,9,Married-civ-spouse,Other-service,Husband,White,Male,0,0,40,United-States,0
21,Private,163870,10th,6,Married-civ-spouse,Other-service,Husband,White,Male,3908,0,40,United-States,0
43,State-gov,164790,Some-college,10,Divorced,Adm-clerical,Not-in-family,Black,Male,0,0,50,United-States,1
53,Local-gov,124094,HS-grad,9,Married-civ-spouse,Craft-repair,Husband,White,Male,5013,0,35,United-States,0
29,Private,224215,Some-college,10,Married-civ-spouse,Craft-repair,Husband,White,Male,0,0,40,United-States,1
80,Private,249983,7th-8th,4,Widowed,Other-service,Not-in-family,White,Female,0,0,24,United-States,0
45,Private,26781,HS-grad,9,Married-civ-spouse,Prof-specialty,Husband,Amer-Indian-Eskimo,Male,0,0,8,United-States,0
52,Private,99185,HS-grad,9,Married-civ-spouse,Sales,Husband,White,Male,7298,0,50,United-States,1
34,Self-emp-inc,80249,Some-college,10,Married-civ-spouse,Farming-fishing,Husband,White,Male,0,0,72,United-States,0
37,Private,77820,Bachelors,13,Married-civ-spouse,Exec-managerial,Husband,White,Male,0,0,45,United-States,1
19,Private,220001,Some-college,10,Never-married,Farming-fishing,Own-child,White,Male,0,0,50,United-States,0
55,Local-gov,104917,Masters,14,Married-civ-spouse,Prof-specialty,Husband,Black,Male,0,0,40,United-States,1
54,Self-emp-inc,166459,Prof-school,15,Married-civ-spouse,Prof-specialty,Husband,White,Male,99999,0,60,United-States,1
32,Private,168854,Bachelors,13,Married-civ-spouse,Sales,Husband,White,Male,0,1848,50,United-States,1
65,Private,105252,HS-grad,9,Married-civ-spouse,Tech-support,Husband,White,Male,0,0,40,United-States,1
20,Private,85041,Some-college,10,Never-married,Exec-managerial,Own-child,White,Female,0,0,20,United-States,0
58,State-gov,40925,Bachelors,13,Married-civ-spouse,Exec-managerial,Husband,White,Male,0,0,40,United-States,0
68,Private,223851,HS-grad,9,Married-civ-spouse,Adm-clerical,Husband,White,Male,0,0,24,United-States,0
45,Private,175925,Some-college,10,Married-civ-spouse,Exec-managerial,Husband,White,Male,0,0,60,United-States,1
31,Private,173495,HS-grad,9,Never-married,Other-service,Own-child,White,Male,0,0,35,United-States,0
37,Private,164898,Some-college,10,Married-civ-spouse,Craft-repair,Husband,White,Male,0,0,52,United-States,0
35,Private,361888,Some-college,10,Divorced,Machine-op-inspct,Unmarried,White,Male,0,0,40,United-States,0
33,Private,117186,Bachelors,13,Married-civ-spouse,Exec-managerial,Husband,White,Male,0,0,45,United-States,0
50,Private,38795,Bachelors,13,Married-civ-spouse,Prof-specialty,Husband,White,Male,0,0,50,United-States,0
37,Private,32709,Bachelors,13,Married-civ-spouse,Tech-support,Wife,White,Female,0,0,40,United-States,1
55,Private,143372,HS-grad,9,Divorced,Sales,Unmarried,Black,Female,0,0,40,United-States,0
47,Private,206659,Some-college,10,Divorced,Adm-clerical,Other-relative,White,Female,0,0,40,United-States,0
38,Self-emp-not-inc,151322,HS-grad,9,Separated,Craft-repair,Not-in-family,White,Male,0,0,40,United-States,0
28,Private,212563,Some-college,10,Divorced,Machine-op-inspct,Unmarried,Black,Female,0,0,25,United-States,0
52,Self-emp-not-inc,173839,10th,6,Married-civ-spouse,Exec-managerial,Husband,White,Male,0,0,60,United-States,0
43,Private,184625,HS-grad,9,Married-civ-spouse,Adm-clerical,Wife,White,Female,0,0,40,United-States,1
25,Self-emp-not-inc,305449,Some-college,10,Never-married,Machine-op-inspct,Own-child,White,Male,0,0,40,United-States,0
19,Private,41400,HS-grad,9,Never-married,Handlers-cleaners,Own-child,White,Male,0,0,30,United-States,0
36,Local-gov,578377,Masters,14,Married-civ-spouse,Prof-specialty,Wife,White,Female,0,0,40,United-States,0
35,Private,46385,HS-grad,9,Married-civ-spouse,Transport-moving,Husband,White,Male,5178,0,90,United-States,1
49,Private,337666,HS-grad,9,Divorced,Machine-op-inspct,Not-in-family,Black,Male,0,0,40,United-States,0
34,Private,141118,Masters,14,Divorced,Prof-specialty,Own-child,White,Female,0,0,60,United-States,1
37,Private,86310,Some-college,10,Divorced,Adm-clerical,Unmarried,White,Female,0,0,45,United-States,0
44,Private,245317,Some-college,10,Married-civ-spouse,Craft-repair,Husband,White,Male,0,0,56,United-States,1
23,Private,193090,Bachelors,13,Never-married,Adm-clerical,Own-child,White,Female,0,0,30,United-States,0
40,Private,154374,HS-grad,9,Married-civ-spouse,Machine-op-inspct,Husband,White,Male,0,0,40,United-States,1
29,Private,212102,HS-grad,9,Separated,Other-service,Unmarried,Black,Female,0,0,30,United-States,0
23,Private,46561,HS-grad,9,Divorced,Craft-repair,Not-in-family,White,Male,0,0,60,United-States,0
46,Private,369538,Some-college,10,Married-civ-spouse,Sales,Husband,White,Male,0,0,40,United-States,1
41,State-gov,227734,HS-grad,9,Married-civ-spouse,Adm-clerical,Husband,White,Male,3464,0,40,United-States,0
34,Private,81206,HS-grad,9,Divorced,Handlers-cleaners,Not-in-family,Black,Male,0,0,40,United-States,0
69,Private,130413,Bachelors,13,Widowed,Exec-managerial,Not-in-family,White,Female,2346,0,15,United-States,0
61,Private,160037,7th-8th,4,Divorced,Other-service,Not-in-family,White,Male,0,0,35,United-States,0
28,Self-emp-not-inc,218555,Some-college,10,Never-married,Transport-moving,Not-in-family,White,Male,0,1762,40,United-States,0
24,Private,149396,Some-college,10,Never-married,Other-service,Other-relative,Black,Female,0,0,30,Haiti,0
28,Private,109162,Masters,14,Never-married,Prof-specialty,Not-in-family,White,Female,0,0,50,United-States,0
28,Private,173611,HS-grad,9,Never-married,Exec-managerial,Own-child,White,Female,0,0,40,United-States,0
41,Private,443508,Bachelors,13,Married-civ-spouse,Transport-moving,Husband,White,Male,0,0,48,Canada,1
50,Self-emp-not-inc,105010,HS-grad,9,Married-civ-spouse,Farming-fishing,Husband,White,Male,0,2051,20,United-States,0
50,Self-emp-not-inc,89737,Some-college,10,Married-civ-spouse,Craft-repair,Husband,White,Male,0,0,48,United-States,0
40,Private,260696,HS-grad,9,Never-married,Adm-clerical,Not-in-family,White,Female,0,0,40,United-States,0
63,Private,230823,12th,8,Married-civ-spouse,Transport-moving,Husband,White,Male,0,0,40,Cuba,0
26,Private,314798,HS-grad,9,Never-married,Adm-clerical,Not-in-family,White,Male,0,0,50,United-States,0
20,Private,188612,Some-college,10,Never-married,Adm-clerical,Own-child,White,Female,0,0,38,Nicaragua,0
21,Private,27049,HS-grad,9,Never-married,Priv-house-serv,Not-in-family,White,Female,0,0,25,United-States,0
39,Private,185053,HS-grad,9,Never-married,Machine-op-inspct,Not-in-family,White,Female,0,0,40,United-States,0
61,Private,219886,Some-college,10,Married-civ-spouse,Tech-support,Wife,White,Female,0,0,40,United-States,1
51,Self-emp-not-inc,145409,Bachelors,13,Married-civ-spouse,Sales,Husband,White,Male,15024,0,50,United-States,1
51,Private,193374,1st-4th,2,Married-civ-spouse,Craft-repair,Husband,White,Male,0,0,40,Mexico,0
42,Private,274198,5th-6th,3,Married-civ-spouse,Machine-op-inspct,Wife,White,Female,0,0,38,Mexico,0
32,Private,299635,Assoc-voc,11,Married-civ-spouse,Craft-repair,Husband,White,Male,0,0,45,United-States,0
33,Private,243674,HS-grad,9,Separated,Tech-support,Not-in-family,White,Male,0,0,46,United-States,0
27,Private,44767,HS-grad,9,Married-civ-spouse,Farming-fishing,Husband,White,Male,0,0,40,United-States,0
21,Private,307371,Some-college,10,Never-married,Protective-serv,Own-child,White,Male,0,0,15,United-States,0
47,Private,162741,Assoc-acdm,12,Married-civ-spouse,Prof-specialty,Wife,Black,Female,15024,0,40,United-States,1
40,Private,105794,Prof-school,15,Never-married,Prof-specialty,Not-in-family,White,Female,14084,0,50,United-States,1
64,Private,125684,HS-grad,9,Married-civ-spouse,Craft-repair,Husband,White,Male,0,0,40,United-States,0
19,Private,38619,Some-college,10,Never-married,Farming-fishing,Own-child,White,Male,0,0,66,United-States,0
54,State-gov,249096,Assoc-voc,11,Married-civ-spouse,Protective-serv,Husband,White,Male,0,0,40,United-States,0
53,Private,209022,11th,7,Divorced,Other-service,Not-in-family,White,Female,0,0,37,United-States,0
57,Self-emp-inc,106103,Some-college,10,Married-civ-spouse,Tech-support,Husband,White,Male,0,0,60,United-States,1
42,Private,143046,Bachelors,13,Never-married,Prof-specialty,Not-in-family,White,Female,0,1564,38,United-States,1
54,Private,143804,10th,6,Married-civ-spouse,Machine-op-inspct,Husband,White,Male,0,0,40,United-States,0
40,Private,180032,Masters,14,Never-married,Prof-specialty,Not-in-family,White,Female,0,1669,40,United-States,0
35,Self-emp-not-inc,147258,Assoc-voc,11,Never-married,Farming-fishing,Own-child,White,Male,0,0,65,United-States,0
28,Private,109621,Assoc-acdm,12,Married-civ-spouse,Transport-moving,Husband,White,Male,0,0,40,United-States,0
25,Self-emp-inc,454934,Some-college,10,Never-married,Sales,Own-child,White,Female,0,0,35,United-States,0
28,Private,377869,Some-college,10,Married-civ-spouse,Sales,Wife,White,Female,4064,0,25,United-States,0
37,Private,161141,Assoc-voc,11,Married-civ-spouse,Craft-repair,Husband,White,Male,0,0,40,Portugal,1
25,Private,171818,Bachelors,13,Never-married,Exec-managerial,Own-child,White,Female,0,0,40,United-States,0
30,Private,243841,HS-grad,9,Divorced,Other-service,Other-relative,Asian-Pac-Islander,Female,0,0,40,South,0
49,Self-emp-not-inc,204241,Bachelors,13,Never-married,Sales,Not-in-family,White,Male,0,0,45,United-States,0
33,Self-emp-not-inc,218164,HS-grad,9,Married-civ-spouse,Craft-repair,Husband,White,Male,0,0,40,United-States,0
30,Self-emp-inc,185384,Some-college,10,Married-civ-spouse,Exec-managerial,Wife,White,Female,0,0,25,United-States,0
43,Private,112967,Some-college,10,Married-civ-spouse,Protective-serv,Husband,White,Male,0,0,40,United-States,0
23,Private,289982,HS-grad,9,Never-married,Sales,Not-in-family,White,Female,0,0,40,United-States,0
38,Self-emp-not-inc,233571,HS-grad,9,Separated,Other-service,Unmarried,White,Female,0,0,40,United-States,0
25,Private,34402,Bachelors,13,Never-married,Exec-managerial,Not-in-family,White,Male,0,1590,60,United-States,0
40,Local-gov,243580,Bachelors,13,Married-civ-spouse,Prof-specialty,Husband,White,Male,0,0,48,United-States,0
65,Private,107620,11th,7,Widowed,Adm-clerical,Not-in-family,White,Female,0,0,8,United-States,0
56,Private,177271,Assoc-voc,11,Married-civ-spouse,Tech-support,Husband,White,Male,0,0,40,United-States,1
60,Private,165517,Some-college,10,Married-civ-spouse,Handlers-cleaners,Husband,White,Male,0,0,40,United-States,0
25,Private,234057,HS-grad,9,Never-married,Craft-repair,Not-in-family,White,Female,0,0,40,United-States,0
23,Private,50953,Some-college,10,Never-married,Priv-house-serv,Own-child,White,Female,0,0,10,United-States,0
53,Private,157947,HS-grad,9,Divorced,Adm-clerical,Not-in-family,White,Female,0,0,40,United-States,0
32,Self-emp-inc,103078,Bachelors,13,Married-civ-spouse,Sales,Husband,White,Male,0,0,40,United-States,0
41,Private,55854,Bachelors,13,Married-civ-spouse,Prof-specialty,Husband,White,Male,0,0,56,United-States,1
54,Private,101017,7th-8th,4,Married-civ-spouse,Craft-repair,Husband,White,Male,0,0,40,United-States,0
64,Self-emp-inc,161325,Assoc-acdm,12,Married-civ-spouse,Sales,Husband,White,Male,0,1887,50,United-States,1
34,Private,191291,Some-college,10,Never-married,Craft-repair,Not-in-family,White,Male,0,0,40,United-States,0
25,Private,139012,Bachelors,13,Never-married,Sales,Own-child,Asian-Pac-Islander,Male,2174,0,40,Vietnam,0
27,Private,233421,Some-college,10,Never-married,Adm-clerical,Own-child,White,Male,0,0,20,United-States,0
40,Private,77357,Prof-school,15,Married-civ-spouse,Prof-specialty,Husband,White,Male,0,0,40,United-States,1
57,Self-emp-inc,61885,HS-grad,9,Married-civ-spouse,Prof-specialty,Husband,Black,Male,0,0,60,United-States,1
34,Private,381153,HS-grad,9,Married-civ-spouse,Exec-managerial,Husband,White,Male,0,0,40,United-States,1
36,Self-emp-not-inc,285020,HS-grad,9,Married-civ-spouse,Craft-repair,Husband,White,Male,2885,0,40,United-States,0
53,Private,83434,Bachelors,13,Never-married,Other-service,Not-in-family,Asian-Pac-Islander,Female,0,0,21,Japan,1
21,Private,222993,HS-grad,9,Never-married,Machine-op-inspct,Own-child,White,Male,0,0,40,United-States,0
25,Private,234190,Some-college,10,Never-married,Sales,Not-in-family,White,Male,0,0,35,United-States,0
25,Private,396633,Some-college,10,Married-civ-spouse,Adm-clerical,Wife,Black,Female,0,0,56,United-States,1
30,Private,56004,Some-college,10,Never-married,Exec-managerial,Own-child,Black,Female,0,0,40,United-States,0
33,Private,238912,Doctorate,16,Married-civ-spouse,Prof-specialty,Husband,White,Male,0,0,60,United-States,1
41,Private,308296,HS-grad,9,Married-civ-spouse,Transport-moving,Wife,White,Female,0,0,20,United-States,0
34,Self-emp-not-inc,319165,Doctorate,16,Married-civ-spouse,Prof-specialty,Husband,White,Male,0,0,50,United-States,1
43,Private,152617,Some-college,10,Divorced,Adm-clerical,Own-child,White,Female,0,0,40,United-States,0
44,Private,225879,Some-college,10,Married-civ-spouse,Adm-clerical,Wife,Other,Female,0,0,30,Mexico,1
31,Local-gov,158291,Bachelors,13,Never-married,Craft-repair,Not-in-family,White,Male,8614,0,40,United-States,1
22,Private,409230,12th,8,Never-married,Transport-moving,Other-relative,White,Male,0,0,40,United-States,0
59,Private,100453,7th-8th,4,Separated,Other-service,Own-child,Black,Female,0,0,38,United-States,0
60,State-gov,129447,HS-grad,9,Widowed,Adm-clerical,Not-in-family,White,Female,0,0,35,United-States,0
24,Private,200089,HS-grad,9,Married-civ-spouse,Craft-repair,Husband,White,Male,0,0,60,Mexico,1
31,Private,87535,Some-college,10,Never-married,Machine-op-inspct,Not-in-family,White,Female,0,0,25,United-States,0
58,Self-emp-inc,229498,Some-college,10,Widowed,Sales,Not-in-family,White,Female,0,0,20,United-States,1
59,State-gov,349910,Bachelors,13,Married-civ-spouse,Exec-managerial,Husband,White,Male,10605,0,50,United-States,1
26,Private,314177,HS-grad,9,Never-married,Sales,Not-in-family,Black,Male,0,0,40,United-States,0
23,Private,182117,Assoc-acdm,12,Never-married,Other-service,Own-child,White,Male,0,0,60,United-States,0
61,Self-emp-not-inc,96073,Prof-school,15,Married-civ-spouse,Prof-specialty,Husband,White,Male,0,0,50,England,1
41,Private,207375,HS-grad,9,Never-married,Sales,Not-in-family,White,Female,0,0,50,United-States,0
22,Private,385540,10th,6,Never-married,Other-service,Not-in-family,White,Male,0,0,40,Mexico,0
24,Private,35603,Some-college,10,Divorced,Other-service,Not-in-family,Black,Male,0,0,40,United-States,0
57,Private,171242,11th,7,Married-spouse-absent,Craft-repair,Not-in-family,White,Male,0,0,40,Canada,0
34,Self-emp-inc,62396,Bachelors,13,Never-married,Prof-specialty,Not-in-family,White,Female,0,0,62,United-States,1
44,Private,203897,Bachelors,13,Married-spouse-absent,Adm-clerical,Not-in-family,White,Female,0,0,40,Cuba,0
61,Private,241013,7th-8th,4,Widowed,Farming-fishing,Not-in-family,Black,Male,0,0,40,United-States,0
52,Federal-gov,43705,Some-college,10,Married-civ-spouse,Other-service,Husband,White,Male,0,0,50,United-States,0
25,Private,164488,Some-college,10,Never-married,Handlers-cleaners,Own-child,White,Male,0,0,40,United-States,0
45,Private,198223,Bachelors,13,Married-civ-spouse,Sales,Husband,White,Male,0,1902,45,United-States,1
39,Private,176296,Assoc-acdm,12,Married-civ-spouse,Protective-serv,Husband,Black,Male,0,0,60,United-States,0
34,Self-emp-not-inc,345705,HS-grad,9,Never-married,Craft-repair,Not-in-family,White,Male,0,0,45,United-States,1
66,Private,236879,Preschool,1,Widowed,Priv-house-serv,Other-relative,White,Female,0,0,40,Guatemala,0
45,Private,217654,Some-college,10,Married-civ-spouse,Handlers-cleaners,Husband,White,Male,0,0,40,Germany,1
20,Private,212668,Some-college,10,Never-married,Sales,Own-child,White,Female,0,0,30,United-States,0
17,Private,152652,11th,7,Never-married,Handlers-cleaners,Own-child,White,Male,0,0,25,United-States,0
37,Private,190105,HS-grad,9,Never-married,Adm-clerical,Own-child,White,Female,0,0,55,United-States,0
36,Private,461337,Some-college,10,Married-civ-spouse,Adm-clerical,Wife,White,Female,0,0,40,United-States,0
23,Local-gov,430828,Some-college,10,Separated,Exec-managerial,Unmarried,Black,Male,0,0,40,United-States,0
21,Private,243368,Preschool,1,Never-married,Farming-fishing,Not-in-family,White,Male,0,0,50,Mexico,0
30,Self-emp-inc,78530,HS-grad,9,Married-civ-spouse,Exec-managerial,Husband,White,Male,0,0,65,Canada,1
35,Private,192626,Some-college,10,Married-civ-spouse,Prof-specialty,Husband,White,Male,0,0,50,United-States,1
61,Private,54373,Some-college,10,Married-civ-spouse,Sales,Husband,White,Male,0,0,40,United-States,0
63,Private,200127,HS-grad,9,Widowed,Adm-clerical,Not-in-family,White,Female,0,0,40,United-States,0
25,Private,240081,HS-grad,9,Never-married,Sales,Own-child,Black,Male,0,0,40,United-States,0
30,Private,228406,HS-grad,9,Separated,Adm-clerical,Unmarried,Black,Female,0,0,40,United-States,0
57,Self-emp-not-inc,177271,Doctorate,16,Married-civ-spouse,Prof-specialty,Husband,White,Male,0,0,35,United-States,0
48,Private,401333,HS-grad,9,Divorced,Sales,Not-in-family,White,Male,0,0,40,United-States,0
28,Private,108574,Some-college,10,Never-married,Other-service,Not-in-family,White,Female,0,0,40,United-States,0
19,Private,271521,HS-grad,9,Never-married,Other-service,Other-relative,Asian-Pac-Islander,Male,0,0,24,United-States,0
45,Private,87583,HS-grad,9,Married-civ-spouse,Prof-specialty,Wife,White,Female,0,0,14,United-States,0
36,State-gov,243666,HS-grad,9,Divorced,Adm-clerical,Own-child,Black,Female,0,0,40,United-States,0
33,Self-emp-not-inc,281030,HS-grad,9,Married-civ-spouse,Farming-fishing,Husband,White,Male,0,0,94,United-States,0
23,Private,308498,Some-college,10,Never-married,Craft-repair,Own-child,White,Male,0,0,15,United-States,0
41,Private,121287,HS-grad,9,Never-married,Machine-op-inspct,Not-in-family,White,Male,0,0,40,United-States,0
36,Private,198841,Masters,14,Married-civ-spouse,Exec-managerial,Husband,White,Male,0,0,40,United-States,1
50,Private,171852,Bachelors,13,Separated,Prof-specialty,Own-child,Other,Female,0,0,40,United-States,0
28,Self-emp-not-inc,35032,Bachelors,13,Never-married,Exec-managerial,Not-in-family,White,Male,0,0,50,United-States,0
29,State-gov,147256,Assoc-acdm,12,Never-married,Prof-specialty,Not-in-family,Black,Male,0,0,40,United-States,1
21,Private,89154,11th,7,Never-married,Other-service,Own-child,White,Male,0,0,42,El-Salvador,0
46,Private,269284,Assoc-acdm,12,Widowed,Adm-clerical,Unmarried,White,Female,0,0,40,United-States,0
24,Private,304602,HS-grad,9,Never-married,Handlers-cleaners,Own-child,White,Male,0,0,40,United-States,0
24,Private,96844,Some-college,10,Never-married,Adm-clerical,Not-in-family,White,Female,0,0,17,United-States,0
55,Self-emp-not-inc,68006,7th-8th,4,Never-married,Other-service,Other-relative,White,Female,0,0,60,United-States,0
62,Private,214288,HS-grad,9,Married-civ-spouse,Machine-op-inspct,Husband,White,Male,0,0,40,United-States,0
37,Private,167735,Assoc-voc,11,Married-civ-spouse,Craft-repair,Husband,White,Male,0,1887,40,United-States,1
22,Private,133833,Some-college,10,Never-married,Other-service,Own-child,White,Female,0,0,25,United-States,0
38,Private,193815,Masters,14,Married-civ-spouse,Exec-managerial,Husband,White,Male,0,0,45,United-States,1
28,Local-gov,401886,HS-grad,9,Never-married,Adm-clerical,Other-relative,White,Male,0,0,20,United-States,0
22,Private,190916,Some-college,10,Never-married,Tech-support,Own-child,White,Female,0,0,40,United-States,0
27,Private,279960,HS-grad,9,Married-civ-spouse,Sales,Husband,White,Male,0,0,40,United-States,0
31,Private,182237,10th,6,Separated,Transport-moving,Unmarried,White,Male,0,0,40,United-States,0
60,Self-emp-inc,171315,HS-grad,9,Divorced,Craft-repair,Not-in-family,White,Male,0,0,40,United-States,0
28,Private,139568,11th,7,Never-married,Adm-clerical,Not-in-family,White,Male,0,0,40,United-States,0
46,Private,173243,HS-grad,9,Married-civ-spouse,Craft-repair,Husband,White,Male,0,0,40,United-States,0
28,Private,183885,HS-grad,9,Never-married,Other-service,Own-child,White,Male,0,0,30,United-States,0
44,Private,130126,Prof-school,15,Divorced,Prof-specialty,Not-in-family,White,Male,0,0,45,United-States,1
35,Private,156728,HS-grad,9,Married-civ-spouse,Farming-fishing,Husband,White,Male,0,0,40,United-States,0
34,Private,158800,Bachelors,13,Married-civ-spouse,Exec-managerial,Husband,White,Male,0,0,50,United-States,1
36,Private,217077,HS-grad,9,Married-civ-spouse,Sales,Husband,White,Male,0,0,50,United-States,0
40,Private,308027,HS-grad,9,Widowed,Other-service,Unmarried,Black,Female,0,0,40,United-States,0
41,Private,165798,5th-6th,3,Divorced,Other-service,Unmarried,White,Female,0,0,40,Puerto-Rico,0
32,Private,29312,10th,6,Married-civ-spouse,Transport-moving,Husband,White,Male,0,0,80,United-States,1
30,Private,345898,HS-grad,9,Never-married,Craft-repair,Not-in-family,Black,Male,0,0,46,United-States,0
45,Private,227791,Some-college,10,Married-civ-spouse,Sales,Husband,White,Male,0,1740,50,United-States,0
50,Private,129956,HS-grad,9,Married-civ-spouse,Craft-repair,Husband,White,Male,0,0,48,United-States,1
45,Self-emp-inc,142719,Bachelors,13,Married-civ-spouse,Exec-managerial,Husband,White,Male,0,0,40,United-States,1
31,Private,142038,HS-grad,9,Married-civ-spouse,Craft-repair,Wife,White,Female,0,0,45,United-States,0
66,Private,174276,Some-college,10,Widowed,Sales,Unmarried,White,Female,0,0,50,United-States,1
22,Private,62865,Assoc-acdm,12,Never-married,Adm-clerical,Not-in-family,White,Female,0,0,40,United-States,0
43,Self-emp-inc,140988,Bachelors,13,Married-civ-spouse,Sales,Other-relative,Asian-Pac-Islander,Male,0,0,45,India,0
51,Private,84278,Bachelors,13,Married-civ-spouse,Prof-specialty,Husband,White,Male,0,0,55,United-States,1
36,Local-gov,52532,Doctorate,16,Married-civ-spouse,Prof-specialty,Husband,White,Male,0,1887,50,United-States,1
29,Private,52199,HS-grad,9,Married-spouse-absent,Protective-serv,Not-in-family,White,Male,0,0,40,United-States,0
34,Self-emp-inc,353927,Some-college,10,Married-civ-spouse,Exec-managerial,Husband,White,Male,0,0,40,United-States,1
19,Private,268524,Some-college,10,Never-married,Sales,Own-child,White,Female,0,0,15,United-States,0
40,Private,176716,Some-college,10,Married-civ-spouse,Sales,Husband,White,Male,0,0,40,United-States,1
28,Private,44216,HS-grad,9,Never-married,Protective-serv,Unmarried,Amer-Indian-Eskimo,Female,0,0,40,United-States,0
44,Private,191814,Some-college,10,Married-civ-spouse,Craft-repair,Husband,White,Male,0,0,45,United-States,0
39,Self-emp-not-inc,142573,Some-college,10,Never-married,Craft-repair,Not-in-family,White,Male,0,0,25,United-States,0
47,Self-emp-inc,362835,Bachelors,13,Married-civ-spouse,Exec-managerial,Husband,White,Male,0,0,50,United-States,1
18,Private,345285,11th,7,Never-married,Sales,Own-child,White,Female,0,0,20,United-States,0
48,Private,123075,Doctorate,16,Married-civ-spouse,Prof-specialty,Husband,White,Male,0,0,45,United-States,1
38,Federal-gov,99527,Masters,14,Married-civ-spouse,Exec-managerial,Husband,White,Male,0,0,40,United-States,1
26,Private,98155,HS-grad,9,Married-civ-spouse,Exec-managerial,Husband,White,Male,0,0,40,United-States,0
31,Private,34572,Assoc-voc,11,Married-civ-spouse,Handlers-cleaners,Husband,White,Male,0,0,45,United-States,0
37,Private,105021,Bachelors,13,Married-civ-spouse,Sales,Husband,White,Male,0,0,50,United-States,1
23,Private,152328,Some-college,10,Never-married,Exec-managerial,Own-child,White,Male,0,0,40,United-States,0
46,Private,65353,Some-college,10,Divorced,Transport-moving,Own-child,White,Male,3325,0,55,United-States,0
21,Private,70261,Some-college,10,Never-married,Other-service,Own-child,White,Male,0,0,30,United-States,0
25,Private,503012,5th-6th,3,Never-married,Craft-repair,Not-in-family,White,Male,0,0,40,Mexico,0
37,Private,179481,Bachelors,13,Married-civ-spouse,Machine-op-inspct,Husband,White,Male,0,0,40,United-States,1
61,Self-emp-not-inc,221884,Some-college,10,Married-civ-spouse,Adm-clerical,Husband,White,Male,0,0,50,United-States,1
24,State-gov,154432,Bachelors,13,Never-married,Machine-op-inspct,Not-in-family,White,Male,0,0,35,United-States,0
55,Private,284095,HS-grad,9,Divorced,Sales,Not-in-family,White,Female,0,0,37,United-States,0
50,State-gov,54709,HS-grad,9,Divorced,Adm-clerical,Unmarried,White,Female,0,0,46,United-States,0
39,Federal-gov,382859,HS-grad,9,Married-civ-spouse,Craft-repair,Husband,White,Male,0,0,40,United-States,1
31,Private,87054,HS-grad,9,Married-civ-spouse,Craft-repair,Husband,White,Male,0,0,50,United-States,0
28,Private,217200,HS-grad,9,Never-married,Machine-op-inspct,Not-in-family,White,Male,0,0,50,United-States,0
36,Local-gov,348728,Bachelors,13,Never-married,Prof-specialty,Not-in-family,White,Female,0,0,35,United-States,0
28,Private,190060,HS-grad,9,Married-civ-spouse,Sales,Husband,White,Male,0,0,40,United-States,1
26,Private,45869,Bachelors,13,Never-married,Handlers-cleaners,Own-child,White,Male,0,0,40,United-States,0
40,Private,183096,Bachelors,13,Divorced,Adm-clerical,Not-in-family,White,Female,0,0,35,United-States,0
40,Private,286750,11th,7,Separated,Machine-op-inspct,Not-in-family,Black,Male,0,0,36,United-States,0
35,Private,73715,11th,7,Married-civ-spouse,Craft-repair,Husband,White,Male,0,0,40,United-States,0
58,Private,223400,Assoc-acdm,12,Married-civ-spouse,Priv-house-serv,Other-relative,White,Female,0,0,35,Poland,0
33,Private,70447,HS-grad,9,Never-married,Transport-moving,Other-relative,Asian-Pac-Islander,Male,0,0,40,United-States,0
38,Private,208358,HS-grad,9,Married-civ-spouse,Craft-repair,Husband,White,Male,0,0,40,United-States,1
41,Local-gov,103759,Some-college,10,Married-civ-spouse,Transport-moving,Husband,White,Male,3942,0,40,United-States,0
45,Private,125194,11th,7,Never-married,Machine-op-inspct,Not-in-family,Black,Female,0,0,40,United-States,0
62,Private,162825,HS-grad,9,Married-civ-spouse,Machine-op-inspct,Husband,White,Male,0,0,40,United-States,1
42,Local-gov,182302,HS-grad,9,Married-civ-spouse,Craft-repair,Husband,White,Male,0,0,40,United-States,0
24,Private,128487,Bachelors,13,Never-married,Adm-clerical,Not-in-family,White,Female,0,0,40,United-States,0
37,Private,99146,Bachelors,13,Married-civ-spouse,Sales,Husband,White,Male,0,0,60,United-States,1
43,Self-emp-not-inc,56920,HS-grad,9,Married-civ-spouse,Craft-repair,Husband,White,Male,0,0,60,United-States,0
51,Self-emp-not-inc,134447,HS-grad,9,Married-civ-spouse,Craft-repair,Husband,White,Male,0,0,70,United-States,0
61,State-gov,159908,11th,7,Widowed,Other-service,Unmarried,White,Female,0,0,32,United-States,1
28,Private,119545,Some-college,10,Married-civ-spouse,Exec-managerial,Own-child,White,Male,7688,0,50,United-States,1
42,Private,127314,Bachelors,13,Married-civ-spouse,Tech-support,Husband,White,Male,0,0,45,United-States,1
26,Private,354784,Some-college,10,Never-married,Adm-clerical,Own-child,White,Male,0,0,20,United-States,0
24,Private,227594,Some-college,10,Never-married,Sales,Own-child,White,Female,0,0,20,United-States,0
22,Private,125010,Assoc-voc,11,Never-married,Priv-house-serv,Not-in-family,White,Female,0,0,30,United-States,0
24,Private,329408,11th,7,Never-married,Handlers-cleaners,Not-in-family,White,Male,0,0,40,United-States,0
55,Federal-gov,31728,Some-college,10,Married-civ-spouse,Adm-clerical,Wife,White,Female,0,0,40,United-States,1
36,Private,173542,Bachelors,13,Married-civ-spouse,Prof-specialty,Husband,White,Male,0,0,40,United-States,1
26,Local-gov,72594,Some-college,10,Married-civ-spouse,Protective-serv,Husband,White,Male,0,0,55,United-States,1
41,Self-emp-not-inc,200574,Prof-school,15,Married-civ-spouse,Prof-specialty,Husband,White,Male,0,1977,60,United-States,1
27,Local-gov,223529,Assoc-voc,11,Never-married,Adm-clerical,Own-child,White,Male,0,0,43,United-States,0
18,Private,28648,11th,7,Never-married,Other-service,Other-relative,White,Female,0,0,40,United-States,0
19,Private,552354,12th,8,Never-married,Machine-op-inspct,Own-child,White,Male,0,0,40,United-States,0
17,Private,52486,11th,7,Never-married,Other-service,Own-child,White,Female,0,0,12,United-States,0
35,Private,196178,HS-grad,9,Married-civ-spouse,Craft-repair,Husband,White,Male,0,0,40,United-States,0
19,Private,117444,HS-grad,9,Never-married,Craft-repair,Own-child,White,Male,0,0,40,United-States,0
29,Private,200928,HS-grad,9,Married-civ-spouse,Exec-managerial,Husband,White,Male,0,0,40,United-States,1
44,Private,214242,Some-college,10,Married-civ-spouse,Transport-moving,Husband,White,Male,0,0,50,United-States,1
42,Private,192569,Prof-school,15,Divorced,Prof-specialty,Not-in-family,White,Female,0,0,39,United-States,1
40,Private,260425,Assoc-acdm,12,Separated,Tech-support,Unmarried,White,Female,1471,0,32,United-States,0
35,Self-emp-not-inc,190895,Masters,14,Married-civ-spouse,Sales,Husband,White,Male,0,0,40,United-States,1
24,Federal-gov,287988,Bachelors,13,Never-married,Armed-Forces,Not-in-family,White,Male,0,0,40,United-States,0
48,Private,186172,Bachelors,13,Married-civ-spouse,Exec-managerial,Husband,White,Male,0,0,45,United-States,1
35,Private,205338,HS-grad,9,Married-civ-spouse,Craft-repair,Husband,White,Male,0,0,40,United-States,0
54,Private,153486,HS-grad,9,Divorced,Transport-moving,Not-in-family,White,Male,0,0,56,United-States,1
41,Private,207685,Some-college,10,Divorced,Other-service,Not-in-family,White,Male,0,0,21,United-States,0
43,Self-emp-not-inc,96129,11th,7,Married-civ-spouse,Handlers-cleaners,Husband,White,Male,0,0,60,United-States,0
49,Private,187563,Some-college,10,Divorced,Other-service,Not-in-family,White,Male,0,0,40,United-States,0
47,Private,211668,HS-grad,9,Married-civ-spouse,Machine-op-inspct,Wife,Black,Female,0,0,40,United-States,1
44,Private,188436,Bachelors,13,Married-civ-spouse,Adm-clerical,Husband,White,Male,0,0,45,United-States,0
31,Private,109917,7th-8th,4,Separated,Craft-repair,Not-in-family,White,Female,0,0,40,United-States,0
45,Private,172822,11th,7,Divorced,Transport-moving,Not-in-family,White,Male,0,2824,76,United-States,1
29,Private,183639,HS-grad,9,Married-civ-spouse,Farming-fishing,Husband,White,Male,0,0,97,United-States,0
61,Private,232808,10th,6,Divorced,Other-service,Not-in-family,White,Male,0,0,24,United-States,0
55,Self-emp-not-inc,319733,HS-grad,9,Married-civ-spouse,Craft-repair,Husband,White,Male,0,0,40,United-States,0
56,Private,208451,Bachelors,13,Married-civ-spouse,Prof-specialty,Husband,White,Male,0,0,40,United-States,1
41,Private,113555,Some-college,10,Married-civ-spouse,Craft-repair,Husband,Amer-Indian-Eskimo,Male,7298,0,50,United-States,1
47,Private,354148,Prof-school,15,Married-civ-spouse,Prof-specialty,Husband,White,Male,99999,0,48,United-States,1
45,Private,205424,Some-college,10,Married-civ-spouse,Sales,Husband,White,Male,0,0,65,United-States,1
46,Private,137547,HS-grad,9,Divorced,Craft-repair,Not-in-family,Amer-Indian-Eskimo,Male,0,0,40,United-States,0
41,Local-gov,112763,Masters,14,Divorced,Prof-specialty,Unmarried,White,Female,7430,0,36,United-States,1
35,Private,149347,Some-college,10,Married-civ-spouse,Craft-repair,Husband,White,Male,0,0,45,United-States,0
51,Private,160724,Doctorate,16,Married-civ-spouse,Prof-specialty,Husband,Asian-Pac-Islander,Male,0,0,99,South,0
35,Private,297485,Bachelors,13,Divorced,Exec-managerial,Unmarried,White,Female,0,0,40,United-States,0
22,Private,351381,Assoc-voc,11,Never-married,Adm-clerical,Not-in-family,White,Female,0,0,40,United-States,0
56,Private,295067,Bachelors,13,Never-married,Exec-managerial,Not-in-family,White,Male,14084,0,45,United-States,1
27,Private,212041,HS-grad,9,Never-married,Craft-repair,Not-in-family,White,Male,0,0,50,United-States,0
53,Private,163678,Some-college,10,Married-civ-spouse,Sales,Husband,White,Male,0,0,40,United-States,1
60,Private,125019,Bachelors,13,Divorced,Prof-specialty,Not-in-family,White,Female,8614,0,48,United-States,1
53,Private,88842,HS-grad,9,Married-civ-spouse,Exec-managerial,Husband,White,Male,99999,0,40,United-States,1
27,Private,55743,Bachelors,13,Married-civ-spouse,Exec-managerial,Wife,Black,Female,0,0,45,United-States,1
45,Private,223319,Some-college,10,Divorced,Sales,Own-child,White,Male,0,0,45,United-States,0
58,Private,119751,HS-grad,9,Married-civ-spouse,Priv-house-serv,Other-relative,Asian-Pac-Islander,Female,0,0,60,Philippines,0
17,Self-emp-not-inc,36218,11th,7,Never-married,Farming-fishing,Own-child,White,Male,0,0,20,United-States,0
36,Private,178487,HS-grad,9,Divorced,Transport-moving,Own-child,White,Male,0,0,60,United-States,0
22,Private,410439,HS-grad,9,Married-spouse-absent,Sales,Not-in-family,White,Male,0,0,55,United-States,0
17,Private,98675,9th,5,Never-married,Other-service,Unmarried,White,Female,0,0,20,United-States,0
44,Private,193882,Bachelors,13,Married-civ-spouse,Exec-managerial,Husband,White,Male,0,0,40,United-States,1
28,Self-emp-not-inc,214689,11th,7,Never-married,Craft-repair,Not-in-family,White,Male,0,0,40,United-States,0
28,Private,338376,Some-college,10,Married-civ-spouse,Adm-clerical,Husband,White,Male,0,0,50,United-States,1
47,Private,191277,HS-grad,9,Married-civ-spouse,Transport-moving,Husband,White,Male,0,0,50,United-States,1
40,State-gov,119578,Bachelors,13,Never-married,Prof-specialty,Unmarried,White,Female,0,0,20,United-States,0
44,Private,193755,Bachelors,13,Divorced,Exec-managerial,Not-in-family,White,Male,0,0,50,United-States,1
22,Private,38251,Assoc-acdm,12,Never-married,Other-service,Unmarried,White,Female,0,0,35,United-States,0
48,Private,144844,HS-grad,9,Married-civ-spouse,Craft-repair,Husband,White,Male,0,0,40,United-States,0
27,Private,274964,Bachelors,13,Never-married,Farming-fishing,Not-in-family,White,Male,0,0,65,United-States,0
30,Private,296453,Bachelors,13,Married-civ-spouse,Adm-clerical,Husband,White,Male,7298,0,40,United-States,1
47,Federal-gov,168109,HS-grad,9,Married-civ-spouse,Adm-clerical,Husband,White,Male,0,0,70,United-States,0
22,Private,184665,HS-grad,9,Never-married,Machine-op-inspct,Own-child,White,Female,0,0,40,United-States,0
23,Private,168009,10th,6,Married-civ-spouse,Machine-op-inspct,Own-child,Asian-Pac-Islander,Female,0,0,40,Vietnam,0
24,Private,190293,Bachelors,13,Never-married,Prof-specialty,Not-in-family,White,Female,0,0,40,United-States,0
30,Private,89735,HS-grad,9,Never-married,Craft-repair,Own-child,White,Male,0,1504,40,United-States,0
46,Private,123598,Some-college,10,Married-civ-spouse,Sales,Husband,White,Male,0,0,48,United-States,1
28,Private,137898,HS-grad,9,Divorced,Adm-clerical,Not-in-family,White,Female,0,0,35,United-States,0
49,Local-gov,173584,Bachelors,13,Never-married,Prof-specialty,Not-in-family,White,Female,0,0,50,United-States,0
36,Private,107916,HS-grad,9,Married-civ-spouse,Transport-moving,Husband,White,Male,0,2002,40,United-States,0
57,Private,127728,Bachelors,13,Married-civ-spouse,Exec-managerial,Husband,White,Male,15024,0,50,United-States,1
61,Private,56009,Some-college,10,Married-civ-spouse,Sales,Husband,White,Male,0,0,40,United-States,0
41,Local-gov,33658,Some-college,10,Married-civ-spouse,Protective-serv,Husband,White,Male,0,0,45,United-States,1
48,Private,254291,Masters,14,Married-civ-spouse,Prof-specialty,Husband,White,Male,0,0,40,United-States,1
39,Private,168894,Bachelors,13,Divorced,Adm-clerical,Unmarried,White,Female,0,0,20,United-States,0
29,Private,114158,Some-college,10,Never-married,Prof-specialty,Not-in-family,White,Female,0,0,40,United-States,0
57,Federal-gov,313929,Some-college,10,Married-civ-spouse,Prof-specialty,Husband,Amer-Indian-Eskimo,Male,0,0,40,United-States,0
53,Self-emp-inc,136823,11th,7,Widowed,Exec-managerial,Not-in-family,White,Female,0,0,30,United-States,0
70,Local-gov,176493,Some-college,10,Widowed,Adm-clerical,Not-in-family,White,Female,0,0,17,United-States,0
90,Private,171956,Some-college,10,Separated,Adm-clerical,Own-child,White,Female,0,0,40,Puerto-Rico,0
48,Private,34845,HS-grad,9,Divorced,Craft-repair,Other-relative,White,Male,0,0,40,United-States,0
19,Private,246226,HS-grad,9,Never-married,Craft-repair,Not-in-family,White,Female,0,0,40,United-States,0
20,Private,235442,Some-college,10,Never-married,Other-service,Not-in-family,White,Male,0,0,35,United-States,0
33,Private,554986,Some-college,10,Separated,Exec-managerial,Unmarried,White,Female,0,0,40,United-States,0
40,State-gov,175304,Some-college,10,Divorced,Sales,Not-in-family,White,Female,0,0,40,United-States,0
47,Self-emp-not-inc,255934,Some-college,10,Married-civ-spouse,Exec-managerial,Husband,White,Male,0,0,80,United-States,0
57,Self-emp-not-inc,73309,HS-grad,9,Widowed,Craft-repair,Not-in-family,White,Male,0,0,55,United-States,1
26,Private,247006,HS-grad,9,Married-civ-spouse,Exec-managerial,Husband,White,Male,0,0,52,United-States,0
51,Private,99185,Bachelors,13,Married-civ-spouse,Exec-managerial,Husband,White,Male,0,0,60,United-States,1
30,Self-emp-inc,173858,Some-college,10,Married-civ-spouse,Exec-managerial,Husband,Asian-Pac-Islander,Male,0,1902,40,South,1
39,State-gov,201105,Bachelors,13,Married-civ-spouse,Exec-managerial,Wife,White,Female,0,0,55,United-States,1
60,Private,109530,Assoc-voc,11,Married-civ-spouse,Tech-support,Husband,White,Male,7298,0,40,United-States,1
19,Private,229431,Some-college,10,Never-married,Prof-specialty,Own-child,White,Male,0,0,11,United-States,0
20,Private,170038,HS-grad,9,Never-married,Sales,Not-in-family,White,Female,0,0,40,United-States,0
51,Self-emp-not-inc,88528,Assoc-acdm,12,Divorced,Exec-managerial,Unmarried,White,Female,0,0,99,United-States,0
35,Private,45937,HS-grad,9,Never-married,Machine-op-inspct,Not-in-family,White,Female,0,0,40,United-States,0
49,Private,64216,HS-grad,9,Divorced,Transport-moving,Not-in-family,White,Male,0,0,90,United-States,0
29,Private,178244,HS-grad,9,Married-civ-spouse,Machine-op-inspct,Husband,White,Male,0,0,40,United-States,0
23,Private,274797,HS-grad,9,Never-married,Handlers-cleaners,Own-child,White,Male,0,0,25,United-States,0
23,Private,60331,Some-college,10,Never-married,Craft-repair,Not-in-family,White,Male,0,0,40,United-States,0
33,Self-emp-not-inc,193246,HS-grad,9,Never-married,Exec-managerial,Not-in-family,White,Male,0,0,55,France,0
63,Private,208862,HS-grad,9,Never-married,Craft-repair,Not-in-family,White,Male,0,0,40,United-States,0
33,Private,276221,Doctorate,16,Married-civ-spouse,Prof-specialty,Husband,White,Male,0,0,40,United-States,0
21,Private,212619,Assoc-voc,11,Never-married,Machine-op-inspct,Own-child,White,Male,0,0,40,United-States,0
34,Private,245173,HS-grad,9,Divorced,Sales,Not-in-family,White,Male,0,1669,45,United-States,0
49,Self-emp-inc,257764,HS-grad,9,Divorced,Exec-managerial,Unmarried,White,Female,0,0,40,United-States,0
30,Private,163604,Bachelors,13,Widowed,Prof-specialty,Unmarried,White,Female,0,0,55,United-States,1
27,Private,38918,HS-grad,9,Never-married,Transport-moving,Not-in-family,White,Male,0,1876,75,United-States,0
37,Private,286026,HS-grad,9,Married-civ-spouse,Prof-specialty,Husband,White,Male,0,0,40,United-States,1
39,Private,319248,10th,6,Never-married,Other-service,Unmarried,White,Female,0,0,25,Mexico,0
19,Private,158118,HS-grad,9,Never-married,Other-service,Not-in-family,White,Female,0,1719,40,United-States,0
21,Private,83141,HS-grad,9,Never-married,Farming-fishing,Not-in-family,White,Male,0,0,53,United-States,0
30,Private,94245,Some-college,10,Married-civ-spouse,Handlers-cleaners,Husband,White,Male,0,0,40,United-States,0
54,Self-emp-inc,162439,HS-grad,9,Married-civ-spouse,Exec-managerial,Husband,White,Male,0,0,98,United-States,1
50,Private,221336,HS-grad,9,Divorced,Adm-clerical,Other-relative,Asian-Pac-Islander,Female,0,0,40,Philippines,0
42,Private,265698,Masters,14,Divorced,Prof-specialty,Unmarried,White,Female,0,0,40,United-States,0
19,Private,25429,Some-college,10,Never-married,Sales,Not-in-family,White,Female,0,0,25,United-States,0
37,Private,133328,HS-grad,9,Divorced,Sales,Unmarried,White,Female,0,0,40,United-States,0
37,Private,176073,Some-college,10,Divorced,Craft-repair,Not-in-family,White,Male,0,0,50,United-States,0
47,Private,160187,HS-grad,9,Separated,Prof-specialty,Other-relative,Black,Female,14084,0,38,United-States,1
55,Local-gov,166502,Masters,14,Never-married,Prof-specialty,Not-in-family,White,Female,0,0,45,United-States,0
65,Private,176796,Doctorate,16,Widowed,Prof-specialty,Not-in-family,White,Female,0,0,40,United-States,0
24,Private,180060,Assoc-acdm,12,Never-married,Craft-repair,Not-in-family,White,Male,2354,0,40,United-States,0
32,Self-emp-not-inc,84119,HS-grad,9,Married-civ-spouse,Craft-repair,Husband,White,Male,0,0,45,United-States,0
31,Local-gov,188798,Bachelors,13,Never-married,Exec-managerial,Not-in-family,White,Female,0,0,50,United-States,0
19,Private,69927,HS-grad,9,Married-civ-spouse,Other-service,Wife,Black,Female,0,0,16,United-States,0
23,Private,224954,Some-college,10,Never-married,Machine-op-inspct,Own-child,White,Male,0,0,25,United-States,0
26,Private,94652,Some-college,10,Never-married,Craft-repair,Own-child,Amer-Indian-Eskimo,Male,0,0,40,United-States,0
32,Private,188246,Some-college,10,Married-civ-spouse,Sales,Husband,White,Male,0,0,40,United-States,1
20,Private,33221,Some-college,10,Never-married,Other-service,Own-child,White,Female,0,0,25,United-States,0
34,State-gov,287908,HS-grad,9,Never-married,Other-service,Own-child,Black,Male,0,0,42,United-States,0
35,Private,210844,Assoc-acdm,12,Married-civ-spouse,Exec-managerial,Husband,White,Male,0,0,40,Puerto-Rico,0
50,Private,74879,HS-grad,9,Married-spouse-absent,Handlers-cleaners,Unmarried,White,Female,0,0,40,United-States,0
22,Private,171419,Assoc-voc,11,Never-married,Exec-managerial,Unmarried,Asian-Pac-Islander,Male,0,0,40,South,0
60,Private,276009,HS-grad,9,Married-civ-spouse,Other-service,Husband,Asian-Pac-Islander,Male,0,0,30,Philippines,0
36,Private,37778,Some-college,10,Married-civ-spouse,Exec-managerial,Husband,White,Male,0,0,40,United-States,0
50,Private,41890,HS-grad,9,Married-civ-spouse,Craft-repair,Husband,White,Male,0,0,40,United-States,0
73,Federal-gov,127858,Some-college,10,Widowed,Tech-support,Not-in-family,White,Female,3273,0,40,United-States,0
28,Private,274679,Masters,14,Never-married,Prof-specialty,Not-in-family,White,Male,0,0,50,United-States,0
54,Private,147863,Assoc-voc,11,Married-civ-spouse,Craft-repair,Husband,Asian-Pac-Islander,Male,5013,0,40,Vietnam,0
29,Private,109814,Bachelors,13,Never-married,Handlers-cleaners,Own-child,White,Male,0,0,40,United-States,0
32,Private,186788,HS-grad,9,Married-civ-spouse,Transport-moving,Husband,White,Male,0,0,40,United-States,0
43,Self-emp-not-inc,243432,HS-grad,9,Married-civ-spouse,Craft-repair,Husband,White,Male,0,0,60,United-States,0
18,Private,118938,11th,7,Never-married,Sales,Own-child,White,Male,0,0,18,United-States,0
21,Private,206008,Some-college,10,Never-married,Adm-clerical,Own-child,Black,Male,0,0,50,United-States,0
67,Private,180539,HS-grad,9,Married-civ-spouse,Sales,Husband,White,Male,0,0,10,United-States,0
40,Private,121874,Assoc-acdm,12,Married-civ-spouse,Sales,Husband,White,Male,7688,0,50,United-States,1
61,Federal-gov,28291,Bachelors,13,Married-civ-spouse,Exec-managerial,Wife,White,Female,0,0,40,United-States,0
60,Local-gov,232618,HS-grad,9,Married-civ-spouse,Other-service,Husband,White,Male,0,0,40,United-States,0
42,Private,147251,Some-college,10,Married-civ-spouse,Prof-specialty,Wife,White,Female,0,0,36,United-States,0
28,Private,183780,HS-grad,9,Married-civ-spouse,Transport-moving,Husband,White,Male,0,1740,40,United-States,0
36,Private,183425,Some-college,10,Divorced,Handlers-cleaners,Not-in-family,White,Male,0,0,40,United-States,0
23,Private,320451,Bachelors,13,Never-married,Exec-managerial,Own-child,Asian-Pac-Islander,Male,0,0,24,United-States,0
22,State-gov,186569,Bachelors,13,Never-married,Prof-specialty,Own-child,White,Female,0,0,12,United-States,0
52,Private,99307,Assoc-acdm,12,Married-civ-spouse,Sales,Husband,White,Male,3103,0,48,United-States,1
44,Federal-gov,240628,Assoc-acdm,12,Divorced,Exec-managerial,Not-in-family,White,Female,2354,0,40,United-States,0
52,Private,145166,Bachelors,13,Married-civ-spouse,Exec-managerial,Husband,White,Male,15024,0,55,United-States,1
43,Private,239161,Some-college,10,Married-civ-spouse,Sales,Husband,Amer-Indian-Eskimo,Male,0,0,40,United-States,0
34,Self-emp-not-inc,198664,Bachelors,13,Married-civ-spouse,Craft-repair,Husband,Asian-Pac-Islander,Male,15024,0,70,South,1
38,State-gov,107164,Some-college,10,Separated,Exec-managerial,Own-child,White,Male,0,0,40,United-States,0
43,Private,122473,9th,5,Never-married,Machine-op-inspct,Unmarried,Black,Female,0,625,40,United-States,0
54,Private,53407,HS-grad,9,Married-civ-spouse,Craft-repair,Husband,White,Male,0,0,40,United-States,0
38,Private,237608,Bachelors,13,Never-married,Sales,Not-in-family,White,Female,0,2444,45,United-States,1
20,Private,22966,Some-college,10,Never-married,Other-service,Own-child,White,Male,0,0,12,Canada,0
29,Private,202878,HS-grad,9,Never-married,Craft-repair,Not-in-family,White,Male,0,0,50,United-States,0
38,Private,87556,Bachelors,13,Married-civ-spouse,Exec-managerial,Husband,White,Male,7688,0,55,United-States,1
45,Private,214068,Doctorate,16,Married-civ-spouse,Prof-specialty,Husband,White,Male,0,0,50,United-States,1
46,Private,194431,HS-grad,9,Never-married,Tech-support,Other-relative,White,Male,0,0,40,United-States,0
37,Private,130277,5th-6th,3,Separated,Other-service,Unmarried,White,Female,0,0,40,United-States,0
36,Private,172256,HS-grad,9,Married-civ-spouse,Machine-op-inspct,Husband,White,Male,0,0,44,United-States,1
48,Self-emp-not-inc,370119,Some-college,10,Married-civ-spouse,Exec-managerial,Husband,White,Male,0,0,40,United-States,1
53,Private,168107,Bachelors,13,Married-civ-spouse,Exec-managerial,Husband,White,Male,0,0,40,United-States,1
55,Private,143030,HS-grad,9,Divorced,Machine-op-inspct,Not-in-family,White,Female,0,0,40,United-States,0
22,Self-emp-not-inc,357612,HS-grad,9,Married-civ-spouse,Craft-repair,Husband,White,Male,0,0,60,United-States,0
54,Private,511668,Doctorate,16,Married-civ-spouse,Exec-managerial,Husband,White,Male,0,1977,43,United-States,1
33,Private,209900,Some-college,10,Never-married,Tech-support,Own-child,White,Male,0,0,20,United-States,0
18,Private,155021,11th,7,Never-married,Other-service,Own-child,White,Female,0,0,6,United-States,0
32,Private,222654,10th,6,Divorced,Machine-op-inspct,Not-in-family,White,Male,0,0,40,United-States,0
45,Private,170099,Some-college,10,Divorced,Craft-repair,Not-in-family,White,Male,0,0,40,United-States,0
67,Self-emp-not-inc,364862,HS-grad,9,Widowed,Other-service,Not-in-family,White,Female,0,0,30,United-States,0
45,Local-gov,318280,Some-college,10,Married-civ-spouse,Prof-specialty,Husband,White,Male,7688,0,50,United-States,1
25,Private,122075,Bachelors,13,Never-married,Exec-managerial,Not-in-family,White,Male,0,0,50,United-States,0
39,Private,154410,HS-grad,9,Married-civ-spouse,Adm-clerical,Husband,White,Male,0,0,40,United-States,1
33,Private,373662,1st-4th,2,Married-spouse-absent,Priv-house-serv,Not-in-family,White,Female,0,0,40,Guatemala,0
37,Local-gov,108540,HS-grad,9,Married-civ-spouse,Craft-repair,Husband,White,Male,0,0,40,United-States,0
25,Private,117833,Bachelors,13,Never-married,Prof-specialty,Not-in-family,White,Female,0,1876,40,United-States,0
36,Private,192939,Masters,14,Married-civ-spouse,Prof-specialty,Husband,White,Male,0,1977,60,United-States,1
22,Private,117606,Bachelors,13,Never-married,Adm-clerical,Own-child,White,Female,0,0,25,United-States,0
18,Private,378707,10th,6,Never-married,Sales,Own-child,White,Female,0,0,20,United-States,0
59,Federal-gov,43280,Some-college,10,Never-married,Exec-managerial,Own-child,Black,Female,0,0,40,United-States,0
55,Federal-gov,305850,Prof-school,15,Married-civ-spouse,Exec-managerial,Husband,White,Male,15024,0,40,United-States,1
38,Private,446654,9th,5,Married-spouse-absent,Handlers-cleaners,Not-in-family,White,Male,0,0,40,Mexico,0
27,Private,384308,Some-college,10,Never-married,Craft-repair,Not-in-family,White,Male,0,0,45,United-States,0
33,Self-emp-not-inc,131568,HS-grad,9,Married-civ-spouse,Sales,Husband,White,Male,0,0,66,United-States,0
25,Private,356344,Bachelors,13,Never-married,Adm-clerical,Own-child,White,Female,0,0,40,United-States,0
32,Local-gov,42596,Bachelors,13,Divorced,Prof-specialty,Not-in-family,White,Male,0,0,40,United-States,0
30,Private,107793,Some-college,10,Married-civ-spouse,Transport-moving,Husband,White,Male,0,0,56,United-States,1
18,Self-emp-not-inc,42857,Some-college,10,Never-married,Craft-repair,Not-in-family,White,Female,0,0,35,United-States,0
27,Private,60288,Masters,14,Never-married,Sales,Own-child,White,Female,0,0,40,United-States,0
43,State-gov,125405,HS-grad,9,Married-civ-spouse,Protective-serv,Husband,White,Male,0,0,40,United-States,0
55,Local-gov,161662,Masters,14,Married-civ-spouse,Exec-managerial,Husband,White,Male,0,0,55,United-States,1
23,Private,107801,Some-college,10,Never-married,Adm-clerical,Own-child,White,Female,0,1617,25,United-States,0
57,Self-emp-not-inc,50990,HS-grad,9,Married-civ-spouse,Farming-fishing,Husband,White,Male,0,0,30,United-States,0
44,Self-emp-not-inc,75065,12th,8,Married-civ-spouse,Exec-managerial,Husband,Asian-Pac-Islander,Male,0,0,60,Vietnam,0
24,Private,191954,Some-college,10,Never-married,Machine-op-inspct,Not-in-family,White,Male,0,0,40,United-States,0
41,Private,99870,Bachelors,13,Married-civ-spouse,Sales,Husband,White,Male,0,0,55,United-States,0
49,Private,277946,Some-college,10,Married-civ-spouse,Exec-managerial,Husband,White,Male,0,0,50,United-States,1
26,Private,335533,HS-grad,9,Never-married,Craft-repair,Own-child,White,Male,0,0,20,United-States,0
32,Private,53277,Masters,14,Married-civ-spouse,Exec-managerial,Husband,White,Male,0,0,60,United-States,1
41,State-gov,355756,Some-college,10,Never-married,Prof-specialty,Not-in-family,White,Male,0,0,40,United-States,0
58,Private,235624,Assoc-voc,11,Married-civ-spouse,Exec-managerial,Husband,White,Male,0,0,40,Germany,1
34,Self-emp-not-inc,137223,10th,6,Never-married,Other-service,Own-child,White,Female,0,0,40,United-States,0
30,Private,27153,HS-grad,9,Never-married,Handlers-cleaners,Not-in-family,White,Male,0,0,50,United-States,0
25,Private,352057,HS-grad,9,Never-married,Transport-moving,Not-in-family,White,Male,0,0,65,United-States,0
20,Private,233624,HS-grad,9,Never-married,Craft-repair,Own-child,White,Male,0,0,40,United-States,0
39,Private,179016,HS-grad,9,Never-married,Machine-op-inspct,Not-in-family,Black,Male,0,0,40,United-States,0
54,Private,94055,Bachelors,13,Married-civ-spouse,Other-service,Husband,White,Male,0,0,40,United-States,0
18,Private,446771,Some-college,10,Never-married,Adm-clerical,Own-child,White,Male,0,0,25,United-States,0
22,Federal-gov,216129,HS-grad,9,Never-married,Adm-clerical,Other-relative,White,Male,0,0,40,United-States,0
61,Private,230292,Some-college,10,Married-civ-spouse,Adm-clerical,Husband,White,Male,7688,0,40,United-States,1
49,Private,287647,Masters,14,Divorced,Sales,Not-in-family,White,Male,4787,0,45,United-States,1
35,Private,31964,Bachelors,13,Married-civ-spouse,Sales,Husband,White,Male,0,0,50,United-States,1
38,Private,243872,Bachelors,13,Married-civ-spouse,Sales,Husband,White,Male,0,0,70,United-States,1
48,Self-emp-inc,369522,Bachelors,13,Married-civ-spouse,Exec-managerial,Wife,White,Female,0,0,25,United-States,1
50,Private,133963,Bachelors,13,Divorced,Sales,Not-in-family,White,Female,0,0,50,United-States,0
33,Private,188352,Masters,14,Never-married,Prof-specialty,Not-in-family,Black,Male,0,0,50,United-States,0
28,Private,191342,Some-college,10,Never-married,Sales,Not-in-family,Other,Male,0,0,40,India,0
43,Private,162003,Some-college,10,Divorced,Machine-op-inspct,Not-in-family,White,Male,0,0,40,United-States,0
30,Private,437825,Bachelors,13,Married-civ-spouse,Sales,Husband,White,Male,0,0,20,Peru,0
34,Private,191930,Some-college,10,Married-civ-spouse,Machine-op-inspct,Husband,Black,Male,0,0,40,United-States,0
30,Local-gov,289442,HS-grad,9,Never-married,Protective-serv,Not-in-family,White,Male,0,0,40,United-States,0
50,Private,121411,12th,8,Divorced,Transport-moving,Not-in-family,White,Male,0,0,40,United-States,0
60,Private,317083,Bachelors,13,Married-civ-spouse,Exec-managerial,Husband,White,Male,0,0,45,United-States,1
33,Private,189843,7th-8th,4,Married-civ-spouse,Machine-op-inspct,Husband,White,Male,0,0,40,United-States,0
25,Federal-gov,207342,Some-college,10,Never-married,Exec-managerial,Not-in-family,Black,Male,0,0,40,United-States,0
20,Private,231286,Some-college,10,Never-married,Handlers-cleaners,Not-in-family,Black,Male,0,0,15,United-States,0
49,Private,101320,Masters,14,Divorced,Exec-managerial,Not-in-family,White,Female,0,0,75,United-States,0
52,Federal-gov,31838,HS-grad,9,Divorced,Adm-clerical,Unmarried,White,Female,0,0,40,United-States,0
39,Private,158962,Some-college,10,Divorced,Machine-op-inspct,Unmarried,White,Female,0,0,40,United-States,0
19,Private,167859,HS-grad,9,Never-married,Other-service,Own-child,Black,Male,0,0,40,United-States,0
32,Private,235109,Some-college,10,Divorced,Adm-clerical,Unmarried,White,Female,0,0,40,United-States,0
49,Private,83444,HS-grad,9,Divorced,Exec-managerial,Not-in-family,White,Male,0,0,40,United-States,0
30,Private,392812,HS-grad,9,Never-married,Handlers-cleaners,Not-in-family,White,Male,0,0,50,Germany,0
59,Private,264357,10th,6,Married-civ-spouse,Transport-moving,Husband,White,Male,0,0,50,United-States,0
50,Private,358740,HS-grad,9,Divorced,Adm-clerical,Unmarried,White,Female,0,0,40,England,0
64,Private,143110,Bachelors,13,Widowed,Prof-specialty,Not-in-family,White,Female,0,0,30,United-States,0
32,Self-emp-not-inc,319280,Assoc-acdm,12,Never-married,Sales,Not-in-family,White,Male,0,0,80,United-States,0
43,Self-emp-not-inc,170721,Some-college,10,Married-civ-spouse,Craft-repair,Husband,White,Male,0,0,20,United-States,0
42,Self-emp-not-inc,103980,Assoc-voc,11,Married-civ-spouse,Prof-specialty,Husband,White,Male,0,0,50,United-States,0
42,Private,342865,HS-grad,9,Married-civ-spouse,Sales,Husband,White,Male,0,0,40,United-States,0
44,Private,202872,Assoc-acdm,12,Divorced,Prof-specialty,Not-in-family,White,Female,0,0,40,United-States,1
44,Federal-gov,316120,Prof-school,15,Divorced,Prof-specialty,Unmarried,White,Male,0,0,40,United-States,1
28,Private,57066,HS-grad,9,Married-civ-spouse,Transport-moving,Husband,White,Male,0,0,40,United-States,0
45,Private,45857,HS-grad,9,Divorced,Adm-clerical,Not-in-family,White,Female,0,0,28,United-States,0
52,Private,338816,Some-college,10,Married-civ-spouse,Exec-managerial,Husband,White,Male,15024,0,45,United-States,1
59,Private,169639,Assoc-acdm,12,Widowed,Exec-managerial,Unmarried,White,Female,0,0,40,United-States,0
26,Private,33610,HS-grad,9,Divorced,Other-service,Other-relative,White,Male,0,0,40,United-States,0
46,Self-emp-inc,326048,Some-college,10,Married-civ-spouse,Exec-managerial,Husband,White,Male,0,0,40,United-States,1
38,Private,185330,Some-college,10,Never-married,Craft-repair,Own-child,White,Female,0,0,25,United-States,0
67,Private,288371,HS-grad,9,Married-civ-spouse,Sales,Husband,White,Male,0,0,40,Canada,1
56,Private,182460,HS-grad,9,Married-civ-spouse,Handlers-cleaners,Husband,White,Male,0,0,40,United-States,1
55,Private,157932,HS-grad,9,Divorced,Handlers-cleaners,Not-in-family,White,Male,0,0,40,United-States,0
55,Private,129762,HS-grad,9,Divorced,Adm-clerical,Unmarried,White,Female,0,0,40,United-States,0
21,Private,152389,Some-college,10,Never-married,Other-service,Not-in-family,Black,Female,0,0,30,United-States,0
47,Private,155659,HS-grad,9,Married-civ-spouse,Exec-managerial,Husband,White,Male,0,0,60,United-States,0
79,Federal-gov,62176,Doctorate,16,Widowed,Exec-managerial,Not-in-family,White,Male,0,0,6,United-States,1
41,State-gov,144928,Bachelors,13,Married-civ-spouse,Prof-specialty,Husband,White,Male,0,0,40,United-States,1
38,Private,91039,Masters,14,Married-civ-spouse,Exec-managerial,Husband,White,Male,0,0,65,United-States,1
57,Self-emp-not-inc,437281,Some-college,10,Married-civ-spouse,Tech-support,Husband,White,Male,0,0,38,United-States,1
54,Private,115912,Some-college,10,Married-civ-spouse,Craft-repair,Husband,White,Male,0,0,40,United-States,0
24,Local-gov,387108,Some-college,10,Married-civ-spouse,Protective-serv,Husband,Black,Male,0,0,40,United-States,0
38,Private,22042,Assoc-voc,11,Never-married,Prof-specialty,Not-in-family,White,Female,0,0,39,United-States,0
64,Self-emp-not-inc,213945,HS-grad,9,Married-civ-spouse,Craft-repair,Husband,White,Male,0,0,50,United-States,0
34,Local-gov,117018,Some-college,10,Never-married,Protective-serv,Not-in-family,White,Female,0,0,40,United-States,0
34,Private,405577,Some-college,10,Never-married,Adm-clerical,Not-in-family,White,Male,0,0,40,United-States,0
45,Private,178416,Assoc-voc,11,Divorced,Handlers-cleaners,Not-in-family,White,Female,0,0,40,United-States,0
41,Local-gov,133692,Bachelors,13,Divorced,Protective-serv,Unmarried,White,Female,0,0,40,United-States,0
35,Private,135162,Some-college,10,Married-civ-spouse,Craft-repair,Husband,White,Male,0,0,50,United-States,0
54,Private,118793,HS-grad,9,Married-civ-spouse,Adm-clerical,Husband,White,Male,0,0,45,United-States,0
46,Private,192835,Some-college,10,Married-civ-spouse,Transport-moving,Husband,White,Male,0,0,48,United-States,0
60,Private,122276,5th-6th,3,Married-civ-spouse,Craft-repair,Husband,White,Male,0,0,45,Italy,0
35,Private,401930,HS-grad,9,Married-civ-spouse,Adm-clerical,Wife,White,Female,0,1887,42,United-States,1
29,Private,119170,Some-college,10,Separated,Tech-support,Unmarried,White,Female,0,0,40,United-States,0
39,Private,114079,Assoc-acdm,12,Never-married,Craft-repair,Not-in-family,White,Male,0,0,40,United-States,0
18,State-gov,272918,HS-grad,9,Never-married,Adm-clerical,Own-child,Black,Male,0,0,15,United-States,0
37,Private,291251,HS-grad,9,Divorced,Machine-op-inspct,Not-in-family,White,Female,0,0,40,United-States,0
45,Private,289353,HS-grad,9,Married-civ-spouse,Transport-moving,Husband,Black,Male,0,0,24,United-States,0
39,Private,191807,HS-grad,9,Married-civ-spouse,Sales,Husband,White,Male,15024,0,50,United-States,1
22,Private,205940,Bachelors,13,Never-married,Exec-managerial,Not-in-family,White,Female,0,0,40,United-States,0
59,Private,188041,HS-grad,9,Divorced,Handlers-cleaners,Not-in-family,Black,Male,0,0,40,United-States,0
31,Private,112627,HS-grad,9,Married-civ-spouse,Transport-moving,Husband,Amer-Indian-Eskimo,Male,0,0,40,United-States,0
34,Private,35595,Assoc-voc,11,Married-civ-spouse,Tech-support,Husband,White,Male,0,0,40,United-States,0
24,Private,146706,Some-college,10,Never-married,Other-service,Not-in-family,White,Female,0,0,30,United-States,0
38,Private,105017,HS-grad,9,Divorced,Craft-repair,Unmarried,White,Male,0,0,40,United-States,0
38,Private,193026,11th,7,Married-civ-spouse,Craft-repair,Husband,White,Male,0,0,40,United-States,0
29,Local-gov,188278,Some-college,10,Married-civ-spouse,Prof-specialty,Husband,White,Male,0,0,40,United-States,0
18,Private,51789,Some-college,10,Never-married,Other-service,Own-child,White,Male,0,0,8,United-States,0
28,Private,51461,Bachelors,13,Married-civ-spouse,Adm-clerical,Husband,White,Male,0,1887,40,United-States,1
57,Self-emp-inc,107617,HS-grad,9,Separated,Farming-fishing,Not-in-family,White,Male,0,0,60,United-States,1
67,Self-emp-not-inc,40021,HS-grad,9,Married-civ-spouse,Farming-fishing,Husband,White,Male,0,0,35,United-States,0
26,Private,200681,HS-grad,9,Never-married,Machine-op-inspct,Own-child,White,Male,0,0,40,United-States,0
23,Private,174461,HS-grad,9,Never-married,Other-service,Not-in-family,White,Female,0,0,40,United-States,0
19,Private,214678,HS-grad,9,Never-married,Other-service,Own-child,White,Male,0,0,30,United-States,0
38,Self-emp-not-inc,127961,Some-college,10,Married-civ-spouse,Machine-op-inspct,Husband,White,Male,0,0,45,United-States,1
49,Private,423222,Masters,14,Married-civ-spouse,Sales,Husband,White,Male,0,0,50,United-States,1
31,Self-emp-not-inc,162442,Bachelors,13,Married-civ-spouse,Exec-managerial,Wife,White,Female,0,0,40,United-States,1
28,Private,111696,HS-grad,9,Separated,Craft-repair,Not-in-family,White,Male,0,1974,40,United-States,0
19,Private,144911,Some-college,10,Never-married,Other-service,Own-child,White,Male,0,0,20,United-States,0
64,State-gov,264544,Masters,14,Married-civ-spouse,Prof-specialty,Wife,White,Female,0,0,5,United-States,1
28,Private,111520,11th,7,Never-married,Machine-op-inspct,Unmarried,White,Female,0,0,40,Nicaragua,0
42,Local-gov,267138,Some-college,10,Married-civ-spouse,Craft-repair,Husband,Black,Male,0,0,40,United-States,0
38,Private,187999,Bachelors,13,Married-civ-spouse,Tech-support,Husband,White,Male,0,0,45,United-States,1
47,Private,244025,HS-grad,9,Never-married,Machine-op-inspct,Unmarried,Amer-Indian-Eskimo,Male,0,0,56,Puerto-Rico,0
34,Private,242361,Some-college,10,Married-civ-spouse,Prof-specialty,Husband,Black,Male,0,0,50,United-States,0
29,Private,163167,HS-grad,9,Divorced,Sales,Own-child,White,Male,0,0,40,United-States,0
23,Local-gov,55890,Bachelors,13,Never-married,Prof-specialty,Not-in-family,White,Female,0,0,40,United-States,0
39,Private,278403,HS-grad,9,Married-civ-spouse,Transport-moving,Husband,White,Male,0,0,65,United-States,0
19,State-gov,378418,HS-grad,9,Never-married,Tech-support,Own-child,White,Female,0,0,40,United-States,0
46,Private,125492,Bachelors,13,Divorced,Prof-specialty,Not-in-family,Black,Female,0,0,40,United-States,0
36,Federal-gov,89083,Assoc-voc,11,Married-civ-spouse,Tech-support,Husband,White,Male,0,0,40,United-States,0
43,Local-gov,196308,HS-grad,9,Divorced,Exec-managerial,Unmarried,Amer-Indian-Eskimo,Female,0,0,40,United-States,0
21,Private,118693,Some-college,10,Never-married,Handlers-cleaners,Own-child,White,Male,0,0,40,United-States,0
23,State-gov,502316,Bachelors,13,Never-married,Prof-specialty,Not-in-family,White,Female,0,0,40,United-States,0
22,Private,324922,HS-grad,9,Never-married,Machine-op-inspct,Not-in-family,White,Male,0,0,50,United-States,0
36,State-gov,110964,Bachelors,13,Married-civ-spouse,Prof-specialty,Wife,White,Female,0,1672,38,United-States,0
26,Private,102264,Some-college,10,Never-married,Craft-repair,Not-in-family,White,Male,0,0,40,United-States,0
56,Self-emp-not-inc,233312,Masters,14,Married-civ-spouse,Craft-repair,Husband,White,Male,0,0,50,United-States,1
54,Local-gov,29887,HS-grad,9,Married-civ-spouse,Exec-managerial,Husband,White,Male,0,0,56,United-States,0
39,Local-gov,67187,HS-grad,9,Never-married,Exec-managerial,Own-child,Amer-Indian-Eskimo,Female,0,0,40,United-States,0
22,Private,317528,Some-college,10,Never-married,Sales,Own-child,White,Male,0,0,34,United-States,0
40,Local-gov,183096,9th,5,Married-civ-spouse,Other-service,Wife,White,Female,0,0,40,Yugoslavia,1
32,Private,113364,Bachelors,13,Never-married,Prof-specialty,Not-in-family,White,Male,0,0,40,United-States,1
26,State-gov,106812,Assoc-voc,11,Divorced,Exec-managerial,Not-in-family,White,Female,0,0,38,United-States,0
38,Private,241765,11th,7,Divorced,Handlers-cleaners,Not-in-family,White,Female,0,0,60,United-States,0
36,Private,237943,Bachelors,13,Married-civ-spouse,Prof-specialty,Husband,White,Male,0,1977,45,United-States,1
48,State-gov,327886,Doctorate,16,Divorced,Prof-specialty,Own-child,White,Male,0,0,50,United-States,1
38,Private,32897,11th,7,Divorced,Sales,Unmarried,White,Female,0,0,40,United-States,0
32,Private,90969,Assoc-voc,11,Married-civ-spouse,Transport-moving,Husband,White,Male,0,0,45,United-States,1
31,Local-gov,189269,HS-grad,9,Never-married,Protective-serv,Own-child,White,Male,0,0,40,United-States,0
34,Private,185216,Some-college,10,Never-married,Adm-clerical,Own-child,White,Male,0,0,40,United-States,0
37,Local-gov,128054,Some-college,10,Divorced,Adm-clerical,Unmarried,White,Female,0,0,40,United-States,0
35,Private,181382,HS-grad,9,Married-civ-spouse,Craft-repair,Husband,White,Male,0,0,43,United-States,0
23,Private,148709,HS-grad,9,Separated,Handlers-cleaners,Other-relative,White,Female,0,0,40,United-States,0
17,Private,295488,11th,7,Never-married,Other-service,Own-child,Black,Female,0,0,25,United-States,0
34,Local-gov,124827,Some-college,10,Married-civ-spouse,Exec-managerial,Husband,White,Male,0,0,40,United-States,1
33,Self-emp-not-inc,222162,HS-grad,9,Married-civ-spouse,Craft-repair,Husband,White,Male,0,0,40,United-States,0
24,Private,341294,HS-grad,9,Married-civ-spouse,Machine-op-inspct,Husband,White,Male,0,0,40,United-States,0
32,Private,231413,HS-grad,9,Married-civ-spouse,Machine-op-inspct,Husband,White,Male,0,0,40,United-States,1
21,Private,502837,HS-grad,9,Never-married,Machine-op-inspct,Own-child,White,Female,0,0,40,Peru,0
39,Private,337898,Bachelors,13,Divorced,Exec-managerial,Not-in-family,White,Male,0,0,55,United-States,0
35,Private,63509,Assoc-voc,11,Married-civ-spouse,Craft-repair,Husband,White,Male,0,0,50,United-States,0
36,Private,221650,Some-college,10,Married-civ-spouse,Craft-repair,Husband,White,Male,0,0,40,Japan,0
54,Private,108960,11th,7,Married-civ-spouse,Machine-op-inspct,Husband,White,Male,0,0,40,United-States,0
67,Self-emp-inc,171564,HS-grad,9,Married-civ-spouse,Prof-specialty,Wife,White,Female,20051,0,30,England,1
31,Private,507875,9th,5,Married-civ-spouse,Machine-op-inspct,Husband,White,Male,0,0,43,United-States,0
22,Private,300871,Some-college,10,Never-married,Adm-clerical,Own-child,White,Male,0,0,40,United-States,0
32,Private,143604,HS-grad,9,Divorced,Other-service,Not-in-family,Black,Female,0,0,16,United-States,0
22,Private,205970,10th,6,Separated,Other-service,Unmarried,White,Female,0,0,35,United-States,0
49,Private,198759,Assoc-acdm,12,Married-civ-spouse,Sales,Husband,White,Male,15024,0,60,United-States,1
42,Private,150533,Some-college,10,Married-civ-spouse,Exec-managerial,Husband,White,Male,7298,0,52,United-States,1
47,Private,144844,HS-grad,9,Married-civ-spouse,Craft-repair,Husband,White,Male,0,0,40,United-States,0
38,Private,27997,Assoc-voc,11,Divorced,Craft-repair,Not-in-family,White,Male,0,0,40,United-States,0
59,Self-emp-not-inc,165315,Bachelors,13,Married-civ-spouse,Prof-specialty,Husband,White,Male,99999,0,43,United-States,1
32,Private,330715,Some-college,10,Married-civ-spouse,Craft-repair,Husband,White,Male,0,0,40,United-States,0
35,Private,181020,HS-grad,9,Never-married,Handlers-cleaners,Own-child,White,Male,0,0,60,United-States,0
29,Private,406662,HS-grad,9,Never-married,Handlers-cleaners,Not-in-family,White,Male,0,0,40,United-States,0
31,Private,27856,HS-grad,9,Never-married,Other-service,Unmarried,White,Female,0,0,8,United-States,0
45,Private,226246,HS-grad,9,Divorced,Handlers-cleaners,Not-in-family,White,Male,0,0,50,United-States,0
18,Private,145005,Some-college,10,Never-married,Other-service,Own-child,White,Male,0,0,20,United-States,0
20,Private,189888,12th,8,Never-married,Other-service,Not-in-family,White,Male,0,0,40,United-States,0
32,Private,339773,Some-college,10,Married-civ-spouse,Exec-managerial,Husband,White,Male,0,0,40,United-States,1
34,State-gov,189843,HS-grad,9,Married-civ-spouse,Adm-clerical,Husband,White,Male,0,0,40,United-States,0
26,Private,102476,Bachelors,13,Never-married,Prof-specialty,Own-child,White,Male,10520,0,64,United-States,1
52,Private,145879,Some-college,10,Married-civ-spouse,Sales,Husband,White,Male,0,0,65,United-States,0
31,Private,209538,10th,6,Married-civ-spouse,Machine-op-inspct,Husband,White,Male,0,0,40,United-States,0
30,Private,169583,Bachelors,13,Married-AF-spouse,Exec-managerial,Wife,White,Female,0,0,40,United-States,1
41,Self-emp-not-inc,251305,Some-college,10,Married-civ-spouse,Sales,Husband,White,Male,0,0,40,United-States,0
29,Private,293073,Bachelors,13,Never-married,Sales,Not-in-family,White,Male,0,0,50,United-States,1
32,Private,130057,HS-grad,9,Married-civ-spouse,Sales,Husband,White,Male,0,0,55,United-States,1
37,Private,40955,Bachelors,13,Never-married,Prof-specialty,Not-in-family,White,Male,0,0,30,United-States,0
50,Private,194231,Masters,14,Divorced,Sales,Not-in-family,White,Female,0,0,40,United-States,1
26,Private,214413,11th,7,Never-married,Machine-op-inspct,Unmarried,White,Male,6497,0,48,United-States,0
65,Private,170012,Bachelors,13,Married-civ-spouse,Adm-clerical,Husband,White,Male,0,0,34,United-States,0
43,Self-emp-inc,175485,Some-college,10,Married-civ-spouse,Exec-managerial,Husband,White,Male,0,0,40,United-States,0
39,Private,89419,Assoc-voc,11,Divorced,Other-service,Not-in-family,Amer-Indian-Eskimo,Female,0,0,40,Columbia,0
40,Private,180985,Masters,14,Married-civ-spouse,Exec-managerial,Husband,White,Male,0,0,50,United-States,1
55,Private,175071,Some-college,10,Married-civ-spouse,Craft-repair,Husband,Black,Male,15024,0,40,United-States,1
30,Private,216811,HS-grad,9,Married-civ-spouse,Craft-repair,Husband,Amer-Indian-Eskimo,Male,0,0,40,United-States,0
36,Self-emp-not-inc,89622,HS-grad,9,Married-civ-spouse,Craft-repair,Husband,White,Male,0,0,80,United-States,1
52,Private,185283,Masters,14,Never-married,Prof-specialty,Not-in-family,White,Male,0,0,40,United-States,0
54,Private,282680,Bachelors,13,Never-married,Prof-specialty,Not-in-family,White,Female,0,0,50,United-States,0
51,Private,191965,HS-grad,9,Widowed,Other-service,Unmarried,White,Female,0,0,32,United-States,0
32,State-gov,177216,Bachelors,13,Never-married,Prof-specialty,Not-in-family,White,Female,0,0,40,United-States,0
64,Private,133166,HS-grad,9,Married-civ-spouse,Exec-managerial,Husband,White,Male,0,0,5,United-States,0
52,Private,72743,HS-grad,9,Married-spouse-absent,Adm-clerical,Not-in-family,White,Female,0,0,50,United-States,0
23,Private,236804,11th,7,Married-civ-spouse,Other-service,Husband,White,Male,0,0,40,United-States,0
31,Local-gov,47276,Bachelors,13,Married-civ-spouse,Other-service,Husband,White,Male,0,0,38,United-States,1
29,State-gov,204516,Masters,14,Married-civ-spouse,Prof-specialty,Husband,White,Male,0,0,15,United-States,0
37,Private,238433,1st-4th,2,Married-civ-spouse,Transport-moving,Husband,White,Male,0,0,40,Cuba,0
45,Self-emp-not-inc,32172,Some-college,10,Never-married,Farming-fishing,Not-in-family,White,Male,0,0,50,United-States,0
21,Private,230248,HS-grad,9,Never-married,Adm-clerical,Not-in-family,White,Female,0,0,25,United-States,0
39,Private,98941,HS-grad,9,Married-civ-spouse,Craft-repair,Husband,White,Male,0,0,40,United-States,0
62,Private,201928,HS-grad,9,Widowed,Craft-repair,Unmarried,Black,Female,0,0,40,United-States,0
43,State-gov,270721,Bachelors,13,Married-civ-spouse,Exec-managerial,Husband,White,Male,0,0,55,United-States,1
41,Private,308550,HS-grad,9,Divorced,Craft-repair,Unmarried,White,Female,0,0,60,United-States,0
56,Private,131608,Some-college,10,Married-civ-spouse,Sales,Husband,White,Male,0,0,40,United-States,1
22,Private,315524,Some-college,10,Never-married,Adm-clerical,Own-child,Black,Male,0,0,30,Dominican-Republic,0
19,Private,43937,Some-college,10,Never-married,Other-service,Other-relative,White,Female,0,0,20,United-States,0
63,Self-emp-not-inc,117681,Assoc-voc,11,Married-civ-spouse,Farming-fishing,Husband,White,Male,0,0,40,United-States,0
48,Self-emp-not-inc,309895,Some-college,10,Divorced,Handlers-cleaners,Own-child,White,Female,0,0,40,United-States,0
31,Private,236391,Some-college,10,Never-married,Sales,Not-in-family,White,Female,0,0,40,United-States,0
49,Self-emp-inc,201080,Some-college,10,Divorced,Craft-repair,Not-in-family,White,Male,0,0,55,United-States,0
30,Private,177304,Some-college,10,Married-civ-spouse,Sales,Husband,White,Male,0,0,44,United-States,0
26,Private,62438,Bachelors,13,Married-civ-spouse,Sales,Wife,White,Female,0,0,40,United-States,1
52,Self-emp-inc,230767,Bachelors,13,Married-civ-spouse,Exec-managerial,Husband,White,Male,0,1902,60,Cuba,1
27,Private,588905,HS-grad,9,Married-civ-spouse,Craft-repair,Husband,White,Male,0,0,40,United-States,0
31,Private,113364,HS-grad,9,Married-civ-spouse,Craft-repair,Husband,White,Male,0,0,40,United-States,1
70,Private,280307,Bachelors,13,Married-civ-spouse,Exec-managerial,Husband,White,Male,0,0,20,Cuba,0
26,Private,366900,HS-grad,9,Never-married,Craft-repair,Own-child,White,Male,0,0,40,United-States,0
38,Federal-gov,95432,HS-grad,9,Married-civ-spouse,Adm-clerical,Husband,White,Male,0,0,40,United-States,1
57,State-gov,32694,Doctorate,16,Married-civ-spouse,Prof-specialty,Husband,White,Male,0,0,40,United-States,1
40,Private,239708,11th,7,Married-civ-spouse,Transport-moving,Husband,White,Male,0,0,55,United-States,0
27,Private,269444,HS-grad,9,Divorced,Handlers-cleaners,Not-in-family,White,Male,0,0,40,United-States,0
33,Private,190511,HS-grad,9,Never-married,Craft-repair,Not-in-family,White,Male,0,0,30,United-States,0
26,Private,247025,HS-grad,9,Never-married,Protective-serv,Unmarried,White,Male,0,0,44,United-States,0
39,Local-gov,164515,HS-grad,9,Divorced,Adm-clerical,Unmarried,White,Female,0,0,40,United-States,0
48,Private,373366,1st-4th,2,Married-civ-spouse,Farming-fishing,Husband,White,Male,3781,0,50,Mexico,0
43,Private,200835,HS-grad,9,Married-civ-spouse,Craft-repair,Husband,White,Male,0,0,40,United-States,0
53,Private,30244,Assoc-acdm,12,Married-civ-spouse,Exec-managerial,Husband,White,Male,15024,0,40,United-States,1
24,Private,200973,Some-college,10,Never-married,Adm-clerical,Not-in-family,White,Female,0,0,40,United-States,0
67,Private,197816,Some-college,10,Married-civ-spouse,Sales,Husband,White,Male,0,1844,70,United-States,0
30,Private,375827,HS-grad,9,Never-married,Handlers-cleaners,Other-relative,White,Male,0,0,40,United-States,0
30,Private,267161,Some-college,10,Married-civ-spouse,Tech-support,Wife,Black,Female,0,0,45,United-States,0
31,Private,111567,Bachelors,13,Married-civ-spouse,Exec-managerial,Husband,White,Male,0,0,70,United-States,1
35,Private,187329,Bachelors,13,Never-married,Prof-specialty,Not-in-family,White,Female,0,0,40,United-States,0
58,Private,203735,HS-grad,9,Divorced,Exec-managerial,Unmarried,White,Female,0,0,40,United-States,0
32,State-gov,127651,HS-grad,9,Married-civ-spouse,Protective-serv,Husband,White,Male,0,0,40,United-States,0
25,Private,159662,HS-grad,9,Married-civ-spouse,Sales,Own-child,White,Male,0,0,26,United-States,1
54,Private,205337,Bachelors,13,Never-married,Exec-managerial,Not-in-family,White,Male,0,0,50,United-States,1
21,Local-gov,212780,12th,8,Never-married,Handlers-cleaners,Unmarried,Black,Female,0,0,20,United-States,0
37,Self-emp-not-inc,162834,HS-grad,9,Married-civ-spouse,Sales,Husband,White,Male,0,1902,45,United-States,1
25,Private,230292,HS-grad,9,Married-civ-spouse,Craft-repair,Husband,White,Male,0,0,40,United-States,0
48,Private,94461,HS-grad,9,Widowed,Machine-op-inspct,Not-in-family,White,Female,0,0,16,United-States,0
52,Private,177366,HS-grad,9,Separated,Other-service,Other-relative,White,Female,0,0,20,United-States,0
47,Self-emp-inc,105779,Bachelors,13,Never-married,Sales,Own-child,White,Male,0,0,40,United-States,1
48,State-gov,224474,Some-college,10,Divorced,Exec-managerial,Not-in-family,White,Female,0,0,40,United-States,0
26,Private,168403,HS-grad,9,Married-civ-spouse,Handlers-cleaners,Husband,White,Male,0,0,40,United-States,0
61,Private,195595,7th-8th,4,Married-spouse-absent,Machine-op-inspct,Not-in-family,White,Male,0,0,40,Guatemala,0
72,Self-emp-not-inc,203289,Some-college,10,Married-civ-spouse,Craft-repair,Husband,White,Male,0,0,35,United-States,0
22,Private,275385,Some-college,10,Never-married,Other-service,Other-relative,White,Male,0,0,25,United-States,0
43,Private,334991,Some-college,10,Separated,Transport-moving,Unmarried,White,Male,4934,0,51,United-States,1
27,Private,168827,HS-grad,9,Married-civ-spouse,Machine-op-inspct,Husband,White,Male,0,0,40,United-States,0
50,Self-emp-inc,176751,Masters,14,Divorced,Exec-managerial,Not-in-family,White,Male,0,0,80,United-States,1
20,Private,197997,HS-grad,9,Never-married,Farming-fishing,Own-child,White,Male,0,0,40,United-States,0
53,Private,268545,HS-grad,9,Married-civ-spouse,Craft-repair,Husband,Black,Male,0,0,40,Jamaica,0
28,Self-emp-not-inc,188278,Bachelors,13,Married-civ-spouse,Craft-repair,Husband,White,Male,0,0,55,United-States,0
46,Local-gov,65535,Bachelors,13,Married-civ-spouse,Exec-managerial,Husband,White,Male,0,0,48,United-States,1
56,Private,34626,Some-college,10,Divorced,Exec-managerial,Not-in-family,White,Female,0,1980,40,United-States,0
34,Self-emp-not-inc,177639,Assoc-acdm,12,Never-married,Craft-repair,Not-in-family,White,Male,0,0,40,United-States,0
40,Self-emp-inc,50644,Assoc-acdm,12,Divorced,Sales,Unmarried,White,Female,1506,0,40,United-States,0
55,Self-emp-inc,207489,Bachelors,13,Divorced,Sales,Not-in-family,White,Female,0,0,50,Germany,0
46,Private,358886,HS-grad,9,Married-civ-spouse,Machine-op-inspct,Husband,White,Male,0,0,40,United-States,0
25,Private,456604,11th,7,Married-civ-spouse,Machine-op-inspct,Husband,White,Male,0,0,40,United-States,0
39,Private,203204,Assoc-acdm,12,Married-civ-spouse,Adm-clerical,Wife,White,Female,0,0,25,United-States,1
32,Private,257043,HS-grad,9,Never-married,Adm-clerical,Not-in-family,White,Female,0,0,42,United-States,0
52,Private,202071,HS-grad,9,Widowed,Craft-repair,Own-child,White,Female,0,0,40,United-States,0
53,Self-emp-not-inc,100109,Masters,14,Married-civ-spouse,Exec-managerial,Husband,White,Male,0,1977,40,United-States,1
44,Private,222434,HS-grad,9,Divorced,Machine-op-inspct,Own-child,White,Male,0,0,40,United-States,0
19,Private,232368,Some-college,10,Never-married,Other-service,Own-child,White,Female,0,0,35,United-States,0
59,Local-gov,62020,HS-grad,9,Widowed,Craft-repair,Not-in-family,Black,Male,0,0,40,United-States,0
50,Private,145717,HS-grad,9,Widowed,Adm-clerical,Unmarried,White,Female,0,0,35,United-States,0
20,Private,211049,Some-college,10,Never-married,Exec-managerial,Own-child,White,Female,0,0,30,United-States,0
26,Self-emp-not-inc,200681,HS-grad,9,Married-civ-spouse,Exec-managerial,Husband,White,Male,0,0,40,Outlying-US(Guam-USVI-etc),0
23,Private,249046,10th,6,Married-civ-spouse,Handlers-cleaners,Husband,White,Male,0,0,40,United-States,0
40,Local-gov,63042,Bachelors,13,Married-civ-spouse,Prof-specialty,Wife,White,Female,0,0,40,United-States,1
35,Self-emp-not-inc,335704,Some-college,10,Married-civ-spouse,Exec-managerial,Husband,White,Male,0,0,40,United-States,0
24,Private,289448,Assoc-voc,11,Never-married,Adm-clerical,Own-child,Asian-Pac-Islander,Female,0,0,40,Philippines,0
50,Private,138514,Some-college,10,Divorced,Adm-clerical,Unmarried,Black,Female,0,0,40,United-States,0
51,Private,201127,HS-grad,9,Divorced,Sales,Not-in-family,White,Male,0,0,45,United-States,0
24,Private,239663,Some-college,10,Married-civ-spouse,Adm-clerical,Husband,White,Male,0,0,15,United-States,0
41,Private,92733,HS-grad,9,Married-civ-spouse,Craft-repair,Husband,White,Male,0,0,40,United-States,1
41,Self-emp-not-inc,284086,Assoc-voc,11,Divorced,Sales,Not-in-family,White,Male,0,0,60,United-States,0
43,Private,194726,Prof-school,15,Married-civ-spouse,Prof-specialty,Husband,White,Male,15024,0,55,United-States,1
31,Private,187560,HS-grad,9,Never-married,Adm-clerical,Not-in-family,White,Male,2174,0,40,United-States,0
29,Private,262478,HS-grad,9,Never-married,Farming-fishing,Own-child,Black,Male,0,0,30,United-States,0
69,Private,108196,9th,5,Never-married,Craft-repair,Other-relative,White,Male,2993,0,40,United-States,0
36,Private,113481,HS-grad,9,Divorced,Craft-repair,Not-in-family,White,Male,0,0,40,United-States,0
34,Local-gov,183801,Bachelors,13,Never-married,Other-service,Not-in-family,White,Male,0,0,14,United-States,0
71,Private,55965,7th-8th,4,Widowed,Transport-moving,Not-in-family,White,Male,0,0,10,United-States,0
58,Federal-gov,298643,HS-grad,9,Divorced,Adm-clerical,Unmarried,Black,Female,0,0,40,United-States,0
35,Local-gov,177305,Some-college,10,Married-civ-spouse,Exec-managerial,Husband,White,Male,0,2377,40,United-States,0
35,State-gov,194828,Some-college,10,Never-married,Prof-specialty,Own-child,Black,Female,0,0,40,United-States,0
45,Private,117310,Bachelors,13,Divorced,Sales,Not-in-family,White,Female,0,0,46,United-States,0
23,Private,117789,Bachelors,13,Never-married,Adm-clerical,Own-child,White,Female,0,0,40,United-States,0
46,Self-emp-not-inc,320421,Bachelors,13,Married-spouse-absent,Prof-specialty,Not-in-family,White,Male,0,0,25,United-States,0
46,Private,138370,7th-8th,4,Married-civ-spouse,Other-service,Husband,Asian-Pac-Islander,Male,0,1651,40,China,0
50,Local-gov,173224,Masters,14,Married-civ-spouse,Prof-specialty,Wife,White,Female,0,0,40,United-States,0
27,Private,169662,Bachelors,13,Married-civ-spouse,Prof-specialty,Husband,White,Male,0,0,42,United-States,1
20,Private,333505,HS-grad,9,Never-married,Adm-clerical,Own-child,White,Male,0,0,30,Nicaragua,0
23,Private,217961,Some-college,10,Married-civ-spouse,Other-service,Husband,White,Male,0,0,40,United-States,0
57,Self-emp-inc,42959,Bachelors,13,Married-civ-spouse,Sales,Wife,White,Female,0,0,40,United-States,1
26,Local-gov,150553,Bachelors,13,Never-married,Adm-clerical,Own-child,Asian-Pac-Islander,Female,0,0,50,United-States,0
61,Private,133164,7th-8th,4,Never-married,Other-service,Not-in-family,White,Male,0,0,48,United-States,0
18,Private,280603,11th,7,Never-married,Sales,Own-child,White,Female,0,0,30,United-States,0
51,Federal-gov,282680,Doctorate,16,Never-married,Prof-specialty,Not-in-family,White,Female,0,1564,70,United-States,1
21,Private,246207,Some-college,10,Never-married,Adm-clerical,Own-child,Black,Female,0,0,20,United-States,0
49,Private,247294,HS-grad,9,Married-civ-spouse,Craft-repair,Husband,White,Male,0,0,45,United-States,1
54,Private,146409,Some-college,10,Widowed,Exec-managerial,Unmarried,White,Female,0,0,40,United-States,0
35,Private,115214,HS-grad,9,Never-married,Machine-op-inspct,Unmarried,White,Male,6497,0,65,United-States,0
36,Private,128757,Bachelors,13,Married-civ-spouse,Other-service,Husband,Black,Male,7298,0,36,United-States,1
34,Private,191856,Some-college,10,Married-civ-spouse,Exec-managerial,Wife,White,Female,7298,0,40,United-States,1
43,Private,262038,5th-6th,3,Married-spouse-absent,Farming-fishing,Unmarried,White,Male,0,0,35,Mexico,0
37,Private,329026,HS-grad,9,Married-civ-spouse,Adm-clerical,Wife,White,Female,0,0,40,United-States,1
19,Private,141868,HS-grad,9,Never-married,Transport-moving,Own-child,White,Male,0,0,40,United-States,0
43,Self-emp-not-inc,396758,Bachelors,13,Married-civ-spouse,Prof-specialty,Wife,White,Female,0,1887,70,United-States,1
23,Private,184813,Some-college,10,Married-civ-spouse,Other-service,Husband,White,Male,0,0,20,United-States,0
54,Private,279129,Some-college,10,Never-married,Tech-support,Not-in-family,White,Male,0,0,40,United-States,0
43,Private,361280,10th,6,Married-civ-spouse,Craft-repair,Husband,Asian-Pac-Islander,Male,0,0,42,China,0
30,State-gov,231043,Assoc-voc,11,Married-civ-spouse,Protective-serv,Husband,White,Male,0,0,40,United-States,0
31,Private,199655,Masters,14,Divorced,Other-service,Not-in-family,Other,Female,0,0,30,United-States,0
53,Federal-gov,221791,HS-grad,9,Divorced,Craft-repair,Not-in-family,Black,Male,0,0,40,United-States,0
29,Private,210498,HS-grad,9,Married-civ-spouse,Craft-repair,Husband,White,Male,0,0,40,United-States,0
31,Private,25955,9th,5,Never-married,Craft-repair,Own-child,Amer-Indian-Eskimo,Male,0,0,35,United-States,0
36,Private,101460,HS-grad,9,Never-married,Other-service,Not-in-family,White,Female,0,0,18,United-States,0
30,Private,185027,Bachelors,13,Married-civ-spouse,Prof-specialty,Husband,White,Male,0,0,40,United-States,1
39,Private,179668,Bachelors,13,Married-civ-spouse,Tech-support,Husband,White,Male,15024,0,40,United-States,1
43,Private,186188,Some-college,10,Divorced,Adm-clerical,Unmarried,White,Female,0,0,40,United-States,0
29,Private,77572,Assoc-acdm,12,Never-married,Adm-clerical,Not-in-family,Asian-Pac-Islander,Female,0,0,40,United-States,0
54,Private,182187,Assoc-voc,11,Married-civ-spouse,Protective-serv,Husband,Black,Male,15024,0,38,Jamaica,1
33,Private,433375,1st-4th,2,Married-civ-spouse,Craft-repair,Husband,White,Male,0,0,35,Mexico,0
54,Private,138026,HS-grad,9,Married-civ-spouse,Adm-clerical,Wife,White,Female,0,0,40,United-States,0
42,State-gov,304302,HS-grad,9,Married-civ-spouse,Transport-moving,Husband,Amer-Indian-Eskimo,Male,0,0,40,United-States,0
80,Private,148623,Prof-school,15,Married-civ-spouse,Prof-specialty,Husband,White,Male,0,0,35,United-States,1
32,Private,172579,HS-grad,9,Separated,Other-service,Not-in-family,White,Female,0,0,30,United-States,0
19,Private,262515,11th,7,Never-married,Other-service,Other-relative,White,Male,0,0,20,United-States,0
64,Federal-gov,301383,Assoc-acdm,12,Married-civ-spouse,Exec-managerial,Husband,White,Male,9386,0,45,United-States,1
36,Private,126954,HS-grad,9,Divorced,Transport-moving,Not-in-family,White,Male,0,0,40,United-States,0
56,Private,197114,HS-grad,9,Never-married,Handlers-cleaners,Own-child,White,Male,0,0,28,United-States,0
48,Private,47686,11th,7,Married-civ-spouse,Other-service,Wife,White,Female,0,0,40,United-States,0
84,Self-emp-inc,172907,Some-college,10,Married-civ-spouse,Sales,Husband,White,Male,0,0,35,United-States,1
42,Self-emp-inc,168071,HS-grad,9,Married-civ-spouse,Sales,Husband,White,Male,0,0,43,United-States,1
23,Private,157951,Some-college,10,Never-married,Exec-managerial,Not-in-family,White,Female,0,0,50,United-States,0
50,Private,248619,HS-grad,9,Married-civ-spouse,Craft-repair,Husband,White,Male,0,0,40,United-States,0
60,Private,83861,HS-grad,9,Married-civ-spouse,Handlers-cleaners,Husband,White,Male,0,0,40,United-States,0
52,Self-emp-not-inc,174752,HS-grad,9,Divorced,Craft-repair,Not-in-family,White,Male,0,0,40,United-States,0
57,Private,24384,7th-8th,4,Widowed,Other-service,Not-in-family,White,Female,0,0,10,United-States,0
31,Private,19491,Some-college,10,Never-married,Craft-repair,Not-in-family,White,Male,0,0,40,United-States,0
62,Private,123582,10th,6,Divorced,Other-service,Unmarried,White,Female,0,0,40,United-States,0
57,Private,49893,Masters,14,Married-civ-spouse,Prof-specialty,Husband,White,Male,0,0,60,United-States,1
41,Self-emp-not-inc,147110,HS-grad,9,Married-civ-spouse,Machine-op-inspct,Husband,White,Male,0,0,25,United-States,0
51,Private,179010,Some-college,10,Divorced,Sales,Not-in-family,White,Female,0,0,60,United-States,0
43,Private,186396,9th,5,Never-married,Machine-op-inspct,Not-in-family,White,Female,0,0,20,United-States,0
60,Private,147473,HS-grad,9,Married-civ-spouse,Sales,Husband,White,Male,0,0,40,United-States,0
19,Private,199484,Some-college,10,Never-married,Other-service,Own-child,White,Female,0,0,25,United-States,0
36,Private,81896,Bachelors,13,Never-married,Prof-specialty,Not-in-family,White,Female,0,0,45,United-States,0
27,Private,103524,HS-grad,9,Separated,Handlers-cleaners,Unmarried,White,Male,0,0,40,United-States,0
47,Private,175990,HS-grad,9,Married-civ-spouse,Other-service,Wife,White,Female,0,0,30,United-States,1
55,Private,132887,HS-grad,9,Married-civ-spouse,Transport-moving,Husband,Black,Male,3411,0,40,Jamaica,0
32,Self-emp-not-inc,188246,HS-grad,9,Divorced,Sales,Own-child,White,Male,0,1590,62,United-States,0
19,Private,530454,HS-grad,9,Never-married,Other-service,Not-in-family,White,Female,0,0,50,United-States,0
20,Private,130959,Some-college,10,Never-married,Other-service,Own-child,White,Male,0,0,20,United-States,0
44,Private,173682,Some-college,10,Married-civ-spouse,Transport-moving,Husband,White,Male,0,0,40,United-States,0
41,Self-emp-inc,194636,Bachelors,13,Married-civ-spouse,Sales,Husband,White,Male,99999,0,65,United-States,1
45,Local-gov,140644,Bachelors,13,Divorced,Protective-serv,Not-in-family,White,Male,0,0,40,United-States,1
22,Private,62507,Bachelors,13,Never-married,Prof-specialty,Own-child,White,Female,0,0,40,United-States,0
40,Private,162098,HS-grad,9,Divorced,Adm-clerical,Unmarried,White,Female,0,0,30,United-States,0
41,Private,66118,Bachelors,13,Divorced,Prof-specialty,Own-child,White,Female,0,0,40,United-States,0
46,State-gov,312015,HS-grad,9,Never-married,Other-service,Not-in-family,Black,Female,0,0,40,United-States,0
37,Private,116960,Bachelors,13,Never-married,Prof-specialty,Not-in-family,White,Male,0,0,45,United-States,1
23,Private,151910,Bachelors,13,Never-married,Machine-op-inspct,Own-child,White,Female,0,1719,40,United-States,0
30,Private,19847,Some-college,10,Divorced,Tech-support,Own-child,White,Female,0,0,40,United-States,0
31,Private,302626,Some-college,10,Divorced,Adm-clerical,Unmarried,White,Female,0,0,40,United-States,0
33,Private,311194,11th,7,Never-married,Sales,Unmarried,Black,Female,0,0,17,United-States,0
23,Private,117583,HS-grad,9,Never-married,Craft-repair,Own-child,White,Male,0,0,40,United-States,0
22,Self-emp-not-inc,202920,HS-grad,9,Never-married,Prof-specialty,Unmarried,White,Female,99999,0,40,Dominican-Republic,1
53,Self-emp-inc,157881,Some-college,10,Divorced,Exec-managerial,Not-in-family,White,Male,0,0,60,United-States,0
25,Private,335005,Some-college,10,Married-civ-spouse,Protective-serv,Husband,White,Male,3137,0,40,United-States,0
48,Private,278039,7th-8th,4,Married-civ-spouse,Machine-op-inspct,Husband,White,Male,0,0,40,United-States,0
33,Self-emp-not-inc,109959,Some-college,10,Married-civ-spouse,Sales,Husband,White,Male,0,0,25,United-States,0
20,Private,151790,Some-college,10,Never-married,Adm-clerical,Own-child,White,Female,0,0,30,United-States,0
45,Private,88265,HS-grad,9,Never-married,Machine-op-inspct,Own-child,White,Female,0,0,40,United-States,0
19,Private,258633,Some-college,10,Never-married,Other-service,Not-in-family,White,Female,0,0,30,United-States,0
23,Private,203076,Some-college,10,Never-married,Machine-op-inspct,Own-child,White,Male,0,0,40,United-States,0
42,State-gov,109462,Bachelors,13,Divorced,Adm-clerical,Unmarried,Black,Female,2977,0,40,United-States,0
63,Private,133144,HS-grad,9,Married-civ-spouse,Prof-specialty,Husband,White,Male,0,0,45,United-States,0
53,Federal-gov,130703,HS-grad,9,Married-civ-spouse,Adm-clerical,Husband,Black,Male,0,0,40,United-States,0
39,Local-gov,249392,Masters,14,Married-civ-spouse,Prof-specialty,Husband,White,Male,0,0,72,United-States,0
41,Self-emp-not-inc,27305,HS-grad,9,Married-civ-spouse,Farming-fishing,Husband,White,Male,7688,0,40,United-States,1
49,State-gov,203039,11th,7,Married-civ-spouse,Adm-clerical,Husband,White,Male,0,0,40,United-States,0
35,Private,330664,HS-grad,9,Divorced,Transport-moving,Not-in-family,White,Male,0,0,40,United-States,0
25,Private,161007,HS-grad,9,Never-married,Machine-op-inspct,Own-child,White,Male,0,0,40,United-States,0
29,Private,439263,HS-grad,9,Married-civ-spouse,Protective-serv,Husband,White,Male,0,0,35,Peru,0
22,Private,136824,11th,7,Never-married,Adm-clerical,Not-in-family,White,Male,0,0,40,United-States,0
34,Private,209449,Some-college,10,Married-civ-spouse,Tech-support,Husband,Black,Male,0,0,40,United-States,1
25,Private,195994,1st-4th,2,Never-married,Priv-house-serv,Not-in-family,White,Female,0,0,40,Guatemala,0
22,Private,119359,Bachelors,13,Never-married,Exec-managerial,Own-child,Asian-Pac-Islander,Female,0,0,40,United-States,0
48,State-gov,171926,Prof-school,15,Married-civ-spouse,Prof-specialty,Husband,White,Male,15024,0,50,United-States,1
48,Private,195491,HS-grad,9,Divorced,Sales,Not-in-family,White,Female,0,0,30,United-States,0
24,Private,82847,HS-grad,9,Separated,Other-service,Unmarried,White,Female,0,0,50,Portugal,1
42,Private,182302,HS-grad,9,Married-civ-spouse,Exec-managerial,Husband,White,Male,0,0,40,United-States,0
27,Private,391468,11th,7,Divorced,Craft-repair,Own-child,White,Male,0,0,40,United-States,0
39,Private,340091,Some-college,10,Separated,Other-service,Unmarried,White,Female,0,0,75,United-States,0
46,Private,695411,HS-grad,9,Divorced,Adm-clerical,Not-in-family,White,Female,0,0,44,United-States,0
47,Private,268022,HS-grad,9,Married-civ-spouse,Transport-moving,Husband,White,Male,0,0,55,United-States,1
42,Private,155106,Some-college,10,Never-married,Machine-op-inspct,Not-in-family,White,Male,0,0,45,United-States,0
37,Self-emp-inc,57424,Bachelors,13,Divorced,Sales,Not-in-family,White,Female,0,0,60,United-States,0
45,Private,185397,Assoc-acdm,12,Divorced,Craft-repair,Not-in-family,White,Male,0,0,40,United-States,0
34,Local-gov,172664,HS-grad,9,Married-civ-spouse,Craft-repair,Husband,White,Male,0,0,40,United-States,0
35,Federal-gov,153633,Some-college,10,Never-married,Other-service,Unmarried,Black,Female,0,0,40,United-States,0
37,Private,270059,Some-college,10,Divorced,Adm-clerical,Unmarried,White,Female,25236,0,25,United-States,1
26,Private,195555,Bachelors,13,Never-married,Sales,Not-in-family,White,Female,0,0,40,United-States,0
46,Private,96080,9th,5,Separated,Craft-repair,Unmarried,White,Female,0,0,40,United-States,0
39,Private,188503,Bachelors,13,Married-civ-spouse,Exec-managerial,Wife,White,Female,0,0,60,United-States,1
44,Private,139907,Some-college,10,Never-married,Sales,Own-child,White,Male,0,0,50,United-States,0
37,Private,177181,HS-grad,9,Married-civ-spouse,Craft-repair,Husband,White,Male,0,0,40,United-States,0
56,Private,182273,HS-grad,9,Married-civ-spouse,Machine-op-inspct,Husband,White,Male,0,0,40,United-States,0
43,Local-gov,113324,Bachelors,13,Married-civ-spouse,Prof-specialty,Husband,White,Male,0,0,40,United-States,1
27,Self-emp-inc,153546,Assoc-voc,11,Married-civ-spouse,Other-service,Wife,White,Female,0,0,36,United-States,1
34,Local-gov,105540,Bachelors,13,Married-civ-spouse,Prof-specialty,Husband,White,Male,0,2051,40,United-States,0
33,Private,207937,HS-grad,9,Never-married,Craft-repair,Not-in-family,White,Male,0,1092,40,United-States,0
32,Local-gov,95530,Some-college,10,Married-civ-spouse,Other-service,Husband,White,Male,0,0,40,United-States,0
29,Local-gov,95393,HS-grad,9,Never-married,Other-service,Own-child,White,Male,0,0,20,United-States,0
40,Private,222848,10th,6,Married-civ-spouse,Other-service,Wife,Black,Female,0,0,32,United-States,0
41,State-gov,73199,Bachelors,13,Married-civ-spouse,Exec-managerial,Husband,Asian-Pac-Islander,Male,0,0,40,United-States,0
24,State-gov,163480,Masters,14,Never-married,Adm-clerical,Not-in-family,Black,Female,0,0,40,United-States,0
25,Private,166415,HS-grad,9,Never-married,Transport-moving,Unmarried,White,Male,0,0,52,United-States,0
90,Private,250832,10th,6,Married-civ-spouse,Exec-managerial,Husband,White,Male,0,0,40,United-States,0
28,Private,169069,HS-grad,9,Never-married,Craft-repair,Own-child,White,Male,0,0,40,United-States,0
43,Private,274363,Bachelors,13,Married-civ-spouse,Exec-managerial,Husband,White,Male,0,1902,40,England,1
28,Private,201175,11th,7,Never-married,Machine-op-inspct,Not-in-family,Black,Male,0,0,40,United-States,0
21,Private,184568,HS-grad,9,Never-married,Machine-op-inspct,Not-in-family,White,Male,0,0,40,United-States,0
33,Private,179509,Bachelors,13,Married-civ-spouse,Handlers-cleaners,Husband,White,Male,0,0,40,United-States,0
35,Private,217605,HS-grad,9,Married-civ-spouse,Handlers-cleaners,Wife,White,Female,0,0,40,United-States,0
23,Private,117767,Bachelors,13,Married-civ-spouse,Sales,Husband,White,Male,0,0,40,United-States,0
19,Private,333953,12th,8,Never-married,Other-service,Other-relative,White,Female,0,0,30,United-States,0
41,Private,174575,HS-grad,9,Married-civ-spouse,Transport-moving,Husband,White,Male,0,1887,45,United-States,1
19,Private,208506,Some-college,10,Never-married,Exec-managerial,Own-child,White,Female,0,0,28,United-States,0
19,Local-gov,276973,Some-college,10,Never-married,Prof-specialty,Own-child,White,Female,0,0,20,United-States,0
17,Private,401198,11th,7,Never-married,Sales,Own-child,White,Female,0,0,15,United-States,0
29,Private,206351,Bachelors,13,Never-married,Prof-specialty,Not-in-family,White,Male,0,0,40,United-States,0
29,Private,149211,Bachelors,13,Married-civ-spouse,Tech-support,Husband,White,Male,0,0,40,United-States,0
20,Private,157599,Some-college,10,Never-married,Other-service,Not-in-family,White,Female,0,0,25,United-States,0
49,Local-gov,199378,HS-grad,9,Married-civ-spouse,Protective-serv,Husband,White,Male,0,0,40,United-States,0
47,Private,181652,HS-grad,9,Married-civ-spouse,Machine-op-inspct,Wife,White,Female,0,0,40,United-States,0
24,Private,223811,Some-college,10,Married-civ-spouse,Craft-repair,Husband,White,Male,0,0,40,United-States,0
24,Private,200997,HS-grad,9,Never-married,Handlers-cleaners,Own-child,White,Male,0,0,45,United-States,0
45,Self-emp-not-inc,183710,9th,5,Married-civ-spouse,Farming-fishing,Husband,White,Male,0,0,40,United-States,0
43,Private,64631,HS-grad,9,Married-civ-spouse,Craft-repair,Husband,White,Male,0,0,40,United-States,0
33,Private,637222,12th,8,Divorced,Machine-op-inspct,Unmarried,Black,Female,0,0,40,United-States,0
49,Private,105444,12th,8,Married-civ-spouse,Machine-op-inspct,Husband,White,Male,0,0,39,United-States,0
28,Private,44767,Bachelors,13,Never-married,Exec-managerial,Own-child,White,Male,0,0,50,United-States,1
48,Private,204629,Masters,14,Married-civ-spouse,Exec-managerial,Husband,White,Male,0,0,50,United-States,1
28,Private,142712,Some-college,10,Married-civ-spouse,Craft-repair,Husband,White,Male,0,0,40,United-States,0
32,Private,133503,HS-grad,9,Married-civ-spouse,Adm-clerical,Husband,White,Male,0,0,40,United-States,0
24,Private,314823,HS-grad,9,Never-married,Sales,Own-child,White,Male,0,0,40,Dominican-Republic,0
50,Private,89041,HS-grad,9,Married-civ-spouse,Craft-repair,Husband,White,Male,15024,0,50,United-States,1
36,Private,278576,HS-grad,9,Married-civ-spouse,Transport-moving,Husband,White,Male,0,0,50,United-States,0
37,Self-emp-not-inc,192251,10th,6,Married-civ-spouse,Other-service,Wife,White,Female,2635,0,40,United-States,0
42,Private,245317,HS-grad,9,Married-civ-spouse,Sales,Husband,White,Male,0,0,50,United-States,0
33,Private,215288,11th,7,Never-married,Handlers-cleaners,Own-child,Black,Male,0,0,40,United-States,0
30,Private,117963,Bachelors,13,Married-civ-spouse,Adm-clerical,Husband,White,Male,0,0,40,United-States,1
43,Private,313022,HS-grad,9,Married-civ-spouse,Machine-op-inspct,Husband,Black,Male,4386,0,40,United-States,1
30,Private,173005,HS-grad,9,Married-civ-spouse,Adm-clerical,Husband,White,Male,0,0,44,United-States,0
21,Private,434102,Some-college,10,Never-married,Adm-clerical,Not-in-family,White,Female,0,0,40,United-States,0
56,Private,98809,7th-8th,4,Married-civ-spouse,Machine-op-inspct,Wife,White,Female,5013,0,45,United-States,0
17,Private,89821,11th,7,Never-married,Other-service,Own-child,White,Male,0,0,10,United-States,0
51,Private,263836,HS-grad,9,Widowed,Handlers-cleaners,Not-in-family,White,Male,0,0,30,United-States,0
32,Private,110331,HS-grad,9,Married-civ-spouse,Exec-managerial,Husband,White,Male,0,1672,60,United-States,0
31,Self-emp-inc,304212,Some-college,10,Never-married,Exec-managerial,Own-child,White,Male,0,0,45,United-States,0
44,Private,421449,HS-grad,9,Divorced,Adm-clerical,Unmarried,White,Female,0,0,40,United-States,0
35,Private,81232,Bachelors,13,Married-civ-spouse,Sales,Husband,White,Male,15024,0,50,United-States,1
44,Private,105936,Assoc-acdm,12,Divorced,Adm-clerical,Unmarried,White,Female,0,0,40,United-States,0
31,Private,348491,Bachelors,13,Never-married,Exec-managerial,Not-in-family,Black,Female,0,0,40,United-States,0
22,Private,180060,HS-grad,9,Never-married,Exec-managerial,Not-in-family,White,Male,0,0,40,Yugoslavia,0
52,Private,146767,HS-grad,9,Married-civ-spouse,Machine-op-inspct,Husband,White,Male,0,0,40,United-States,1
39,Private,108140,Masters,14,Married-civ-spouse,Exec-managerial,Husband,White,Male,0,0,50,United-States,1
45,Private,32896,5th-6th,3,Never-married,Machine-op-inspct,Own-child,White,Female,0,0,35,United-States,0
18,Private,83451,HS-grad,9,Never-married,Other-service,Own-child,White,Female,0,0,30,United-States,0
48,Private,176026,HS-grad,9,Married-civ-spouse,Machine-op-inspct,Husband,White,Male,0,0,40,United-States,0
39,Private,184128,11th,7,Divorced,Sales,Other-relative,White,Female,0,0,40,United-States,0
45,Private,449354,Some-college,10,Married-civ-spouse,Exec-managerial,Husband,White,Male,0,0,40,United-States,0
38,Self-emp-not-inc,194534,Masters,14,Married-civ-spouse,Prof-specialty,Husband,Black,Male,99999,0,60,United-States,1
38,Local-gov,73715,Some-college,10,Married-civ-spouse,Protective-serv,Husband,White,Male,0,0,60,United-States,1
68,Private,170376,Bachelors,13,Married-civ-spouse,Exec-managerial,Husband,White,Male,0,0,40,United-States,1
45,Self-emp-not-inc,133969,HS-grad,9,Married-civ-spouse,Sales,Husband,Asian-Pac-Islander,Male,0,0,50,South,1
57,Local-gov,118481,Bachelors,13,Married-civ-spouse,Prof-specialty,Husband,White,Male,0,1902,40,United-States,1
27,Private,153291,Prof-school,15,Married-civ-spouse,Prof-specialty,Wife,White,Female,0,0,50,United-States,1
21,Private,179720,HS-grad,9,Never-married,Other-service,Other-relative,White,Female,0,0,30,United-States,0
39,Local-gov,119421,Bachelors,13,Married-civ-spouse,Prof-specialty,Wife,White,Female,0,0,42,United-States,0
39,Self-emp-not-inc,124090,9th,5,Married-civ-spouse,Craft-repair,Husband,White,Male,0,0,40,United-States,0
41,Private,192107,Bachelors,13,Married-civ-spouse,Craft-repair,Husband,White,Male,0,0,40,United-States,0
47,Local-gov,93476,Bachelors,13,Separated,Prof-specialty,Not-in-family,White,Female,0,0,70,United-States,0
44,Private,336513,Some-college,10,Married-civ-spouse,Prof-specialty,Husband,White,Male,0,0,45,United-States,0
26,Private,417941,Bachelors,13,Never-married,Exec-managerial,Not-in-family,White,Female,0,0,40,United-States,0
58,Private,225394,HS-grad,9,Married-civ-spouse,Craft-repair,Husband,White,Male,0,1902,40,United-States,0
29,Private,151382,HS-grad,9,Married-civ-spouse,Transport-moving,Husband,White,Male,0,0,60,United-States,0
38,Private,80303,Some-college,10,Married-civ-spouse,Sales,Husband,White,Male,0,0,60,United-States,1
39,Private,299828,5th-6th,3,Separated,Sales,Unmarried,Black,Female,0,0,30,Puerto-Rico,0
59,Private,216851,HS-grad,9,Never-married,Machine-op-inspct,Not-in-family,White,Male,0,0,40,United-States,0
31,Private,288983,Some-college,10,Never-married,Protective-serv,Not-in-family,White,Male,0,0,40,United-States,0
38,Private,177154,HS-grad,9,Married-civ-spouse,Other-service,Husband,White,Male,0,0,40,United-States,0
42,Private,386175,Some-college,10,Divorced,Sales,Not-in-family,White,Male,0,0,50,United-States,1
48,Private,238360,Bachelors,13,Separated,Adm-clerical,Unmarried,Asian-Pac-Islander,Female,0,0,40,Philippines,0
52,Private,138944,11th,7,Married-civ-spouse,Craft-repair,Husband,White,Male,0,0,40,United-States,1
18,Private,94196,HS-grad,9,Never-married,Handlers-cleaners,Own-child,White,Female,0,0,25,United-States,0
73,Local-gov,181902,Masters,14,Married-civ-spouse,Prof-specialty,Husband,White,Male,0,0,10,Poland,1
54,Private,76344,Bachelors,13,Never-married,Other-service,Not-in-family,White,Female,0,0,50,United-States,0
54,Private,398212,HS-grad,9,Married-civ-spouse,Transport-moving,Husband,Black,Male,5013,0,40,United-States,0
19,Private,57067,HS-grad,9,Never-married,Machine-op-inspct,Other-relative,White,Male,0,0,45,United-States,0
27,Private,289147,Bachelors,13,Never-married,Prof-specialty,Own-child,White,Female,0,0,40,United-States,0
76,Private,142535,HS-grad,9,Widowed,Adm-clerical,Not-in-family,White,Male,0,0,6,United-States,0
27,State-gov,340269,Some-college,10,Never-married,Protective-serv,Not-in-family,White,Male,0,0,40,United-States,0
20,Private,54012,HS-grad,9,Never-married,Handlers-cleaners,Own-child,White,Male,0,0,40,United-States,0
38,Private,204501,Bachelors,13,Married-civ-spouse,Exec-managerial,Husband,White,Male,0,0,55,United-States,1
47,Local-gov,162595,Some-college,10,Married-spouse-absent,Craft-repair,Other-relative,White,Male,0,0,45,United-States,0
27,Self-emp-not-inc,30244,HS-grad,9,Never-married,Farming-fishing,Own-child,White,Male,0,0,80,United-States,0
41,Self-emp-inc,495061,Doctorate,16,Married-civ-spouse,Prof-specialty,Husband,White,Male,99999,0,70,United-States,1
33,Private,141841,Bachelors,13,Married-civ-spouse,Exec-managerial,Husband,Black,Male,5178,0,40,United-States,1
21,Private,209483,Some-college,10,Never-married,Sales,Own-child,White,Female,0,0,20,United-States,0
45,Local-gov,197332,Bachelors,13,Never-married,Exec-managerial,Not-in-family,White,Male,0,0,40,United-States,0
25,Private,194342,HS-grad,9,Never-married,Machine-op-inspct,Own-child,White,Male,0,0,40,United-States,0
38,State-gov,341643,Assoc-acdm,12,Never-married,Exec-managerial,Not-in-family,White,Male,0,0,60,United-States,0
30,Private,341346,11th,7,Married-civ-spouse,Sales,Husband,White,Male,0,0,40,United-States,0
46,Private,193047,HS-grad,9,Married-civ-spouse,Exec-managerial,Husband,White,Male,0,0,40,United-States,1
33,Private,520033,12th,8,Married-civ-spouse,Adm-clerical,Wife,White,Female,0,0,40,United-States,0
30,Private,268575,HS-grad,9,Never-married,Craft-repair,Unmarried,Asian-Pac-Islander,Male,0,0,40,Vietnam,0
48,Self-emp-not-inc,164582,Some-college,10,Married-civ-spouse,Farming-fishing,Husband,White,Male,7298,0,60,United-States,1
37,State-gov,378916,HS-grad,9,Married-civ-spouse,Adm-clerical,Husband,White,Male,0,0,40,United-States,0
47,Local-gov,265097,HS-grad,9,Married-civ-spouse,Other-service,Husband,White,Male,4386,0,40,United-States,1
32,Private,169589,Assoc-voc,11,Married-civ-spouse,Handlers-cleaners,Husband,White,Male,0,0,40,United-States,1
42,Local-gov,126319,Bachelors,13,Married-civ-spouse,Prof-specialty,Wife,White,Female,0,0,40,United-States,1
59,Self-emp-not-inc,132925,Masters,14,Married-civ-spouse,Craft-repair,Husband,White,Male,0,0,40,United-States,1
17,Private,171080,12th,8,Never-married,Handlers-cleaners,Own-child,White,Male,0,0,20,United-States,0
34,Local-gov,143766,Some-college,10,Never-married,Protective-serv,Own-child,White,Male,0,0,40,United-States,0
61,Federal-gov,151369,Prof-school,15,Married-civ-spouse,Prof-specialty,Husband,White,Male,0,0,50,United-States,1
46,Self-emp-inc,201865,Prof-school,15,Married-civ-spouse,Prof-specialty,Husband,White,Male,0,0,60,United-States,1
49,Self-emp-not-inc,43479,Some-college,10,Married-civ-spouse,Craft-repair,Husband,White,Male,0,0,40,United-States,0
61,Private,103575,HS-grad,9,Married-civ-spouse,Craft-repair,Husband,White,Male,0,0,37,United-States,0
46,Private,585361,9th,5,Divorced,Exec-managerial,Unmarried,White,Female,0,0,40,United-States,0
43,Private,182437,Bachelors,13,Never-married,Prof-specialty,Not-in-family,White,Male,0,0,45,United-States,1
37,Private,224886,HS-grad,9,Married-civ-spouse,Transport-moving,Husband,White,Male,0,0,42,United-States,0
57,Private,61761,Some-college,10,Married-civ-spouse,Craft-repair,Husband,White,Male,0,1672,45,United-States,0
32,Private,459007,HS-grad,9,Married-civ-spouse,Protective-serv,Husband,White,Male,0,0,90,United-States,0
45,Private,220213,HS-grad,9,Widowed,Craft-repair,Not-in-family,White,Female,0,0,40,United-States,0
35,Private,406051,Doctorate,16,Never-married,Prof-specialty,Not-in-family,White,Female,0,0,80,United-States,1
46,Private,73541,10th,6,Divorced,Craft-repair,Not-in-family,White,Male,0,0,40,United-States,0
21,Private,267040,10th,6,Never-married,Prof-specialty,Unmarried,Black,Female,0,0,40,United-States,0
27,Private,160731,Bachelors,13,Married-civ-spouse,Prof-specialty,Husband,White,Male,0,0,40,United-States,0
58,Self-emp-not-inc,87510,10th,6,Married-civ-spouse,Craft-repair,Husband,White,Male,0,0,40,United-States,0
62,Self-emp-not-inc,82388,HS-grad,9,Married-civ-spouse,Craft-repair,Husband,White,Male,10566,0,40,United-States,0
38,Private,120074,Bachelors,13,Married-civ-spouse,Machine-op-inspct,Husband,White,Male,0,0,50,United-States,1
39,Self-emp-not-inc,160808,Some-college,10,Married-civ-spouse,Other-service,Husband,Black,Male,0,0,40,United-States,0
26,State-gov,272986,Assoc-acdm,12,Never-married,Adm-clerical,Own-child,Black,Female,0,0,8,United-States,0
20,Private,204641,HS-grad,9,Never-married,Adm-clerical,Own-child,White,Male,0,0,20,United-States,0
68,Private,186943,HS-grad,9,Married-civ-spouse,Craft-repair,Husband,White,Male,0,0,8,United-States,0
33,Self-emp-not-inc,235271,Some-college,10,Never-married,Other-service,Not-in-family,White,Male,0,0,35,United-States,0
29,Self-emp-not-inc,151476,Assoc-voc,11,Never-married,Adm-clerical,Not-in-family,White,Female,2174,0,40,United-States,0
57,Private,139290,HS-grad,9,Divorced,Other-service,Not-in-family,White,Male,0,0,38,United-States,0
21,Private,149809,Assoc-acdm,12,Never-married,Sales,Own-child,White,Male,0,0,40,United-States,0
76,Self-emp-not-inc,117169,7th-8th,4,Never-married,Farming-fishing,Not-in-family,White,Male,0,0,30,United-States,0
55,Private,174662,HS-grad,9,Married-civ-spouse,Transport-moving,Husband,White,Male,0,0,32,United-States,0
61,Private,128848,HS-grad,9,Married-civ-spouse,Machine-op-inspct,Husband,White,Male,3471,0,40,United-States,0
28,Private,140108,Masters,14,Divorced,Prof-specialty,Not-in-family,White,Female,0,0,50,United-States,0
24,Private,211585,HS-grad,9,Married-civ-spouse,Transport-moving,Own-child,White,Female,0,0,40,United-States,0
29,Private,51944,HS-grad,9,Married-civ-spouse,Other-service,Wife,White,Female,4386,0,40,United-States,1
50,Private,81548,HS-grad,9,Married-civ-spouse,Prof-specialty,Husband,White,Male,0,0,40,United-States,0
54,Local-gov,185846,Masters,14,Married-civ-spouse,Prof-specialty,Husband,White,Male,0,1977,40,United-States,1
49,State-gov,175109,Some-college,10,Married-civ-spouse,Prof-specialty,Husband,White,Male,0,0,50,United-States,1
33,Private,857532,12th,8,Never-married,Protective-serv,Own-child,Black,Male,0,0,40,United-States,0
17,Private,317702,10th,6,Never-married,Sales,Own-child,Black,Female,0,0,15,United-States,0
25,Private,229287,Bachelors,13,Never-married,Exec-managerial,Other-relative,White,Female,0,0,25,United-States,0
39,Private,193689,Some-college,10,Married-civ-spouse,Machine-op-inspct,Husband,White,Male,0,0,40,United-States,0
41,Private,156566,Some-college,10,Married-civ-spouse,Craft-repair,Husband,White,Male,0,0,40,United-States,1
45,Private,363677,Doctorate,16,Married-civ-spouse,Prof-specialty,Wife,White,Female,0,1977,30,United-States,1
66,Private,140576,7th-8th,4,Married-civ-spouse,Craft-repair,Husband,White,Male,0,0,40,United-States,0
51,Federal-gov,174102,HS-grad,9,Married-civ-spouse,Adm-clerical,Husband,White,Male,0,0,40,United-States,1
41,Private,239833,HS-grad,9,Married-spouse-absent,Transport-moving,Unmarried,Black,Male,0,0,50,United-States,0
31,Federal-gov,294870,Assoc-acdm,12,Married-civ-spouse,Craft-repair,Husband,White,Male,0,0,40,United-States,0
30,State-gov,137613,Masters,14,Married-civ-spouse,Prof-specialty,Husband,Asian-Pac-Islander,Male,0,0,20,Taiwan,0
36,Private,166549,Bachelors,13,Divorced,Adm-clerical,Not-in-family,White,Male,0,0,55,United-States,1
52,Self-emp-not-inc,146579,HS-grad,9,Divorced,Sales,Unmarried,Black,Male,0,0,40,United-States,0
36,Self-emp-not-inc,111957,Some-college,10,Married-civ-spouse,Exec-managerial,Husband,White,Male,0,0,52,United-States,0
43,Private,105936,HS-grad,9,Married-civ-spouse,Adm-clerical,Wife,White,Female,0,0,35,United-States,1
41,Private,102332,HS-grad,9,Divorced,Sales,Unmarried,Black,Female,0,0,40,United-States,0
42,Self-emp-not-inc,195897,HS-grad,9,Married-civ-spouse,Craft-repair,Husband,White,Male,0,0,40,United-States,0
51,Private,153870,HS-grad,9,Married-civ-spouse,Tech-support,Husband,White,Male,0,0,40,United-States,1
26,State-gov,141838,Bachelors,13,Married-civ-spouse,Exec-managerial,Husband,Black,Male,0,0,40,United-States,1
52,Self-emp-inc,49069,Some-college,10,Married-civ-spouse,Adm-clerical,Wife,White,Female,0,0,40,United-States,1
46,Local-gov,170092,Masters,14,Never-married,Prof-specialty,Not-in-family,White,Female,0,0,43,United-States,0
66,Self-emp-not-inc,174995,Assoc-acdm,12,Married-civ-spouse,Craft-repair,Husband,White,Male,2290,0,30,Hungary,0
43,Private,211128,Masters,14,Divorced,Exec-managerial,Not-in-family,White,Female,0,0,50,United-States,1
30,Private,188403,Some-college,10,Never-married,Machine-op-inspct,Not-in-family,White,Male,0,0,40,United-States,0
27,Private,35032,Some-college,10,Married-civ-spouse,Handlers-cleaners,Husband,White,Male,0,0,40,United-States,1
44,Private,147265,Some-college,10,Married-civ-spouse,Exec-managerial,Husband,White,Male,0,0,40,United-States,1
36,Private,84306,Bachelors,13,Married-civ-spouse,Exec-managerial,Husband,White,Male,5013,0,50,United-States,0
32,Private,169240,HS-grad,9,Divorced,Machine-op-inspct,Not-in-family,White,Female,0,0,38,United-States,0
55,Self-emp-not-inc,95149,Some-college,10,Married-civ-spouse,Transport-moving,Husband,White,Male,0,0,99,United-States,0
51,Private,48343,Masters,14,Married-civ-spouse,Exec-managerial,Husband,White,Male,7298,0,50,United-States,1
42,Private,34037,Doctorate,16,Never-married,Prof-specialty,Not-in-family,White,Male,0,0,50,United-States,0
59,Private,197148,HS-grad,9,Married-civ-spouse,Protective-serv,Husband,White,Male,0,0,24,United-States,1
60,Private,198170,Bachelors,13,Married-civ-spouse,Exec-managerial,Husband,White,Male,0,0,45,United-States,1
44,Private,62258,11th,7,Never-married,Other-service,Not-in-family,White,Female,0,0,40,United-States,0
38,Private,809585,Bachelors,13,Married-civ-spouse,Sales,Husband,White,Male,0,0,40,United-States,1
32,Private,223212,Preschool,1,Married-civ-spouse,Machine-op-inspct,Husband,White,Male,0,0,40,Mexico,0
32,Self-emp-inc,281030,HS-grad,9,Never-married,Craft-repair,Not-in-family,White,Male,0,0,40,United-States,0
24,Private,39615,Bachelors,13,Never-married,Sales,Not-in-family,White,Male,0,0,45,United-States,0
31,Private,143653,Assoc-voc,11,Married-civ-spouse,Sales,Husband,White,Male,0,0,50,United-States,0
60,Private,191188,HS-grad,9,Married-civ-spouse,Transport-moving,Husband,White,Male,0,0,40,United-States,0
49,State-gov,72619,Some-college,10,Divorced,Adm-clerical,Unmarried,White,Female,0,0,50,United-States,0
46,Private,102771,Masters,14,Married-civ-spouse,Tech-support,Husband,White,Male,0,1977,40,United-States,1
53,Private,29557,Some-college,10,Divorced,Prof-specialty,Not-in-family,White,Female,0,0,40,United-States,0
33,Private,170148,HS-grad,9,Divorced,Adm-clerical,Unmarried,White,Female,0,0,45,United-States,0
39,Private,202937,Some-college,10,Divorced,Tech-support,Not-in-family,White,Female,0,0,40,Poland,0
59,State-gov,186308,Masters,14,Married-civ-spouse,Prof-specialty,Husband,White,Male,0,0,50,United-States,0
63,Federal-gov,39181,Doctorate,16,Divorced,Exec-managerial,Not-in-family,White,Female,0,2559,60,United-States,1
27,Private,179565,Bachelors,13,Never-married,Adm-clerical,Not-in-family,White,Female,0,0,37,United-States,0
40,Private,198096,HS-grad,9,Married-civ-spouse,Machine-op-inspct,Husband,White,Male,0,0,40,United-States,1
25,Private,27411,Bachelors,13,Divorced,Sales,Not-in-family,White,Female,0,0,40,United-States,0
50,Self-emp-not-inc,114758,Bachelors,13,Never-married,Craft-repair,Not-in-family,White,Male,4416,0,45,United-States,0
25,Private,184698,10th,6,Never-married,Machine-op-inspct,Not-in-family,White,Male,0,0,40,Dominican-Republic,0
39,Private,120074,HS-grad,9,Divorced,Handlers-cleaners,Not-in-family,White,Male,0,0,40,United-States,0
31,Private,184306,Assoc-voc,11,Never-married,Transport-moving,Own-child,White,Male,0,1980,60,United-States,0
52,Private,99602,HS-grad,9,Separated,Craft-repair,Own-child,Black,Female,0,0,40,United-States,0
31,Self-emp-inc,149726,HS-grad,9,Married-civ-spouse,Craft-repair,Husband,White,Male,0,0,50,United-States,0
35,Local-gov,329759,HS-grad,9,Married-civ-spouse,Craft-repair,Husband,White,Male,0,0,40,United-States,0
17,Private,138293,11th,7,Never-married,Handlers-cleaners,Own-child,White,Male,0,0,15,United-States,0
54,Self-emp-not-inc,103179,HS-grad,9,Married-civ-spouse,Transport-moving,Husband,White,Male,0,0,60,United-States,1
30,Private,182714,Some-college,10,Never-married,Exec-managerial,Not-in-family,White,Female,0,0,40,England,0
24,Private,22966,Bachelors,13,Married-civ-spouse,Sales,Husband,White,Male,0,0,45,United-States,0
20,Private,175069,Some-college,10,Never-married,Adm-clerical,Own-child,White,Male,0,0,40,Yugoslavia,0
42,Self-emp-not-inc,343609,Some-college,10,Separated,Other-service,Unmarried,Black,Female,0,0,50,United-States,0
26,Private,102476,Bachelors,13,Never-married,Adm-clerical,Own-child,White,Male,0,0,25,United-States,0
53,State-gov,151580,Assoc-voc,11,Married-civ-spouse,Prof-specialty,Husband,White,Male,4386,0,40,United-States,1
22,State-gov,262819,Some-college,10,Never-married,Adm-clerical,Not-in-family,White,Female,0,0,40,United-States,0
33,Private,121904,Some-college,10,Never-married,Other-service,Not-in-family,White,Female,0,0,28,United-States,0
28,Private,199998,HS-grad,9,Separated,Other-service,Not-in-family,White,Female,0,0,25,United-States,0
19,Private,168693,HS-grad,9,Never-married,Sales,Own-child,White,Female,0,0,25,United-States,0
19,Self-emp-not-inc,206599,Some-college,10,Never-married,Other-service,Own-child,White,Female,0,0,22,United-States,0
18,Private,304169,11th,7,Never-married,Sales,Own-child,White,Male,0,0,35,United-States,0
32,Private,199416,Bachelors,13,Married-civ-spouse,Prof-specialty,Husband,White,Male,0,0,40,United-States,0
36,Private,393673,Assoc-acdm,12,Married-civ-spouse,Exec-managerial,Wife,White,Female,0,0,50,United-States,1
19,Private,383637,HS-grad,9,Never-married,Other-service,Own-child,White,Male,0,0,20,United-States,0
44,Private,112262,Bachelors,13,Married-civ-spouse,Tech-support,Husband,White,Male,5178,0,40,United-States,1
37,Private,114605,HS-grad,9,Married-civ-spouse,Farming-fishing,Husband,White,Male,0,0,40,United-States,0
50,Private,146429,HS-grad,9,Married-civ-spouse,Craft-repair,Husband,White,Male,0,0,40,United-States,0
33,Private,594187,Masters,14,Married-civ-spouse,Prof-specialty,Husband,White,Male,0,0,45,United-States,1
34,Private,227359,Some-college,10,Married-civ-spouse,Other-service,Husband,White,Male,0,0,42,United-States,0
21,Private,296158,10th,6,Married-civ-spouse,Other-service,Husband,White,Male,0,0,25,United-States,0
36,Private,152621,Some-college,10,Married-civ-spouse,Craft-repair,Husband,White,Male,0,0,40,Canada,1
27,Federal-gov,257124,Bachelors,13,Never-married,Transport-moving,Other-relative,White,Male,0,0,35,United-States,0
34,Private,248754,11th,7,Never-married,Machine-op-inspct,Not-in-family,White,Male,0,0,40,United-States,0
41,Self-emp-inc,149102,Bachelors,13,Married-civ-spouse,Exec-managerial,Husband,White,Male,0,0,35,United-States,1
25,Private,104746,Some-college,10,Married-civ-spouse,Handlers-cleaners,Husband,White,Male,0,0,16,United-States,0
34,Local-gov,167063,HS-grad,9,Never-married,Protective-serv,Own-child,White,Male,0,0,40,United-States,0
39,Self-emp-not-inc,109766,Prof-school,15,Married-civ-spouse,Prof-specialty,Husband,White,Male,15024,0,50,United-States,1
24,Private,96178,Bachelors,13,Never-married,Adm-clerical,Own-child,White,Female,0,0,40,United-States,0
49,Private,99179,Bachelors,13,Never-married,Prof-specialty,Not-in-family,White,Female,0,0,40,United-States,0
27,State-gov,146243,Some-college,10,Separated,Other-service,Not-in-family,White,Female,0,0,30,United-States,0
46,Private,318259,Assoc-voc,11,Divorced,Tech-support,Other-relative,White,Female,0,0,36,United-States,0
22,Private,333910,Some-college,10,Never-married,Tech-support,Not-in-family,White,Female,0,0,43,United-States,0
45,Federal-gov,76008,Bachelors,13,Married-civ-spouse,Exec-managerial,Husband,White,Male,0,0,50,United-States,1
25,Self-emp-not-inc,136450,Assoc-acdm,12,Married-civ-spouse,Adm-clerical,Wife,White,Female,0,0,35,United-States,1
21,Private,451996,HS-grad,9,Never-married,Sales,Own-child,White,Male,0,0,40,United-States,0
22,Private,147227,Bachelors,13,Never-married,Other-service,Not-in-family,White,Male,0,0,30,United-States,0
26,State-gov,105787,Bachelors,13,Never-married,Prof-specialty,Own-child,White,Male,0,0,40,United-States,0
38,Local-gov,115076,Masters,14,Married-civ-spouse,Exec-managerial,Husband,White,Male,0,0,70,United-States,1
43,Private,48882,HS-grad,9,Divorced,Adm-clerical,Other-relative,White,Female,0,0,40,United-States,0
52,Private,308764,Some-college,10,Divorced,Exec-managerial,Unmarried,White,Female,0,0,40,United-States,0
58,Private,141807,5th-6th,3,Married-civ-spouse,Machine-op-inspct,Husband,White,Male,0,0,40,Italy,0
31,Private,323069,Assoc-acdm,12,Divorced,Sales,Unmarried,White,Female,0,880,45,United-States,0
36,Federal-gov,51089,Bachelors,13,Married-civ-spouse,Adm-clerical,Husband,White,Male,0,0,50,United-States,1
43,Private,75742,HS-grad,9,Married-civ-spouse,Machine-op-inspct,Husband,White,Male,0,0,40,United-States,0
36,Private,90159,Bachelors,13,Married-civ-spouse,Prof-specialty,Wife,White,Female,0,0,32,United-States,1
26,Private,32276,HS-grad,9,Never-married,Farming-fishing,Not-in-family,White,Male,0,0,40,United-States,0
47,Private,229737,HS-grad,9,Married-civ-spouse,Craft-repair,Husband,White,Male,0,0,45,United-States,1
41,Private,183203,HS-grad,9,Married-civ-spouse,Transport-moving,Husband,White,Male,0,0,50,United-States,1
27,Private,150296,HS-grad,9,Never-married,Other-service,Own-child,White,Female,0,0,32,United-States,0
44,Private,214838,HS-grad,9,Married-civ-spouse,Machine-op-inspct,Husband,White,Male,0,0,45,United-States,1
25,Private,499233,HS-grad,9,Divorced,Adm-clerical,Not-in-family,White,Male,0,0,40,United-States,0
38,Private,33105,Bachelors,13,Married-civ-spouse,Prof-specialty,Husband,Amer-Indian-Eskimo,Male,0,0,70,United-States,1
72,Private,497280,9th,5,Widowed,Other-service,Unmarried,Black,Female,0,0,20,United-States,0
19,Private,55284,HS-grad,9,Never-married,Handlers-cleaners,Own-child,White,Female,0,0,25,United-States,0
49,Private,50748,Some-college,10,Divorced,Sales,Unmarried,White,Female,0,0,55,England,0
20,Private,107658,Some-college,10,Never-married,Tech-support,Not-in-family,White,Female,0,0,10,United-States,0
49,Private,105614,10th,6,Married-civ-spouse,Machine-op-inspct,Husband,White,Male,0,0,50,United-States,0
38,Private,254114,Some-college,10,Married-spouse-absent,Prof-specialty,Own-child,Black,Female,0,0,40,United-States,0
21,Private,141453,HS-grad,9,Never-married,Other-service,Own-child,White,Female,0,0,40,United-States,0
58,Self-emp-not-inc,165695,HS-grad,9,Divorced,Exec-managerial,Not-in-family,White,Male,0,0,70,United-States,0
31,Federal-gov,381645,Bachelors,13,Separated,Prof-specialty,Not-in-family,White,Male,0,0,40,United-States,0
23,Private,227594,HS-grad,9,Never-married,Adm-clerical,Not-in-family,White,Female,0,0,30,United-States,0
52,Private,194259,HS-grad,9,Divorced,Sales,Not-in-family,White,Female,0,0,40,Germany,0
33,Local-gov,256529,HS-grad,9,Separated,Other-service,Own-child,White,Female,0,0,80,United-States,0
17,Private,47771,11th,7,Never-married,Prof-specialty,Own-child,White,Female,0,0,20,United-States,0
39,Private,99270,HS-grad,9,Divorced,Adm-clerical,Own-child,White,Female,0,0,40,United-States,0
28,Private,389713,HS-grad,9,Divorced,Protective-serv,Not-in-family,White,Male,0,0,40,United-States,0
23,Private,375871,HS-grad,9,Married-civ-spouse,Adm-clerical,Wife,White,Female,0,0,40,Mexico,0
50,Private,196963,7th-8th,4,Divorced,Craft-repair,Not-in-family,White,Female,0,0,30,United-States,0
37,Private,30267,11th,7,Never-married,Transport-moving,Not-in-family,White,Male,0,0,60,United-States,1
62,Private,232308,Bachelors,13,Married-civ-spouse,Exec-managerial,Husband,White,Male,0,0,40,United-States,1
25,Private,390657,Some-college,10,Never-married,Other-service,Not-in-family,Black,Male,0,0,40,United-States,0
28,Private,219267,HS-grad,9,Never-married,Other-service,Unmarried,White,Female,0,0,28,United-States,0
23,Private,229826,HS-grad,9,Never-married,Machine-op-inspct,Own-child,White,Male,0,0,40,United-States,0
29,Private,126208,HS-grad,9,Married-civ-spouse,Machine-op-inspct,Husband,Black,Male,0,0,40,United-States,0
18,Private,173255,HS-grad,9,Never-married,Transport-moving,Own-child,White,Male,1055,0,25,United-States,0
48,Private,105808,9th,5,Widowed,Transport-moving,Unmarried,White,Male,0,0,40,United-States,1
34,Private,220362,Bachelors,13,Never-married,Exec-managerial,Own-child,White,Male,0,0,40,United-States,0
52,Self-emp-inc,100506,Some-college,10,Married-civ-spouse,Sales,Husband,White,Male,15024,0,50,United-States,1
56,Self-emp-not-inc,201318,9th,5,Married-civ-spouse,Exec-managerial,Other-relative,White,Male,3411,0,50,Columbia,0
34,Private,158615,Some-college,10,Married-civ-spouse,Handlers-cleaners,Husband,White,Male,0,0,40,United-States,0
47,Private,158924,HS-grad,9,Married-civ-spouse,Tech-support,Wife,White,Female,0,0,40,United-States,0
54,Self-emp-not-inc,33863,HS-grad,9,Married-civ-spouse,Farming-fishing,Husband,White,Male,0,0,60,United-States,1
47,Private,436770,Assoc-voc,11,Never-married,Prof-specialty,Not-in-family,White,Female,0,0,40,United-States,0
20,Private,228686,11th,7,Married-civ-spouse,Other-service,Husband,White,Male,0,0,40,United-States,0
33,Private,159548,Some-college,10,Divorced,Adm-clerical,Unmarried,Black,Female,0,0,38,United-States,0
64,Private,187601,Some-college,10,Widowed,Adm-clerical,Not-in-family,White,Female,0,0,40,United-States,0
30,Private,261677,9th,5,Never-married,Handlers-cleaners,Unmarried,Black,Male,0,0,40,United-States,0
34,Self-emp-inc,544268,HS-grad,9,Divorced,Sales,Not-in-family,White,Female,0,0,50,United-States,0
50,Private,171225,Bachelors,13,Married-civ-spouse,Exec-managerial,Husband,Asian-Pac-Islander,Male,0,0,40,Philippines,1
18,Local-gov,55658,10th,6,Never-married,Other-service,Own-child,White,Male,0,0,25,United-States,0
27,Private,147951,HS-grad,9,Never-married,Machine-op-inspct,Other-relative,White,Male,0,0,1,United-States,0
29,Private,196116,Prof-school,15,Divorced,Prof-specialty,Own-child,White,Female,2174,0,72,United-States,0
44,Private,179136,HS-grad,9,Never-married,Sales,Not-in-family,White,Female,0,0,40,United-States,0
40,Local-gov,95639,HS-grad,9,Never-married,Craft-repair,Other-relative,Amer-Indian-Eskimo,Male,0,0,40,United-States,0
51,Private,57698,HS-grad,9,Married-spouse-absent,Other-service,Unmarried,White,Female,0,0,40,United-States,0
58,Private,281792,Bachelors,13,Married-civ-spouse,Prof-specialty,Husband,White,Male,0,0,40,United-States,1
65,Private,185001,10th,6,Widowed,Sales,Not-in-family,White,Female,0,0,20,United-States,0
29,Private,178551,HS-grad,9,Married-civ-spouse,Transport-moving,Husband,White,Male,0,0,40,United-States,0
26,Private,183171,11th,7,Never-married,Other-service,Own-child,Black,Male,1055,0,32,United-States,0
43,Private,102025,Masters,14,Married-civ-spouse,Prof-specialty,Husband,Other,Male,0,0,50,United-States,0
40,Private,283724,9th,5,Never-married,Craft-repair,Other-relative,Black,Male,0,0,49,United-States,0
35,Private,179579,HS-grad,9,Married-civ-spouse,Transport-moving,Husband,White,Male,0,0,40,United-States,0
46,Local-gov,149949,Bachelors,13,Married-civ-spouse,Prof-specialty,Husband,White,Male,0,0,45,United-States,1
68,Local-gov,144761,HS-grad,9,Widowed,Protective-serv,Not-in-family,White,Male,0,1668,20,United-States,0
32,Federal-gov,386877,Assoc-voc,11,Never-married,Tech-support,Own-child,Black,Male,4650,0,40,United-States,0
43,Local-gov,311914,Some-college,10,Divorced,Adm-clerical,Not-in-family,White,Female,0,0,40,United-States,0
67,Private,95113,HS-grad,9,Married-civ-spouse,Exec-managerial,Husband,White,Male,0,0,37,United-States,1
41,Private,325786,HS-grad,9,Married-civ-spouse,Machine-op-inspct,Husband,White,Male,0,0,40,United-States,0
38,Private,279315,HS-grad,9,Never-married,Other-service,Own-child,Black,Male,0,0,40,United-States,0
39,Federal-gov,30673,9th,5,Married-civ-spouse,Machine-op-inspct,Husband,White,Male,0,0,40,United-States,1
39,Private,202950,Bachelors,13,Never-married,Exec-managerial,Not-in-family,White,Male,0,0,45,United-States,0
31,Private,226443,Bachelors,13,Never-married,Prof-specialty,Not-in-family,White,Male,0,0,40,United-States,0
28,Private,410351,Some-college,10,Never-married,Craft-repair,Not-in-family,White,Male,0,0,30,United-States,0
19,Private,292583,HS-grad,9,Never-married,Other-service,Own-child,White,Female,0,0,30,United-States,0
19,Private,251579,Some-college,10,Never-married,Other-service,Own-child,White,Male,0,0,14,United-States,0
35,Private,32220,Assoc-acdm,12,Never-married,Exec-managerial,Not-in-family,White,Female,0,0,60,United-States,0
26,Private,34803,HS-grad,9,Never-married,Exec-managerial,Not-in-family,White,Female,0,0,40,United-States,0
24,State-gov,289909,Some-college,10,Married-civ-spouse,Prof-specialty,Husband,White,Male,0,0,40,United-States,0
23,Private,175424,Some-college,10,Never-married,Adm-clerical,Own-child,Black,Female,0,0,40,United-States,0
48,Private,268234,HS-grad,9,Divorced,Craft-repair,Not-in-family,White,Male,0,0,50,United-States,0
50,Self-emp-inc,67794,HS-grad,9,Married-spouse-absent,Sales,Not-in-family,White,Male,0,0,60,United-States,0
27,Private,133425,HS-grad,9,Never-married,Exec-managerial,Not-in-family,White,Female,0,0,50,United-States,0
47,Private,298037,Assoc-voc,11,Divorced,Prof-specialty,Unmarried,White,Female,0,0,44,United-States,0
39,Private,216256,Bachelors,13,Married-civ-spouse,Exec-managerial,Husband,White,Male,0,0,60,Italy,1
47,Local-gov,80282,Bachelors,13,Married-civ-spouse,Prof-specialty,Husband,White,Male,3137,0,40,United-States,0
45,Private,28119,HS-grad,9,Married-civ-spouse,Adm-clerical,Husband,White,Male,0,0,7,United-States,0
26,Private,188767,Bachelors,13,Never-married,Sales,Own-child,White,Male,0,0,40,United-States,0
48,Private,107373,10th,6,Married-civ-spouse,Transport-moving,Husband,White,Male,0,0,40,United-States,1
21,Private,255957,Some-college,10,Never-married,Exec-managerial,Not-in-family,White,Female,4101,0,40,United-States,0
51,Federal-gov,140516,Masters,14,Married-civ-spouse,Prof-specialty,Husband,White,Male,0,0,40,United-States,1
35,Private,110668,HS-grad,9,Married-civ-spouse,Machine-op-inspct,Wife,Black,Female,0,0,35,United-States,0
19,Private,72355,Some-college,10,Never-married,Other-service,Not-in-family,White,Male,0,0,20,United-States,0
30,Private,144064,HS-grad,9,Married-civ-spouse,Exec-managerial,Husband,White,Male,0,0,62,United-States,0
35,Local-gov,387777,Assoc-acdm,12,Married-civ-spouse,Protective-serv,Husband,White,Male,0,0,52,United-States,0
44,State-gov,150755,Bachelors,13,Married-civ-spouse,Adm-clerical,Husband,White,Male,5013,0,40,United-States,0
38,Private,447346,Some-college,10,Married-civ-spouse,Craft-repair,Husband,White,Male,0,0,36,United-States,1
46,Private,57929,HS-grad,9,Divorced,Other-service,Not-in-family,White,Male,0,0,25,United-States,0
35,Private,161141,HS-grad,9,Married-civ-spouse,Machine-op-inspct,Husband,White,Male,0,0,40,United-States,0
30,Private,112115,Bachelors,13,Married-civ-spouse,Exec-managerial,Husband,White,Male,0,0,50,United-States,1
54,Private,206964,Some-college,10,Married-civ-spouse,Sales,Husband,White,Male,0,0,40,United-States,1
38,Self-emp-not-inc,197365,HS-grad,9,Married-civ-spouse,Tech-support,Husband,White,Male,0,0,50,United-States,0
65,Private,330144,Some-college,10,Married-civ-spouse,Exec-managerial,Husband,White,Male,0,0,40,United-States,0
58,Private,289364,Some-college,10,Married-civ-spouse,Exec-managerial,Husband,White,Male,7688,0,45,United-States,1
26,Private,68001,Masters,14,Never-married,Prof-specialty,Not-in-family,White,Female,0,0,40,United-States,0
24,Private,85088,HS-grad,9,Never-married,Sales,Own-child,White,Female,0,1762,32,United-States,0
26,Private,155752,Some-college,10,Married-civ-spouse,Machine-op-inspct,Husband,Black,Male,0,0,40,United-States,0
20,Private,451996,HS-grad,9,Never-married,Handlers-cleaners,Own-child,White,Male,0,0,40,United-States,0
30,Private,167309,Bachelors,13,Married-civ-spouse,Adm-clerical,Husband,White,Male,0,1902,40,United-States,1
46,Private,133169,Assoc-voc,11,Married-civ-spouse,Craft-repair,Husband,White,Male,0,0,40,United-States,0
37,Federal-gov,173192,Assoc-voc,11,Separated,Adm-clerical,Not-in-family,Black,Male,0,0,40,United-States,0
26,Private,397317,Masters,14,Never-married,Prof-specialty,Not-in-family,White,Female,0,1876,40,United-States,0
25,Private,209428,Some-college,10,Married-civ-spouse,Sales,Husband,White,Male,0,0,25,El-Salvador,0
18,Private,271935,HS-grad,9,Never-married,Machine-op-inspct,Own-child,White,Female,0,0,40,United-States,0
22,Private,187538,10th,6,Separated,Other-service,Unmarried,White,Female,0,0,40,United-States,0
36,State-gov,179488,Bachelors,13,Married-civ-spouse,Protective-serv,Husband,White,Male,7298,0,55,United-States,1
46,Federal-gov,213140,Masters,14,Married-civ-spouse,Exec-managerial,Husband,White,Male,0,1977,40,United-States,1
43,Local-gov,160574,Bachelors,13,Married-civ-spouse,Craft-repair,Husband,White,Male,0,0,40,United-States,0
29,Private,103628,Some-college,10,Married-civ-spouse,Adm-clerical,Wife,White,Female,0,0,40,United-States,1
24,Private,437666,HS-grad,9,Married-civ-spouse,Craft-repair,Husband,White,Male,2885,0,50,United-States,0
41,Private,144032,HS-grad,9,Married-civ-spouse,Exec-managerial,Husband,White,Male,0,0,60,United-States,0
30,Local-gov,168387,Bachelors,13,Never-married,Exec-managerial,Own-child,White,Male,0,0,40,United-States,0
32,Private,105650,HS-grad,9,Married-civ-spouse,Exec-managerial,Wife,White,Female,0,0,50,United-States,1
52,Private,110954,HS-grad,9,Married-civ-spouse,Craft-repair,Husband,White,Male,0,0,45,El-Salvador,1
36,Private,220696,HS-grad,9,Divorced,Machine-op-inspct,Not-in-family,White,Male,0,0,40,United-States,0
47,Private,155509,HS-grad,9,Separated,Other-service,Other-relative,Black,Female,0,0,35,United-States,0
22,Private,113062,Bachelors,13,Never-married,Prof-specialty,Own-child,White,Female,0,0,40,United-States,0
21,Private,120326,Some-college,10,Never-married,Adm-clerical,Own-child,White,Female,0,0,40,United-States,0
18,Private,88642,Some-college,10,Never-married,Sales,Own-child,White,Male,0,0,15,United-States,0
35,Private,285020,HS-grad,9,Never-married,Craft-repair,Not-in-family,White,Male,0,0,40,United-States,0
42,Local-gov,174575,Bachelors,13,Married-civ-spouse,Prof-specialty,Husband,White,Male,5178,0,40,United-States,1
39,State-gov,122011,Masters,14,Married-civ-spouse,Prof-specialty,Wife,White,Female,5178,0,38,United-States,1
18,Private,137363,HS-grad,9,Never-married,Adm-clerical,Own-child,White,Female,0,0,40,United-States,0
54,Private,29909,11th,7,Married-civ-spouse,Other-service,Wife,White,Female,0,0,43,United-States,0
37,Local-gov,117683,HS-grad,9,Married-civ-spouse,Protective-serv,Husband,White,Male,0,0,40,United-States,0
33,Private,63079,HS-grad,9,Divorced,Adm-clerical,Unmarried,Black,Female,0,0,40,United-States,0
23,Federal-gov,41432,Bachelors,13,Never-married,Prof-specialty,Not-in-family,White,Female,0,0,15,United-States,0
18,Private,163332,HS-grad,9,Never-married,Sales,Own-child,White,Female,0,0,22,United-States,0
50,Private,92811,Bachelors,13,Married-civ-spouse,Tech-support,Husband,White,Male,0,0,40,United-States,0
42,Private,98211,Bachelors,13,Married-civ-spouse,Exec-managerial,Husband,White,Male,15024,0,45,United-States,1
45,Private,386940,Bachelors,13,Divorced,Exec-managerial,Own-child,White,Male,0,1408,40,United-States,0
27,Private,191230,Some-college,10,Never-married,Handlers-cleaners,Not-in-family,Black,Male,0,0,25,United-States,0
55,Private,41108,Some-college,10,Widowed,Farming-fishing,Not-in-family,White,Male,0,2258,62,United-States,1
39,Private,191002,HS-grad,9,Never-married,Sales,Not-in-family,White,Female,0,0,40,Poland,0
26,Private,120238,Bachelors,13,Never-married,Sales,Other-relative,White,Male,0,0,40,United-States,0
39,Private,177181,7th-8th,4,Married-civ-spouse,Transport-moving,Husband,White,Male,0,0,40,United-States,0
44,Private,79864,Masters,14,Separated,Exec-managerial,Unmarried,White,Female,0,0,20,United-States,0
30,Private,159187,Bachelors,13,Married-civ-spouse,Prof-specialty,Husband,White,Male,0,1902,55,United-States,1
19,Private,125591,Some-college,10,Never-married,Other-service,Own-child,White,Female,0,0,40,United-States,0
37,Private,126675,Some-college,10,Married-civ-spouse,Exec-managerial,Husband,White,Male,0,0,57,United-States,0
25,Private,312966,9th,5,Separated,Handlers-cleaners,Other-relative,White,Male,0,0,40,El-Salvador,0
33,State-gov,173806,Masters,14,Never-married,Prof-specialty,Not-in-family,White,Male,0,0,30,United-States,0
53,Self-emp-not-inc,257126,12th,8,Married-civ-spouse,Craft-repair,Husband,White,Male,0,0,45,United-States,0
43,Self-emp-inc,130126,Some-college,10,Married-civ-spouse,Exec-managerial,Husband,White,Male,15024,0,45,United-States,1
45,Private,367037,HS-grad,9,Divorced,Adm-clerical,Unmarried,White,Female,0,0,40,United-States,0
21,Private,161415,Some-college,10,Never-married,Craft-repair,Not-in-family,White,Male,0,0,50,United-States,0
53,Private,311269,HS-grad,9,Divorced,Other-service,Not-in-family,White,Female,0,0,40,United-States,0
33,Self-emp-not-inc,176185,HS-grad,9,Married-civ-spouse,Craft-repair,Husband,White,Male,0,0,40,United-States,0
17,Private,181580,11th,7,Never-married,Other-service,Own-child,White,Female,0,0,16,United-States,0
30,Private,488720,9th,5,Married-civ-spouse,Handlers-cleaners,Other-relative,White,Male,0,0,40,Mexico,0
45,Local-gov,318280,HS-grad,9,Widowed,Protective-serv,Not-in-family,White,Male,0,0,40,United-States,1
58,Self-emp-inc,104333,HS-grad,9,Divorced,Sales,Not-in-family,White,Male,0,0,50,United-States,0
18,Private,212370,HS-grad,9,Married-civ-spouse,Craft-repair,Husband,White,Male,0,0,25,United-States,0
51,Local-gov,96678,Masters,14,Married-civ-spouse,Prof-specialty,Husband,White,Male,0,0,60,United-States,0
41,Local-gov,213154,Some-college,10,Married-civ-spouse,Adm-clerical,Wife,Black,Female,0,0,40,United-States,0
39,Private,134367,Masters,14,Married-civ-spouse,Prof-specialty,Wife,White,Female,0,1977,24,United-States,1
21,Private,166851,HS-grad,9,Never-married,Machine-op-inspct,Other-relative,White,Male,0,0,40,United-States,0
58,Private,117477,HS-grad,9,Divorced,Adm-clerical,Unmarried,Black,Female,0,0,36,United-States,0
44,Self-emp-not-inc,282722,Prof-school,15,Married-civ-spouse,Prof-specialty,Husband,White,Male,99999,0,50,United-States,1
47,Federal-gov,160647,HS-grad,9,Separated,Adm-clerical,Unmarried,White,Female,0,0,40,United-States,0
21,Private,54472,HS-grad,9,Never-married,Other-service,Unmarried,White,Female,0,0,40,United-States,0
23,Private,203715,HS-grad,9,Never-married,Farming-fishing,Own-child,White,Male,0,0,40,United-States,0
68,Private,76371,HS-grad,9,Married-civ-spouse,Handlers-cleaners,Husband,White,Male,0,0,45,United-States,1
55,Private,105304,HS-grad,9,Married-civ-spouse,Machine-op-inspct,Husband,White,Male,0,0,40,United-States,0
42,Local-gov,245307,Bachelors,13,Married-civ-spouse,Exec-managerial,Husband,White,Male,0,1977,48,United-States,1
59,Private,145574,11th,7,Married-civ-spouse,Adm-clerical,Husband,White,Male,0,0,40,United-States,0
50,Private,21095,Some-college,10,Divorced,Other-service,Unmarried,Asian-Pac-Islander,Male,0,0,40,Philippines,0
34,Private,73161,HS-grad,9,Married-civ-spouse,Sales,Husband,White,Male,0,0,40,United-States,1
39,Private,339442,HS-grad,9,Separated,Machine-op-inspct,Not-in-family,Black,Male,2176,0,40,United-States,0
46,Federal-gov,44706,Bachelors,13,Divorced,Prof-specialty,Unmarried,White,Female,0,0,50,United-States,1
56,Self-emp-not-inc,144351,HS-grad,9,Married-civ-spouse,Transport-moving,Husband,White,Male,0,0,90,United-States,0
54,Self-emp-not-inc,242606,Masters,14,Married-civ-spouse,Sales,Husband,White,Male,4386,0,45,United-States,1
41,Private,184102,11th,7,Divorced,Other-service,Not-in-family,White,Male,0,0,40,United-States,0
24,Self-emp-inc,493034,HS-grad,9,Never-married,Other-service,Not-in-family,Black,Male,13550,0,50,United-States,1
34,Private,118710,Assoc-voc,11,Married-civ-spouse,Other-service,Husband,White,Male,0,0,40,United-States,1
57,Private,301514,HS-grad,9,Married-civ-spouse,Sales,Husband,White,Male,0,0,40,United-States,0
39,Private,207185,Some-college,10,Married-civ-spouse,Exec-managerial,Wife,White,Female,0,0,35,Puerto-Rico,1
24,Private,196816,Bachelors,13,Married-civ-spouse,Prof-specialty,Husband,White,Male,3908,0,40,United-States,0
36,Private,184659,Some-college,10,Married-civ-spouse,Adm-clerical,Husband,White,Male,0,0,52,United-States,0
50,Federal-gov,20179,Masters,14,Married-civ-spouse,Tech-support,Husband,White,Male,0,0,40,United-States,1
24,Private,170277,HS-grad,9,Never-married,Other-service,Not-in-family,White,Female,0,0,35,United-States,0
29,Private,251854,Bachelors,13,Never-married,Adm-clerical,Not-in-family,Black,Female,0,0,40,United-States,0
49,Private,67365,HS-grad,9,Married-civ-spouse,Craft-repair,Husband,White,Male,0,0,40,United-States,1
47,Local-gov,218596,Assoc-voc,11,Divorced,Adm-clerical,Not-in-family,White,Female,0,0,40,United-States,0
35,Private,186110,HS-grad,9,Divorced,Transport-moving,Not-in-family,White,Male,0,0,45,United-States,0
17,Private,297246,11th,7,Never-married,Priv-house-serv,Own-child,White,Female,0,0,9,United-States,0
44,Private,206686,Some-college,10,Divorced,Adm-clerical,Unmarried,White,Female,0,0,40,United-States,0
19,Private,284652,Some-college,10,Never-married,Adm-clerical,Own-child,White,Female,0,0,15,United-States,0
28,Private,65389,HS-grad,9,Never-married,Other-service,Not-in-family,Amer-Indian-Eskimo,Male,0,0,30,United-States,0
25,Private,367306,Some-college,10,Never-married,Adm-clerical,Own-child,White,Female,0,0,40,United-States,0
35,Private,101509,Some-college,10,Divorced,Exec-managerial,Not-in-family,White,Female,0,0,40,United-States,0
50,Federal-gov,221532,Assoc-acdm,12,Married-civ-spouse,Craft-repair,Husband,White,Male,0,0,40,United-States,1
47,Private,115813,Assoc-acdm,12,Separated,Adm-clerical,Unmarried,White,Female,0,0,57,United-States,0
36,Self-emp-not-inc,34180,HS-grad,9,Never-married,Farming-fishing,Not-in-family,White,Male,0,0,70,United-States,1
40,Self-emp-not-inc,111971,HS-grad,9,Married-civ-spouse,Craft-repair,Husband,White,Male,0,0,30,United-States,0
21,Private,205759,HS-grad,9,Never-married,Handlers-cleaners,Own-child,White,Male,0,0,40,United-States,0
39,Private,80004,HS-grad,9,Married-civ-spouse,Handlers-cleaners,Husband,White,Male,0,0,40,United-States,0
39,Private,129150,Bachelors,13,Married-civ-spouse,Tech-support,Husband,White,Male,0,0,50,United-States,1
26,Private,318934,10th,6,Married-civ-spouse,Handlers-cleaners,Husband,White,Male,0,0,40,United-States,0
34,Self-emp-not-inc,254304,HS-grad,9,Married-civ-spouse,Farming-fishing,Husband,White,Male,4508,0,90,United-States,0
40,Private,137225,Masters,14,Married-civ-spouse,Exec-managerial,Husband,White,Male,0,0,40,United-States,1
69,Private,141181,5th-6th,3,Married-civ-spouse,Adm-clerical,Husband,White,Male,1797,0,40,United-States,0
23,Private,267471,12th,8,Never-married,Sales,Own-child,White,Female,0,0,25,United-States,0
52,Private,225317,5th-6th,3,Married-civ-spouse,Craft-repair,Husband,White,Male,0,0,40,Mexico,0
52,Private,181901,HS-grad,9,Married-spouse-absent,Farming-fishing,Other-relative,White,Male,0,0,20,Mexico,0
53,Private,22418,HS-grad,9,Married-civ-spouse,Craft-repair,Husband,White,Male,0,0,40,United-States,0
26,Private,378322,11th,7,Married-civ-spouse,Craft-repair,Husband,White,Male,0,0,40,United-States,0
47,Private,188330,HS-grad,9,Married-civ-spouse,Transport-moving,Husband,White,Male,0,0,25,United-States,0
50,Self-emp-inc,136913,HS-grad,9,Married-civ-spouse,Farming-fishing,Husband,White,Male,0,0,50,United-States,0
23,Private,348420,Bachelors,13,Never-married,Tech-support,Not-in-family,White,Male,0,0,40,United-States,0
21,Private,312956,HS-grad,9,Never-married,Craft-repair,Own-child,Black,Male,0,0,40,United-States,0
35,Local-gov,38948,Some-college,10,Married-civ-spouse,Protective-serv,Husband,White,Male,0,0,50,United-States,0
51,Private,82578,Masters,14,Married-civ-spouse,Prof-specialty,Husband,White,Male,0,0,38,Canada,1
20,Private,84726,Some-college,10,Never-married,Tech-support,Not-in-family,White,Female,0,0,40,United-States,0
23,Local-gov,40021,Some-college,10,Divorced,Adm-clerical,Unmarried,White,Female,0,0,70,United-States,0
49,Self-emp-inc,289707,HS-grad,9,Separated,Other-service,Not-in-family,White,Male,0,0,45,United-States,0
55,Private,148590,10th,6,Widowed,Craft-repair,Unmarried,Black,Female,0,0,40,United-States,0
31,Private,182246,HS-grad,9,Divorced,Craft-repair,Not-in-family,White,Male,0,0,45,United-States,0
32,Self-emp-not-inc,267161,Bachelors,13,Divorced,Exec-managerial,Unmarried,Black,Female,0,0,30,United-States,0
31,Self-emp-not-inc,235237,Some-college,10,Married-civ-spouse,Sales,Husband,Black,Male,0,0,60,United-States,1
30,Self-emp-inc,119422,Some-college,10,Married-civ-spouse,Exec-managerial,Husband,White,Male,0,0,70,United-States,0
60,Private,103344,HS-grad,9,Married-civ-spouse,Craft-repair,Husband,White,Male,15024,0,40,United-States,1
22,Private,200318,Assoc-acdm,12,Never-married,Adm-clerical,Not-in-family,White,Female,0,0,15,United-States,0
90,Private,51744,Masters,14,Never-married,Exec-managerial,Not-in-family,Black,Male,0,0,50,United-States,1
17,Private,262511,11th,7,Never-married,Sales,Own-child,White,Male,0,0,20,United-States,0
39,Self-emp-inc,167482,Assoc-acdm,12,Married-civ-spouse,Exec-managerial,Husband,White,Male,0,0,50,United-States,1
32,Private,244147,HS-grad,9,Never-married,Craft-repair,Unmarried,White,Male,0,0,10,United-States,0
51,Self-emp-not-inc,127149,11th,7,Married-civ-spouse,Farming-fishing,Husband,White,Male,0,0,45,United-States,1
30,Self-emp-not-inc,65278,Assoc-acdm,12,Never-married,Craft-repair,Own-child,White,Male,0,0,40,United-States,0
29,Self-emp-not-inc,341672,HS-grad,9,Married-spouse-absent,Transport-moving,Other-relative,Asian-Pac-Islander,Male,0,1564,50,India,1
34,Private,386877,HS-grad,9,Married-civ-spouse,Machine-op-inspct,Husband,Black,Male,0,0,40,United-States,0
41,Self-emp-not-inc,144594,7th-8th,4,Married-civ-spouse,Craft-repair,Husband,White,Male,0,2179,40,United-States,0
38,Self-emp-inc,125324,Some-college,10,Married-civ-spouse,Exec-managerial,Husband,White,Male,0,0,80,United-States,1
69,Private,230417,Doctorate,16,Married-civ-spouse,Prof-specialty,Husband,White,Male,0,0,40,China,1
44,Private,160829,Bachelors,13,Married-civ-spouse,Tech-support,Wife,White,Female,0,0,20,United-States,1
39,Private,300760,HS-grad,9,Divorced,Tech-support,Unmarried,White,Female,0,0,50,United-States,0
61,Self-emp-inc,227232,Bachelors,13,Separated,Sales,Not-in-family,White,Female,0,0,30,United-States,0
38,Private,186359,Some-college,10,Married-civ-spouse,Exec-managerial,Husband,White,Male,0,0,40,United-States,1
42,Private,187795,Some-college,10,Married-civ-spouse,Exec-managerial,Husband,White,Male,99999,0,55,United-States,1
55,Self-emp-not-inc,248841,Masters,14,Married-civ-spouse,Prof-specialty,Husband,White,Male,0,1977,40,United-States,1
22,Federal-gov,100345,HS-grad,9,Never-married,Handlers-cleaners,Own-child,White,Male,0,0,43,United-States,0
37,Private,328466,HS-grad,9,Married-civ-spouse,Craft-repair,Husband,White,Male,0,0,72,Mexico,0
24,Private,173736,Assoc-voc,11,Never-married,Craft-repair,Not-in-family,White,Male,0,0,55,United-States,0
48,State-gov,122086,HS-grad,9,Married-civ-spouse,Protective-serv,Husband,White,Male,0,0,40,United-States,0
34,Private,113198,Assoc-acdm,12,Married-civ-spouse,Adm-clerical,Husband,White,Male,0,0,28,United-States,0
19,Private,198459,HS-grad,9,Never-married,Adm-clerical,Own-child,White,Male,0,2001,40,United-States,0
44,Private,183542,Bachelors,13,Widowed,Prof-specialty,Unmarried,White,Female,0,0,32,United-States,0
24,Private,304463,Some-college,10,Married-civ-spouse,Craft-repair,Husband,White,Male,0,0,65,United-States,0
56,Private,142182,Assoc-voc,11,Married-civ-spouse,Craft-repair,Husband,White,Male,0,0,45,United-States,1
33,Private,199170,Some-college,10,Never-married,Craft-repair,Not-in-family,Black,Male,0,0,40,United-States,0
56,Self-emp-not-inc,163212,HS-grad,9,Widowed,Adm-clerical,Unmarried,White,Female,99999,0,40,United-States,1
20,Private,271379,Some-college,10,Never-married,Sales,Own-child,White,Female,0,0,25,United-States,0
30,Private,504725,10th,6,Never-married,Sales,Other-relative,White,Male,0,0,18,Guatemala,0
29,Private,327964,9th,5,Divorced,Machine-op-inspct,Unmarried,Black,Female,0,0,40,United-States,0
43,State-gov,218542,HS-grad,9,Never-married,Adm-clerical,Unmarried,Black,Female,0,0,40,United-States,0
32,Self-emp-not-inc,203408,HS-grad,9,Married-civ-spouse,Craft-repair,Husband,White,Male,0,0,44,United-States,0
33,Private,204742,Some-college,10,Married-civ-spouse,Sales,Husband,White,Male,0,0,44,United-States,0
42,Private,168103,Bachelors,13,Married-civ-spouse,Exec-managerial,Husband,White,Male,0,0,40,United-States,1
43,Private,403276,HS-grad,9,Married-civ-spouse,Craft-repair,Husband,White,Male,0,0,40,United-States,0
51,Self-emp-not-inc,170086,Bachelors,13,Married-civ-spouse,Tech-support,Husband,White,Male,0,0,45,United-States,1
36,Private,232874,Bachelors,13,Married-civ-spouse,Tech-support,Husband,White,Male,0,0,40,United-States,0
42,Private,125280,Bachelors,13,Married-civ-spouse,Exec-managerial,Husband,White,Male,3137,0,40,United-States,0
50,Private,176924,10th,6,Married-civ-spouse,Craft-repair,Husband,White,Male,0,0,38,United-States,0
41,Private,332703,HS-grad,9,Divorced,Adm-clerical,Not-in-family,Other,Female,0,625,40,United-States,0
38,Private,216845,HS-grad,9,Never-married,Sales,Unmarried,White,Male,0,0,42,United-States,0
22,Private,72310,11th,7,Never-married,Transport-moving,Not-in-family,White,Male,0,0,65,United-States,0
41,Local-gov,190786,Bachelors,13,Divorced,Prof-specialty,Not-in-family,White,Male,0,0,20,United-States,0
25,Private,195201,HS-grad,9,Married-civ-spouse,Sales,Husband,Other,Male,0,0,50,United-States,0
27,Self-emp-not-inc,41099,HS-grad,9,Never-married,Craft-repair,Not-in-family,White,Male,0,0,30,United-States,0
21,Private,182117,Some-college,10,Never-married,Other-service,Own-child,White,Male,0,0,15,United-States,0
23,Private,180339,Assoc-acdm,12,Never-married,Sales,Own-child,White,Female,0,0,65,United-States,0
28,Local-gov,50512,Bachelors,13,Never-married,Prof-specialty,Not-in-family,White,Female,2202,0,50,United-States,0
62,Private,24515,9th,5,Married-civ-spouse,Exec-managerial,Husband,White,Male,0,0,40,United-States,0
18,Private,187240,11th,7,Never-married,Handlers-cleaners,Own-child,White,Male,0,0,18,United-States,0
75,Private,95985,5th-6th,3,Widowed,Other-service,Unmarried,Black,Male,0,0,10,United-States,0
78,Local-gov,136198,Bachelors,13,Married-civ-spouse,Exec-managerial,Husband,White,Male,0,0,15,United-States,0
54,Private,306985,Some-college,10,Divorced,Adm-clerical,Not-in-family,White,Female,0,0,40,United-States,0
27,Private,200802,Some-college,10,Never-married,Tech-support,Not-in-family,White,Female,0,0,40,United-States,0
39,Private,120985,HS-grad,9,Divorced,Other-service,Own-child,White,Male,0,0,40,United-States,0
19,Private,63434,Some-college,10,Never-married,Machine-op-inspct,Not-in-family,White,Female,0,0,35,United-States,0
29,Local-gov,251854,HS-grad,9,Never-married,Protective-serv,Not-in-family,Black,Female,0,0,40,United-States,0
61,Private,172037,HS-grad,9,Married-civ-spouse,Other-service,Husband,White,Male,0,0,40,United-States,0
43,Private,178417,Bachelors,13,Divorced,Prof-specialty,Not-in-family,White,Male,0,0,40,United-States,0
24,Private,249351,HS-grad,9,Married-civ-spouse,Machine-op-inspct,Wife,White,Female,0,0,40,United-States,0
44,Private,121781,Some-college,10,Divorced,Adm-clerical,Not-in-family,Asian-Pac-Islander,Female,0,0,37,United-States,0
20,Self-emp-not-inc,197207,HS-grad,9,Divorced,Sales,Not-in-family,White,Female,0,0,30,United-States,0
23,Private,200973,HS-grad,9,Never-married,Adm-clerical,Own-child,White,Female,0,0,40,United-States,0
37,Federal-gov,141029,Masters,14,Divorced,Prof-specialty,Not-in-family,White,Female,0,0,40,United-States,0
35,Private,166235,Some-college,10,Never-married,Machine-op-inspct,Not-in-family,Black,Female,0,0,30,United-States,0
39,Federal-gov,30916,Some-college,10,Married-civ-spouse,Exec-managerial,Husband,White,Male,0,1902,50,United-States,1
36,Private,301614,HS-grad,9,Married-civ-spouse,Craft-repair,Husband,White,Male,0,0,40,United-States,0
66,Private,22313,11th,7,Married-civ-spouse,Craft-repair,Husband,White,Male,0,0,20,United-States,0
18,Private,218889,9th,5,Never-married,Other-service,Own-child,Black,Male,0,0,35,United-States,0
24,Private,141003,Some-college,10,Never-married,Exec-managerial,Own-child,White,Male,0,0,25,United-States,0
18,Private,130849,Some-college,10,Never-married,Sales,Own-child,White,Female,0,0,15,United-States,0
44,Private,172032,Assoc-voc,11,Married-civ-spouse,Adm-clerical,Husband,White,Male,7298,0,51,United-States,1
37,Private,329980,Masters,14,Married-civ-spouse,Exec-managerial,Husband,White,Male,0,2415,60,United-States,1
74,Private,260669,10th,6,Divorced,Other-service,Not-in-family,White,Female,0,0,1,United-States,0
19,Private,304469,10th,6,Never-married,Farming-fishing,Own-child,White,Male,0,0,25,United-States,0
54,Private,292673,1st-4th,2,Married-civ-spouse,Other-service,Husband,White,Male,0,0,35,Mexico,0
48,Self-emp-inc,103713,Masters,14,Married-civ-spouse,Sales,Husband,White,Male,0,0,40,United-States,1
53,Private,287317,HS-grad,9,Divorced,Machine-op-inspct,Unmarried,Black,Male,0,0,32,United-States,0
41,Private,154668,Some-college,10,Married-civ-spouse,Prof-specialty,Husband,White,Male,0,0,40,United-States,0
17,Self-emp-not-inc,174120,12th,8,Never-married,Handlers-cleaners,Own-child,White,Male,0,0,15,United-States,0
30,Private,83253,HS-grad,9,Married-civ-spouse,Prof-specialty,Husband,White,Male,0,0,55,United-States,0
43,Federal-gov,114537,Bachelors,13,Married-civ-spouse,Prof-specialty,Husband,White,Male,0,0,40,United-States,0
43,Private,355728,HS-grad,9,Divorced,Machine-op-inspct,Own-child,White,Male,0,0,40,United-States,0
63,Private,34098,10th,6,Widowed,Farming-fishing,Unmarried,White,Female,0,0,56,United-States,0
48,Private,91251,7th-8th,4,Married-civ-spouse,Other-service,Husband,Asian-Pac-Islander,Male,0,0,30,China,0
56,Private,149686,9th,5,Widowed,Machine-op-inspct,Unmarried,White,Female,0,0,40,United-States,0
45,Private,168038,Bachelors,13,Married-civ-spouse,Exec-managerial,Husband,White,Male,0,0,32,United-States,0
31,Self-emp-inc,49923,HS-grad,9,Married-civ-spouse,Exec-managerial,Husband,White,Male,0,0,40,United-States,0
20,Private,221955,5th-6th,3,Married-spouse-absent,Farming-fishing,Other-relative,White,Male,0,0,40,Mexico,0
40,Federal-gov,346532,Some-college,10,Married-civ-spouse,Adm-clerical,Husband,Black,Male,0,0,40,United-States,1
25,State-gov,262664,Bachelors,13,Married-civ-spouse,Protective-serv,Husband,White,Male,0,0,40,United-States,1
37,Private,181705,Assoc-voc,11,Married-civ-spouse,Craft-repair,Husband,White,Male,0,0,40,United-States,0
38,Federal-gov,214542,Some-college,10,Divorced,Handlers-cleaners,Unmarried,Black,Female,0,0,40,United-States,0
52,Self-emp-not-inc,242341,7th-8th,4,Married-civ-spouse,Craft-repair,Husband,Amer-Indian-Eskimo,Male,0,0,40,United-States,0
22,Private,234641,HS-grad,9,Never-married,Transport-moving,Own-child,White,Male,0,0,40,United-States,0
36,Federal-gov,210945,Some-college,10,Married-civ-spouse,Adm-clerical,Husband,White,Male,0,0,70,United-States,0
41,Private,274363,Some-college,10,Married-civ-spouse,Machine-op-inspct,Husband,White,Male,7298,0,42,United-States,1
23,Private,139012,Assoc-voc,11,Never-married,Transport-moving,Own-child,Asian-Pac-Islander,Male,0,0,40,South,0
34,Federal-gov,191342,Bachelors,13,Married-civ-spouse,Adm-clerical,Husband,Asian-Pac-Islander,Male,0,0,38,United-States,0
45,Private,103538,HS-grad,9,Married-civ-spouse,Adm-clerical,Husband,White,Male,0,0,40,United-States,1
21,Private,154835,Some-college,10,Never-married,Adm-clerical,Own-child,Asian-Pac-Islander,Female,0,0,40,Vietnam,0
59,Local-gov,176118,Masters,14,Divorced,Prof-specialty,Not-in-family,White,Male,0,0,40,United-States,1
24,Local-gov,126613,Bachelors,13,Never-married,Prof-specialty,Own-child,White,Female,0,0,20,United-States,0
38,Private,117802,HS-grad,9,Married-civ-spouse,Machine-op-inspct,Husband,White,Male,0,0,65,United-States,1
45,Private,132847,HS-grad,9,Never-married,Handlers-cleaners,Not-in-family,White,Female,0,0,40,United-States,0
24,Private,198148,Some-college,10,Never-married,Other-service,Own-child,White,Male,0,0,30,United-States,0
43,Private,122975,HS-grad,9,Married-civ-spouse,Machine-op-inspct,Wife,Black,Female,0,0,21,Trinadad&Tobago,0
38,Private,114079,HS-grad,9,Married-civ-spouse,Sales,Husband,White,Male,0,0,44,United-States,0
43,Private,212847,Some-college,10,Divorced,Machine-op-inspct,Not-in-family,White,Male,0,0,40,United-States,0
57,Private,173796,HS-grad,9,Married-civ-spouse,Transport-moving,Husband,White,Male,0,1887,40,United-States,1
34,Private,179877,Some-college,10,Married-civ-spouse,Machine-op-inspct,Husband,White,Male,0,0,40,United-States,1
33,Private,221762,Some-college,10,Never-married,Prof-specialty,Not-in-family,Black,Male,0,0,40,United-States,0
28,Private,194200,HS-grad,9,Married-civ-spouse,Exec-managerial,Husband,White,Male,0,0,70,United-States,0
48,Self-emp-not-inc,191277,Doctorate,16,Married-civ-spouse,Prof-specialty,Husband,White,Male,0,1902,60,United-States,1
35,Private,220943,HS-grad,9,Divorced,Other-service,Unmarried,Black,Female,0,1594,40,United-States,0
57,Private,426263,Masters,14,Divorced,Exec-managerial,Unmarried,White,Male,0,0,40,United-States,1
20,Private,47678,HS-grad,9,Never-married,Craft-repair,Own-child,White,Male,0,0,40,United-States,0
32,Private,93213,Assoc-acdm,12,Married-civ-spouse,Machine-op-inspct,Husband,White,Male,0,0,62,United-States,0
44,Private,205474,Bachelors,13,Married-civ-spouse,Sales,Husband,White,Male,0,0,40,United-States,1
52,Private,292110,5th-6th,3,Never-married,Handlers-cleaners,Not-in-family,White,Female,0,0,40,United-States,0
25,Self-emp-inc,133373,Bachelors,13,Never-married,Sales,Not-in-family,White,Male,0,0,80,United-States,0
24,Private,214555,Some-college,10,Married-civ-spouse,Handlers-cleaners,Husband,White,Male,0,0,40,United-States,0
42,Private,195124,7th-8th,4,Married-spouse-absent,Prof-specialty,Other-relative,White,Male,0,0,35,Puerto-Rico,0
60,Private,96099,Some-college,10,Married-civ-spouse,Sales,Husband,White,Male,0,0,40,United-States,1
26,Private,39212,HS-grad,9,Married-civ-spouse,Machine-op-inspct,Husband,White,Male,0,0,45,United-States,0
28,Private,243762,11th,7,Separated,Craft-repair,Unmarried,White,Female,0,0,40,United-States,0
39,Federal-gov,232036,Some-college,10,Married-civ-spouse,Adm-clerical,Husband,White,Male,0,0,40,United-States,1
17,Federal-gov,99893,11th,7,Never-married,Adm-clerical,Not-in-family,Black,Female,0,1602,40,United-States,0
25,Private,203871,Assoc-voc,11,Married-civ-spouse,Prof-specialty,Wife,White,Female,0,1887,40,United-States,1
48,Private,345006,Bachelors,13,Never-married,Prof-specialty,Not-in-family,White,Female,0,0,45,Mexico,0
46,Local-gov,200947,Bachelors,13,Married-civ-spouse,Protective-serv,Husband,White,Male,0,0,40,United-States,1
43,Private,102114,Some-college,10,Never-married,Adm-clerical,Unmarried,Black,Female,0,0,40,United-States,0
41,Self-emp-not-inc,240900,HS-grad,9,Divorced,Farming-fishing,Other-relative,White,Male,0,0,20,United-States,0
33,Self-emp-not-inc,93930,HS-grad,9,Married-civ-spouse,Exec-managerial,Husband,White,Male,0,0,40,United-States,0
40,Private,275446,HS-grad,9,Never-married,Sales,Own-child,Black,Male,0,0,40,United-States,0
58,Private,215190,11th,7,Married-civ-spouse,Other-service,Husband,White,Male,0,0,20,United-States,0
20,Private,266467,HS-grad,9,Married-civ-spouse,Craft-repair,Husband,White,Male,0,0,40,United-States,0
70,Private,102610,10th,6,Married-civ-spouse,Handlers-cleaners,Husband,White,Male,0,0,32,United-States,0
64,Private,134378,Masters,14,Married-civ-spouse,Exec-managerial,Husband,White,Male,0,0,50,United-States,1
27,Private,133937,Masters,14,Never-married,Sales,Own-child,White,Male,0,0,40,United-States,0
30,Private,126242,Some-college,10,Married-civ-spouse,Other-service,Wife,White,Female,0,0,40,United-States,0
22,Private,244773,HS-grad,9,Never-married,Sales,Own-child,Black,Female,0,0,15,United-States,0
62,Private,114060,7th-8th,4,Married-civ-spouse,Protective-serv,Husband,White,Male,0,0,91,United-States,0
24,Private,233280,Assoc-acdm,12,Never-married,Sales,Own-child,White,Female,0,0,37,United-States,0
33,Private,283602,5th-6th,3,Married-civ-spouse,Other-service,Husband,White,Male,0,0,59,Mexico,0
47,Private,158286,Masters,14,Married-civ-spouse,Exec-managerial,Husband,White,Male,0,0,50,United-States,1
36,Private,175643,HS-grad,9,Married-civ-spouse,Craft-repair,Husband,White,Male,0,0,35,United-States,0
21,Private,40767,Some-college,10,Never-married,Handlers-cleaners,Not-in-family,White,Male,0,0,40,United-States,0
55,Private,145214,HS-grad,9,Divorced,Adm-clerical,Not-in-family,White,Female,0,0,40,United-States,0
20,Private,174063,Some-college,10,Never-married,Other-service,Own-child,White,Female,0,0,40,United-States,0
26,Private,287797,Some-college,10,Married-civ-spouse,Craft-repair,Husband,White,Male,0,0,45,United-States,0
27,Local-gov,216013,HS-grad,9,Married-civ-spouse,Handlers-cleaners,Husband,White,Male,0,0,40,United-States,0
25,Private,182227,HS-grad,9,Married-civ-spouse,Craft-repair,Husband,White,Male,0,1579,40,United-States,0
41,Private,384508,Bachelors,13,Married-civ-spouse,Prof-specialty,Husband,White,Male,0,0,40,United-States,1
56,Private,56331,HS-grad,9,Never-married,Machine-op-inspct,Not-in-family,White,Male,0,0,32,United-States,0
35,Private,139012,Bachelors,13,Married-civ-spouse,Other-service,Husband,Asian-Pac-Islander,Male,0,0,40,Vietnam,0
24,Private,283896,HS-grad,9,Never-married,Handlers-cleaners,Not-in-family,White,Male,0,0,40,United-States,0
27,Federal-gov,285432,Assoc-acdm,12,Never-married,Transport-moving,Not-in-family,Black,Male,0,0,40,United-States,0
23,Private,124259,Some-college,10,Never-married,Protective-serv,Own-child,Black,Female,0,0,40,United-States,0
44,Self-emp-not-inc,185057,Bachelors,13,Divorced,Exec-managerial,Not-in-family,White,Female,3325,0,40,United-States,0
30,Private,159442,HS-grad,9,Separated,Adm-clerical,Not-in-family,White,Female,0,0,40,United-States,0
25,Private,108658,HS-grad,9,Never-married,Exec-managerial,Not-in-family,White,Male,0,0,45,United-States,0
20,Private,360457,Some-college,10,Never-married,Exec-managerial,Own-child,White,Female,0,0,30,United-States,0
28,Private,82531,Some-college,10,Never-married,Other-service,Not-in-family,Black,Male,0,0,40,United-States,0
45,Private,185385,HS-grad,9,Married-civ-spouse,Craft-repair,Husband,White,Male,0,0,47,United-States,1
29,Local-gov,375655,Bachelors,13,Never-married,Prof-specialty,Not-in-family,White,Male,0,0,40,United-States,0
17,Private,121425,11th,7,Never-married,Adm-clerical,Own-child,White,Female,0,0,16,United-States,0
25,Private,135568,9th,5,Married-civ-spouse,Handlers-cleaners,Husband,White,Male,0,0,40,United-States,0
28,Private,241895,HS-grad,9,Married-civ-spouse,Sales,Husband,White,Male,0,1628,40,United-States,0
62,Self-emp-not-inc,123170,Some-college,10,Married-civ-spouse,Exec-managerial,Husband,White,Male,0,0,10,United-States,0
38,Self-emp-not-inc,77820,HS-grad,9,Married-civ-spouse,Craft-repair,Husband,White,Male,0,0,40,United-States,1
27,Private,242097,Assoc-voc,11,Married-civ-spouse,Transport-moving,Husband,White,Male,0,0,50,United-States,0
41,Private,122626,HS-grad,9,Divorced,Handlers-cleaners,Unmarried,White,Male,0,0,48,United-States,0
32,Federal-gov,90653,HS-grad,9,Never-married,Exec-managerial,Unmarried,White,Female,0,1380,40,United-States,0
35,Private,265954,HS-grad,9,Separated,Other-service,Not-in-family,Black,Male,0,0,40,United-States,0
51,Private,53838,Bachelors,13,Married-civ-spouse,Handlers-cleaners,Husband,White,Male,0,0,40,United-States,0
50,Private,116933,HS-grad,9,Divorced,Sales,Not-in-family,White,Female,0,0,33,United-States,0
35,Private,233571,HS-grad,9,Divorced,Other-service,Own-child,White,Female,0,0,50,United-States,0
24,State-gov,155775,HS-grad,9,Married-civ-spouse,Tech-support,Husband,White,Male,0,0,40,United-States,0
34,Private,66309,HS-grad,9,Married-civ-spouse,Craft-repair,Husband,White,Male,0,0,35,United-States,0
37,Private,185744,HS-grad,9,Married-civ-spouse,Other-service,Wife,White,Female,0,0,20,United-States,0
25,Private,169679,HS-grad,9,Married-civ-spouse,Transport-moving,Husband,White,Male,0,0,40,United-States,0
43,Federal-gov,56063,Bachelors,13,Married-civ-spouse,Sales,Husband,White,Male,0,0,60,United-States,0
27,Private,377680,Assoc-voc,11,Never-married,Sales,Not-in-family,White,Male,0,0,50,United-States,0
60,Private,232242,HS-grad,9,Married-civ-spouse,Sales,Husband,White,Male,0,0,40,United-States,0
53,Private,311350,Bachelors,13,Married-civ-spouse,Exec-managerial,Husband,White,Male,0,0,50,United-States,1
18,Private,40822,11th,7,Never-married,Handlers-cleaners,Own-child,White,Male,0,0,15,United-States,0
62,Private,122246,Some-college,10,Never-married,Craft-repair,Not-in-family,White,Female,8614,0,39,United-States,1
22,Private,34616,Some-college,10,Never-married,Sales,Not-in-family,White,Female,0,0,30,United-States,0
24,Private,83783,Bachelors,13,Never-married,Tech-support,Own-child,White,Female,0,0,40,United-States,0
29,Self-emp-not-inc,144063,7th-8th,4,Married-civ-spouse,Farming-fishing,Husband,White,Male,0,0,72,United-States,0
52,Private,218550,Some-college,10,Married-spouse-absent,Adm-clerical,Not-in-family,White,Female,14084,0,16,United-States,1
59,Private,70720,Bachelors,13,Divorced,Sales,Not-in-family,White,Male,0,0,55,United-States,1
42,Private,136986,HS-grad,9,Married-civ-spouse,Exec-managerial,Husband,White,Male,0,0,35,United-States,1
49,Private,76482,HS-grad,9,Married-civ-spouse,Craft-repair,Husband,White,Male,0,0,40,United-States,0
52,Private,363405,HS-grad,9,Separated,Adm-clerical,Other-relative,White,Female,0,0,40,United-States,0
41,Self-emp-not-inc,226505,HS-grad,9,Divorced,Other-service,Unmarried,White,Female,0,0,40,United-States,0
45,Private,102076,Some-college,10,Divorced,Prof-specialty,Unmarried,White,Female,0,0,32,United-States,0
45,Private,287190,Assoc-acdm,12,Divorced,Adm-clerical,Unmarried,Black,Male,0,0,35,United-States,0
33,Private,160784,10th,6,Married-civ-spouse,Craft-repair,Husband,White,Male,0,0,40,United-States,0
40,Self-emp-not-inc,209040,Bachelors,13,Married-civ-spouse,Sales,Husband,White,Male,0,0,40,United-States,0
44,Private,252202,HS-grad,9,Divorced,Adm-clerical,Not-in-family,White,Female,0,0,40,United-States,0
50,Private,188186,Masters,14,Divorced,Sales,Not-in-family,White,Female,0,1590,45,United-States,0
28,Private,606111,Doctorate,16,Never-married,Prof-specialty,Not-in-family,White,Female,0,0,60,Germany,1
55,Self-emp-not-inc,200939,HS-grad,9,Married-civ-spouse,Transport-moving,Husband,White,Male,0,0,72,United-States,0
20,Private,223515,Some-college,10,Never-married,Other-service,Own-child,White,Male,0,0,40,United-States,0
35,Private,96824,Some-college,10,Divorced,Other-service,Unmarried,White,Female,0,0,40,United-States,0
34,Private,153942,Assoc-voc,11,Married-civ-spouse,Sales,Husband,White,Male,0,0,40,United-States,0
26,Private,248990,Some-college,10,Never-married,Craft-repair,Own-child,White,Male,0,0,40,United-States,0
49,Private,268234,10th,6,Married-civ-spouse,Exec-managerial,Husband,White,Male,0,0,40,United-States,0
45,Private,137604,Some-college,10,Never-married,Other-service,Not-in-family,White,Male,0,0,40,United-States,0
53,Federal-gov,155594,Bachelors,13,Married-civ-spouse,Prof-specialty,Husband,White,Male,0,0,40,United-States,1
45,Private,178922,9th,5,Never-married,Other-service,Not-in-family,White,Female,0,0,15,United-States,0
31,Self-emp-inc,467108,Bachelors,13,Never-married,Prof-specialty,Not-in-family,White,Male,0,0,45,United-States,1
39,Private,179824,HS-grad,9,Never-married,Machine-op-inspct,Unmarried,Black,Female,0,0,36,United-States,0
48,Self-emp-not-inc,209146,HS-grad,9,Married-civ-spouse,Transport-moving,Husband,White,Male,0,0,60,United-States,0
25,Private,131178,HS-grad,9,Never-married,Handlers-cleaners,Own-child,Black,Male,0,0,23,United-States,0
18,Private,112974,11th,7,Never-married,Prof-specialty,Other-relative,White,Male,0,0,3,United-States,0
35,Private,189623,Doctorate,16,Married-civ-spouse,Exec-managerial,Husband,White,Male,0,0,45,United-States,1
50,Self-emp-not-inc,172281,HS-grad,9,Married-civ-spouse,Exec-managerial,Husband,White,Male,7688,0,50,United-States,1
32,Local-gov,178109,HS-grad,9,Married-civ-spouse,Protective-serv,Husband,White,Male,0,0,43,United-States,0
21,Private,51047,HS-grad,9,Never-married,Adm-clerical,Not-in-family,White,Female,0,0,25,United-States,0
22,Federal-gov,65547,Some-college,10,Never-married,Exec-managerial,Not-in-family,Black,Male,0,0,40,United-States,0
25,Private,404951,Bachelors,13,Never-married,Exec-managerial,Not-in-family,Black,Female,0,0,38,United-States,0
45,Local-gov,148254,Masters,14,Divorced,Prof-specialty,Not-in-family,White,Female,0,0,35,United-States,0
52,Private,208630,HS-grad,9,Divorced,Adm-clerical,Unmarried,White,Female,0,1741,38,United-States,0
50,Private,105010,Bachelors,13,Married-civ-spouse,Farming-fishing,Husband,White,Male,0,0,45,United-States,1
57,Private,175942,Some-college,10,Married-civ-spouse,Exec-managerial,Husband,White,Male,0,0,50,United-States,1
25,State-gov,328697,Some-college,10,Divorced,Protective-serv,Other-relative,White,Male,0,0,45,United-States,0
27,Private,318639,10th,6,Never-married,Other-service,Not-in-family,White,Male,0,0,60,Mexico,0
29,Private,253003,HS-grad,9,Never-married,Handlers-cleaners,Not-in-family,White,Male,0,0,16,United-States,0
23,Self-emp-inc,39844,HS-grad,9,Never-married,Transport-moving,Not-in-family,White,Male,0,0,50,United-States,0
44,Private,192878,Bachelors,13,Married-civ-spouse,Machine-op-inspct,Husband,White,Male,0,0,40,United-States,1
23,Private,236994,HS-grad,9,Never-married,Sales,Own-child,White,Male,0,0,60,United-States,0
54,Private,198546,Masters,14,Widowed,Adm-clerical,Unmarried,White,Female,0,0,38,United-States,0
35,Private,126569,HS-grad,9,Divorced,Craft-repair,Own-child,White,Male,0,0,20,United-States,0
43,Local-gov,143046,Some-college,10,Divorced,Other-service,Unmarried,White,Female,0,0,20,United-States,0
48,Private,349986,Assoc-voc,11,Married-spouse-absent,Prof-specialty,Not-in-family,White,Male,0,0,40,United-States,0
61,Self-emp-not-inc,163174,Prof-school,15,Married-civ-spouse,Prof-specialty,Husband,White,Male,0,0,35,United-States,1
41,Private,116379,Masters,14,Married-civ-spouse,Prof-specialty,Husband,Asian-Pac-Islander,Male,0,0,55,Taiwan,1
60,Private,39952,9th,5,Married-civ-spouse,Machine-op-inspct,Husband,White,Male,2228,0,37,United-States,0
17,Private,232900,11th,7,Never-married,Handlers-cleaners,Own-child,White,Male,0,0,25,United-States,0
34,Private,213226,Bachelors,13,Married-civ-spouse,Prof-specialty,Husband,White,Male,0,0,40,Iran,1
25,Private,204219,HS-grad,9,Never-married,Adm-clerical,Unmarried,White,Female,0,0,40,Mexico,0
25,Private,247025,Bachelors,13,Never-married,Sales,Not-in-family,White,Male,3325,0,48,United-States,0
32,Local-gov,199539,Some-college,10,Married-civ-spouse,Protective-serv,Husband,White,Male,0,0,40,United-States,1
27,Private,215955,Some-college,10,Married-civ-spouse,Adm-clerical,Husband,White,Male,2829,0,40,United-States,0
41,Private,165309,Bachelors,13,Divorced,Adm-clerical,Unmarried,White,Female,0,0,40,United-States,0
35,Self-emp-not-inc,60269,HS-grad,9,Married-civ-spouse,Exec-managerial,Husband,White,Male,0,0,60,United-States,0
64,Local-gov,182866,HS-grad,9,Widowed,Other-service,Unmarried,White,Female,0,0,40,United-States,0
45,Private,182313,Bachelors,13,Married-civ-spouse,Exec-managerial,Husband,White,Male,7688,0,50,United-States,1
57,Self-emp-not-inc,225913,Some-college,10,Married-civ-spouse,Transport-moving,Husband,White,Male,0,0,45,United-States,1
28,Private,164170,Assoc-voc,11,Married-civ-spouse,Adm-clerical,Wife,Asian-Pac-Islander,Female,0,0,40,India,0
35,Private,170263,Some-college,10,Never-married,Tech-support,Unmarried,White,Female,0,0,40,United-States,0
46,Federal-gov,325573,HS-grad,9,Never-married,Handlers-cleaners,Not-in-family,White,Male,0,0,40,United-States,0
43,Federal-gov,195897,HS-grad,9,Married-civ-spouse,Farming-fishing,Husband,White,Male,7298,0,40,United-States,1
26,Private,292303,HS-grad,9,Never-married,Handlers-cleaners,Own-child,White,Female,0,0,40,United-States,0
37,Private,170563,Assoc-voc,11,Separated,Prof-specialty,Unmarried,White,Female,0,0,32,United-States,0
31,Private,183778,Bachelors,13,Never-married,Tech-support,Not-in-family,White,Male,0,0,45,United-States,0
40,Self-emp-inc,64885,Masters,14,Married-civ-spouse,Sales,Husband,White,Male,0,0,70,United-States,1
24,Private,217961,Some-college,10,Never-married,Machine-op-inspct,Not-in-family,White,Male,0,0,40,United-States,0
28,Private,375313,HS-grad,9,Married-civ-spouse,Machine-op-inspct,Husband,Asian-Pac-Islander,Male,0,0,40,Philippines,0
25,Private,479765,7th-8th,4,Never-married,Sales,Other-relative,White,Male,0,0,45,Guatemala,0
25,Private,397962,HS-grad,9,Never-married,Adm-clerical,Other-relative,Black,Female,0,0,40,United-States,0
31,Private,189461,Assoc-acdm,12,Divorced,Adm-clerical,Unmarried,White,Female,0,0,41,United-States,0
25,Self-emp-not-inc,463667,HS-grad,9,Never-married,Other-service,Not-in-family,White,Male,0,0,8,United-States,0
39,Private,103710,HS-grad,9,Never-married,Sales,Unmarried,White,Female,0,0,60,United-States,0
52,Federal-gov,291096,Assoc-acdm,12,Married-civ-spouse,Other-service,Husband,White,Male,7298,0,40,United-States,1
36,Private,218015,Some-college,10,Married-civ-spouse,Machine-op-inspct,Husband,White,Male,0,0,48,United-States,0
27,Private,305647,Assoc-acdm,12,Married-civ-spouse,Adm-clerical,Husband,White,Male,0,0,40,United-States,1
64,Private,63676,10th,6,Married-civ-spouse,Other-service,Husband,Black,Male,0,0,40,United-States,0
43,Local-gov,159449,Some-college,10,Married-civ-spouse,Protective-serv,Husband,White,Male,0,0,40,United-States,0
26,Private,216010,HS-grad,9,Separated,Exec-managerial,Own-child,White,Female,0,0,40,United-States,0
23,Private,343019,10th,6,Never-married,Other-service,Not-in-family,White,Female,0,0,40,United-States,0
52,Self-emp-inc,254211,Masters,14,Married-civ-spouse,Prof-specialty,Husband,White,Male,15024,0,60,United-States,1
38,Private,70995,HS-grad,9,Divorced,Prof-specialty,Not-in-family,White,Male,0,0,45,United-States,0
37,Private,111499,Some-college,10,Never-married,Exec-managerial,Not-in-family,White,Female,0,0,40,United-States,0
30,Private,299223,Some-college,10,Divorced,Sales,Unmarried,Amer-Indian-Eskimo,Female,0,0,40,United-States,0
62,Private,65868,HS-grad,9,Widowed,Sales,Not-in-family,White,Female,0,0,43,United-States,0
31,Private,185732,HS-grad,9,Never-married,Other-service,Own-child,White,Female,0,0,30,United-States,0
71,Private,183678,Prof-school,15,Married-civ-spouse,Prof-specialty,Husband,White,Male,0,0,16,United-States,0
47,Private,140664,Bachelors,13,Divorced,Sales,Not-in-family,White,Male,0,0,45,United-States,0
44,Private,326232,7th-8th,4,Divorced,Handlers-cleaners,Not-in-family,White,Male,0,0,48,United-States,0
49,Self-emp-not-inc,233059,HS-grad,9,Married-civ-spouse,Craft-repair,Husband,White,Male,0,0,60,United-States,0
32,Private,106541,5th-6th,3,Married-civ-spouse,Other-service,Other-relative,White,Male,0,0,40,United-States,0
39,Private,306646,Some-college,10,Married-civ-spouse,Sales,Husband,White,Male,3103,0,50,United-States,1
19,Private,301747,HS-grad,9,Separated,Adm-clerical,Own-child,White,Female,0,0,30,United-States,0
27,Private,419146,5th-6th,3,Never-married,Other-service,Not-in-family,White,Male,0,0,75,Mexico,0
62,Private,290754,10th,6,Widowed,Handlers-cleaners,Not-in-family,White,Female,0,0,40,United-States,0
30,Self-emp-not-inc,223212,Bachelors,13,Never-married,Sales,Unmarried,White,Male,0,0,40,United-States,0
48,Self-emp-not-inc,197702,Some-college,10,Married-civ-spouse,Transport-moving,Husband,White,Male,0,0,40,United-States,0
39,Local-gov,183620,Some-college,10,Never-married,Protective-serv,Not-in-family,Black,Female,0,0,40,United-States,1
47,Private,304857,Masters,14,Separated,Tech-support,Not-in-family,White,Male,27828,0,40,United-States,1
52,Private,89054,HS-grad,9,Married-civ-spouse,Craft-repair,Husband,White,Male,0,0,40,United-States,0
30,Federal-gov,127610,Bachelors,13,Never-married,Adm-clerical,Not-in-family,White,Female,0,0,35,United-States,0
22,Private,205604,5th-6th,3,Never-married,Machine-op-inspct,Not-in-family,White,Male,0,0,30,Mexico,0
31,Private,165148,HS-grad,9,Separated,Exec-managerial,Unmarried,White,Female,0,0,12,United-States,0
28,Private,137296,Assoc-acdm,12,Never-married,Other-service,Not-in-family,Black,Female,0,0,40,United-States,0
18,Private,98044,11th,7,Never-married,Prof-specialty,Own-child,White,Female,0,0,40,United-States,0
37,Local-gov,297449,HS-grad,9,Married-civ-spouse,Protective-serv,Husband,White,Male,0,0,40,United-States,1
45,Self-emp-not-inc,160962,Some-college,10,Never-married,Sales,Own-child,White,Female,0,0,35,United-States,0
19,Private,263340,Some-college,10,Never-married,Other-service,Own-child,White,Female,0,0,15,United-States,0
36,Local-gov,178222,Bachelors,13,Divorced,Prof-specialty,Not-in-family,White,Female,0,0,60,United-States,0
18,Private,120283,12th,8,Never-married,Sales,Own-child,White,Female,0,0,24,United-States,0
26,Private,152035,HS-grad,9,Never-married,Adm-clerical,Own-child,White,Female,0,0,40,United-States,0
46,Federal-gov,97863,Assoc-voc,11,Married-civ-spouse,Adm-clerical,Husband,White,Male,5178,0,40,United-States,1
28,Private,167062,Some-college,10,Divorced,Adm-clerical,Unmarried,White,Male,0,0,40,United-States,0
44,Private,228124,HS-grad,9,Married-spouse-absent,Adm-clerical,Unmarried,Black,Female,0,0,40,United-States,0
21,Private,206354,HS-grad,9,Never-married,Other-service,Unmarried,Black,Female,0,0,35,United-States,0
42,Private,184105,Some-college,10,Never-married,Farming-fishing,Not-in-family,White,Male,0,0,28,United-States,0
31,Private,211242,Assoc-acdm,12,Married-civ-spouse,Exec-managerial,Husband,White,Male,0,0,55,United-States,1
42,Federal-gov,460214,Some-college,10,Married-civ-spouse,Adm-clerical,Husband,White,Male,0,0,40,United-States,1
27,Private,93021,HS-grad,9,Never-married,Adm-clerical,Unmarried,Other,Female,0,0,40,United-States,0
58,Private,193568,11th,7,Widowed,Other-service,Not-in-family,White,Female,0,0,40,United-States,0
27,Self-emp-inc,233724,HS-grad,9,Separated,Adm-clerical,Not-in-family,White,Male,0,0,38,United-States,0
43,Private,216685,HS-grad,9,Married-civ-spouse,Prof-specialty,Wife,White,Female,0,0,35,United-States,0
35,Private,352188,HS-grad,9,Never-married,Tech-support,Not-in-family,White,Male,0,0,40,United-States,0
65,State-gov,215908,HS-grad,9,Married-civ-spouse,Adm-clerical,Husband,White,Male,0,2174,40,United-States,1
31,Private,118149,Some-college,10,Never-married,Exec-managerial,Not-in-family,Black,Female,0,0,40,United-States,0
40,Private,310101,Some-college,10,Separated,Sales,Not-in-family,Amer-Indian-Eskimo,Female,0,0,40,United-States,0
37,Private,138940,11th,7,Married-civ-spouse,Craft-repair,Husband,White,Male,0,0,40,United-States,0
52,Private,246936,11th,7,Married-civ-spouse,Other-service,Husband,White,Male,0,0,40,United-States,0
23,Private,309580,Masters,14,Never-married,Prof-specialty,Not-in-family,White,Male,0,0,40,United-States,0
30,Private,207564,Some-college,10,Married-civ-spouse,Adm-clerical,Wife,White,Female,0,0,40,United-States,0
24,Private,263498,11th,7,Never-married,Craft-repair,Not-in-family,White,Male,0,0,40,United-States,0
24,Private,196678,Preschool,1,Never-married,Machine-op-inspct,Own-child,White,Female,0,0,30,United-States,0
45,Private,170600,Assoc-voc,11,Divorced,Adm-clerical,Unmarried,Black,Female,0,0,40,United-States,0
25,Private,306513,Some-college,10,Married-civ-spouse,Adm-clerical,Husband,White,Male,0,0,45,United-States,0
65,Private,23580,Bachelors,13,Divorced,Adm-clerical,Not-in-family,White,Female,0,0,40,United-States,0
54,Self-emp-not-inc,192654,Bachelors,13,Divorced,Transport-moving,Not-in-family,White,Male,0,0,65,United-States,0
24,Private,229773,HS-grad,9,Never-married,Machine-op-inspct,Own-child,White,Male,0,0,40,United-States,0
39,Private,70240,5th-6th,3,Married-spouse-absent,Other-service,Unmarried,Asian-Pac-Islander,Female,0,0,40,Philippines,0
44,Self-emp-not-inc,234885,HS-grad,9,Married-civ-spouse,Sales,Wife,White,Female,0,0,40,United-States,1
61,Private,183355,11th,7,Married-civ-spouse,Transport-moving,Husband,White,Male,0,0,40,United-States,0
30,Federal-gov,48458,Some-college,10,Never-married,Adm-clerical,Own-child,Black,Female,0,0,40,United-States,0
72,Federal-gov,39110,11th,7,Divorced,Adm-clerical,Not-in-family,White,Female,0,0,8,Canada,0
20,Private,263612,Some-college,10,Never-married,Adm-clerical,Own-child,Black,Female,0,0,40,Haiti,0
37,Private,73715,Some-college,10,Married-civ-spouse,Craft-repair,Husband,White,Male,0,0,40,United-States,1
43,Private,206139,Bachelors,13,Married-civ-spouse,Prof-specialty,Husband,White,Male,0,0,50,United-States,1
28,Private,125527,Some-college,10,Never-married,Sales,Not-in-family,White,Male,0,0,50,United-States,0
38,Private,22494,Some-college,10,Divorced,Adm-clerical,Not-in-family,White,Female,7443,0,40,United-States,0
34,Private,73199,11th,7,Never-married,Other-service,Own-child,Asian-Pac-Islander,Male,0,0,40,Philippines,0
77,Self-emp-inc,84979,Doctorate,16,Married-civ-spouse,Farming-fishing,Husband,White,Male,20051,0,40,United-States,1
48,Private,155509,HS-grad,9,Never-married,Adm-clerical,Not-in-family,Black,Female,0,0,16,Trinadad&Tobago,0
30,Private,235639,10th,6,Married-civ-spouse,Craft-repair,Husband,White,Male,0,0,40,United-States,0
24,Private,57711,Masters,14,Married-civ-spouse,Prof-specialty,Wife,White,Female,0,0,35,United-States,1
45,Private,48495,Bachelors,13,Married-civ-spouse,Prof-specialty,Husband,White,Male,0,0,42,United-States,1
33,Private,235847,Prof-school,15,Married-civ-spouse,Exec-managerial,Wife,White,Female,0,0,40,United-States,1
42,Private,230684,Bachelors,13,Married-civ-spouse,Prof-specialty,Husband,White,Male,5013,0,40,United-States,0
51,Private,182187,Bachelors,13,Never-married,Prof-specialty,Not-in-family,Black,Male,0,0,35,United-States,0
62,Self-emp-not-inc,162249,HS-grad,9,Married-civ-spouse,Transport-moving,Husband,White,Male,0,0,30,United-States,0
29,Private,32897,HS-grad,9,Divorced,Other-service,Not-in-family,White,Female,0,0,25,United-States,0
36,Self-emp-not-inc,207202,10th,6,Married-civ-spouse,Farming-fishing,Husband,White,Male,0,0,60,United-States,0
54,Private,175262,Preschool,1,Married-civ-spouse,Craft-repair,Husband,Asian-Pac-Islander,Male,0,0,40,China,0
45,Self-emp-inc,117605,HS-grad,9,Married-civ-spouse,Exec-managerial,Husband,White,Male,0,0,48,United-States,1
34,Private,48014,Bachelors,13,Separated,Exec-managerial,Not-in-family,White,Female,0,0,35,United-States,0
67,Self-emp-inc,116517,Bachelors,13,Widowed,Other-service,Unmarried,White,Female,0,0,35,United-States,0
21,Private,410439,Some-college,10,Never-married,Sales,Own-child,White,Male,0,0,24,United-States,0
36,Private,133569,1st-4th,2,Never-married,Farming-fishing,Not-in-family,White,Male,0,0,40,Mexico,0
40,Local-gov,261497,HS-grad,9,Married-civ-spouse,Craft-repair,Husband,Black,Male,0,0,35,United-States,0
27,Private,209472,Bachelors,13,Never-married,Exec-managerial,Not-in-family,White,Male,0,0,50,United-States,0
25,Private,430084,Some-college,10,Never-married,Transport-moving,Not-in-family,Black,Male,0,0,40,United-States,0
37,Local-gov,174924,Some-college,10,Divorced,Protective-serv,Unmarried,White,Male,0,0,48,Germany,0
44,Self-emp-not-inc,111483,10th,6,Never-married,Craft-repair,Own-child,White,Male,0,0,50,United-States,0
22,Private,109815,Some-college,10,Never-married,Adm-clerical,Not-in-family,White,Female,0,0,40,United-States,0
34,Private,242984,Bachelors,13,Never-married,Sales,Not-in-family,White,Male,0,0,40,United-States,0
49,Self-emp-inc,143482,Some-college,10,Married-civ-spouse,Prof-specialty,Wife,White,Female,0,0,65,United-States,1
41,Private,152629,Some-college,10,Married-civ-spouse,Tech-support,Husband,White,Male,0,0,40,United-States,1
65,Self-emp-inc,157403,HS-grad,9,Married-civ-spouse,Sales,Husband,White,Male,0,0,50,United-States,0
39,Private,481060,HS-grad,9,Divorced,Sales,Unmarried,White,Female,0,0,40,United-States,0
40,Private,101593,Bachelors,13,Married-civ-spouse,Prof-specialty,Husband,White,Male,0,0,50,United-States,0
32,Private,51150,Assoc-voc,11,Divorced,Adm-clerical,Unmarried,White,Female,0,0,40,United-States,0
43,Private,242804,HS-grad,9,Separated,Handlers-cleaners,Not-in-family,White,Male,0,0,40,United-States,0
32,Self-emp-not-inc,115066,HS-grad,9,Married-civ-spouse,Sales,Husband,White,Male,0,0,60,United-States,1
43,Self-emp-inc,198316,Bachelors,13,Married-civ-spouse,Exec-managerial,Husband,White,Male,0,0,50,United-States,1
33,Private,182423,HS-grad,9,Divorced,Other-service,Unmarried,Black,Male,0,0,40,United-States,0
40,Self-emp-inc,49249,Bachelors,13,Married-civ-spouse,Exec-managerial,Husband,White,Male,0,0,50,United-States,1
40,Private,151294,HS-grad,9,Divorced,Handlers-cleaners,Not-in-family,White,Female,0,0,48,United-States,0
32,State-gov,400132,Bachelors,13,Married-civ-spouse,Protective-serv,Husband,White,Male,0,0,40,United-States,1
23,Private,213811,Bachelors,13,Never-married,Exec-managerial,Own-child,White,Female,0,0,40,United-States,0
19,Private,251579,Some-college,10,Never-married,Other-service,Own-child,White,Male,0,0,14,United-States,0
33,Private,206609,Bachelors,13,Married-civ-spouse,Exec-managerial,Husband,White,Male,0,0,45,United-States,0
31,Local-gov,331126,Bachelors,13,Never-married,Protective-serv,Own-child,Black,Male,0,0,48,United-States,0
53,Private,108083,7th-8th,4,Married-civ-spouse,Farming-fishing,Husband,White,Male,0,0,45,United-States,0
39,Private,347960,Prof-school,15,Never-married,Prof-specialty,Not-in-family,White,Female,14084,0,35,United-States,1
33,Federal-gov,26543,Assoc-voc,11,Married-civ-spouse,Tech-support,Husband,White,Male,0,0,40,United-States,1
37,Private,230035,HS-grad,9,Married-civ-spouse,Craft-repair,Husband,White,Male,0,0,46,United-States,1
20,Private,217467,Some-college,10,Never-married,Craft-repair,Own-child,White,Male,0,0,40,United-States,0
48,Private,379883,Masters,14,Married-civ-spouse,Prof-specialty,Husband,White,Male,0,0,40,Cuba,1
19,Private,263932,HS-grad,9,Never-married,Other-service,Own-child,White,Female,0,0,20,United-States,0
47,State-gov,207120,Assoc-voc,11,Married-civ-spouse,Exec-managerial,Husband,White,Male,0,0,38,United-States,1
44,Private,110355,Bachelors,13,Married-civ-spouse,Exec-managerial,Husband,White,Male,0,0,40,United-States,1
47,Private,201865,HS-grad,9,Married-civ-spouse,Transport-moving,Husband,White,Male,0,0,40,United-States,0
44,Private,131650,Assoc-acdm,12,Married-civ-spouse,Exec-managerial,Husband,White,Male,0,0,54,United-States,1
27,Private,94064,Assoc-voc,11,Divorced,Machine-op-inspct,Not-in-family,White,Male,0,0,40,United-States,0
23,Private,268525,HS-grad,9,Married-civ-spouse,Machine-op-inspct,Husband,White,Male,0,0,48,United-States,0
29,Private,194197,Bachelors,13,Never-married,Exec-managerial,Own-child,White,Male,0,0,40,United-States,0
29,Private,389713,Assoc-voc,11,Married-civ-spouse,Craft-repair,Husband,White,Male,0,0,40,United-States,1
24,Private,184756,Bachelors,13,Never-married,Exec-managerial,Not-in-family,White,Female,0,0,40,United-States,0
40,Private,220609,Some-college,10,Divorced,Exec-managerial,Not-in-family,White,Female,0,0,40,United-States,0
60,Self-emp-not-inc,264314,Some-college,10,Married-civ-spouse,Exec-managerial,Husband,White,Male,0,0,35,Columbia,0
28,State-gov,130620,11th,7,Separated,Adm-clerical,Unmarried,Asian-Pac-Islander,Female,0,0,40,India,0
25,Private,28473,Assoc-voc,11,Married-civ-spouse,Craft-repair,Husband,White,Male,0,0,40,United-States,0
47,Private,583755,HS-grad,9,Married-civ-spouse,Adm-clerical,Husband,Black,Male,0,0,40,United-States,1
42,Private,223548,7th-8th,4,Married-civ-spouse,Handlers-cleaners,Husband,White,Male,0,0,30,Mexico,0
33,Private,31449,Assoc-acdm,12,Divorced,Machine-op-inspct,Unmarried,Amer-Indian-Eskimo,Female,0,0,40,United-States,0
24,Private,176389,HS-grad,9,Married-civ-spouse,Craft-repair,Husband,White,Male,0,0,40,United-States,0
50,Private,145409,Bachelors,13,Married-civ-spouse,Prof-specialty,Husband,White,Male,15024,0,40,United-States,1
25,State-gov,152035,Assoc-acdm,12,Never-married,Adm-clerical,Own-child,White,Female,0,0,40,United-States,0
30,Private,149507,HS-grad,9,Married-civ-spouse,Sales,Husband,White,Male,0,0,42,United-States,0
33,Private,279524,HS-grad,9,Divorced,Machine-op-inspct,Not-in-family,White,Female,0,0,40,United-States,0
34,Private,57426,Bachelors,13,Never-married,Sales,Not-in-family,White,Male,0,0,45,United-States,0
53,State-gov,118793,HS-grad,9,Married-civ-spouse,Protective-serv,Husband,White,Male,0,0,40,United-States,0
24,State-gov,177526,Bachelors,13,Never-married,Prof-specialty,Not-in-family,White,Male,0,0,15,United-States,0
38,Self-emp-inc,206951,HS-grad,9,Married-civ-spouse,Exec-managerial,Husband,White,Male,0,0,65,United-States,0
42,Local-gov,201723,Some-college,10,Never-married,Craft-repair,Not-in-family,White,Male,0,0,40,United-States,0
30,State-gov,158291,Bachelors,13,Never-married,Adm-clerical,Not-in-family,White,Male,0,0,40,United-States,0
45,Local-gov,54190,Masters,14,Married-civ-spouse,Prof-specialty,Husband,White,Male,0,0,50,United-States,1
28,Private,31778,Bachelors,13,Never-married,Handlers-cleaners,Own-child,White,Male,0,0,40,United-States,0
30,Private,190823,Some-college,10,Never-married,Other-service,Own-child,Black,Female,0,0,40,United-States,0
34,Private,264651,HS-grad,9,Married-civ-spouse,Machine-op-inspct,Husband,White,Male,0,0,40,United-States,1
32,Local-gov,157887,HS-grad,9,Married-civ-spouse,Craft-repair,Husband,White,Male,0,0,40,United-States,0
21,Private,65225,Some-college,10,Never-married,Adm-clerical,Not-in-family,White,Female,0,0,30,United-States,0
23,Private,35633,HS-grad,9,Married-civ-spouse,Handlers-cleaners,Husband,White,Male,0,0,40,United-States,0
27,Private,170017,Bachelors,13,Married-civ-spouse,Prof-specialty,Husband,White,Male,0,0,40,United-States,0
34,Private,144798,Some-college,10,Never-married,Adm-clerical,Not-in-family,White,Female,0,0,40,United-States,0
17,Private,32763,10th,6,Never-married,Other-service,Own-child,White,Male,0,0,15,United-States,0
27,Private,152683,HS-grad,9,Married-civ-spouse,Transport-moving,Husband,White,Male,3908,0,35,United-States,0
48,Private,99835,Assoc-acdm,12,Married-civ-spouse,Exec-managerial,Husband,White,Male,0,0,50,United-States,1
25,Private,338013,Some-college,10,Divorced,Tech-support,Not-in-family,White,Female,0,0,40,United-States,0
51,Private,143741,Some-college,10,Married-civ-spouse,Other-service,Wife,White,Female,0,0,40,United-States,1
46,Private,155659,Some-college,10,Married-civ-spouse,Craft-repair,Husband,White,Male,15024,0,45,United-States,1
59,Private,221336,10th,6,Widowed,Other-service,Other-relative,Asian-Pac-Islander,Female,0,0,40,Philippines,0
52,Private,181755,HS-grad,9,Divorced,Adm-clerical,Unmarried,White,Female,0,0,40,United-States,0
19,Private,213024,12th,8,Never-married,Handlers-cleaners,Own-child,White,Male,0,0,40,United-States,0
56,Self-emp-not-inc,60166,1st-4th,2,Never-married,Exec-managerial,Not-in-family,Amer-Indian-Eskimo,Male,0,0,65,United-States,0
41,Private,252058,Bachelors,13,Never-married,Adm-clerical,Not-in-family,White,Male,0,0,40,United-States,0
24,Private,353010,Bachelors,13,Never-married,Machine-op-inspct,Not-in-family,White,Male,0,0,65,United-States,0
47,Private,386136,Assoc-acdm,12,Married-civ-spouse,Prof-specialty,Husband,White,Male,0,0,40,United-States,1
28,Local-gov,33662,Masters,14,Married-civ-spouse,Prof-specialty,Wife,White,Female,7298,0,40,United-States,1
22,Private,199419,HS-grad,9,Married-civ-spouse,Sales,Wife,White,Female,0,0,40,United-States,0
51,Self-emp-not-inc,268639,Some-college,10,Married-civ-spouse,Prof-specialty,Wife,White,Female,0,2057,60,Canada,0
33,Private,41610,Bachelors,13,Married-civ-spouse,Prof-specialty,Husband,White,Male,0,0,40,United-States,0
57,Self-emp-not-inc,165922,HS-grad,9,Married-civ-spouse,Craft-repair,Husband,White,Male,0,0,50,United-States,0
39,Private,99527,HS-grad,9,Married-civ-spouse,Craft-repair,Husband,White,Male,0,0,40,United-States,1
34,Private,28053,Bachelors,13,Married-spouse-absent,Adm-clerical,Not-in-family,White,Female,0,0,25,United-States,0
53,Self-emp-not-inc,168539,9th,5,Married-civ-spouse,Farming-fishing,Husband,White,Male,0,0,70,United-States,0
26,Private,58065,Bachelors,13,Never-married,Adm-clerical,Not-in-family,White,Female,0,0,20,United-States,0
67,Private,228200,HS-grad,9,Married-civ-spouse,Priv-house-serv,Wife,Black,Female,0,0,20,United-States,0
35,Self-emp-inc,79586,Masters,14,Married-civ-spouse,Prof-specialty,Husband,Asian-Pac-Islander,Male,0,0,40,India,1
26,Private,51961,Bachelors,13,Never-married,Adm-clerical,Not-in-family,Black,Male,0,0,20,United-States,0
47,Private,264244,HS-grad,9,Married-spouse-absent,Craft-repair,Not-in-family,Black,Female,0,0,40,United-States,0
47,Self-emp-inc,239321,Bachelors,13,Married-civ-spouse,Sales,Husband,White,Male,0,0,40,United-States,1
45,Private,72844,HS-grad,9,Divorced,Exec-managerial,Not-in-family,White,Female,0,0,46,United-States,0
67,Private,274451,10th,6,Married-civ-spouse,Transport-moving,Husband,White,Male,0,0,16,United-States,0
22,Private,161532,Some-college,10,Never-married,Handlers-cleaners,Own-child,White,Male,0,0,35,United-States,0
54,Private,329733,HS-grad,9,Never-married,Exec-managerial,Unmarried,White,Male,0,0,40,United-States,1
19,Private,393712,HS-grad,9,Never-married,Adm-clerical,Own-child,White,Female,0,0,20,United-States,0
60,Self-emp-inc,336188,Prof-school,15,Married-civ-spouse,Prof-specialty,Husband,White,Male,0,2415,80,United-States,1
39,Private,165799,HS-grad,9,Married-civ-spouse,Exec-managerial,Husband,White,Male,0,0,40,United-States,0
32,Private,157289,HS-grad,9,Married-spouse-absent,Handlers-cleaners,Other-relative,White,Male,0,0,40,United-States,0
51,Self-emp-inc,100029,Doctorate,16,Married-civ-spouse,Prof-specialty,Husband,White,Male,15024,0,40,United-States,1
32,Private,237478,11th,7,Divorced,Machine-op-inspct,Unmarried,White,Female,0,0,40,United-States,0
38,Private,91857,HS-grad,9,Married-civ-spouse,Craft-repair,Husband,White,Male,0,0,44,United-States,0
33,Private,217460,Assoc-acdm,12,Married-civ-spouse,Prof-specialty,Husband,White,Male,0,0,40,United-States,1
24,Private,68577,Assoc-voc,11,Married-civ-spouse,Transport-moving,Husband,White,Male,0,0,40,United-States,0
53,Self-emp-not-inc,118793,10th,6,Married-civ-spouse,Craft-repair,Husband,White,Male,0,0,50,United-States,1
34,Private,342709,Masters,14,Married-civ-spouse,Exec-managerial,Husband,White,Male,0,0,40,United-States,0
54,Private,111469,Some-college,10,Divorced,Exec-managerial,Not-in-family,White,Female,0,0,40,United-States,0
39,Private,250157,Bachelors,13,Never-married,Prof-specialty,Not-in-family,White,Female,0,0,63,United-States,0
31,Private,90668,10th,6,Never-married,Other-service,Not-in-family,White,Female,0,0,40,United-States,0
26,Private,343506,HS-grad,9,Never-married,Other-service,Own-child,Black,Female,0,0,40,United-States,0
35,Private,136343,HS-grad,9,Never-married,Sales,Not-in-family,White,Male,0,0,40,United-States,0
25,Private,82560,Assoc-acdm,12,Never-married,Other-service,Own-child,White,Male,0,0,43,United-States,0
70,Self-emp-inc,207938,Some-college,10,Never-married,Exec-managerial,Not-in-family,White,Male,0,0,5,United-States,0
52,Private,386397,Bachelors,13,Married-civ-spouse,Exec-managerial,Husband,White,Male,0,0,45,United-States,1
30,Private,75167,Some-college,10,Married-civ-spouse,Machine-op-inspct,Husband,White,Male,0,0,40,United-States,1
27,Private,139903,HS-grad,9,Never-married,Sales,Unmarried,Black,Female,0,0,30,United-States,0
41,Private,205153,Assoc-voc,11,Married-civ-spouse,Exec-managerial,Husband,White,Male,0,0,40,United-States,0
52,Private,302847,11th,7,Married-civ-spouse,Machine-op-inspct,Husband,White,Male,0,0,40,United-States,0
27,Private,341504,Some-college,10,Never-married,Adm-clerical,Unmarried,White,Female,0,0,40,United-States,0
73,Private,26248,7th-8th,4,Married-civ-spouse,Sales,Husband,White,Male,0,0,30,United-States,1
31,Private,101562,HS-grad,9,Married-civ-spouse,Machine-op-inspct,Wife,White,Female,0,0,55,United-States,0
41,Private,174395,Masters,14,Married-civ-spouse,Prof-specialty,Husband,White,Male,0,0,40,United-States,1
20,Private,229414,HS-grad,9,Never-married,Machine-op-inspct,Own-child,White,Female,0,0,30,United-States,0
42,Self-emp-inc,119281,Bachelors,13,Married-civ-spouse,Exec-managerial,Husband,White,Male,0,0,60,United-States,1
25,Private,371987,HS-grad,9,Divorced,Adm-clerical,Not-in-family,White,Female,0,0,40,United-States,0
24,Private,218215,Assoc-voc,11,Never-married,Adm-clerical,Own-child,White,Female,0,0,20,United-States,0
33,Private,103435,Assoc-voc,11,Separated,Prof-specialty,Not-in-family,White,Male,0,0,45,United-States,0
30,Private,252752,Bachelors,13,Married-civ-spouse,Prof-specialty,Wife,White,Female,0,0,40,United-States,0
23,Private,126945,Bachelors,13,Married-civ-spouse,Exec-managerial,Husband,White,Male,0,0,40,United-States,0
38,Self-emp-not-inc,176657,Some-college,10,Separated,Sales,Not-in-family,Asian-Pac-Islander,Male,0,0,60,Japan,0
38,Private,115336,HS-grad,9,Divorced,Other-service,Unmarried,White,Female,0,0,70,United-States,0
43,State-gov,78765,Some-college,10,Divorced,Exec-managerial,Unmarried,White,Male,0,0,40,United-States,0
34,Self-emp-not-inc,353881,HS-grad,9,Married-civ-spouse,Exec-managerial,Husband,White,Male,0,0,60,United-States,0
45,State-gov,90803,Some-college,10,Married-civ-spouse,Adm-clerical,Husband,White,Male,0,0,40,United-States,0
17,Private,147069,10th,6,Never-married,Sales,Own-child,White,Female,0,0,16,United-States,0
49,Private,28791,Some-college,10,Divorced,Other-service,Not-in-family,White,Female,0,0,40,United-States,0
21,Private,182614,Some-college,10,Never-married,Sales,Other-relative,White,Female,0,0,40,Poland,0
25,Private,283087,Some-college,10,Never-married,Exec-managerial,Own-child,Black,Male,0,0,40,United-States,0
32,Private,97429,Bachelors,13,Divorced,Exec-managerial,Unmarried,White,Female,0,0,40,Canada,0
28,Federal-gov,526528,Some-college,10,Never-married,Adm-clerical,Unmarried,Black,Female,3887,0,40,United-States,0
52,Federal-gov,424012,Some-college,10,Divorced,Exec-managerial,Not-in-family,White,Female,0,0,40,United-States,0
40,Private,55508,7th-8th,4,Divorced,Farming-fishing,Unmarried,White,Female,0,0,40,United-States,0
56,Private,175127,10th,6,Married-civ-spouse,Handlers-cleaners,Husband,White,Male,0,0,40,United-States,0
36,Private,143068,Some-college,10,Divorced,Craft-repair,Unmarried,White,Male,0,0,40,United-States,0
19,Private,105289,10th,6,Never-married,Other-service,Other-relative,Black,Female,0,0,20,United-States,0
47,Federal-gov,119199,Some-college,10,Divorced,Adm-clerical,Unmarried,White,Female,0,0,40,United-States,0
44,Private,111275,HS-grad,9,Never-married,Other-service,Unmarried,Black,Female,0,0,38,United-States,0
67,Without-pay,137192,HS-grad,9,Married-civ-spouse,Adm-clerical,Husband,Asian-Pac-Islander,Male,0,0,12,Philippines,0
37,Local-gov,212005,Assoc-voc,11,Married-civ-spouse,Exec-managerial,Husband,White,Male,0,0,40,United-States,1
43,Private,331894,Some-college,10,Married-civ-spouse,Transport-moving,Husband,White,Male,0,0,60,United-States,1
27,Private,128730,Assoc-voc,11,Never-married,Exec-managerial,Not-in-family,White,Male,10520,0,65,Greece,1
54,Private,230767,Assoc-acdm,12,Married-civ-spouse,Craft-repair,Husband,White,Male,0,0,40,Cuba,0
52,Private,138497,Bachelors,13,Married-civ-spouse,Sales,Husband,White,Male,0,0,45,United-States,1
35,Private,185325,Bachelors,13,Married-civ-spouse,Prof-specialty,Husband,White,Male,0,0,50,United-States,1
50,Private,337606,HS-grad,9,Married-civ-spouse,Machine-op-inspct,Husband,White,Male,0,1485,40,United-States,0
53,Private,283602,Bachelors,13,Divorced,Sales,Not-in-family,White,Female,13550,0,43,United-States,1
23,Private,199336,Assoc-voc,11,Never-married,Craft-repair,Unmarried,White,Male,0,0,50,United-States,0
19,Private,106306,Some-college,10,Divorced,Other-service,Own-child,White,Female,0,0,40,United-States,0
47,Private,221666,Some-college,10,Divorced,Tech-support,Unmarried,White,Female,0,0,40,United-States,0
29,Private,250819,Some-college,10,Never-married,Adm-clerical,Not-in-family,White,Female,0,0,40,United-States,0
54,Self-emp-not-inc,124865,Some-college,10,Divorced,Sales,Not-in-family,White,Female,0,0,35,United-States,0
23,Private,217961,Some-college,10,Never-married,Handlers-cleaners,Own-child,White,Male,0,0,15,United-States,0
36,Private,190023,HS-grad,9,Married-civ-spouse,Transport-moving,Husband,White,Male,0,0,60,United-States,1
34,Private,96483,Assoc-acdm,12,Never-married,Adm-clerical,Not-in-family,Asian-Pac-Islander,Female,8614,0,60,United-States,1
62,Private,141308,Some-college,10,Never-married,Adm-clerical,Not-in-family,White,Female,0,0,40,United-States,0
19,Private,285750,HS-grad,9,Never-married,Handlers-cleaners,Other-relative,White,Male,0,0,30,United-States,0
47,Local-gov,186009,Some-college,10,Divorced,Adm-clerical,Unmarried,White,Female,0,0,38,Mexico,0
52,Private,311931,5th-6th,3,Married-civ-spouse,Sales,Wife,White,Female,0,0,15,El-Salvador,0
42,Private,201466,Bachelors,13,Married-civ-spouse,Exec-managerial,Husband,White,Male,0,0,45,United-States,1
31,Private,387116,Some-college,10,Never-married,Adm-clerical,Not-in-family,Black,Female,0,0,36,Jamaica,0
60,Self-emp-not-inc,327474,HS-grad,9,Married-civ-spouse,Sales,Husband,White,Male,0,0,70,United-States,0
37,Private,393360,Some-college,10,Never-married,Protective-serv,Own-child,Black,Male,0,0,30,United-States,0
59,Private,160631,Bachelors,13,Married-civ-spouse,Craft-repair,Husband,White,Male,0,0,60,United-States,1
52,Private,259363,HS-grad,9,Married-civ-spouse,Craft-repair,Husband,White,Male,0,0,50,United-States,1
35,Private,301614,HS-grad,9,Married-civ-spouse,Other-service,Husband,White,Male,0,0,60,United-States,0
52,Private,167527,11th,7,Widowed,Other-service,Unmarried,Black,Female,0,0,40,United-States,0
49,Private,117095,HS-grad,9,Separated,Machine-op-inspct,Unmarried,White,Female,0,0,40,United-States,0
24,Private,187551,Some-college,10,Never-married,Adm-clerical,Own-child,Black,Female,0,0,20,United-States,0
59,Self-emp-not-inc,70623,7th-8th,4,Married-civ-spouse,Sales,Husband,White,Male,0,0,85,United-States,0
39,Private,114251,HS-grad,9,Married-civ-spouse,Craft-repair,Husband,White,Male,0,0,40,United-States,1
39,Self-emp-not-inc,103110,Bachelors,13,Married-civ-spouse,Prof-specialty,Husband,White,Male,0,0,50,United-States,0
21,Private,231573,Some-college,10,Never-married,Other-service,Not-in-family,White,Female,0,0,40,United-States,0
24,Private,236696,Some-college,10,Never-married,Other-service,Not-in-family,White,Male,0,0,30,United-States,0
33,Private,189710,7th-8th,4,Married-civ-spouse,Farming-fishing,Husband,White,Male,0,0,45,Mexico,0
50,Private,189811,Bachelors,13,Married-civ-spouse,Exec-managerial,Husband,White,Male,0,0,40,United-States,1
53,Self-emp-inc,128272,Doctorate,16,Married-civ-spouse,Exec-managerial,Husband,White,Male,0,0,70,United-States,1
50,Local-gov,145166,Masters,14,Married-civ-spouse,Prof-specialty,Husband,White,Male,7298,0,40,United-States,1
35,Private,111387,Some-college,10,Married-civ-spouse,Handlers-cleaners,Husband,White,Male,0,1579,40,United-States,0
28,Federal-gov,214858,HS-grad,9,Never-married,Machine-op-inspct,Own-child,White,Male,0,0,48,United-States,0
40,Private,219266,HS-grad,9,Married-civ-spouse,Exec-managerial,Husband,White,Male,7688,0,50,United-States,1
28,Private,185957,HS-grad,9,Married-civ-spouse,Adm-clerical,Wife,White,Female,0,0,40,United-States,0
21,Local-gov,102942,Some-college,10,Never-married,Other-service,Not-in-family,White,Female,0,2001,40,United-States,0
44,State-gov,167265,Masters,14,Married-civ-spouse,Prof-specialty,Husband,White,Male,0,0,60,United-States,1
28,Private,136077,10th,6,Never-married,Handlers-cleaners,Not-in-family,White,Male,0,0,40,United-States,0
40,Private,220460,HS-grad,9,Never-married,Craft-repair,Not-in-family,White,Male,0,0,40,Canada,0
17,Private,183110,11th,7,Never-married,Handlers-cleaners,Own-child,White,Male,0,0,16,United-States,0
44,Private,43711,Assoc-acdm,12,Married-civ-spouse,Sales,Husband,White,Male,7688,0,40,United-States,1
62,Self-emp-not-inc,120939,Some-college,10,Divorced,Sales,Not-in-family,White,Male,0,0,40,United-States,0
44,Private,48087,Bachelors,13,Married-civ-spouse,Exec-managerial,Husband,White,Male,0,0,40,United-States,1
19,Private,355477,HS-grad,9,Never-married,Other-service,Own-child,Black,Male,0,0,25,United-States,0
47,Federal-gov,34845,Bachelors,13,Married-civ-spouse,Adm-clerical,Husband,White,Male,0,0,45,Germany,1
29,Local-gov,183523,Some-college,10,Never-married,Exec-managerial,Not-in-family,White,Male,0,0,40,Iran,0
40,Private,90222,Some-college,10,Never-married,Sales,Not-in-family,White,Female,0,0,40,United-States,0
55,Local-gov,84564,Prof-school,15,Divorced,Prof-specialty,Not-in-family,White,Female,0,0,39,United-States,0
22,Private,208946,Some-college,10,Never-married,Adm-clerical,Own-child,White,Male,0,0,25,United-States,0
26,Private,152129,12th,8,Never-married,Other-service,Unmarried,Black,Male,0,0,40,United-States,0
24,Private,403671,Bachelors,13,Never-married,Prof-specialty,Not-in-family,White,Male,0,0,40,United-States,0
51,Private,99987,10th,6,Separated,Machine-op-inspct,Unmarried,Black,Female,0,0,40,United-States,0
21,Private,282484,Some-college,10,Never-married,Other-service,Own-child,White,Female,0,0,40,United-States,0
23,Private,311376,Assoc-voc,11,Never-married,Adm-clerical,Not-in-family,White,Female,0,0,40,United-States,0
32,Private,295282,HS-grad,9,Married-civ-spouse,Craft-repair,Husband,White,Male,0,0,48,United-States,0
45,Federal-gov,155659,Some-college,10,Married-civ-spouse,Prof-specialty,Husband,White,Male,0,0,40,United-States,1
55,Local-gov,31365,Bachelors,13,Widowed,Prof-specialty,Not-in-family,White,Female,0,0,40,United-States,1
23,Private,183789,HS-grad,9,Never-married,Sales,Own-child,White,Male,0,0,40,United-States,0
45,Private,116360,HS-grad,9,Divorced,Other-service,Not-in-family,Black,Female,0,0,35,United-States,0
34,Private,231238,9th,5,Separated,Farming-fishing,Unmarried,Black,Male,0,0,40,United-States,0
35,Private,225750,Bachelors,13,Divorced,Prof-specialty,Unmarried,White,Female,0,0,32,United-States,0
22,Private,370548,Assoc-voc,11,Never-married,Craft-repair,Not-in-family,White,Male,0,0,30,United-States,0
45,Private,168283,HS-grad,9,Married-civ-spouse,Other-service,Husband,White,Male,0,0,40,United-States,0
42,Federal-gov,172307,HS-grad,9,Married-civ-spouse,Adm-clerical,Husband,White,Male,0,0,48,United-States,1
58,Self-emp-not-inc,261230,Some-college,10,Divorced,Prof-specialty,Not-in-family,White,Female,0,0,40,United-States,0
39,Private,105813,HS-grad,9,Married-civ-spouse,Craft-repair,Husband,White,Male,0,0,40,United-States,0
22,Private,218343,HS-grad,9,Never-married,Other-service,Own-child,White,Female,0,0,40,United-States,0
53,State-gov,197184,Masters,14,Married-civ-spouse,Exec-managerial,Husband,White,Male,0,0,70,United-States,1
32,Private,217304,Bachelors,13,Never-married,Protective-serv,Not-in-family,Black,Male,0,0,30,United-States,0
18,Private,41794,11th,7,Never-married,Other-service,Own-child,White,Female,0,0,20,United-States,0
35,Private,129573,HS-grad,9,Married-civ-spouse,Transport-moving,Husband,White,Male,0,0,65,United-States,0
31,Private,36069,HS-grad,9,Never-married,Craft-repair,Not-in-family,White,Male,0,0,35,United-States,0
25,Private,374163,HS-grad,9,Married-spouse-absent,Farming-fishing,Not-in-family,Other,Male,0,0,40,Mexico,0
44,Private,121012,9th,5,Divorced,Craft-repair,Not-in-family,White,Male,0,0,40,United-States,0
41,Private,160837,11th,7,Married-spouse-absent,Machine-op-inspct,Not-in-family,White,Male,0,0,40,Guatemala,0
57,Self-emp-inc,123053,Prof-school,15,Married-civ-spouse,Prof-specialty,Husband,Asian-Pac-Islander,Male,15024,0,50,India,1
35,Private,216473,Some-college,10,Married-civ-spouse,Adm-clerical,Husband,White,Male,0,0,50,United-States,1
27,Private,183511,HS-grad,9,Married-civ-spouse,Handlers-cleaners,Husband,White,Male,0,0,40,United-States,0
40,Private,178983,HS-grad,9,Married-civ-spouse,Adm-clerical,Wife,White,Female,0,0,30,United-States,1
38,Self-emp-not-inc,93206,Bachelors,13,Married-civ-spouse,Exec-managerial,Husband,Asian-Pac-Islander,Male,0,1902,65,United-States,1
24,Private,314182,HS-grad,9,Never-married,Transport-moving,Not-in-family,White,Female,0,0,50,United-States,0
18,Private,387568,10th,6,Never-married,Sales,Own-child,White,Male,0,0,10,United-States,0
18,Private,123856,11th,7,Never-married,Sales,Own-child,White,Female,0,0,49,United-States,0
51,Private,106151,11th,7,Divorced,Transport-moving,Own-child,White,Male,0,0,40,United-States,0
28,Private,715938,Bachelors,13,Never-married,Craft-repair,Own-child,Black,Male,0,0,40,United-States,0
24,Self-emp-not-inc,236769,7th-8th,4,Married-civ-spouse,Craft-repair,Husband,White,Male,0,0,40,United-States,0
62,Private,345780,Assoc-voc,11,Divorced,Other-service,Not-in-family,White,Male,0,0,40,United-States,0
41,Private,287306,HS-grad,9,Married-civ-spouse,Prof-specialty,Husband,White,Male,0,1902,40,United-States,1
44,Self-emp-inc,191712,Masters,14,Married-civ-spouse,Prof-specialty,Husband,White,Male,0,2415,55,United-States,1
29,Private,29974,HS-grad,9,Married-civ-spouse,Craft-repair,Husband,White,Male,0,0,40,United-States,0
31,Private,113667,HS-grad,9,Never-married,Sales,Unmarried,Black,Female,0,0,25,United-States,0
59,Self-emp-not-inc,104216,Prof-school,15,Married-civ-spouse,Sales,Husband,White,Male,0,0,25,United-States,0
52,Self-emp-inc,415037,Some-college,10,Divorced,Exec-managerial,Not-in-family,White,Male,0,0,65,United-States,1
31,Local-gov,402089,HS-grad,9,Divorced,Adm-clerical,Unmarried,White,Female,0,0,40,United-States,0
31,Private,120461,Bachelors,13,Never-married,Exec-managerial,Not-in-family,White,Female,0,0,40,United-States,0
48,Private,326048,Assoc-acdm,12,Divorced,Other-service,Not-in-family,White,Male,0,0,44,United-States,0
22,Private,51111,Some-college,10,Never-married,Sales,Not-in-family,White,Female,0,0,40,United-States,0
36,Private,129591,HS-grad,9,Never-married,Other-service,Not-in-family,White,Male,0,0,40,United-States,0
40,Local-gov,196234,HS-grad,9,Divorced,Craft-repair,Own-child,White,Female,0,0,40,Puerto-Rico,0
35,Self-emp-not-inc,160192,Some-college,10,Never-married,Craft-repair,Own-child,White,Male,0,0,40,United-States,0
25,Private,165315,HS-grad,9,Divorced,Sales,Unmarried,White,Female,0,0,37,United-States,0
43,Private,184105,HS-grad,9,Married-civ-spouse,Handlers-cleaners,Husband,White,Male,0,0,50,United-States,0
28,Private,192384,Some-college,10,Married-civ-spouse,Handlers-cleaners,Husband,White,Male,0,0,40,United-States,1
34,Self-emp-not-inc,276221,10th,6,Married-civ-spouse,Farming-fishing,Husband,White,Male,0,0,40,United-States,0
64,Private,192596,HS-grad,9,Widowed,Adm-clerical,Not-in-family,White,Female,0,0,30,United-States,0
31,Private,129804,9th,5,Never-married,Farming-fishing,Not-in-family,White,Male,0,0,40,Puerto-Rico,0
31,Private,502752,Bachelors,13,Married-civ-spouse,Adm-clerical,Wife,White,Female,0,0,40,United-States,1
54,Private,171924,Bachelors,13,Married-civ-spouse,Tech-support,Husband,White,Male,0,0,48,United-States,0
41,Private,304906,Bachelors,13,Married-civ-spouse,Exec-managerial,Husband,White,Male,0,0,40,United-States,1
60,Self-emp-not-inc,88570,Assoc-voc,11,Married-civ-spouse,Transport-moving,Wife,White,Female,0,0,15,Germany,1
38,Private,219902,HS-grad,9,Separated,Transport-moving,Unmarried,Black,Female,0,0,30,United-States,0
58,Private,154950,Bachelors,13,Married-civ-spouse,Tech-support,Husband,White,Male,0,0,40,United-States,1
30,Private,175931,HS-grad,9,Married-civ-spouse,Craft-repair,Husband,White,Male,0,0,40,United-States,0
51,Self-emp-inc,304955,Masters,14,Married-civ-spouse,Exec-managerial,Husband,White,Male,0,0,50,United-States,1
44,Local-gov,193425,Masters,14,Married-civ-spouse,Prof-specialty,Wife,White,Female,4386,0,40,United-States,1
30,Private,194901,11th,7,Never-married,Handlers-cleaners,Own-child,White,Male,0,0,40,United-States,0
32,Private,86808,Some-college,10,Never-married,Other-service,Own-child,White,Female,0,0,38,United-States,0
54,Private,177675,HS-grad,9,Divorced,Adm-clerical,Unmarried,White,Female,0,0,42,United-States,0
37,Private,415500,Some-college,10,Married-civ-spouse,Machine-op-inspct,Husband,Black,Male,0,0,40,United-States,1
21,Private,349041,HS-grad,9,Never-married,Handlers-cleaners,Not-in-family,White,Male,0,0,40,United-States,0
43,Private,238530,HS-grad,9,Married-civ-spouse,Craft-repair,Husband,White,Male,0,0,40,United-States,0
24,Private,202570,Bachelors,13,Never-married,Prof-specialty,Own-child,Black,Male,0,0,15,United-States,0
35,Private,317153,HS-grad,9,Never-married,Sales,Not-in-family,White,Female,0,0,40,United-States,0
26,Federal-gov,393728,Some-college,10,Divorced,Adm-clerical,Own-child,White,Male,0,0,24,United-States,0
44,Private,216907,HS-grad,9,Divorced,Other-service,Not-in-family,White,Male,0,0,37,United-States,0
28,Private,204516,10th,6,Never-married,Transport-moving,Not-in-family,White,Male,0,0,45,United-States,0
37,Private,116358,HS-grad,9,Never-married,Craft-repair,Other-relative,Amer-Indian-Eskimo,Male,27828,0,48,United-States,1
44,State-gov,180609,HS-grad,9,Married-civ-spouse,Protective-serv,Husband,White,Male,0,0,40,United-States,0
42,Private,334783,HS-grad,9,Married-civ-spouse,Prof-specialty,Wife,White,Female,0,0,40,United-States,0
42,Self-emp-not-inc,34037,Bachelors,13,Never-married,Farming-fishing,Own-child,White,Male,0,0,35,United-States,0
46,Local-gov,297759,Some-college,10,Divorced,Tech-support,Not-in-family,White,Female,0,0,40,United-States,0
36,Private,376455,Assoc-voc,11,Divorced,Craft-repair,Not-in-family,White,Male,0,0,38,United-States,0
41,Federal-gov,187462,Assoc-voc,11,Divorced,Adm-clerical,Own-child,Black,Female,0,0,40,United-States,0
29,Local-gov,190525,Bachelors,13,Married-civ-spouse,Prof-specialty,Husband,White,Male,0,1848,60,Germany,1
37,Local-gov,189878,Some-college,10,Married-civ-spouse,Protective-serv,Husband,White,Male,0,0,60,United-States,0
23,Private,32950,Some-college,10,Never-married,Transport-moving,Not-in-family,White,Male,4101,0,40,United-States,0
42,Local-gov,246862,Some-college,10,Divorced,Tech-support,Not-in-family,White,Female,3325,0,40,United-States,0
46,Self-emp-inc,112320,Bachelors,13,Divorced,Exec-managerial,Not-in-family,White,Female,0,0,50,United-States,0
32,Private,35595,Bachelors,13,Never-married,Adm-clerical,Not-in-family,White,Male,0,0,40,United-States,0
43,Self-emp-not-inc,154785,Bachelors,13,Married-civ-spouse,Machine-op-inspct,Wife,Asian-Pac-Islander,Female,0,0,80,Thailand,0
62,Private,57970,7th-8th,4,Divorced,Handlers-cleaners,Not-in-family,White,Male,0,0,40,United-States,0
18,Private,266287,12th,8,Never-married,Sales,Own-child,White,Female,0,0,35,United-States,0
49,Self-emp-not-inc,102318,Assoc-acdm,12,Divorced,Exec-managerial,Not-in-family,White,Male,0,0,25,United-States,0
40,Private,388725,Some-college,10,Divorced,Exec-managerial,Not-in-family,White,Male,0,0,40,United-States,0
46,Private,171807,Some-college,10,Divorced,Sales,Unmarried,White,Female,0,0,40,United-States,0
25,State-gov,261979,HS-grad,9,Never-married,Prof-specialty,Not-in-family,White,Male,0,0,40,United-States,0
66,State-gov,102640,HS-grad,9,Widowed,Prof-specialty,Unmarried,Black,Female,0,0,35,United-States,0
46,Private,201217,HS-grad,9,Divorced,Prof-specialty,Not-in-family,White,Female,0,0,40,United-States,0
59,Private,314149,Assoc-voc,11,Married-civ-spouse,Sales,Husband,White,Male,0,1740,50,United-States,0
47,Self-emp-inc,248145,5th-6th,3,Married-civ-spouse,Transport-moving,Husband,White,Male,0,0,50,Cuba,0
28,Private,205337,HS-grad,9,Married-civ-spouse,Craft-repair,Husband,White,Male,0,0,40,United-States,0
23,Private,145111,HS-grad,9,Never-married,Transport-moving,Unmarried,White,Male,0,0,50,United-States,0
48,State-gov,130561,Some-college,10,Never-married,Prof-specialty,Not-in-family,Black,Female,0,0,24,United-States,0
52,Private,35305,7th-8th,4,Never-married,Other-service,Own-child,White,Female,0,0,7,United-States,0
49,Private,135643,HS-grad,9,Widowed,Craft-repair,Unmarried,Asian-Pac-Islander,Female,0,0,40,South,0
21,State-gov,41183,Some-college,10,Never-married,Prof-specialty,Own-child,White,Female,0,0,20,United-States,0
22,Private,181313,Assoc-voc,11,Never-married,Other-service,Not-in-family,White,Female,0,0,30,United-States,0
25,Private,106889,HS-grad,9,Married-civ-spouse,Adm-clerical,Wife,White,Female,0,0,30,United-States,0
35,Federal-gov,128608,Bachelors,13,Never-married,Exec-managerial,Own-child,White,Male,0,0,40,United-States,0
41,Self-emp-inc,93227,Bachelors,13,Married-civ-spouse,Exec-managerial,Husband,Asian-Pac-Islander,Male,0,1977,60,Taiwan,1
17,Private,183066,10th,6,Never-married,Other-service,Own-child,White,Female,0,0,25,United-States,0
57,Self-emp-inc,146103,Bachelors,13,Married-civ-spouse,Prof-specialty,Husband,White,Male,0,0,45,United-States,1
39,Private,79331,Masters,14,Married-civ-spouse,Exec-managerial,Husband,Asian-Pac-Islander,Male,15024,0,40,United-States,1
55,Private,173093,Some-college,10,Divorced,Adm-clerical,Not-in-family,Asian-Pac-Islander,Female,0,0,40,United-States,0
49,Private,146268,Some-college,10,Married-civ-spouse,Craft-repair,Husband,White,Male,0,0,40,United-States,0
31,Private,261943,Some-college,10,Married-civ-spouse,Exec-managerial,Husband,White,Male,0,0,40,United-States,0
40,Private,193995,HS-grad,9,Married-civ-spouse,Other-service,Husband,White,Male,0,0,30,United-States,0
22,State-gov,190625,Bachelors,13,Married-civ-spouse,Exec-managerial,Husband,White,Male,0,0,20,United-States,0
29,Private,375078,7th-8th,4,Married-civ-spouse,Other-service,Wife,White,Female,0,0,40,Mexico,0
29,Self-emp-not-inc,189346,Some-college,10,Divorced,Craft-repair,Not-in-family,White,Male,2202,0,50,United-States,0
25,Private,25386,Assoc-voc,11,Never-married,Other-service,Unmarried,Amer-Indian-Eskimo,Female,0,0,40,United-States,0
30,Private,236993,Some-college,10,Never-married,Adm-clerical,Unmarried,White,Female,0,0,30,United-States,0
32,Private,419691,12th,8,Married-civ-spouse,Sales,Husband,White,Male,0,0,40,United-States,1
33,Local-gov,342458,Assoc-acdm,12,Divorced,Protective-serv,Not-in-family,White,Male,0,0,56,United-States,0
41,Private,198965,HS-grad,9,Married-civ-spouse,Machine-op-inspct,Husband,White,Male,0,0,40,United-States,0
26,Self-emp-not-inc,253899,Bachelors,13,Divorced,Sales,Not-in-family,White,Male,0,0,40,United-States,0
50,Self-emp-inc,283676,Doctorate,16,Married-civ-spouse,Prof-specialty,Husband,White,Male,15024,0,60,United-States,1
47,Private,155664,Masters,14,Married-civ-spouse,Exec-managerial,Husband,White,Male,99999,0,55,United-States,1
69,Self-emp-not-inc,107548,9th,5,Married-civ-spouse,Adm-clerical,Husband,White,Male,0,0,40,United-States,0
43,Private,462180,Prof-school,15,Married-civ-spouse,Prof-specialty,Husband,White,Male,99999,0,60,United-States,1
27,Local-gov,162973,Assoc-voc,11,Never-married,Protective-serv,Not-in-family,White,Male,0,0,56,United-States,0
45,Self-emp-not-inc,34446,HS-grad,9,Married-civ-spouse,Transport-moving,Husband,White,Male,0,0,50,United-States,0
52,Private,115851,HS-grad,9,Married-civ-spouse,Craft-repair,Husband,White,Male,0,0,40,United-States,0
41,Private,428499,11th,7,Married-civ-spouse,Craft-repair,Husband,White,Male,0,1485,50,United-States,1
38,Private,264627,Some-college,10,Divorced,Adm-clerical,Unmarried,White,Female,0,0,40,United-States,0
49,Private,94342,Bachelors,13,Married-civ-spouse,Craft-repair,Husband,White,Male,0,0,60,United-States,0
32,Private,353994,Bachelors,13,Married-civ-spouse,Exec-managerial,Other-relative,Asian-Pac-Islander,Female,0,0,40,China,1
23,Private,103064,HS-grad,9,Never-married,Adm-clerical,Own-child,White,Female,0,0,40,United-States,0
57,Self-emp-not-inc,315460,Prof-school,15,Married-civ-spouse,Prof-specialty,Husband,White,Male,0,0,36,United-States,0
27,Private,210313,HS-grad,9,Married-civ-spouse,Sales,Husband,White,Male,0,0,50,Guatemala,0
21,Private,209483,Some-college,10,Never-married,Sales,Own-child,White,Female,0,0,47,United-States,0
51,Local-gov,108435,HS-grad,9,Married-civ-spouse,Craft-repair,Husband,White,Male,0,0,40,United-States,0
46,Private,196858,Masters,14,Married-civ-spouse,Prof-specialty,Husband,White,Male,0,0,35,United-States,1
29,Private,259226,11th,7,Never-married,Machine-op-inspct,Own-child,White,Male,0,0,48,United-States,0
25,Private,208591,Bachelors,13,Never-married,Prof-specialty,Own-child,White,Male,0,0,40,United-States,0
62,Private,153891,Bachelors,13,Married-civ-spouse,Exec-managerial,Husband,White,Male,0,0,50,United-States,1
41,Private,82161,HS-grad,9,Married-civ-spouse,Transport-moving,Husband,White,Male,0,0,40,United-States,0
30,Federal-gov,59951,Some-college,10,Married-civ-spouse,Adm-clerical,Own-child,White,Male,0,0,40,United-States,0
43,State-gov,23157,HS-grad,9,Never-married,Transport-moving,Not-in-family,White,Male,0,0,60,United-States,0
31,Private,206051,Bachelors,13,Married-civ-spouse,Adm-clerical,Husband,White,Male,0,0,40,United-States,1
55,Private,194290,HS-grad,9,Divorced,Craft-repair,Not-in-family,White,Male,0,0,40,United-States,0
47,Private,181342,HS-grad,9,Married-civ-spouse,Handlers-cleaners,Wife,Black,Female,0,0,40,United-States,0
56,Private,92444,Some-college,10,Married-civ-spouse,Exec-managerial,Husband,Black,Male,0,0,50,United-States,1
50,Private,109277,HS-grad,9,Married-civ-spouse,Machine-op-inspct,Husband,White,Male,0,0,40,United-States,1
45,Private,98765,HS-grad,9,Never-married,Machine-op-inspct,Unmarried,White,Female,0,0,40,Canada,0
40,Local-gov,306495,Bachelors,13,Married-civ-spouse,Prof-specialty,Husband,White,Male,0,0,35,United-States,0
36,Private,321733,Bachelors,13,Divorced,Exec-managerial,Not-in-family,White,Male,0,1741,40,United-States,0
18,Private,87157,12th,8,Never-married,Other-service,Own-child,White,Male,0,0,25,United-States,0
42,Private,152676,HS-grad,9,Divorced,Exec-managerial,Own-child,White,Male,0,0,40,United-States,0
52,Private,159908,12th,8,Never-married,Machine-op-inspct,Not-in-family,White,Male,0,0,40,United-States,0
47,Private,302711,11th,7,Divorced,Adm-clerical,Unmarried,White,Female,0,0,40,United-States,0
50,Private,168212,Masters,14,Married-civ-spouse,Craft-repair,Husband,White,Male,0,1902,45,United-States,1
22,Self-emp-not-inc,214014,Some-college,10,Never-married,Sales,Own-child,Black,Male,99999,0,55,United-States,1
52,Federal-gov,192386,Masters,14,Married-civ-spouse,Exec-managerial,Husband,White,Male,5013,0,40,United-States,0
51,Private,202752,HS-grad,9,Never-married,Craft-repair,Not-in-family,Black,Male,0,0,40,United-States,0
42,Private,276218,HS-grad,9,Married-civ-spouse,Sales,Wife,White,Female,0,0,40,United-States,1
44,Private,205051,10th,6,Divorced,Adm-clerical,Unmarried,White,Female,0,0,40,United-States,0
25,Private,1484705,Some-college,10,Divorced,Exec-managerial,Unmarried,White,Female,0,0,25,United-States,0
39,Private,314007,Assoc-voc,11,Married-civ-spouse,Tech-support,Husband,White,Male,0,0,40,United-States,0
32,Self-emp-inc,46807,HS-grad,9,Married-civ-spouse,Craft-repair,Husband,White,Male,99999,0,40,United-States,1
20,Private,41356,Some-college,10,Never-married,Prof-specialty,Not-in-family,White,Female,0,0,40,United-States,0
38,Private,156728,Bachelors,13,Married-civ-spouse,Sales,Husband,White,Male,0,0,40,United-States,1
27,Private,197905,Some-college,10,Married-civ-spouse,Other-service,Husband,White,Male,0,0,40,United-States,0
34,Private,146980,HS-grad,9,Married-spouse-absent,Other-service,Unmarried,White,Female,0,0,65,United-States,0
46,Private,265275,Masters,14,Married-civ-spouse,Prof-specialty,Husband,White,Male,0,0,60,United-States,0
24,Private,177287,12th,8,Never-married,Other-service,Own-child,White,Female,0,0,38,United-States,0
34,Private,195488,HS-grad,9,Separated,Adm-clerical,Own-child,White,Female,0,0,40,United-States,0
21,Private,191460,11th,7,Never-married,Other-service,Unmarried,Black,Female,0,0,40,United-States,0
18,Private,151150,10th,6,Never-married,Farming-fishing,Own-child,White,Male,0,0,27,United-States,0
30,Private,100734,Some-college,10,Married-civ-spouse,Adm-clerical,Wife,White,Female,0,0,40,United-States,0
50,Private,73493,Some-college,10,Divorced,Other-service,Not-in-family,White,Female,0,0,40,United-States,0
20,Private,277700,Preschool,1,Never-married,Other-service,Own-child,White,Male,0,0,32,United-States,0
57,Private,204816,Masters,14,Divorced,Prof-specialty,Not-in-family,White,Male,0,0,30,United-States,0
50,Private,198681,Some-college,10,Married-civ-spouse,Transport-moving,Husband,White,Male,0,0,70,United-States,1
41,Self-emp-inc,125831,HS-grad,9,Married-civ-spouse,Sales,Husband,White,Male,0,1887,55,United-States,1
51,Local-gov,209320,Prof-school,15,Never-married,Prof-specialty,Not-in-family,White,Male,3325,0,40,United-States,0
29,Private,457402,5th-6th,3,Never-married,Other-service,Not-in-family,White,Male,0,0,25,Mexico,0
62,Local-gov,151369,HS-grad,9,Never-married,Craft-repair,Not-in-family,White,Male,0,0,40,United-States,0
26,Private,147982,11th,7,Divorced,Craft-repair,Not-in-family,White,Female,0,0,40,United-States,0
49,Self-emp-inc,197332,Some-college,10,Married-civ-spouse,Sales,Husband,White,Male,0,0,60,United-States,0
47,Private,341995,Some-college,10,Divorced,Sales,Own-child,White,Male,0,0,55,United-States,0
40,State-gov,456110,11th,7,Divorced,Transport-moving,Unmarried,White,Female,0,0,52,United-States,0
43,Private,88913,Some-college,10,Never-married,Handlers-cleaners,Own-child,Asian-Pac-Islander,Female,1055,0,40,United-States,0
42,Private,190786,Assoc-voc,11,Married-civ-spouse,Craft-repair,Husband,White,Male,0,0,40,United-States,0
35,State-gov,483530,Some-college,10,Divorced,Tech-support,Unmarried,White,Female,0,0,40,United-States,0
45,Self-emp-not-inc,220978,HS-grad,9,Married-civ-spouse,Exec-managerial,Husband,White,Male,0,0,50,United-States,0
23,State-gov,156423,Bachelors,13,Never-married,Prof-specialty,Own-child,White,Female,0,0,20,United-States,0
54,Private,192862,HS-grad,9,Divorced,Exec-managerial,Unmarried,White,Female,0,0,45,United-States,0
46,Private,279661,Masters,14,Married-civ-spouse,Prof-specialty,Husband,Black,Male,0,0,35,United-States,0
51,Private,43354,11th,7,Married-civ-spouse,Craft-repair,Husband,White,Male,0,0,40,United-States,1
48,Private,155862,HS-grad,9,Divorced,Transport-moving,Not-in-family,White,Male,0,0,65,United-States,0
29,Private,265638,Some-college,10,Never-married,Other-service,Unmarried,Black,Female,0,0,40,United-States,0
45,Private,178215,9th,5,Married-civ-spouse,Machine-op-inspct,Wife,White,Female,0,0,40,United-States,1
36,Private,203482,HS-grad,9,Married-civ-spouse,Machine-op-inspct,Husband,White,Male,0,0,40,United-States,0
33,Local-gov,162623,Masters,14,Never-married,Prof-specialty,Not-in-family,White,Female,0,0,50,United-States,0
51,Private,233149,Assoc-acdm,12,Married-civ-spouse,Exec-managerial,Husband,White,Male,0,0,45,United-States,1
31,Local-gov,128016,Bachelors,13,Never-married,Sales,Own-child,White,Female,0,0,40,United-States,0
23,Private,125491,Some-college,10,Never-married,Other-service,Not-in-family,Asian-Pac-Islander,Female,0,0,35,Vietnam,0
36,Private,398931,Bachelors,13,Married-civ-spouse,Prof-specialty,Husband,White,Male,0,1485,50,United-States,1
45,Self-emp-not-inc,160167,10th,6,Married-civ-spouse,Craft-repair,Husband,White,Male,0,0,70,United-States,0
17,Private,156736,10th,6,Never-married,Sales,Unmarried,White,Female,0,0,12,United-States,0
45,Private,242994,Some-college,10,Never-married,Sales,Not-in-family,White,Male,0,0,52,United-States,0
19,Private,127491,HS-grad,9,Never-married,Other-service,Not-in-family,White,Male,0,0,40,United-States,0
69,Private,36956,Some-college,10,Married-civ-spouse,Exec-managerial,Husband,White,Male,20051,0,50,United-States,1
23,Local-gov,197918,Some-college,10,Never-married,Protective-serv,Own-child,White,Male,0,0,40,United-States,1
30,Private,87418,Bachelors,13,Married-civ-spouse,Exec-managerial,Husband,White,Male,0,0,45,United-States,1
23,Private,595461,7th-8th,4,Never-married,Craft-repair,Not-in-family,White,Male,0,0,40,Mexico,0
42,Self-emp-inc,443508,Doctorate,16,Married-civ-spouse,Prof-specialty,Husband,White,Male,0,0,45,United-States,1
38,Private,189623,Bachelors,13,Married-civ-spouse,Prof-specialty,Husband,White,Male,0,1887,40,United-States,1
36,Self-emp-inc,242080,Prof-school,15,Married-civ-spouse,Prof-specialty,Husband,White,Male,0,0,80,United-States,1
52,Private,370552,Preschool,1,Married-civ-spouse,Machine-op-inspct,Husband,White,Male,0,0,40,El-Salvador,0
23,State-gov,103588,Some-college,10,Never-married,Adm-clerical,Own-child,White,Male,0,0,25,United-States,0
21,Private,329530,11th,7,Married-civ-spouse,Craft-repair,Husband,White,Male,0,0,40,Mexico,0
19,Self-emp-not-inc,73514,HS-grad,9,Never-married,Adm-clerical,Own-child,Asian-Pac-Islander,Female,0,0,30,United-States,0
46,Private,188161,HS-grad,9,Separated,Machine-op-inspct,Own-child,Black,Female,0,0,40,United-States,0
55,Private,359972,Bachelors,13,Married-civ-spouse,Exec-managerial,Husband,White,Male,0,1887,40,United-States,1
58,Self-emp-not-inc,157786,HS-grad,9,Married-civ-spouse,Exec-managerial,Husband,White,Male,0,0,40,United-States,0
31,Private,207537,HS-grad,9,Divorced,Craft-repair,Own-child,White,Male,0,1669,50,United-States,0
25,State-gov,108542,Some-college,10,Married-civ-spouse,Protective-serv,Husband,White,Male,0,0,40,United-States,0
60,Private,174486,HS-grad,9,Widowed,Machine-op-inspct,Not-in-family,White,Female,0,0,40,United-States,0
24,Private,107882,HS-grad,9,Never-married,Sales,Not-in-family,White,Female,0,0,40,United-States,0
46,Private,173243,HS-grad,9,Married-civ-spouse,Craft-repair,Husband,White,Male,0,0,40,United-States,0
33,Private,101562,Masters,14,Never-married,Exec-managerial,Not-in-family,White,Female,0,0,40,United-States,0
47,Private,30457,Assoc-voc,11,Married-civ-spouse,Other-service,Husband,White,Male,0,0,40,United-States,0
35,Self-emp-not-inc,176101,HS-grad,9,Married-civ-spouse,Farming-fishing,Husband,White,Male,0,0,80,United-States,1
90,Private,87372,Prof-school,15,Married-civ-spouse,Prof-specialty,Husband,White,Male,20051,0,72,United-States,1
27,Private,167737,12th,8,Never-married,Machine-op-inspct,Not-in-family,White,Male,0,0,45,United-States,0
44,Private,223308,Masters,14,Separated,Sales,Unmarried,White,Female,0,0,48,United-States,0
42,Private,54102,Assoc-voc,11,Divorced,Adm-clerical,Unmarried,White,Female,0,0,40,United-States,0
37,Private,210438,11th,7,Never-married,Handlers-cleaners,Not-in-family,Black,Male,0,0,40,United-States,0
45,Local-gov,339681,Masters,14,Divorced,Prof-specialty,Unmarried,White,Female,1506,0,45,United-States,0
25,Private,102476,Bachelors,13,Never-married,Prof-specialty,Not-in-family,White,Male,0,0,50,United-States,0
39,Private,143445,HS-grad,9,Married-civ-spouse,Other-service,Other-relative,Black,Female,0,0,40,United-States,0
29,Self-emp-not-inc,162312,Some-college,10,Never-married,Exec-managerial,Own-child,Asian-Pac-Islander,Male,0,0,45,South,0
56,Self-emp-not-inc,172618,Bachelors,13,Married-civ-spouse,Prof-specialty,Husband,White,Male,7688,0,40,United-States,1
42,Private,252518,Prof-school,15,Married-civ-spouse,Exec-managerial,Husband,White,Male,15024,0,40,United-States,1
33,Private,115496,Doctorate,16,Married-civ-spouse,Prof-specialty,Husband,White,Male,0,0,60,United-States,1
49,Private,142287,Some-college,10,Married-civ-spouse,Adm-clerical,Husband,White,Male,0,1902,50,United-States,1
57,Private,142791,7th-8th,4,Widowed,Sales,Other-relative,White,Female,0,1602,3,United-States,0
47,Private,173938,Bachelors,13,Married-civ-spouse,Exec-managerial,Husband,White,Male,0,0,57,United-States,1
18,Private,298860,11th,7,Never-married,Sales,Own-child,White,Male,0,0,20,United-States,0
57,Private,255109,HS-grad,9,Never-married,Exec-managerial,Not-in-family,White,Female,0,0,45,United-States,0
62,Private,155094,Assoc-voc,11,Married-civ-spouse,Exec-managerial,Wife,White,Female,0,0,45,United-States,1
40,Private,82161,Bachelors,13,Never-married,Adm-clerical,Not-in-family,White,Male,0,0,40,United-States,0
39,Private,99452,Bachelors,13,Married-civ-spouse,Prof-specialty,Husband,White,Male,0,0,50,United-States,1
37,Private,121772,HS-grad,9,Never-married,Craft-repair,Not-in-family,Asian-Pac-Islander,Male,0,0,40,Hong,0
26,Private,118497,HS-grad,9,Married-civ-spouse,Craft-repair,Husband,White,Male,0,0,60,United-States,0
43,Private,339814,Some-college,10,Married-civ-spouse,Prof-specialty,Husband,White,Male,5178,0,40,United-States,1
72,Private,116640,Some-college,10,Married-civ-spouse,Prof-specialty,Husband,White,Male,3471,0,20,United-States,0
55,Private,282023,Bachelors,13,Married-civ-spouse,Sales,Husband,White,Male,15024,0,50,United-States,1
52,Private,117496,Bachelors,13,Divorced,Prof-specialty,Unmarried,White,Female,0,1755,40,United-States,1
34,Private,187215,Bachelors,13,Married-civ-spouse,Prof-specialty,Wife,White,Female,15024,0,36,United-States,1
28,Private,183597,Doctorate,16,Never-married,Prof-specialty,Not-in-family,White,Male,594,0,50,Germany,0
19,Private,140985,Some-college,10,Never-married,Adm-clerical,Other-relative,White,Male,0,0,25,United-States,0
37,Self-emp-not-inc,353298,HS-grad,9,Married-civ-spouse,Sales,Husband,White,Male,99999,0,50,United-States,1
26,Private,187891,HS-grad,9,Never-married,Adm-clerical,Not-in-family,Black,Male,0,0,40,United-States,0
59,Self-emp-inc,103948,HS-grad,9,Married-civ-spouse,Sales,Husband,White,Male,0,0,60,United-States,1
31,Private,326862,Some-college,10,Divorced,Craft-repair,Own-child,Black,Male,0,0,40,United-States,0
27,State-gov,249362,Some-college,10,Married-civ-spouse,Transport-moving,Husband,White,Male,3411,0,40,United-States,0
21,Private,296158,HS-grad,9,Never-married,Craft-repair,Own-child,White,Male,0,0,35,United-States,0
23,Private,234302,HS-grad,9,Never-married,Handlers-cleaners,Not-in-family,Black,Male,0,0,40,United-States,0
43,Local-gov,94937,Bachelors,13,Married-civ-spouse,Prof-specialty,Wife,White,Female,0,0,28,United-States,0
45,Private,172822,HS-grad,9,Married-civ-spouse,Machine-op-inspct,Husband,White,Male,0,0,52,United-States,1
27,Private,279608,5th-6th,3,Married-civ-spouse,Farming-fishing,Husband,White,Male,0,0,40,Mexico,0
41,State-gov,342834,Some-college,10,Divorced,Adm-clerical,Not-in-family,White,Female,0,0,40,United-States,0
20,Private,163003,HS-grad,9,Never-married,Adm-clerical,Unmarried,Asian-Pac-Islander,Female,0,0,15,United-States,0
46,Private,102359,Some-college,10,Married-civ-spouse,Exec-managerial,Husband,White,Male,0,0,50,United-States,1
42,Local-gov,101593,Bachelors,13,Married-civ-spouse,Protective-serv,Husband,White,Male,0,0,42,United-States,0
52,Private,241444,1st-4th,2,Married-civ-spouse,Craft-repair,Husband,Other,Male,0,0,50,Puerto-Rico,0
40,Private,273425,Bachelors,13,Married-civ-spouse,Exec-managerial,Husband,White,Male,0,0,50,United-States,1
49,State-gov,31650,Bachelors,13,Married-civ-spouse,Prof-specialty,Other-relative,White,Female,0,0,45,United-States,0
35,State-gov,119421,Bachelors,13,Married-civ-spouse,Exec-managerial,Wife,White,Female,0,0,35,United-States,1
30,Private,142675,12th,8,Married-civ-spouse,Craft-repair,Husband,White,Male,0,0,50,United-States,0
35,Private,187711,HS-grad,9,Never-married,Machine-op-inspct,Not-in-family,White,Male,0,0,40,United-States,0
20,Private,270517,HS-grad,9,Never-married,Other-service,Own-child,White,Female,0,0,40,Mexico,0
33,Self-emp-inc,128016,HS-grad,9,Widowed,Sales,Unmarried,White,Female,0,0,40,United-States,0
46,Local-gov,109089,Prof-school,15,Married-civ-spouse,Protective-serv,Husband,White,Male,0,0,40,United-States,1
47,Private,431515,Assoc-voc,11,Married-civ-spouse,Craft-repair,Husband,White,Male,0,0,40,United-States,1
36,Local-gov,137314,Some-college,10,Married-civ-spouse,Protective-serv,Husband,White,Male,0,0,60,United-States,1
25,Private,182866,HS-grad,9,Never-married,Handlers-cleaners,Own-child,White,Male,0,0,40,United-States,0
28,Private,183175,Some-college,10,Divorced,Adm-clerical,Not-in-family,White,Female,0,0,40,United-States,0
43,Private,309932,Bachelors,13,Married-civ-spouse,Craft-repair,Husband,White,Male,0,0,40,United-States,0
51,Private,84399,HS-grad,9,Married-civ-spouse,Machine-op-inspct,Husband,Black,Male,0,0,40,United-States,0
30,Private,111415,Bachelors,13,Married-civ-spouse,Exec-managerial,Husband,White,Male,0,0,45,United-States,1
45,Private,116255,HS-grad,9,Never-married,Exec-managerial,Not-in-family,Black,Female,0,0,40,United-States,0
28,Private,301654,Bachelors,13,Never-married,Prof-specialty,Not-in-family,White,Female,0,0,40,United-States,0
25,Private,110138,HS-grad,9,Never-married,Other-service,Not-in-family,White,Male,0,0,40,United-States,0
32,Private,209184,Bachelors,13,Married-civ-spouse,Sales,Husband,Other,Male,0,0,40,Puerto-Rico,0
39,Private,33975,Some-college,10,Married-civ-spouse,Sales,Husband,White,Male,0,0,40,United-States,1
37,Self-emp-not-inc,180477,HS-grad,9,Married-civ-spouse,Craft-repair,Husband,White,Male,0,0,47,United-States,0
34,Private,154548,Some-college,10,Never-married,Adm-clerical,Unmarried,White,Female,0,0,38,United-States,0
57,Private,390856,5th-6th,3,Married-civ-spouse,Farming-fishing,Husband,White,Male,0,0,45,Mexico,0
18,Private,335665,11th,7,Never-married,Other-service,Other-relative,Black,Female,0,0,24,United-States,0
52,Private,230657,HS-grad,9,Married-civ-spouse,Machine-op-inspct,Husband,Other,Male,3781,0,40,Columbia,0
35,Local-gov,102938,HS-grad,9,Married-civ-spouse,Other-service,Husband,White,Male,0,0,40,United-States,0
56,Private,70720,12th,8,Married-civ-spouse,Prof-specialty,Husband,White,Male,0,0,40,United-States,1
33,Private,152933,Some-college,10,Never-married,Exec-managerial,Not-in-family,White,Male,0,0,45,United-States,0
46,Private,283037,Bachelors,13,Married-civ-spouse,Exec-managerial,Husband,White,Male,0,0,50,United-States,1
37,Private,421633,Masters,14,Never-married,Exec-managerial,Not-in-family,Black,Female,0,0,40,United-States,1
39,Private,158956,Some-college,10,Never-married,Other-service,Unmarried,Black,Female,0,0,40,United-States,0
50,Private,121038,Assoc-voc,11,Married-civ-spouse,Other-service,Wife,Black,Female,0,0,40,United-States,0
17,Private,239346,10th,6,Never-married,Other-service,Own-child,White,Male,0,0,18,United-States,0
22,Private,152878,HS-grad,9,Married-civ-spouse,Transport-moving,Husband,White,Male,0,0,40,United-States,0
18,Private,120544,9th,5,Never-married,Other-service,Own-child,Black,Male,0,0,15,United-States,0
47,Private,148995,Masters,14,Married-civ-spouse,Exec-managerial,Husband,White,Male,0,0,65,United-States,1
36,Self-emp-not-inc,257250,7th-8th,4,Never-married,Farming-fishing,Own-child,White,Male,0,0,75,United-States,0
53,Private,36327,HS-grad,9,Married-civ-spouse,Sales,Husband,White,Male,0,0,40,United-States,1
51,Self-emp-not-inc,259323,HS-grad,9,Married-civ-spouse,Craft-repair,Husband,White,Male,0,0,70,United-States,0
46,State-gov,20534,Bachelors,13,Never-married,Exec-managerial,Not-in-family,White,Male,0,0,45,United-States,0
63,Federal-gov,217994,Some-college,10,Divorced,Exec-managerial,Unmarried,White,Female,0,0,40,United-States,0
49,Private,102945,7th-8th,4,Widowed,Machine-op-inspct,Not-in-family,White,Female,0,0,40,United-States,0
38,Private,208379,Bachelors,13,Never-married,Machine-op-inspct,Not-in-family,White,Female,0,0,8,United-States,0
38,Self-emp-inc,312232,Some-college,10,Married-civ-spouse,Sales,Husband,White,Male,0,0,50,United-States,1
27,Private,100168,7th-8th,4,Married-civ-spouse,Other-service,Wife,White,Female,0,0,40,United-States,0
35,Self-emp-not-inc,179171,HS-grad,9,Never-married,Sales,Unmarried,Black,Female,0,0,38,Germany,0
52,Private,99736,Masters,14,Divorced,Prof-specialty,Unmarried,White,Male,15020,0,50,United-States,1
23,Private,199908,11th,7,Married-civ-spouse,Transport-moving,Husband,White,Male,0,0,50,United-States,0
24,Local-gov,203924,Bachelors,13,Married-civ-spouse,Protective-serv,Husband,White,Male,0,0,45,United-States,0
20,Private,184678,HS-grad,9,Never-married,Sales,Not-in-family,White,Female,0,0,32,United-States,0
41,Self-emp-not-inc,26598,HS-grad,9,Divorced,Craft-repair,Not-in-family,White,Male,0,0,40,United-States,0
38,Private,272671,Bachelors,13,Divorced,Sales,Own-child,White,Male,0,0,50,United-States,0
39,Private,301867,Bachelors,13,Divorced,Adm-clerical,Not-in-family,Asian-Pac-Islander,Female,0,0,24,Philippines,0
42,Private,113147,Assoc-acdm,12,Married-civ-spouse,Prof-specialty,Husband,Black,Male,0,0,40,United-States,0
53,Local-gov,131258,Prof-school,15,Never-married,Prof-specialty,Not-in-family,White,Female,0,0,50,United-States,1
26,Private,41521,HS-grad,9,Never-married,Other-service,Not-in-family,White,Female,0,0,35,United-States,0
28,Private,156300,Masters,14,Never-married,Exec-managerial,Not-in-family,Black,Female,0,0,45,United-States,0
24,Private,274398,Some-college,10,Never-married,Adm-clerical,Own-child,Black,Female,0,0,20,United-States,0
23,Private,259109,Assoc-acdm,12,Married-civ-spouse,Other-service,Wife,White,Female,0,0,40,Puerto-Rico,0
59,Private,121912,Some-college,10,Married-civ-spouse,Exec-managerial,Husband,White,Male,0,0,40,United-States,1
22,Private,218886,12th,8,Never-married,Handlers-cleaners,Own-child,Amer-Indian-Eskimo,Male,0,0,40,United-States,0
48,Federal-gov,435503,Masters,14,Married-civ-spouse,Prof-specialty,Husband,White,Male,0,0,40,United-States,1
47,Self-emp-not-inc,159869,HS-grad,9,Married-civ-spouse,Farming-fishing,Husband,White,Male,0,0,56,United-States,1
67,Private,160456,11th,7,Widowed,Other-service,Not-in-family,White,Female,0,0,40,United-States,0
38,Private,430035,9th,5,Married-civ-spouse,Farming-fishing,Husband,White,Male,0,0,54,Mexico,0
19,Private,343200,Some-college,10,Never-married,Sales,Own-child,White,Female,0,0,25,United-States,0
17,Private,36877,10th,6,Never-married,Sales,Own-child,White,Female,0,0,10,United-States,0
26,Private,222248,HS-grad,9,Never-married,Craft-repair,Not-in-family,White,Male,0,0,70,United-States,0
18,Private,156764,11th,7,Never-married,Other-service,Own-child,White,Male,0,0,40,United-States,0
17,Private,132636,11th,7,Never-married,Sales,Own-child,White,Female,0,0,15,United-States,0
36,Private,293528,Assoc-voc,11,Never-married,Tech-support,Not-in-family,White,Female,0,0,3,United-States,0
28,Private,66473,HS-grad,9,Married-civ-spouse,Machine-op-inspct,Husband,White,Male,0,0,40,United-States,0
26,Self-emp-not-inc,109609,Some-college,10,Separated,Craft-repair,Not-in-family,White,Male,0,0,30,United-States,0
26,Private,117217,Bachelors,13,Divorced,Other-service,Not-in-family,White,Female,0,0,45,United-States,0
32,Private,210562,Assoc-voc,11,Divorced,Craft-repair,Own-child,White,Male,0,0,46,United-States,0
62,Private,238913,Some-college,10,Married-civ-spouse,Tech-support,Husband,White,Male,2829,0,24,United-States,0
33,Private,168981,Assoc-voc,11,Never-married,Prof-specialty,Unmarried,White,Female,0,0,55,United-States,0
34,Private,250724,Bachelors,13,Married-civ-spouse,Sales,Husband,White,Male,0,0,45,Jamaica,0
48,Private,95661,Some-college,10,Never-married,Adm-clerical,Not-in-family,White,Female,0,0,43,United-States,0
35,Private,139770,HS-grad,9,Never-married,Adm-clerical,Own-child,White,Female,6849,0,40,United-States,0
26,Private,485117,Bachelors,13,Never-married,Transport-moving,Own-child,White,Male,0,0,20,United-States,0
19,Private,29798,12th,8,Never-married,Handlers-cleaners,Own-child,Amer-Indian-Eskimo,Male,0,0,20,United-States,0
59,Private,195820,HS-grad,9,Married-civ-spouse,Transport-moving,Husband,White,Male,0,0,40,United-States,1
34,Private,160634,Some-college,10,Married-civ-spouse,Craft-repair,Husband,White,Male,0,0,40,United-States,1
18,Private,230875,11th,7,Never-married,Adm-clerical,Not-in-family,White,Male,0,0,40,United-States,0
37,Federal-gov,90881,Some-college,10,Separated,Exec-managerial,Not-in-family,White,Male,8614,0,55,United-States,1
26,Private,266022,Some-college,10,Married-civ-spouse,Sales,Husband,White,Male,0,0,50,United-States,0
29,Private,200511,HS-grad,9,Married-civ-spouse,Sales,Husband,White,Male,0,0,50,United-States,0
36,Private,290560,Some-college,10,Married-civ-spouse,Exec-managerial,Husband,White,Male,0,0,45,United-States,0
26,Local-gov,288781,Bachelors,13,Never-married,Adm-clerical,Not-in-family,White,Male,0,0,42,United-States,0
44,Private,266135,Bachelors,13,Married-civ-spouse,Prof-specialty,Husband,White,Male,0,0,50,United-States,1
34,Private,104509,Assoc-voc,11,Never-married,Prof-specialty,Not-in-family,White,Female,1639,0,20,United-States,0
36,Private,218542,Some-college,10,Divorced,Craft-repair,Unmarried,White,Female,0,0,40,United-States,0
22,Private,182163,HS-grad,9,Separated,Sales,Unmarried,White,Female,0,0,40,United-States,0
53,Private,126977,HS-grad,9,Separated,Craft-repair,Not-in-family,White,Male,0,0,35,United-States,0
27,Private,207611,Bachelors,13,Never-married,Exec-managerial,Own-child,White,Female,0,0,40,United-States,0
46,Private,205504,HS-grad,9,Divorced,Machine-op-inspct,Not-in-family,White,Male,0,0,20,United-States,0
23,Private,38251,HS-grad,9,Never-married,Other-service,Own-child,White,Female,0,0,40,United-States,0
52,Self-emp-not-inc,194791,Some-college,10,Married-civ-spouse,Craft-repair,Husband,White,Male,0,0,40,United-States,0
34,Private,120461,Some-college,10,Divorced,Adm-clerical,Not-in-family,White,Female,0,0,50,United-States,0
50,Self-emp-inc,321822,Prof-school,15,Married-civ-spouse,Prof-specialty,Husband,White,Male,0,0,75,United-States,1
21,Private,123727,HS-grad,9,Never-married,Exec-managerial,Other-relative,White,Female,0,0,40,United-States,0
49,Private,218357,Assoc-voc,11,Divorced,Prof-specialty,Not-in-family,White,Female,0,0,38,United-States,0
49,Self-emp-not-inc,43348,Doctorate,16,Never-married,Prof-specialty,Not-in-family,White,Male,99999,0,70,United-States,1
70,Self-emp-not-inc,139889,Some-college,10,Married-civ-spouse,Farming-fishing,Husband,White,Male,2653,0,70,United-States,0
42,Private,340885,HS-grad,9,Divorced,Farming-fishing,Not-in-family,White,Male,0,0,44,United-States,0
40,Private,231991,HS-grad,9,Divorced,Exec-managerial,Unmarried,White,Female,0,0,40,United-States,0
55,Private,183884,HS-grad,9,Divorced,Craft-repair,Not-in-family,White,Male,0,0,45,United-States,0
30,Private,356882,Doctorate,16,Never-married,Prof-specialty,Own-child,White,Male,0,0,20,United-States,0
38,Private,269318,Bachelors,13,Married-civ-spouse,Adm-clerical,Husband,White,Male,5178,0,50,United-States,1
19,Private,456572,HS-grad,9,Never-married,Farming-fishing,Other-relative,White,Male,0,0,35,United-States,0
52,Self-emp-not-inc,195462,HS-grad,9,Married-civ-spouse,Farming-fishing,Husband,White,Male,0,0,98,United-States,1
59,Self-emp-not-inc,195835,HS-grad,9,Married-civ-spouse,Sales,Husband,White,Male,0,0,60,United-States,0
49,Private,36032,Some-college,10,Never-married,Exec-managerial,Not-in-family,Black,Female,0,0,40,United-States,0
38,Local-gov,289430,HS-grad,9,Divorced,Protective-serv,Not-in-family,White,Male,0,0,56,United-States,0
27,Private,335764,11th,7,Married-civ-spouse,Sales,Own-child,Black,Male,0,0,35,United-States,0
36,State-gov,108320,Masters,14,Divorced,Prof-specialty,Unmarried,White,Male,5455,0,30,United-States,0
46,Private,456062,Doctorate,16,Married-civ-spouse,Prof-specialty,Husband,White,Male,0,2415,55,United-States,1
21,Private,170302,HS-grad,9,Never-married,Farming-fishing,Other-relative,White,Male,0,0,50,United-States,0
35,Private,119272,Bachelors,13,Married-civ-spouse,Exec-managerial,Husband,White,Male,0,0,55,United-States,1
21,Private,129172,Some-college,10,Never-married,Other-service,Other-relative,White,Male,0,0,16,United-States,0
27,Private,244566,10th,6,Married-civ-spouse,Handlers-cleaners,Husband,White,Male,0,0,40,United-States,0
51,Private,94081,HS-grad,9,Never-married,Craft-repair,Not-in-family,White,Male,0,0,40,United-States,1
24,Local-gov,248344,Some-college,10,Divorced,Handlers-cleaners,Not-in-family,Black,Male,0,0,50,United-States,0
44,Private,215304,Bachelors,13,Married-civ-spouse,Prof-specialty,Husband,White,Male,0,0,45,United-States,1
42,Local-gov,180985,10th,6,Married-civ-spouse,Handlers-cleaners,Husband,White,Male,99999,0,40,United-States,1
47,Private,93449,HS-grad,9,Married-civ-spouse,Craft-repair,Husband,Asian-Pac-Islander,Male,0,0,60,Japan,0
37,Private,295949,HS-grad,9,Married-civ-spouse,Craft-repair,Husband,White,Male,0,1628,40,United-States,0
48,Self-emp-inc,181307,HS-grad,9,Married-civ-spouse,Craft-repair,Husband,White,Male,0,0,60,United-States,1
63,Private,31389,11th,7,Never-married,Farming-fishing,Not-in-family,White,Male,0,0,12,United-States,0
20,Private,259496,Some-college,10,Never-married,Sales,Own-child,White,Female,0,0,20,United-States,0
28,Private,25684,HS-grad,9,Never-married,Prof-specialty,Not-in-family,Amer-Indian-Eskimo,Female,0,0,40,United-States,0
47,State-gov,100818,HS-grad,9,Married-civ-spouse,Adm-clerical,Wife,White,Female,0,0,40,United-States,1
49,Private,186172,HS-grad,9,Married-civ-spouse,Craft-repair,Husband,White,Male,7688,0,45,United-States,1
31,Private,188096,Bachelors,13,Never-married,Prof-specialty,Not-in-family,White,Female,0,0,72,United-States,1
36,Private,250807,11th,7,Never-married,Craft-repair,Not-in-family,Black,Female,0,0,40,United-States,0
54,Private,182314,Doctorate,16,Married-civ-spouse,Exec-managerial,Husband,White,Male,0,1977,50,United-States,1
49,Self-emp-not-inc,47086,Bachelors,13,Widowed,Sales,Unmarried,White,Female,0,0,40,United-States,0
33,Private,255334,Bachelors,13,Married-civ-spouse,Prof-specialty,Husband,White,Male,0,0,25,United-States,1
47,Private,151584,HS-grad,9,Divorced,Sales,Own-child,White,Male,0,1876,40,United-States,0
31,Local-gov,213307,HS-grad,9,Never-married,Adm-clerical,Own-child,White,Female,0,0,40,United-States,0
22,Private,134746,10th,6,Married-civ-spouse,Sales,Wife,White,Female,0,0,40,United-States,0
59,Self-emp-inc,200453,Masters,14,Married-civ-spouse,Sales,Husband,White,Male,0,0,40,United-States,0
81,Self-emp-not-inc,136063,HS-grad,9,Married-civ-spouse,Exec-managerial,Husband,White,Male,0,0,30,United-States,0
38,Private,108140,Bachelors,13,Never-married,Exec-managerial,Not-in-family,White,Male,2202,0,45,United-States,0
27,Self-emp-not-inc,37302,11th,7,Married-civ-spouse,Exec-managerial,Husband,White,Male,0,0,50,United-States,0
45,Federal-gov,235891,Assoc-acdm,12,Never-married,Adm-clerical,Not-in-family,White,Male,0,0,40,Columbia,0
33,Private,250782,HS-grad,9,Married-civ-spouse,Machine-op-inspct,Husband,White,Male,0,0,48,United-States,0
18,Private,210026,10th,6,Never-married,Other-service,Other-relative,White,Female,0,0,40,United-States,0
44,State-gov,165108,Masters,14,Married-civ-spouse,Prof-specialty,Husband,White,Male,0,0,40,United-States,1
36,Local-gov,51424,HS-grad,9,Divorced,Adm-clerical,Unmarried,White,Female,0,0,40,United-States,0
38,Private,229180,Bachelors,13,Never-married,Exec-managerial,Unmarried,White,Female,0,0,40,Cuba,0
31,Private,193477,HS-grad,9,Married-civ-spouse,Craft-repair,Husband,White,Male,0,0,55,United-States,0
44,Private,175669,11th,7,Married-civ-spouse,Prof-specialty,Wife,White,Female,5178,0,36,United-States,1
44,Self-emp-not-inc,158555,Some-college,10,Married-civ-spouse,Exec-managerial,Husband,White,Male,0,0,50,United-States,1
34,Private,115040,HS-grad,9,Married-civ-spouse,Craft-repair,Husband,White,Male,0,0,44,United-States,0
41,Federal-gov,253770,Some-college,10,Married-civ-spouse,Transport-moving,Wife,White,Female,7298,0,40,United-States,1
21,Private,227986,HS-grad,9,Never-married,Machine-op-inspct,Unmarried,White,Female,0,0,40,United-States,0
44,Local-gov,34935,Some-college,10,Never-married,Other-service,Own-child,Black,Male,0,0,40,United-States,0
47,Private,219632,5th-6th,3,Married-spouse-absent,Machine-op-inspct,Other-relative,White,Male,0,0,40,Mexico,0
29,Private,115064,HS-grad,9,Never-married,Other-service,Not-in-family,White,Male,0,0,40,United-States,0
50,Private,398625,11th,7,Widowed,Machine-op-inspct,Not-in-family,White,Female,0,0,40,United-States,0
45,Private,55720,Bachelors,13,Married-civ-spouse,Prof-specialty,Husband,White,Male,0,0,40,United-States,1
21,Self-emp-not-inc,57298,Some-college,10,Never-married,Adm-clerical,Own-child,White,Female,0,0,15,United-States,0
29,State-gov,183285,Some-college,10,Never-married,Protective-serv,Not-in-family,White,Male,0,0,36,United-States,0
41,Private,340148,Some-college,10,Never-married,Prof-specialty,Not-in-family,White,Female,0,0,45,United-States,0
84,Local-gov,163685,HS-grad,9,Widowed,Exec-managerial,Not-in-family,White,Female,0,0,33,United-States,0
29,Private,419721,HS-grad,9,Never-married,Other-service,Unmarried,Black,Female,0,0,40,Japan,0
33,Private,199046,Bachelors,13,Never-married,Sales,Not-in-family,White,Female,0,0,40,United-States,0
60,Federal-gov,404023,HS-grad,9,Divorced,Exec-managerial,Not-in-family,White,Male,10520,0,40,United-States,1
38,Private,186934,Some-college,10,Married-civ-spouse,Craft-repair,Husband,White,Male,0,0,45,United-States,0
30,Private,131588,HS-grad,9,Never-married,Craft-repair,Not-in-family,Black,Female,0,0,45,United-States,0
49,State-gov,269417,Doctorate,16,Never-married,Exec-managerial,Not-in-family,White,Female,0,2258,50,United-States,1
38,Private,172927,HS-grad,9,Married-civ-spouse,Sales,Husband,White,Male,0,0,50,United-States,0
39,Private,147548,HS-grad,9,Married-civ-spouse,Craft-repair,Husband,White,Male,0,0,40,United-States,0
33,Self-emp-not-inc,48189,HS-grad,9,Married-civ-spouse,Protective-serv,Husband,White,Male,0,0,30,United-States,0
65,Self-emp-not-inc,115498,Bachelors,13,Married-civ-spouse,Sales,Husband,White,Male,3818,0,10,United-States,0
51,Private,79324,Some-college,10,Married-civ-spouse,Sales,Husband,White,Male,0,0,40,United-States,0
51,Private,99316,12th,8,Divorced,Transport-moving,Unmarried,White,Male,0,0,50,United-States,0
58,Private,316849,Some-college,10,Divorced,Other-service,Not-in-family,White,Male,0,0,40,United-States,0
27,Private,131679,Assoc-voc,11,Divorced,Sales,Not-in-family,White,Female,0,0,40,United-States,0
32,Self-emp-not-inc,182691,HS-grad,9,Never-married,Other-service,Unmarried,White,Male,0,0,60,United-States,0
41,Self-emp-inc,146659,Some-college,10,Divorced,Machine-op-inspct,Not-in-family,White,Female,0,0,40,Honduras,0
47,Private,141511,Doctorate,16,Married-civ-spouse,Prof-specialty,Husband,White,Male,0,0,60,United-States,1
78,Private,184759,7th-8th,4,Married-civ-spouse,Handlers-cleaners,Husband,White,Male,1797,0,15,United-States,0
22,Private,191342,Bachelors,13,Never-married,Sales,Own-child,Asian-Pac-Islander,Male,0,0,50,Taiwan,0
28,Private,584790,Assoc-voc,11,Married-civ-spouse,Other-service,Husband,White,Male,0,0,40,United-States,1
26,Private,333677,Bachelors,13,Never-married,Exec-managerial,Own-child,White,Male,2463,0,35,United-States,0
50,Federal-gov,69345,Assoc-acdm,12,Married-civ-spouse,Exec-managerial,Husband,White,Male,0,0,60,United-States,0
63,Private,254907,Assoc-voc,11,Divorced,Other-service,Not-in-family,White,Female,0,0,20,United-States,0
38,Private,380543,HS-grad,9,Never-married,Other-service,Unmarried,Black,Female,0,0,30,United-States,0
41,Private,227644,HS-grad,9,Married-civ-spouse,Transport-moving,Husband,White,Male,0,0,50,United-States,0
53,Local-gov,260106,Prof-school,15,Divorced,Prof-specialty,Not-in-family,White,Female,0,0,50,United-States,0
36,Private,275653,7th-8th,4,Married-spouse-absent,Machine-op-inspct,Unmarried,White,Female,2977,0,40,Puerto-Rico,0
55,Private,249072,HS-grad,9,Married-civ-spouse,Transport-moving,Husband,White,Male,0,0,60,United-States,0
22,Private,242912,HS-grad,9,Never-married,Other-service,Unmarried,White,Female,0,0,35,United-States,0
42,State-gov,160369,Masters,14,Married-civ-spouse,Prof-specialty,Husband,White,Male,0,0,50,United-States,1
55,Private,89690,Bachelors,13,Divorced,Prof-specialty,Not-in-family,White,Female,0,0,40,United-States,1
36,Private,405155,5th-6th,3,Married-civ-spouse,Craft-repair,Husband,White,Male,0,0,40,Mexico,0
17,Private,277541,11th,7,Never-married,Sales,Own-child,White,Male,0,0,5,United-States,0
47,Local-gov,149700,Masters,14,Married-civ-spouse,Prof-specialty,Husband,White,Male,15024,0,35,United-States,1
55,Private,144084,10th,6,Married-civ-spouse,Other-service,Husband,White,Male,0,0,40,United-States,0
22,Private,210165,Some-college,10,Never-married,Craft-repair,Not-in-family,White,Male,0,0,50,United-States,0
42,Private,85995,HS-grad,9,Married-civ-spouse,Transport-moving,Husband,White,Male,0,0,50,United-States,0
26,Private,77698,Some-college,10,Married-civ-spouse,Prof-specialty,Wife,Asian-Pac-Islander,Female,0,0,40,United-States,0
35,Private,280966,Some-college,10,Married-civ-spouse,Sales,Husband,White,Male,0,0,40,United-States,0
51,Local-gov,241843,Preschool,1,Married-civ-spouse,Other-service,Husband,White,Male,0,0,40,United-States,0
49,Private,122066,HS-grad,9,Married-civ-spouse,Exec-managerial,Husband,White,Male,0,0,30,Hungary,0
39,Private,270059,Some-college,10,Divorced,Adm-clerical,Unmarried,White,Female,0,0,35,United-States,0
43,Federal-gov,263502,HS-grad,9,Divorced,Adm-clerical,Not-in-family,White,Male,0,0,40,United-States,0
66,Private,262285,Bachelors,13,Married-civ-spouse,Prof-specialty,Husband,White,Male,0,0,99,United-States,0
21,Private,277530,HS-grad,9,Never-married,Exec-managerial,Own-child,White,Female,0,0,40,United-States,0
32,Private,167990,HS-grad,9,Married-civ-spouse,Exec-managerial,Husband,White,Male,0,0,40,Ireland,0
44,Private,171615,HS-grad,9,Married-civ-spouse,Transport-moving,Husband,White,Male,0,0,45,United-States,0
21,Private,138768,Some-college,10,Never-married,Sales,Own-child,White,Male,0,0,40,United-States,0
54,Private,35557,Some-college,10,Married-civ-spouse,Sales,Husband,White,Male,7298,0,50,United-States,1
25,Self-emp-not-inc,217030,HS-grad,9,Never-married,Other-service,Unmarried,White,Female,0,0,30,United-States,0
24,Private,55424,Bachelors,13,Never-married,Exec-managerial,Own-child,White,Male,0,0,40,United-States,0
31,Local-gov,127651,10th,6,Never-married,Transport-moving,Other-relative,White,Male,0,1741,40,United-States,0
29,Private,91547,Some-college,10,Never-married,Sales,Not-in-family,White,Female,0,0,40,United-States,0
20,Private,210781,Some-college,10,Never-married,Adm-clerical,Own-child,White,Female,0,0,35,United-States,0
62,Private,185503,Bachelors,13,Married-civ-spouse,Prof-specialty,Husband,White,Male,0,0,50,United-States,1
31,Private,169122,Some-college,10,Married-civ-spouse,Prof-specialty,Husband,White,Male,0,0,50,United-States,0
38,Private,283122,HS-grad,9,Married-civ-spouse,Machine-op-inspct,Husband,White,Male,0,0,40,United-States,1
50,Self-emp-not-inc,175456,HS-grad,9,Married-civ-spouse,Farming-fishing,Husband,White,Male,0,0,50,United-States,0
35,Private,178948,Masters,14,Never-married,Prof-specialty,Unmarried,White,Female,0,0,32,United-States,0
58,Federal-gov,30111,Some-college,10,Widowed,Prof-specialty,Unmarried,Amer-Indian-Eskimo,Female,0,0,40,United-States,0
23,Private,268525,Bachelors,13,Never-married,Prof-specialty,Not-in-family,White,Male,0,0,50,United-States,0
62,Local-gov,167889,Doctorate,16,Widowed,Prof-specialty,Unmarried,White,Female,0,0,40,Iran,0
28,Private,269246,11th,7,Married-civ-spouse,Farming-fishing,Husband,White,Male,0,0,40,United-States,0
41,Local-gov,523910,Bachelors,13,Married-civ-spouse,Craft-repair,Husband,Black,Male,0,0,40,United-States,0
44,Federal-gov,469454,Assoc-voc,11,Married-civ-spouse,Protective-serv,Husband,White,Male,7298,0,48,United-States,1
46,Private,180505,HS-grad,9,Married-civ-spouse,Machine-op-inspct,Husband,Black,Male,0,0,40,United-States,0
26,Private,375499,10th,6,Never-married,Adm-clerical,Not-in-family,Black,Male,0,0,20,United-States,0
51,Local-gov,101119,HS-grad,9,Married-civ-spouse,Protective-serv,Husband,White,Male,0,0,70,United-States,0
40,Private,182217,Some-college,10,Married-civ-spouse,Other-service,Wife,White,Female,0,0,40,Scotland,0
39,Self-emp-inc,206253,Bachelors,13,Married-civ-spouse,Prof-specialty,Wife,White,Female,0,0,40,United-States,0
31,State-gov,55849,Some-college,10,Never-married,Craft-repair,Not-in-family,White,Male,0,0,40,United-States,0
36,Private,99872,HS-grad,9,Married-civ-spouse,Craft-repair,Husband,Asian-Pac-Islander,Male,0,0,40,India,0
33,Self-emp-not-inc,173495,HS-grad,9,Married-civ-spouse,Craft-repair,Husband,White,Male,0,0,50,United-States,0
72,Private,205343,11th,7,Widowed,Adm-clerical,Unmarried,White,Female,0,0,40,United-States,0
41,Private,95168,HS-grad,9,Never-married,Machine-op-inspct,Unmarried,Black,Female,0,0,40,United-States,0
55,Private,183580,Some-college,10,Married-civ-spouse,Craft-repair,Husband,White,Male,0,0,38,United-States,0
41,Private,139907,Assoc-voc,11,Separated,Craft-repair,Not-in-family,White,Male,0,0,30,United-States,0
28,State-gov,52636,Masters,14,Married-civ-spouse,Exec-managerial,Husband,White,Male,0,0,40,United-States,0
37,Private,389725,12th,8,Divorced,Craft-repair,Own-child,White,Male,0,0,35,United-States,0
19,Private,311974,1st-4th,2,Never-married,Machine-op-inspct,Other-relative,White,Male,0,0,40,Mexico,0
31,Private,171871,Masters,14,Never-married,Prof-specialty,Not-in-family,White,Female,0,0,46,United-States,0
23,State-gov,215443,Some-college,10,Never-married,Adm-clerical,Not-in-family,White,Male,0,0,15,United-States,0
41,Local-gov,297248,Prof-school,15,Married-civ-spouse,Prof-specialty,Husband,White,Male,0,2415,45,United-States,1
45,Private,194772,Some-college,10,Married-civ-spouse,Transport-moving,Husband,White,Male,0,0,55,United-States,0
59,Private,296253,HS-grad,9,Divorced,Exec-managerial,Not-in-family,White,Female,0,0,40,United-States,0
32,Private,356689,HS-grad,9,Divorced,Adm-clerical,Unmarried,White,Male,3887,0,40,United-States,0
46,Private,192963,Bachelors,13,Married-civ-spouse,Adm-clerical,Husband,Asian-Pac-Islander,Male,0,2415,35,Philippines,1
19,Private,86150,11th,7,Never-married,Sales,Own-child,Asian-Pac-Islander,Female,0,0,19,Philippines,0
17,Private,216086,11th,7,Never-married,Other-service,Own-child,White,Female,0,0,30,United-States,0
50,Local-gov,24139,Masters,14,Divorced,Prof-specialty,Unmarried,White,Female,0,0,65,United-States,0
34,Private,182691,HS-grad,9,Divorced,Exec-managerial,Own-child,White,Male,0,0,44,United-States,0
39,Private,294919,HS-grad,9,Divorced,Transport-moving,Own-child,White,Male,0,0,60,United-States,0
20,Private,187158,Some-college,10,Never-married,Adm-clerical,Own-child,White,Female,0,0,15,United-States,0
57,Private,365683,HS-grad,9,Divorced,Machine-op-inspct,Not-in-family,White,Female,0,0,40,United-States,1
45,Private,169180,Some-college,10,Widowed,Other-service,Unmarried,White,Female,0,0,45,United-States,0
33,Federal-gov,428271,HS-grad,9,Divorced,Adm-clerical,Unmarried,Black,Female,0,0,35,United-States,0
41,Private,29762,Some-college,10,Married-civ-spouse,Craft-repair,Husband,White,Male,0,0,60,United-States,0
20,Private,190772,Assoc-acdm,12,Never-married,Other-service,Not-in-family,White,Female,0,0,40,United-States,0
31,Private,369825,7th-8th,4,Never-married,Handlers-cleaners,Other-relative,White,Male,0,0,25,United-States,0
24,Private,261561,Bachelors,13,Never-married,Prof-specialty,Not-in-family,White,Female,0,0,40,United-States,0
23,Private,208946,Some-college,10,Never-married,Adm-clerical,Own-child,White,Male,0,0,32,United-States,0
32,Private,440129,Some-college,10,Married-civ-spouse,Handlers-cleaners,Husband,White,Male,0,0,38,Mexico,0
25,Private,570821,Some-college,10,Married-civ-spouse,Machine-op-inspct,Husband,White,Male,0,0,40,United-States,0
40,Private,198270,Some-college,10,Divorced,Other-service,Not-in-family,White,Female,0,0,40,United-States,0
48,Self-emp-not-inc,200471,Some-college,10,Married-civ-spouse,Craft-repair,Husband,White,Male,0,0,40,United-States,0
29,Private,227890,HS-grad,9,Never-married,Protective-serv,Other-relative,Black,Male,0,0,40,United-States,0
32,Private,213887,Some-college,10,Divorced,Machine-op-inspct,Unmarried,White,Male,0,0,45,United-States,0
45,Private,178319,Bachelors,13,Married-civ-spouse,Machine-op-inspct,Husband,White,Male,0,0,40,United-States,1
31,Private,234976,11th,7,Never-married,Adm-clerical,Unmarried,White,Female,0,0,48,United-States,0
30,Private,541343,10th,6,Married-civ-spouse,Other-service,Husband,Black,Male,0,0,40,United-States,0
33,Private,100228,Some-college,10,Never-married,Machine-op-inspct,Not-in-family,Black,Male,0,0,40,United-States,0
49,Private,198774,Bachelors,13,Divorced,Sales,Other-relative,White,Female,0,0,35,United-States,0
23,Private,176178,HS-grad,9,Never-married,Tech-support,Own-child,White,Female,0,0,40,United-States,0
31,Private,511289,HS-grad,9,Never-married,Farming-fishing,Not-in-family,White,Male,2907,0,99,United-States,0
23,Private,267955,Some-college,10,Never-married,Sales,Not-in-family,White,Female,0,0,40,United-States,0
56,Private,164332,HS-grad,9,Married-civ-spouse,Sales,Wife,White,Female,0,0,15,United-States,0
46,Private,152249,HS-grad,9,Married-spouse-absent,Other-service,Not-in-family,White,Male,0,0,35,Mexico,0
44,Private,267521,Bachelors,13,Divorced,Adm-clerical,Unmarried,White,Female,0,0,40,United-States,0
37,Self-emp-not-inc,188563,Some-college,10,Married-civ-spouse,Exec-managerial,Husband,White,Male,4386,0,50,United-States,1
34,Local-gov,188682,Bachelors,13,Married-spouse-absent,Prof-specialty,Not-in-family,White,Female,0,0,40,United-States,0
23,Private,117789,Bachelors,13,Never-married,Exec-managerial,Own-child,White,Female,0,0,40,United-States,0
63,Private,137192,Bachelors,13,Married-civ-spouse,Craft-repair,Husband,Asian-Pac-Islander,Male,0,0,40,South,0
21,Private,232577,Assoc-voc,11,Never-married,Tech-support,Own-child,White,Female,0,0,30,United-States,0
45,Private,242552,Some-college,10,Never-married,Sales,Not-in-family,Black,Male,0,0,40,United-States,0
24,Local-gov,117109,Bachelors,13,Never-married,Adm-clerical,Own-child,Black,Female,0,0,27,United-States,0
29,State-gov,382272,Bachelors,13,Never-married,Craft-repair,Not-in-family,White,Male,0,0,40,United-States,0
45,State-gov,103406,Bachelors,13,Married-civ-spouse,Exec-managerial,Husband,White,Male,0,1977,60,United-States,1
47,Federal-gov,20956,Bachelors,13,Married-civ-spouse,Craft-repair,Husband,White,Male,0,1740,40,United-States,0
44,Local-gov,144778,Bachelors,13,Married-civ-spouse,Prof-specialty,Husband,White,Male,0,0,40,United-States,1
55,State-gov,71630,HS-grad,9,Divorced,Adm-clerical,Not-in-family,White,Female,0,1617,40,United-States,0
39,Self-emp-not-inc,164593,Doctorate,16,Never-married,Prof-specialty,Not-in-family,White,Male,4787,0,40,United-States,1
22,Private,113062,Bachelors,13,Never-married,Exec-managerial,Own-child,White,Female,0,0,7,United-States,0
42,Private,204235,HS-grad,9,Married-civ-spouse,Sales,Husband,White,Male,0,0,40,United-States,0
29,Private,111900,Some-college,10,Married-civ-spouse,Farming-fishing,Husband,White,Male,0,0,40,United-States,0
73,Private,153127,Some-college,10,Widowed,Priv-house-serv,Unmarried,White,Female,0,0,10,United-States,0
44,Self-emp-inc,456236,Some-college,10,Divorced,Sales,Own-child,White,Male,0,0,45,United-States,1
51,Private,120173,Assoc-voc,11,Married-civ-spouse,Craft-repair,Husband,White,Male,3103,0,50,United-States,1
49,Private,247892,Some-college,10,Married-civ-spouse,Craft-repair,Husband,Black,Male,0,0,30,United-States,0
22,Private,340543,HS-grad,9,Never-married,Tech-support,Not-in-family,White,Female,0,0,40,United-States,0
58,Private,183810,Some-college,10,Married-civ-spouse,Exec-managerial,Husband,White,Male,0,0,40,United-States,0
58,Self-emp-not-inc,234841,HS-grad,9,Married-civ-spouse,Farming-fishing,Husband,White,Male,0,0,72,United-States,0
33,Private,87310,9th,5,Never-married,Machine-op-inspct,Not-in-family,White,Male,0,0,50,United-States,0
72,Private,177769,10th,6,Married-civ-spouse,Sales,Husband,White,Male,0,0,15,United-States,0
40,Local-gov,233891,HS-grad,9,Never-married,Adm-clerical,Unmarried,Black,Female,0,0,35,United-States,0
19,Private,265576,HS-grad,9,Never-married,Handlers-cleaners,Own-child,White,Male,0,0,50,United-States,0
43,Private,27766,Bachelors,13,Separated,Exec-managerial,Unmarried,White,Male,0,0,60,United-States,1
44,Self-emp-not-inc,208277,HS-grad,9,Married-civ-spouse,Machine-op-inspct,Wife,White,Female,0,0,45,United-States,0
30,Local-gov,303485,Some-college,10,Never-married,Transport-moving,Unmarried,Black,Female,0,0,40,United-States,0
63,Private,163708,9th,5,Widowed,Other-service,Not-in-family,White,Female,0,0,20,United-States,0
50,Self-emp-not-inc,64667,HS-grad,9,Divorced,Prof-specialty,Not-in-family,Asian-Pac-Islander,Female,0,0,60,Vietnam,0
24,Private,202721,Some-college,10,Never-married,Adm-clerical,Own-child,Black,Female,0,0,40,United-States,0
23,Private,161708,Some-college,10,Never-married,Other-service,Own-child,White,Female,0,0,20,United-States,0
40,Self-emp-not-inc,99651,Some-college,10,Married-civ-spouse,Prof-specialty,Husband,White,Male,0,0,60,United-States,0
24,Private,291578,HS-grad,9,Married-civ-spouse,Sales,Husband,White,Male,0,0,50,United-States,0
50,Self-emp-inc,251240,Masters,14,Married-civ-spouse,Sales,Husband,White,Male,0,0,40,United-States,1
20,Private,275385,HS-grad,9,Never-married,Handlers-cleaners,Other-relative,White,Male,0,0,45,United-States,0
40,Private,139193,HS-grad,9,Divorced,Machine-op-inspct,Not-in-family,White,Male,0,1980,48,United-States,0
22,Private,322674,Some-college,10,Never-married,Exec-managerial,Own-child,White,Male,0,0,40,United-States,0
39,Private,33983,Some-college,10,Married-civ-spouse,Adm-clerical,Husband,White,Male,15024,0,40,United-States,1
29,Local-gov,82393,HS-grad,9,Never-married,Handlers-cleaners,Unmarried,Asian-Pac-Islander,Male,0,1590,45,United-States,0
33,Private,171216,Bachelors,13,Married-civ-spouse,Exec-managerial,Husband,White,Male,0,0,50,United-States,1
37,Private,213841,Some-college,10,Married-civ-spouse,Craft-repair,Husband,White,Male,0,0,50,United-States,1
57,Private,548256,12th,8,Married-civ-spouse,Adm-clerical,Husband,Black,Male,0,0,40,United-States,0
57,Federal-gov,21626,Some-college,10,Divorced,Other-service,Not-in-family,White,Male,0,0,40,United-States,0
21,Private,129699,HS-grad,9,Never-married,Adm-clerical,Not-in-family,White,Male,0,0,40,United-States,0
63,Private,38352,HS-grad,9,Widowed,Adm-clerical,Unmarried,White,Female,0,0,40,United-States,0
23,Private,239539,HS-grad,9,Never-married,Machine-op-inspct,Own-child,Asian-Pac-Islander,Male,0,0,40,Philippines,0
20,Private,138352,HS-grad,9,Never-married,Other-service,Other-relative,White,Male,0,0,30,United-States,0
27,Private,178564,Some-college,10,Never-married,Adm-clerical,Own-child,White,Male,0,0,30,United-States,0
21,Private,191444,11th,7,Never-married,Farming-fishing,Unmarried,White,Male,0,0,40,United-States,0
37,Private,103323,Assoc-acdm,12,Married-civ-spouse,Sales,Husband,White,Male,0,0,40,United-States,0
22,Private,369549,Some-college,10,Never-married,Other-service,Not-in-family,Black,Female,0,0,30,United-States,0
38,Private,64875,Some-college,10,Never-married,Farming-fishing,Unmarried,White,Male,0,0,60,United-States,0
29,Private,239753,HS-grad,9,Married-civ-spouse,Adm-clerical,Wife,White,Female,0,2057,20,United-States,0
29,Private,34292,Some-college,10,Never-married,Adm-clerical,Not-in-family,White,Male,0,0,60,United-States,0
31,Private,197886,Some-college,10,Married-civ-spouse,Sales,Husband,White,Male,15024,0,45,United-States,1
46,Private,175925,Some-college,10,Married-civ-spouse,Farming-fishing,Husband,White,Male,0,0,40,United-States,0
42,Private,124792,HS-grad,9,Married-civ-spouse,Craft-repair,Husband,Black,Male,7688,0,45,United-States,1
83,Self-emp-inc,153183,Bachelors,13,Married-civ-spouse,Exec-managerial,Husband,White,Male,0,2392,55,United-States,1
25,Private,144259,HS-grad,9,Never-married,Craft-repair,Own-child,Black,Male,0,0,50,United-States,0
21,Private,342575,Some-college,10,Never-married,Sales,Own-child,Black,Female,0,0,30,United-States,0
50,Private,162327,Some-college,10,Married-civ-spouse,Handlers-cleaners,Husband,White,Male,0,0,50,United-States,0
29,Private,187327,Bachelors,13,Never-married,Prof-specialty,Not-in-family,White,Male,0,0,40,United-States,0
59,Local-gov,181242,10th,6,Married-civ-spouse,Craft-repair,Husband,White,Male,0,0,40,United-States,0
38,Private,192337,Masters,14,Married-civ-spouse,Prof-specialty,Husband,White,Male,0,0,40,England,1
33,Private,133503,HS-grad,9,Married-civ-spouse,Protective-serv,Husband,White,Male,7688,0,48,United-States,1
24,Private,585203,Bachelors,13,Married-civ-spouse,Exec-managerial,Wife,White,Female,7688,0,45,United-States,1
46,Private,172581,Bachelors,13,Married-civ-spouse,Exec-managerial,Husband,White,Male,0,1902,50,United-States,1
44,Private,172479,Bachelors,13,Married-civ-spouse,Prof-specialty,Husband,White,Male,7688,0,40,United-States,1
19,Private,163578,Some-college,10,Never-married,Sales,Own-child,White,Male,0,0,30,United-States,0
24,Private,220323,Some-college,10,Married-civ-spouse,Prof-specialty,Husband,Black,Male,0,0,40,United-States,0
20,Private,317443,Some-college,10,Never-married,Adm-clerical,Own-child,Black,Female,0,0,15,United-States,0
20,Private,337639,Some-college,10,Never-married,Sales,Own-child,White,Male,0,0,40,United-States,0
62,Private,143943,Bachelors,13,Widowed,Tech-support,Unmarried,White,Female,0,0,7,United-States,0
46,Private,192768,HS-grad,9,Married-civ-spouse,Adm-clerical,Wife,White,Female,0,0,40,United-States,0
29,Private,192924,Assoc-voc,11,Divorced,Adm-clerical,Not-in-family,White,Female,0,0,40,United-States,0
44,Self-emp-not-inc,445382,Some-college,10,Divorced,Other-service,Unmarried,White,Male,0,0,40,United-States,0
58,Local-gov,294313,Some-college,10,Married-civ-spouse,Adm-clerical,Wife,Black,Female,0,0,55,United-States,0
23,Local-gov,287988,Bachelors,13,Never-married,Prof-specialty,Not-in-family,White,Male,0,0,40,United-States,0
59,Private,354037,Prof-school,15,Married-civ-spouse,Transport-moving,Husband,Black,Male,15024,0,50,United-States,1
28,Private,137898,Assoc-acdm,12,Never-married,Sales,Own-child,White,Female,0,0,35,United-States,0
35,Private,54159,HS-grad,9,Married-civ-spouse,Craft-repair,Husband,White,Male,0,0,38,United-States,0
29,Private,186733,HS-grad,9,Married-civ-spouse,Craft-repair,Husband,White,Male,0,0,50,United-States,0
35,Local-gov,668319,Bachelors,13,Married-civ-spouse,Exec-managerial,Husband,White,Male,0,1740,80,United-States,0
60,Private,132529,HS-grad,9,Married-civ-spouse,Other-service,Husband,White,Male,0,0,40,United-States,0
51,Private,204304,Some-college,10,Divorced,Exec-managerial,Not-in-family,White,Female,0,0,50,United-States,1
25,Private,141876,HS-grad,9,Married-spouse-absent,Exec-managerial,Not-in-family,White,Male,0,0,45,United-States,0
28,Private,282389,HS-grad,9,Never-married,Transport-moving,Not-in-family,White,Male,0,0,60,United-States,0
26,Private,181666,HS-grad,9,Never-married,Handlers-cleaners,Own-child,White,Female,0,0,40,United-States,0
20,Private,247115,Some-college,10,Never-married,Adm-clerical,Unmarried,Black,Female,0,0,35,United-States,0
26,Private,68991,HS-grad,9,Never-married,Other-service,Unmarried,Black,Male,0,0,40,United-States,0
36,Private,185099,Prof-school,15,Married-civ-spouse,Prof-specialty,Husband,White,Male,0,0,55,United-States,1
43,Private,226902,Bachelors,13,Divorced,Machine-op-inspct,Other-relative,White,Male,0,0,40,United-States,0
38,Private,85074,Assoc-acdm,12,Divorced,Adm-clerical,Unmarried,White,Female,0,0,40,United-States,0
22,Private,190968,Some-college,10,Married-civ-spouse,Craft-repair,Husband,White,Male,2407,0,40,United-States,0
19,Private,188864,HS-grad,9,Never-married,Sales,Unmarried,Black,Female,0,0,20,United-States,0
20,Private,366929,Some-college,10,Never-married,Adm-clerical,Own-child,White,Female,0,0,35,United-States,0
22,Private,427686,10th,6,Divorced,Craft-repair,Own-child,White,Male,0,0,40,United-States,0
34,Private,347166,Some-college,10,Married-civ-spouse,Adm-clerical,Husband,White,Male,0,0,40,United-States,0
30,Private,165235,Bachelors,13,Married-civ-spouse,Adm-clerical,Wife,Asian-Pac-Islander,Female,0,0,40,Philippines,1
55,Self-emp-inc,298449,Bachelors,13,Married-civ-spouse,Exec-managerial,Husband,White,Male,0,2415,50,United-States,1
33,Federal-gov,615893,Masters,14,Married-civ-spouse,Transport-moving,Husband,Black,Male,0,0,40,Nicaragua,0
32,Private,165226,HS-grad,9,Divorced,Other-service,Not-in-family,White,Female,0,0,40,United-States,0
34,Private,117529,Some-college,10,Married-civ-spouse,Farming-fishing,Husband,White,Male,0,0,54,Mexico,0
22,State-gov,157332,Some-college,10,Never-married,Other-service,Own-child,White,Female,0,0,15,United-States,0
64,Private,298301,HS-grad,9,Married-civ-spouse,Other-service,Husband,White,Male,0,0,40,United-States,0
31,Private,101697,Assoc-voc,11,Married-civ-spouse,Prof-specialty,Wife,White,Female,0,0,40,United-States,0
37,Self-emp-not-inc,265266,Prof-school,15,Married-civ-spouse,Prof-specialty,Husband,White,Male,0,0,40,Cuba,1
43,State-gov,47818,Bachelors,13,Never-married,Prof-specialty,Not-in-family,White,Female,0,0,40,United-States,0
22,Private,184756,Some-college,10,Never-married,Sales,Own-child,White,Female,0,0,30,United-States,0
51,State-gov,172962,Doctorate,16,Married-civ-spouse,Prof-specialty,Husband,White,Male,0,0,40,United-States,1
33,Private,118941,Bachelors,13,Married-civ-spouse,Exec-managerial,Wife,White,Female,0,0,40,United-States,1
23,Private,33884,Some-college,10,Separated,Sales,Unmarried,White,Female,0,0,40,United-States,0
46,Private,336984,HS-grad,9,Never-married,Handlers-cleaners,Own-child,White,Male,0,0,17,United-States,0
28,Private,416577,HS-grad,9,Married-civ-spouse,Craft-repair,Husband,Black,Male,2829,0,40,United-States,0
47,Private,103757,Assoc-acdm,12,Married-civ-spouse,Craft-repair,Husband,White,Male,0,0,40,United-States,0
31,Self-emp-not-inc,265807,Assoc-voc,11,Married-civ-spouse,Exec-managerial,Husband,White,Male,3137,0,50,United-States,0
35,Private,224889,Bachelors,13,Married-civ-spouse,Sales,Husband,White,Male,0,0,40,United-States,0
36,Self-emp-inc,166880,HS-grad,9,Never-married,Other-service,Not-in-family,White,Female,0,0,70,United-States,0
32,Local-gov,19302,Assoc-acdm,12,Married-civ-spouse,Protective-serv,Husband,White,Male,0,0,56,England,1
30,Private,212237,Bachelors,13,Married-civ-spouse,Prof-specialty,Husband,White,Male,0,1740,45,United-States,0
37,Private,208391,Some-college,10,Married-civ-spouse,Transport-moving,Husband,White,Male,0,0,40,United-States,1
58,Private,118303,HS-grad,9,Widowed,Sales,Not-in-family,White,Female,0,0,35,United-States,1
21,Private,113106,Some-college,10,Never-married,Other-service,Own-child,White,Female,0,0,30,United-States,0
39,Private,128392,HS-grad,9,Married-civ-spouse,Machine-op-inspct,Husband,White,Male,0,1887,40,United-States,1
59,Local-gov,171328,10th,6,Widowed,Other-service,Unmarried,Black,Female,0,0,30,United-States,0
47,Private,160474,HS-grad,9,Married-civ-spouse,Exec-managerial,Wife,White,Female,0,0,30,United-States,1
47,Self-emp-not-inc,159726,HS-grad,9,Married-civ-spouse,Craft-repair,Husband,White,Male,0,0,40,United-States,1
45,Private,140664,Assoc-acdm,12,Divorced,Transport-moving,Not-in-family,White,Male,0,0,55,United-States,0
17,Private,159849,11th,7,Never-married,Protective-serv,Own-child,White,Female,0,0,30,United-States,0
52,Private,91048,HS-grad,9,Divorced,Machine-op-inspct,Own-child,Black,Female,0,0,35,United-States,0
52,Federal-gov,192065,Some-college,10,Separated,Exec-managerial,Not-in-family,White,Female,0,0,40,United-States,0
29,Self-emp-inc,104737,HS-grad,9,Married-civ-spouse,Craft-repair,Husband,White,Male,0,0,60,United-States,0
22,Private,117779,Bachelors,13,Never-married,Prof-specialty,Own-child,White,Male,0,0,40,United-States,0
47,Federal-gov,99549,Some-college,10,Divorced,Adm-clerical,Unmarried,Black,Female,0,0,40,United-States,0
62,Private,94318,Bachelors,13,Married-civ-spouse,Prof-specialty,Husband,White,Male,0,0,50,United-States,1
33,Private,165235,Bachelors,13,Never-married,Other-service,Not-in-family,Asian-Pac-Islander,Female,0,0,35,Thailand,0
38,Private,607848,Bachelors,13,Married-civ-spouse,Sales,Husband,White,Male,0,0,40,United-States,1
34,Private,128063,HS-grad,9,Divorced,Other-service,Unmarried,White,Female,0,0,36,United-States,0
22,State-gov,48121,Some-college,10,Married-civ-spouse,Other-service,Husband,White,Male,0,0,25,United-States,0
52,Local-gov,152795,Some-college,10,Married-civ-spouse,Craft-repair,Husband,White,Male,0,0,40,United-States,0
33,Private,175697,Bachelors,13,Married-civ-spouse,Exec-managerial,Husband,White,Male,15024,0,60,United-States,1
23,Private,274424,11th,7,Separated,Other-service,Unmarried,White,Female,0,0,40,United-States,0
26,Private,433906,Assoc-acdm,12,Never-married,Other-service,Not-in-family,White,Male,0,0,40,United-States,0
47,Private,115070,Some-college,10,Never-married,Adm-clerical,Not-in-family,White,Female,0,0,40,United-States,0
46,Private,563883,HS-grad,9,Married-civ-spouse,Craft-repair,Husband,Black,Male,0,0,60,United-States,1
18,Private,195372,11th,7,Never-married,Other-service,Own-child,White,Female,0,0,20,United-States,0
25,Private,193820,Masters,14,Never-married,Prof-specialty,Own-child,White,Female,0,0,40,United-States,0
47,Private,236805,Some-college,10,Divorced,Sales,Unmarried,White,Female,0,0,60,United-States,0
53,Private,196278,Some-college,10,Widowed,Sales,Not-in-family,White,Female,0,0,40,United-States,0
42,Private,66118,Some-college,10,Divorced,Machine-op-inspct,Not-in-family,White,Female,0,0,40,United-States,0
50,Private,98228,HS-grad,9,Divorced,Sales,Unmarried,White,Female,0,0,45,United-States,0
37,Local-gov,180342,Bachelors,13,Married-civ-spouse,Other-service,Husband,White,Male,0,0,40,United-States,1
24,Self-emp-inc,142404,Bachelors,13,Married-civ-spouse,Exec-managerial,Husband,White,Male,0,0,40,United-States,1
62,Private,176811,HS-grad,9,Married-civ-spouse,Craft-repair,Husband,White,Male,0,0,40,United-States,0
49,Self-emp-inc,141058,Some-college,10,Divorced,Exec-managerial,Not-in-family,White,Male,0,2339,50,United-States,0
52,Self-emp-not-inc,129311,Some-college,10,Married-civ-spouse,Exec-managerial,Husband,White,Male,0,0,95,United-States,1
45,Self-emp-not-inc,285335,7th-8th,4,Married-civ-spouse,Craft-repair,Husband,White,Male,0,0,10,United-States,0
31,Private,150441,Some-college,10,Divorced,Adm-clerical,Not-in-family,White,Female,0,0,50,United-States,0
24,Private,108495,Some-college,10,Never-married,Adm-clerical,Own-child,White,Male,0,0,40,India,0
27,State-gov,21306,Assoc-acdm,12,Never-married,Adm-clerical,Not-in-family,White,Female,0,0,40,Germany,0
49,Self-emp-inc,201498,HS-grad,9,Married-civ-spouse,Craft-repair,Husband,White,Male,0,0,40,United-States,0
28,Self-emp-inc,210295,11th,7,Married-civ-spouse,Craft-repair,Husband,White,Male,0,0,50,United-States,1
38,Private,168407,Some-college,10,Divorced,Adm-clerical,Unmarried,White,Female,5721,0,44,United-States,0
39,Private,173175,Bachelors,13,Married-civ-spouse,Exec-managerial,Husband,White,Male,15024,0,50,United-States,1
27,Private,278720,HS-grad,9,Married-civ-spouse,Craft-repair,Husband,White,Male,0,0,45,United-States,1
32,Private,252752,Masters,14,Never-married,Exec-managerial,Not-in-family,White,Female,13550,0,60,United-States,1
32,Private,330715,HS-grad,9,Married-civ-spouse,Craft-repair,Husband,White,Male,99999,0,40,United-States,1
38,Private,149347,Some-college,10,Divorced,Sales,Not-in-family,White,Male,0,0,60,United-States,0
35,Private,162256,Assoc-voc,11,Divorced,Adm-clerical,Not-in-family,White,Female,6849,0,40,United-States,0
37,Private,171090,9th,5,Married-civ-spouse,Machine-op-inspct,Wife,Black,Female,0,0,48,United-States,0
35,Private,215323,Assoc-voc,11,Divorced,Other-service,Unmarried,White,Female,0,0,35,United-States,0
39,Private,160123,HS-grad,9,Widowed,Adm-clerical,Not-in-family,White,Female,0,0,40,United-States,0
29,Local-gov,220419,Bachelors,13,Never-married,Protective-serv,Not-in-family,White,Male,0,0,56,United-States,0
43,Private,313181,HS-grad,9,Divorced,Adm-clerical,Other-relative,Black,Male,0,0,38,United-States,0
46,Private,117313,9th,5,Separated,Machine-op-inspct,Not-in-family,White,Female,0,0,40,Ireland,0
37,Private,83375,HS-grad,9,Divorced,Farming-fishing,Not-in-family,White,Male,0,0,40,United-States,0
40,Private,75363,Some-college,10,Separated,Exec-managerial,Unmarried,White,Female,0,0,40,United-States,0
55,Private,98361,Bachelors,13,Married-civ-spouse,Exec-managerial,Husband,White,Male,15024,0,55,United-States,1
38,Self-emp-not-inc,245372,Some-college,10,Married-civ-spouse,Prof-specialty,Husband,White,Male,3137,0,50,United-States,0
33,Private,309630,HS-grad,9,Married-civ-spouse,Other-service,Husband,White,Male,0,0,40,United-States,0
38,Local-gov,188612,Some-college,10,Married-civ-spouse,Craft-repair,Husband,White,Male,0,0,45,United-States,0
20,Private,169600,Some-college,10,Never-married,Prof-specialty,Own-child,White,Female,2176,0,12,United-States,0
18,Private,32059,11th,7,Never-married,Handlers-cleaners,Own-child,White,Male,0,0,40,United-States,0
23,Private,208826,Bachelors,13,Never-married,Other-service,Not-in-family,White,Female,0,0,40,United-States,0
59,Private,229939,HS-grad,9,Married-civ-spouse,Sales,Husband,White,Male,0,0,40,United-States,0
36,Private,247936,HS-grad,9,Married-civ-spouse,Other-service,Wife,Asian-Pac-Islander,Female,0,0,2,Taiwan,0
27,Private,706026,11th,7,Married-civ-spouse,Handlers-cleaners,Husband,White,Male,0,0,40,United-States,0
42,Private,165916,Bachelors,13,Divorced,Adm-clerical,Unmarried,White,Female,0,0,45,United-States,0
53,Private,288353,Bachelors,13,Married-civ-spouse,Exec-managerial,Husband,White,Male,0,0,40,United-States,1
46,Self-emp-not-inc,198759,Prof-school,15,Married-civ-spouse,Prof-specialty,Husband,White,Male,0,2415,80,United-States,1
23,Private,181557,HS-grad,9,Never-married,Other-service,Own-child,Black,Male,0,0,25,United-States,0
35,Private,36214,Bachelors,13,Married-civ-spouse,Exec-managerial,Husband,White,Male,4386,0,47,United-States,1
24,Private,500509,HS-grad,9,Never-married,Other-service,Own-child,Black,Male,0,0,40,United-States,0
28,Self-emp-inc,153291,HS-grad,9,Never-married,Adm-clerical,Own-child,White,Female,0,0,35,United-States,0
34,Private,84119,HS-grad,9,Never-married,Craft-repair,Own-child,White,Male,0,0,40,United-States,0
38,Private,423616,Assoc-voc,11,Married-civ-spouse,Tech-support,Wife,White,Female,0,0,36,United-States,1
32,Self-emp-not-inc,173854,Bachelors,13,Divorced,Prof-specialty,Other-relative,White,Male,0,0,35,United-States,1
24,Local-gov,187397,Some-college,10,Never-married,Protective-serv,Unmarried,Other,Male,1151,0,40,United-States,0
31,State-gov,358461,Some-college,10,Never-married,Other-service,Not-in-family,Asian-Pac-Islander,Male,0,0,40,United-States,0
30,Private,158002,Some-college,10,Never-married,Craft-repair,Other-relative,White,Male,0,0,55,Ecuador,0
57,Private,548256,12th,8,Married-civ-spouse,Transport-moving,Husband,Black,Male,7688,0,40,United-States,1
55,Private,164332,HS-grad,9,Separated,Other-service,Not-in-family,White,Female,0,0,16,United-States,0
57,Self-emp-not-inc,353808,Some-college,10,Married-civ-spouse,Sales,Husband,White,Male,0,0,60,United-States,1
62,Self-emp-not-inc,71467,Bachelors,13,Married-civ-spouse,Craft-repair,Husband,White,Male,0,0,55,United-States,1
20,Federal-gov,147352,HS-grad,9,Never-married,Other-service,Not-in-family,White,Female,0,0,40,United-States,0
40,Private,240504,Bachelors,13,Married-civ-spouse,Sales,Husband,White,Male,0,0,45,United-States,1
34,Private,90705,Some-college,10,Married-civ-spouse,Tech-support,Husband,White,Male,0,1485,40,United-States,0
40,Private,187702,Some-college,10,Never-married,Exec-managerial,Not-in-family,White,Male,0,0,50,United-States,1
59,Self-emp-not-inc,201263,Bachelors,13,Married-civ-spouse,Sales,Husband,White,Male,15024,0,55,United-States,1
29,Local-gov,107411,Prof-school,15,Never-married,Prof-specialty,Not-in-family,White,Female,0,0,70,United-States,0
35,Private,36270,HS-grad,9,Divorced,Craft-repair,Not-in-family,White,Male,0,0,60,United-States,0
52,State-gov,334273,Assoc-acdm,12,Married-civ-spouse,Sales,Husband,White,Male,0,0,40,United-States,1
40,Private,114580,HS-grad,9,Married-civ-spouse,Exec-managerial,Wife,White,Female,0,0,24,United-States,1
20,Private,323573,HS-grad,9,Never-married,Other-service,Own-child,White,Female,0,0,20,United-States,0
37,Self-emp-inc,183800,Assoc-acdm,12,Married-civ-spouse,Sales,Husband,White,Male,0,1887,40,United-States,1
44,Private,304530,Some-college,10,Divorced,Craft-repair,Not-in-family,White,Male,0,0,55,United-States,0
49,Private,149337,Bachelors,13,Married-civ-spouse,Exec-managerial,Husband,White,Male,0,0,40,United-States,1
45,Private,265083,5th-6th,3,Divorced,Priv-house-serv,Unmarried,White,Female,0,0,35,Mexico,0
27,Private,114158,Assoc-voc,11,Never-married,Adm-clerical,Own-child,White,Female,0,0,35,United-States,0
19,Private,261259,HS-grad,9,Never-married,Handlers-cleaners,Own-child,White,Male,0,0,20,United-States,0
50,Private,321770,HS-grad,9,Divorced,Adm-clerical,Not-in-family,White,Female,0,0,40,United-States,0
37,Private,73471,Bachelors,13,Married-civ-spouse,Exec-managerial,Husband,White,Male,0,1887,47,United-States,1
30,Private,149568,9th,5,Never-married,Farming-fishing,Other-relative,Black,Male,0,0,40,United-States,0
23,Private,134997,HS-grad,9,Divorced,Other-service,Unmarried,White,Female,0,0,80,United-States,0
43,Private,397280,Assoc-acdm,12,Never-married,Prof-specialty,Not-in-family,White,Male,0,0,50,United-States,1
28,Private,23324,Some-college,10,Never-married,Handlers-cleaners,Not-in-family,White,Male,0,0,40,United-States,0
33,Local-gov,173806,Assoc-acdm,12,Married-civ-spouse,Handlers-cleaners,Husband,White,Male,0,0,40,United-States,0
21,Private,184543,Assoc-voc,11,Never-married,Adm-clerical,Not-in-family,White,Female,0,0,40,United-States,0
38,Private,31964,9th,5,Married-civ-spouse,Adm-clerical,Husband,White,Male,0,0,40,United-States,0
31,Private,176410,HS-grad,9,Never-married,Other-service,Own-child,White,Female,0,0,38,United-States,0
52,Private,236180,Bachelors,13,Married-spouse-absent,Other-service,Not-in-family,White,Male,0,0,50,United-States,0
38,Private,73471,Some-college,10,Married-civ-spouse,Sales,Husband,White,Male,0,0,50,United-States,0
33,Private,79923,Masters,14,Married-civ-spouse,Prof-specialty,Husband,White,Male,0,0,45,United-States,1
45,State-gov,231013,Bachelors,13,Divorced,Protective-serv,Not-in-family,White,Male,0,0,40,United-States,0
50,Private,193871,Bachelors,13,Divorced,Exec-managerial,Unmarried,White,Female,0,0,40,United-States,0
27,Private,85126,HS-grad,9,Never-married,Machine-op-inspct,Not-in-family,White,Female,0,0,40,United-States,0
19,Private,87497,11th,7,Never-married,Transport-moving,Other-relative,White,Male,0,0,10,United-States,0
19,Private,354104,HS-grad,9,Never-married,Handlers-cleaners,Own-child,White,Male,0,0,30,United-States,0
48,Self-emp-not-inc,362883,HS-grad,9,Divorced,Craft-repair,Not-in-family,White,Male,0,0,60,United-States,1
32,Private,48520,Some-college,10,Married-civ-spouse,Craft-repair,Husband,White,Male,0,0,40,United-States,0
38,Self-emp-not-inc,403391,Bachelors,13,Married-civ-spouse,Exec-managerial,Husband,White,Male,0,0,60,United-States,0
38,Private,273640,HS-grad,9,Never-married,Other-service,Unmarried,White,Female,0,0,40,United-States,0
37,Private,210945,HS-grad,9,Married-civ-spouse,Handlers-cleaners,Husband,White,Male,0,0,24,United-States,0
55,Private,320835,Bachelors,13,Married-civ-spouse,Sales,Husband,White,Male,0,0,50,United-States,1
61,Private,86067,Assoc-acdm,12,Married-civ-spouse,Sales,Husband,White,Male,15024,0,40,United-States,1
48,Private,30289,10th,6,Married-civ-spouse,Craft-repair,Husband,White,Male,0,0,30,United-States,0
18,Private,59202,HS-grad,9,Never-married,Priv-house-serv,Other-relative,White,Female,0,0,10,United-States,0
20,Private,205839,Some-college,10,Never-married,Other-service,Own-child,White,Male,0,0,16,United-States,0
37,Self-emp-not-inc,119929,HS-grad,9,Married-civ-spouse,Craft-repair,Husband,White,Male,0,0,40,United-States,0
45,Private,347321,HS-grad,9,Never-married,Craft-repair,Not-in-family,White,Male,0,0,40,United-States,0
29,Private,299705,Some-college,10,Never-married,Handlers-cleaners,Unmarried,Black,Male,0,0,37,United-States,0
60,Private,166386,11th,7,Married-civ-spouse,Machine-op-inspct,Wife,Asian-Pac-Islander,Female,0,0,30,Hong,0
31,Private,169002,HS-grad,9,Married-civ-spouse,Handlers-cleaners,Husband,White,Male,0,0,55,United-States,0
64,Private,153894,Bachelors,13,Never-married,Sales,Unmarried,White,Female,0,0,40,Peru,0
35,Private,113322,Assoc-voc,11,Married-civ-spouse,Sales,Husband,White,Male,0,0,40,United-States,0
59,Private,199713,HS-grad,9,Married-civ-spouse,Craft-repair,Husband,White,Male,0,0,40,United-States,0
34,Private,269723,HS-grad,9,Divorced,Exec-managerial,Unmarried,White,Female,2977,0,50,United-States,0
46,Private,265266,Bachelors,13,Married-civ-spouse,Prof-specialty,Husband,White,Male,0,1902,40,United-States,1
40,Private,139193,HS-grad,9,Divorced,Craft-repair,Not-in-family,White,Male,0,0,40,United-States,0
45,Local-gov,185399,Masters,14,Divorced,Prof-specialty,Own-child,White,Female,0,0,55,United-States,0
48,Private,48885,HS-grad,9,Divorced,Other-service,Not-in-family,White,Female,0,0,35,United-States,0
69,Self-emp-not-inc,104003,7th-8th,4,Married-civ-spouse,Sales,Husband,White,Male,0,0,55,United-States,0
42,Private,182108,Bachelors,13,Never-married,Exec-managerial,Not-in-family,White,Female,0,0,35,United-States,0
42,Private,198316,Assoc-voc,11,Divorced,Craft-repair,Not-in-family,White,Male,0,0,35,United-States,0
81,Private,100675,1st-4th,2,Married-civ-spouse,Prof-specialty,Husband,White,Male,0,0,15,Poland,0
46,State-gov,107231,Some-college,10,Married-civ-spouse,Exec-managerial,Husband,White,Male,0,1740,40,United-States,0
25,Private,139730,HS-grad,9,Married-civ-spouse,Craft-repair,Husband,White,Male,0,0,80,United-States,1
36,Private,154669,Bachelors,13,Never-married,Exec-managerial,Own-child,White,Male,0,0,55,United-States,0
30,Self-emp-not-inc,404062,HS-grad,9,Married-civ-spouse,Prof-specialty,Husband,White,Male,0,1977,15,United-States,1
29,Private,320451,HS-grad,9,Never-married,Protective-serv,Not-in-family,Asian-Pac-Islander,Male,0,0,40,Philippines,0
37,Private,253420,HS-grad,9,Separated,Other-service,Unmarried,Black,Female,0,0,25,United-States,0
43,Private,220109,Some-college,10,Married-civ-spouse,Other-service,Husband,White,Male,0,1672,44,United-States,0
35,Self-emp-not-inc,350247,Prof-school,15,Married-civ-spouse,Prof-specialty,Husband,White,Male,0,0,50,United-States,1
46,Private,117502,HS-grad,9,Married-civ-spouse,Adm-clerical,Wife,White,Female,0,0,40,United-States,0
46,Private,164682,Assoc-voc,11,Separated,Prof-specialty,Not-in-family,White,Male,0,0,40,United-States,0
19,Private,236396,11th,7,Never-married,Handlers-cleaners,Not-in-family,White,Male,0,0,40,United-States,0
56,Private,125000,Bachelors,13,Married-civ-spouse,Adm-clerical,Husband,White,Male,0,0,40,United-States,1
55,Private,151474,Bachelors,13,Never-married,Tech-support,Other-relative,White,Female,0,1590,38,United-States,0
47,Self-emp-inc,156728,HS-grad,9,Married-civ-spouse,Sales,Husband,White,Male,0,0,55,United-States,0
49,Private,87928,HS-grad,9,Married-civ-spouse,Adm-clerical,Husband,White,Male,0,0,40,United-States,1
45,Private,101656,10th,6,Never-married,Machine-op-inspct,Not-in-family,Asian-Pac-Islander,Male,0,0,40,Vietnam,0
23,Private,344278,Some-college,10,Divorced,Exec-managerial,Unmarried,White,Female,0,0,25,United-States,0
56,Self-emp-not-inc,145574,HS-grad,9,Married-civ-spouse,Other-service,Husband,White,Male,0,1902,60,United-States,1
43,Private,307767,HS-grad,9,Married-civ-spouse,Handlers-cleaners,Husband,White,Male,0,0,40,United-States,0
49,Private,50567,Some-college,10,Divorced,Adm-clerical,Not-in-family,White,Female,0,0,32,United-States,0
50,Private,238959,Some-college,10,Married-civ-spouse,Adm-clerical,Husband,White,Male,0,0,45,United-States,1
75,Private,188612,HS-grad,9,Widowed,Adm-clerical,Not-in-family,White,Female,0,0,40,United-States,0
68,Private,75913,12th,8,Widowed,Sales,Not-in-family,White,Female,0,0,30,United-States,0
44,Private,191149,Some-college,10,Divorced,Adm-clerical,Unmarried,White,Female,0,0,57,United-States,0
31,Private,61559,HS-grad,9,Never-married,Other-service,Not-in-family,White,Male,0,0,50,United-States,0
23,Private,410439,HS-grad,9,Never-married,Adm-clerical,Own-child,White,Male,0,0,25,United-States,0
50,Self-emp-not-inc,213654,HS-grad,9,Married-civ-spouse,Sales,Husband,Black,Male,0,0,40,United-States,0
32,Private,207113,10th,6,Divorced,Craft-repair,Unmarried,White,Male,0,0,40,United-States,0
73,Local-gov,205580,5th-6th,3,Married-civ-spouse,Prof-specialty,Husband,White,Male,0,0,6,United-States,0
49,Private,107425,Masters,14,Never-married,Sales,Not-in-family,White,Female,0,0,35,United-States,0
38,Private,210610,Assoc-acdm,12,Married-civ-spouse,Tech-support,Husband,White,Male,0,0,40,United-States,1
33,Private,55717,HS-grad,9,Never-married,Craft-repair,Not-in-family,White,Male,0,0,40,United-States,0
33,Private,208405,Masters,14,Married-civ-spouse,Prof-specialty,Husband,White,Male,0,0,50,United-States,1
47,Private,278900,HS-grad,9,Married-civ-spouse,Craft-repair,Husband,White,Male,0,0,40,United-States,0
37,Local-gov,272471,HS-grad,9,Divorced,Adm-clerical,Unmarried,White,Female,0,0,40,United-States,0
45,Private,51744,Bachelors,13,Never-married,Exec-managerial,Not-in-family,White,Female,0,0,42,United-States,0
38,Private,193372,Some-college,10,Never-married,Exec-managerial,Own-child,White,Female,0,0,40,United-States,0
31,Local-gov,295589,Some-college,10,Never-married,Adm-clerical,Own-child,Black,Male,0,0,40,United-States,0
26,Private,118497,HS-grad,9,Married-civ-spouse,Transport-moving,Husband,White,Male,0,0,50,United-States,0
43,Private,198316,Some-college,10,Married-civ-spouse,Craft-repair,Husband,White,Male,0,0,40,United-States,0
31,Private,46807,Bachelors,13,Never-married,Tech-support,Not-in-family,White,Male,0,0,40,United-States,0
60,Private,121319,7th-8th,4,Married-civ-spouse,Machine-op-inspct,Husband,White,Male,3137,0,40,Poland,0
26,Private,147638,Bachelors,13,Never-married,Adm-clerical,Other-relative,Asian-Pac-Islander,Female,0,0,40,Hong,0
60,Private,187458,7th-8th,4,Married-civ-spouse,Craft-repair,Husband,White,Male,0,0,40,United-States,0
22,State-gov,119838,Some-college,10,Never-married,Other-service,Own-child,White,Male,0,0,10,United-States,0
34,Private,340458,12th,8,Never-married,Adm-clerical,Unmarried,White,Female,0,0,40,United-States,0
42,Private,37869,Some-college,10,Divorced,Machine-op-inspct,Not-in-family,White,Male,0,1590,40,United-States,0
50,Local-gov,254148,Some-college,10,Married-civ-spouse,Farming-fishing,Husband,White,Male,0,0,40,Mexico,0
23,Private,113466,HS-grad,9,Never-married,Craft-repair,Not-in-family,White,Male,0,0,40,United-States,0
18,Private,242893,11th,7,Never-married,Craft-repair,Own-child,White,Male,0,0,35,United-States,0
30,Local-gov,364310,Bachelors,13,Never-married,Prof-specialty,Not-in-family,Black,Female,0,0,40,Germany,0
53,Federal-gov,90127,Some-college,10,Married-civ-spouse,Protective-serv,Husband,White,Male,0,0,60,United-States,1
65,Private,222810,Assoc-voc,11,Divorced,Exec-managerial,Not-in-family,White,Female,0,0,40,United-States,0
39,Self-emp-inc,143123,Assoc-voc,11,Married-civ-spouse,Craft-repair,Husband,White,Male,0,2415,40,United-States,1
30,Private,423770,Some-college,10,Never-married,Prof-specialty,Own-child,White,Male,0,0,40,Mexico,0
28,Private,189346,HS-grad,9,Divorced,Handlers-cleaners,Own-child,White,Male,0,0,40,United-States,0
36,Private,238415,HS-grad,9,Divorced,Craft-repair,Unmarried,White,Male,0,0,40,United-States,0
26,Private,135845,Some-college,10,Never-married,Sales,Not-in-family,White,Female,0,0,37,United-States,0
43,Private,54611,HS-grad,9,Married-civ-spouse,Machine-op-inspct,Husband,White,Male,0,0,40,United-States,0
55,Private,144071,Bachelors,13,Married-civ-spouse,Tech-support,Husband,White,Male,0,0,18,United-States,1
78,Private,105586,5th-6th,3,Married-civ-spouse,Transport-moving,Husband,Asian-Pac-Islander,Male,0,0,36,United-States,0
21,Private,442131,HS-grad,9,Never-married,Handlers-cleaners,Own-child,White,Female,0,0,40,United-States,0
34,Self-emp-inc,157466,HS-grad,9,Married-civ-spouse,Adm-clerical,Husband,White,Male,0,0,45,United-States,0
22,Private,109482,Some-college,10,Never-married,Prof-specialty,Own-child,White,Male,0,0,98,United-States,0
43,Self-emp-inc,117158,Bachelors,13,Married-civ-spouse,Sales,Husband,White,Male,15024,0,60,United-States,1
48,Self-emp-not-inc,117849,Some-college,10,Never-married,Other-service,Not-in-family,White,Male,0,0,40,United-States,0
23,Self-emp-inc,215395,Assoc-voc,11,Never-married,Craft-repair,Not-in-family,White,Male,0,0,50,United-States,0
34,Private,114955,Assoc-acdm,12,Divorced,Machine-op-inspct,Not-in-family,White,Male,0,0,40,United-States,0
37,Private,135436,Bachelors,13,Married-civ-spouse,Exec-managerial,Husband,White,Male,0,1977,60,United-States,1
18,Private,283637,Some-college,10,Never-married,Adm-clerical,Not-in-family,White,Male,0,0,40,United-States,0
34,Private,226443,Prof-school,15,Married-civ-spouse,Prof-specialty,Husband,White,Male,0,0,55,United-States,1
36,Self-emp-not-inc,138940,Bachelors,13,Married-civ-spouse,Exec-managerial,Husband,White,Male,4386,0,50,United-States,1
40,Self-emp-not-inc,171615,Some-college,10,Never-married,Craft-repair,Not-in-family,White,Male,0,0,35,United-States,1
34,Private,143083,Assoc-voc,11,Married-civ-spouse,Adm-clerical,Wife,White,Female,0,0,18,United-States,0
40,Private,226902,Masters,14,Married-civ-spouse,Exec-managerial,Husband,White,Male,15024,0,50,United-States,1
30,Private,114912,Bachelors,13,Married-civ-spouse,Exec-managerial,Husband,White,Male,3103,0,60,United-States,1
24,Private,234640,HS-grad,9,Married-spouse-absent,Sales,Own-child,White,Female,0,0,36,United-States,0
51,Private,99064,Assoc-voc,11,Married-civ-spouse,Craft-repair,Husband,White,Male,5013,0,40,United-States,0
25,Local-gov,63996,HS-grad,9,Divorced,Adm-clerical,Not-in-family,White,Female,0,0,40,United-States,0
26,Private,159897,Some-college,10,Never-married,Exec-managerial,Unmarried,Black,Female,0,0,40,United-States,0
31,Private,42485,HS-grad,9,Married-civ-spouse,Machine-op-inspct,Husband,White,Male,0,0,55,United-States,0
34,Private,118584,Bachelors,13,Never-married,Exec-managerial,Not-in-family,White,Female,0,0,40,United-States,0
33,Private,195488,HS-grad,9,Married-civ-spouse,Adm-clerical,Wife,White,Female,0,0,52,United-States,0
22,Private,204160,HS-grad,9,Divorced,Machine-op-inspct,Own-child,White,Female,0,0,40,United-States,0
43,State-gov,101383,HS-grad,9,Married-civ-spouse,Craft-repair,Husband,White,Male,0,0,40,United-States,1
32,Private,158291,HS-grad,9,Married-civ-spouse,Craft-repair,Husband,White,Male,0,0,50,United-States,1
17,Private,102726,12th,8,Never-married,Other-service,Own-child,White,Male,0,0,16,United-States,0
46,Private,174386,HS-grad,9,Never-married,Other-service,Unmarried,White,Female,0,0,24,United-States,0
58,Private,214502,9th,5,Married-civ-spouse,Handlers-cleaners,Husband,White,Male,0,0,50,United-States,1
48,Private,143281,HS-grad,9,Widowed,Machine-op-inspct,Not-in-family,White,Female,0,0,48,United-States,0
46,Self-emp-inc,120131,Prof-school,15,Married-civ-spouse,Prof-specialty,Husband,White,Male,99999,0,60,United-States,1
42,Local-gov,97688,Some-college,10,Married-civ-spouse,Craft-repair,Husband,White,Male,5178,0,40,United-States,1
35,Local-gov,215419,Some-college,10,Divorced,Adm-clerical,Unmarried,White,Female,0,0,40,United-States,0
29,Private,412435,HS-grad,9,Married-civ-spouse,Exec-managerial,Wife,White,Female,0,0,40,Outlying-US(Guam-USVI-etc),0
32,Private,29933,HS-grad,9,Married-civ-spouse,Machine-op-inspct,Husband,White,Male,5178,0,40,United-States,1
25,Private,188119,HS-grad,9,Never-married,Handlers-cleaners,Not-in-family,White,Female,0,0,40,United-States,0
61,Self-emp-not-inc,140300,HS-grad,9,Never-married,Sales,Not-in-family,White,Female,0,0,44,United-States,0
46,Local-gov,209057,Masters,14,Married-civ-spouse,Exec-managerial,Husband,White,Male,0,0,50,United-States,1
26,Private,29957,Masters,14,Never-married,Tech-support,Other-relative,White,Male,0,0,25,United-States,0
32,Private,198068,HS-grad,9,Married-civ-spouse,Craft-repair,Husband,White,Male,0,0,40,United-States,0
38,Private,174571,10th,6,Married-civ-spouse,Craft-repair,Husband,Black,Male,0,0,45,United-States,0
42,Private,208726,Some-college,10,Divorced,Exec-managerial,Unmarried,White,Female,0,0,45,United-States,0
55,Local-gov,219775,HS-grad,9,Divorced,Other-service,Unmarried,White,Female,0,0,38,United-States,0
36,Local-gov,175255,HS-grad,9,Married-civ-spouse,Other-service,Wife,White,Female,0,0,35,United-States,0
37,Private,324947,Bachelors,13,Married-civ-spouse,Handlers-cleaners,Husband,White,Male,0,0,40,United-States,0
23,Private,412248,Assoc-acdm,12,Never-married,Other-service,Not-in-family,White,Female,0,0,25,United-States,0
31,Private,25216,Bachelors,13,Divorced,Exec-managerial,Unmarried,White,Female,0,0,40,United-States,0
23,Private,60847,Assoc-voc,11,Never-married,Sales,Unmarried,White,Female,0,0,60,United-States,0
37,Private,249208,Assoc-voc,11,Married-civ-spouse,Prof-specialty,Husband,White,Male,0,0,48,United-States,1
58,Private,374108,Some-college,10,Divorced,Prof-specialty,Unmarried,White,Female,0,0,40,United-States,0
38,Private,179262,Some-college,10,Divorced,Adm-clerical,Unmarried,White,Female,0,0,30,United-States,0
55,Private,354923,Assoc-acdm,12,Divorced,Adm-clerical,Unmarried,White,Female,0,0,40,United-States,0
24,Private,114230,HS-grad,9,Never-married,Sales,Other-relative,White,Male,0,0,40,United-States,0
52,Self-emp-not-inc,313243,HS-grad,9,Married-civ-spouse,Craft-repair,Husband,White,Male,0,0,55,United-States,1
38,Private,170861,Some-college,10,Never-married,Adm-clerical,Own-child,White,Female,0,0,40,United-States,0
73,Self-emp-not-inc,29306,HS-grad,9,Married-civ-spouse,Farming-fishing,Husband,White,Male,0,0,40,United-States,0
38,Local-gov,185394,Bachelors,13,Married-civ-spouse,Prof-specialty,Wife,White,Female,7688,0,40,United-States,1
41,Private,112763,Prof-school,15,Married-civ-spouse,Prof-specialty,Wife,White,Female,0,0,40,United-States,1
32,Private,160362,Some-college,10,Divorced,Other-service,Other-relative,White,Male,0,0,40,Nicaragua,0
46,Private,59767,Some-college,10,Divorced,Sales,Not-in-family,White,Male,0,0,50,United-States,0
23,Private,215616,HS-grad,9,Never-married,Prof-specialty,Not-in-family,White,Female,0,0,40,Canada,0
32,Federal-gov,111567,Prof-school,15,Married-civ-spouse,Prof-specialty,Husband,White,Male,0,0,40,United-States,1
34,Private,213722,HS-grad,9,Never-married,Handlers-cleaners,Own-child,White,Male,0,0,40,United-States,0
35,Private,35945,Bachelors,13,Married-civ-spouse,Exec-managerial,Husband,White,Male,0,0,40,United-States,1
48,Self-emp-inc,185041,HS-grad,9,Married-civ-spouse,Craft-repair,Husband,White,Male,7298,0,50,United-States,1
38,Self-emp-inc,176357,HS-grad,9,Married-civ-spouse,Exec-managerial,Husband,White,Male,0,0,50,United-States,0
34,Private,168906,Assoc-acdm,12,Divorced,Adm-clerical,Own-child,White,Female,0,0,35,United-States,0
34,Self-emp-inc,186824,Prof-school,15,Married-civ-spouse,Prof-specialty,Husband,White,Male,15024,0,40,United-States,1
54,Self-emp-not-inc,158948,HS-grad,9,Married-civ-spouse,Transport-moving,Husband,White,Male,0,0,15,United-States,0
65,Self-emp-inc,208452,Some-college,10,Married-civ-spouse,Sales,Husband,White,Male,0,0,35,United-States,1
21,Private,225541,Some-college,10,Never-married,Adm-clerical,Not-in-family,White,Female,0,0,40,United-States,0
38,Private,359001,Assoc-voc,11,Married-civ-spouse,Prof-specialty,Husband,White,Male,0,0,42,United-States,0
31,Private,200246,9th,5,Never-married,Other-service,Own-child,White,Male,0,0,40,United-States,0
43,Self-emp-not-inc,350387,HS-grad,9,Married-civ-spouse,Craft-repair,Husband,White,Male,0,0,60,United-States,0
39,Private,154641,Bachelors,13,Married-civ-spouse,Exec-managerial,Husband,White,Male,0,0,45,United-States,1
39,Private,192614,HS-grad,9,Married-civ-spouse,Transport-moving,Husband,White,Male,0,0,56,United-States,0
22,Private,197838,Bachelors,13,Never-married,Exec-managerial,Not-in-family,White,Male,0,0,40,United-States,0
25,Private,190350,10th,6,Married-civ-spouse,Other-service,Own-child,White,Female,0,0,35,United-States,0
22,Private,279802,Some-college,10,Never-married,Adm-clerical,Own-child,White,Female,0,0,40,United-States,0
22,Private,138513,Some-college,10,Never-married,Craft-repair,Own-child,White,Male,0,0,40,United-States,0
42,Federal-gov,141459,HS-grad,9,Separated,Other-service,Other-relative,Black,Female,0,0,40,United-States,0
20,Private,215247,Some-college,10,Never-married,Adm-clerical,Own-child,White,Female,0,0,20,United-States,0
20,Private,57898,12th,8,Never-married,Farming-fishing,Own-child,White,Male,0,0,40,United-States,0
68,Federal-gov,422013,HS-grad,9,Divorced,Prof-specialty,Not-in-family,White,Female,0,3683,40,United-States,0
50,Self-emp-not-inc,186565,Bachelors,13,Married-civ-spouse,Sales,Husband,White,Male,0,0,50,United-States,0
30,Private,119411,Bachelors,13,Never-married,Prof-specialty,Not-in-family,White,Male,0,0,40,United-States,0
31,Private,98639,Bachelors,13,Never-married,Tech-support,Not-in-family,White,Male,0,0,40,United-States,0
28,Private,138692,Bachelors,13,Married-civ-spouse,Exec-managerial,Husband,White,Male,0,0,40,United-States,1
28,Self-emp-not-inc,190836,HS-grad,9,Married-civ-spouse,Sales,Husband,White,Male,0,0,50,United-States,1
38,Private,179488,Assoc-acdm,12,Divorced,Craft-repair,Not-in-family,White,Male,0,0,40,United-States,0
30,Self-emp-inc,292465,Bachelors,13,Never-married,Exec-managerial,Not-in-family,White,Male,0,0,40,United-States,0
24,State-gov,330836,HS-grad,9,Married-civ-spouse,Protective-serv,Husband,White,Male,0,0,40,United-States,0
48,Private,125421,Masters,14,Divorced,Exec-managerial,Unmarried,White,Female,0,0,40,United-States,1
35,Private,193961,Bachelors,13,Married-civ-spouse,Prof-specialty,Husband,Asian-Pac-Islander,Male,0,0,40,Philippines,1
34,Private,149507,HS-grad,9,Married-civ-spouse,Craft-repair,Husband,White,Male,0,0,55,United-States,1
38,Private,82622,Some-college,10,Divorced,Craft-repair,Unmarried,White,Male,0,0,40,United-States,0
39,Private,111275,HS-grad,9,Married-civ-spouse,Craft-repair,Husband,White,Male,0,0,40,United-States,0
24,State-gov,413345,Some-college,10,Married-civ-spouse,Prof-specialty,Wife,White,Female,0,0,50,United-States,0
20,Private,192711,Some-college,10,Never-married,Handlers-cleaners,Own-child,White,Female,0,0,40,United-States,0
20,Private,145917,Some-college,10,Never-married,Adm-clerical,Own-child,White,Female,0,0,15,United-States,0
36,Private,218490,Assoc-acdm,12,Married-civ-spouse,Craft-repair,Husband,White,Male,0,0,35,United-States,0
59,Private,380357,Bachelors,13,Divorced,Exec-managerial,Not-in-family,White,Male,0,0,40,United-States,0
28,Self-emp-not-inc,204984,Bachelors,13,Never-married,Tech-support,Not-in-family,White,Male,0,0,45,United-States,0
70,Private,90245,HS-grad,9,Widowed,Adm-clerical,Unmarried,White,Female,0,0,5,United-States,0
45,Private,188386,HS-grad,9,Married-civ-spouse,Handlers-cleaners,Husband,White,Male,0,1628,45,United-States,0
21,Private,104981,Some-college,10,Never-married,Prof-specialty,Own-child,White,Male,0,0,48,United-States,0
59,Private,361494,HS-grad,9,Married-civ-spouse,Sales,Husband,White,Male,0,0,40,United-States,1
49,Self-emp-not-inc,126268,Bachelors,13,Married-civ-spouse,Craft-repair,Husband,White,Male,0,0,50,United-States,0
37,Private,314963,Some-college,10,Married-civ-spouse,Machine-op-inspct,Husband,White,Male,0,0,40,United-States,0
46,Private,128796,Bachelors,13,Married-civ-spouse,Exec-managerial,Husband,White,Male,0,0,44,United-States,1
51,Private,280093,HS-grad,9,Separated,Adm-clerical,Other-relative,White,Female,0,0,40,United-States,0
55,Private,52953,HS-grad,9,Divorced,Other-service,Unmarried,White,Female,0,0,40,United-States,0
46,Private,96552,Some-college,10,Divorced,Machine-op-inspct,Own-child,White,Female,0,0,17,United-States,0
19,Private,219189,12th,8,Never-married,Other-service,Own-child,White,Male,0,0,25,United-States,0
37,Private,497300,HS-grad,9,Never-married,Other-service,Unmarried,Black,Male,0,0,40,United-States,0
34,State-gov,227931,Some-college,10,Divorced,Adm-clerical,Not-in-family,White,Female,0,0,38,United-States,0
57,Private,185072,Some-college,10,Never-married,Adm-clerical,Other-relative,Black,Female,0,0,40,Jamaica,0
25,Local-gov,249214,Some-college,10,Never-married,Adm-clerical,Unmarried,Black,Female,0,0,40,United-States,0
39,Private,108069,Some-college,10,Never-married,Craft-repair,Unmarried,White,Female,0,0,40,United-States,0
28,Private,118861,10th,6,Married-civ-spouse,Craft-repair,Wife,Other,Female,0,0,48,Guatemala,0
27,Private,242207,Bachelors,13,Never-married,Tech-support,Own-child,White,Female,0,0,40,United-States,0
46,Private,52291,Bachelors,13,Married-civ-spouse,Prof-specialty,Husband,White,Male,7688,0,45,United-States,1
26,Private,280093,5th-6th,3,Married-civ-spouse,Craft-repair,Husband,White,Male,0,1628,50,United-States,0
42,Federal-gov,34218,Bachelors,13,Married-civ-spouse,Exec-managerial,Husband,White,Male,7298,0,50,United-States,1
54,Private,142169,HS-grad,9,Never-married,Handlers-cleaners,Own-child,White,Male,0,0,40,United-States,0
46,Private,330087,Bachelors,13,Married-civ-spouse,Exec-managerial,Husband,White,Male,15024,0,45,United-States,1
35,Private,417136,HS-grad,9,Divorced,Craft-repair,Unmarried,Black,Male,0,0,40,United-States,0
28,Local-gov,154863,HS-grad,9,Never-married,Protective-serv,Other-relative,Black,Male,0,1876,40,United-States,0
56,Private,365050,7th-8th,4,Never-married,Farming-fishing,Unmarried,Black,Female,0,0,20,United-States,0
61,Self-emp-not-inc,171840,HS-grad,9,Widowed,Prof-specialty,Unmarried,White,Female,0,0,16,United-States,0
52,Private,177858,HS-grad,9,Divorced,Craft-repair,Other-relative,White,Male,0,0,55,United-States,1
31,Local-gov,219883,HS-grad,9,Never-married,Protective-serv,Not-in-family,Black,Male,0,0,40,United-States,0
27,Private,165519,HS-grad,9,Married-civ-spouse,Craft-repair,Husband,White,Male,0,0,40,United-States,0
43,Private,115562,Bachelors,13,Married-civ-spouse,Prof-specialty,Husband,White,Male,0,0,42,United-States,1
23,Private,330571,Bachelors,13,Never-married,Adm-clerical,Own-child,White,Female,0,0,25,United-States,0
49,Private,265295,HS-grad,9,Never-married,Craft-repair,Not-in-family,White,Male,0,0,40,United-States,0
33,Private,232475,HS-grad,9,Married-civ-spouse,Craft-repair,Husband,White,Male,0,0,40,United-States,1
57,Private,257200,HS-grad,9,Married-civ-spouse,Machine-op-inspct,Husband,White,Male,0,0,40,United-States,0
56,Private,76142,HS-grad,9,Divorced,Other-service,Unmarried,White,Female,0,0,40,United-States,0
19,Private,209826,Some-college,10,Never-married,Sales,Own-child,White,Female,0,0,15,United-States,0
17,Private,140117,10th,6,Never-married,Sales,Own-child,White,Female,0,0,12,United-States,0
28,Private,136985,HS-grad,9,Married-civ-spouse,Other-service,Husband,White,Male,0,0,35,United-States,0
51,State-gov,196504,HS-grad,9,Divorced,Craft-repair,Unmarried,White,Male,0,0,38,United-States,0
38,State-gov,220421,Bachelors,13,Never-married,Exec-managerial,Not-in-family,White,Female,0,0,40,United-States,0
26,Private,55929,Bachelors,13,Never-married,Other-service,Not-in-family,White,Female,0,0,40,United-States,0
22,Private,201268,Bachelors,13,Never-married,Sales,Own-child,White,Female,0,0,15,United-States,0
49,Local-gov,98738,HS-grad,9,Married-civ-spouse,Craft-repair,Husband,White,Male,0,0,40,United-States,1
50,Private,124094,HS-grad,9,Married-civ-spouse,Craft-repair,Husband,White,Male,0,0,40,Poland,0
53,Local-gov,233734,Masters,14,Divorced,Prof-specialty,Not-in-family,Black,Female,0,0,40,United-States,1
26,Private,131686,Bachelors,13,Never-married,Prof-specialty,Not-in-family,White,Female,0,0,40,United-States,0
43,Private,273230,Some-college,10,Married-civ-spouse,Exec-managerial,Husband,White,Male,0,0,50,United-States,1
22,Private,374116,HS-grad,9,Never-married,Sales,Unmarried,White,Female,0,0,35,United-States,0
35,Private,44780,Some-college,10,Married-civ-spouse,Adm-clerical,Wife,White,Female,7688,0,20,United-States,1
28,Private,180007,Some-college,10,Never-married,Handlers-cleaners,Own-child,White,Male,0,0,40,United-States,0
40,Private,176286,HS-grad,9,Married-civ-spouse,Craft-repair,Husband,White,Male,0,0,40,United-States,0
43,Self-emp-not-inc,170230,Bachelors,13,Never-married,Sales,Not-in-family,White,Female,0,0,60,United-States,0
34,Private,189759,Bachelors,13,Married-civ-spouse,Exec-managerial,Husband,White,Male,0,1977,45,United-States,1
58,Private,172618,Prof-school,15,Married-civ-spouse,Prof-specialty,Husband,White,Male,0,0,45,United-States,1
46,Private,155654,HS-grad,9,Married-civ-spouse,Other-service,Wife,White,Female,0,0,40,United-States,0
54,Private,215990,HS-grad,9,Married-civ-spouse,Exec-managerial,Husband,White,Male,0,0,40,United-States,1
50,Private,192203,11th,7,Married-civ-spouse,Transport-moving,Husband,White,Male,0,0,40,United-States,0
48,State-gov,118330,Bachelors,13,Married-civ-spouse,Exec-managerial,Husband,White,Male,5178,0,40,United-States,1
31,Self-emp-not-inc,186420,Masters,14,Separated,Tech-support,Not-in-family,White,Female,0,0,25,United-States,0
38,Private,183800,Assoc-acdm,12,Married-civ-spouse,Adm-clerical,Husband,White,Male,0,0,40,United-States,0
47,Private,185385,HS-grad,9,Married-civ-spouse,Prof-specialty,Husband,White,Male,5013,0,24,United-States,0
36,Private,186865,Doctorate,16,Married-civ-spouse,Prof-specialty,Husband,White,Male,0,0,60,United-States,1
28,Private,308136,HS-grad,9,Never-married,Other-service,Own-child,White,Male,0,0,40,United-States,0
17,Private,242718,11th,7,Never-married,Sales,Own-child,White,Male,0,0,12,United-States,0
54,Federal-gov,332243,12th,8,Married-civ-spouse,Adm-clerical,Husband,White,Male,0,0,40,United-States,0
21,Private,26842,Some-college,10,Never-married,Sales,Not-in-family,White,Female,0,0,20,United-States,0
32,Private,113364,Some-college,10,Never-married,Adm-clerical,Not-in-family,White,Male,0,0,30,United-States,0
29,Private,131310,Assoc-acdm,12,Never-married,Sales,Own-child,White,Female,0,0,40,United-States,0
20,Private,219262,Some-college,10,Never-married,Sales,Own-child,White,Male,0,0,40,United-States,0
29,Private,84366,10th,6,Married-spouse-absent,Adm-clerical,Unmarried,White,Female,0,0,40,Mexico,0
52,Private,276515,Bachelors,13,Married-civ-spouse,Other-service,Husband,White,Male,0,0,40,Cuba,0
65,Local-gov,125768,Some-college,10,Divorced,Adm-clerical,Not-in-family,White,Female,0,0,28,United-States,0
28,Private,54042,Assoc-voc,11,Never-married,Other-service,Not-in-family,White,Female,2463,0,35,United-States,0
17,Private,168807,7th-8th,4,Never-married,Craft-repair,Not-in-family,White,Male,0,0,45,United-States,0
18,Private,334427,10th,6,Never-married,Farming-fishing,Own-child,White,Male,0,0,36,United-States,0
42,Local-gov,100793,Bachelors,13,Married-civ-spouse,Prof-specialty,Husband,White,Male,0,0,60,United-States,1
40,Private,34987,Bachelors,13,Never-married,Sales,Not-in-family,White,Male,0,0,53,United-States,0
24,Private,216469,HS-grad,9,Married-civ-spouse,Machine-op-inspct,Husband,White,Male,0,1579,50,United-States,0
30,Private,35644,11th,7,Married-civ-spouse,Handlers-cleaners,Husband,White,Male,0,0,50,United-States,0
24,Private,82777,HS-grad,9,Separated,Machine-op-inspct,Not-in-family,White,Male,0,0,40,United-States,0
32,Private,160594,Some-college,10,Never-married,Other-service,Own-child,White,Male,0,0,35,United-States,0
40,Self-emp-not-inc,89413,HS-grad,9,Married-civ-spouse,Craft-repair,Husband,White,Male,0,1672,40,United-States,0
53,Private,185846,HS-grad,9,Married-civ-spouse,Craft-repair,Husband,White,Male,0,0,40,United-States,0
48,Private,148995,Masters,14,Married-civ-spouse,Prof-specialty,Husband,White,Male,0,0,55,United-States,1
31,Private,452405,Preschool,1,Never-married,Other-service,Other-relative,White,Female,0,0,35,Mexico,0
45,Private,167617,Some-college,10,Married-civ-spouse,Other-service,Husband,White,Male,0,0,40,United-States,0
20,Private,131611,Some-college,10,Never-married,Adm-clerical,Own-child,White,Male,0,0,48,United-States,0
59,Self-emp-not-inc,75804,HS-grad,9,Married-civ-spouse,Farming-fishing,Husband,White,Male,0,0,65,United-States,1
55,Private,239404,10th,6,Married-civ-spouse,Transport-moving,Husband,Black,Male,0,0,45,United-States,0
63,Self-emp-inc,54052,Masters,14,Married-civ-spouse,Sales,Husband,White,Male,0,0,68,United-States,1
45,Self-emp-not-inc,40666,Assoc-voc,11,Married-civ-spouse,Farming-fishing,Husband,White,Male,0,0,60,United-States,0
34,Private,187251,HS-grad,9,Divorced,Prof-specialty,Unmarried,White,Female,0,0,25,United-States,0
82,Private,147729,5th-6th,3,Widowed,Other-service,Unmarried,White,Male,0,0,20,United-States,0
56,Local-gov,571017,Some-college,10,Married-civ-spouse,Adm-clerical,Wife,White,Female,0,0,15,United-States,0
54,Self-emp-not-inc,118365,10th,6,Divorced,Other-service,Not-in-family,Black,Female,0,0,10,United-States,0
30,Private,232356,Bachelors,13,Married-civ-spouse,Exec-managerial,Husband,White,Male,0,0,40,United-States,1
37,Self-emp-not-inc,149230,Assoc-voc,11,Never-married,Other-service,Own-child,White,Female,0,0,40,United-States,0
48,Self-emp-inc,192945,HS-grad,9,Married-civ-spouse,Exec-managerial,Husband,White,Male,7688,0,40,United-States,1
40,Local-gov,105717,Masters,14,Never-married,Adm-clerical,Not-in-family,White,Female,0,1876,35,United-States,0
40,Local-gov,27444,Bachelors,13,Never-married,Prof-specialty,Not-in-family,White,Male,0,0,50,United-States,1
22,Private,245524,12th,8,Never-married,Other-service,Not-in-family,White,Male,0,0,35,United-States,0
30,State-gov,242122,HS-grad,9,Separated,Adm-clerical,Unmarried,Black,Female,0,0,40,United-States,0
48,Self-emp-not-inc,324173,Assoc-voc,11,Divorced,Exec-managerial,Not-in-family,White,Female,0,0,50,United-States,0
45,Self-emp-inc,149865,Bachelors,13,Married-civ-spouse,Machine-op-inspct,Husband,White,Male,0,0,60,United-States,1
63,Private,50349,HS-grad,9,Widowed,Other-service,Not-in-family,White,Female,0,0,34,United-States,0
34,Private,124827,Assoc-voc,11,Never-married,Transport-moving,Own-child,White,Male,0,0,40,United-States,0
23,Private,70894,Assoc-acdm,12,Never-married,Craft-repair,Other-relative,White,Male,0,0,40,United-States,0
31,Private,263561,Masters,14,Married-civ-spouse,Exec-managerial,Husband,White,Male,0,0,40,United-States,1
33,Private,139057,Masters,14,Married-civ-spouse,Tech-support,Husband,Asian-Pac-Islander,Male,0,0,50,United-States,1
25,Private,282313,10th,6,Never-married,Handlers-cleaners,Own-child,Black,Male,0,1602,40,United-States,0
42,Private,248094,HS-grad,9,Married-civ-spouse,Transport-moving,Husband,White,Male,0,1740,43,United-States,0
23,Private,203924,Bachelors,13,Never-married,Prof-specialty,Not-in-family,White,Male,0,0,50,United-States,0
38,Private,439592,Some-college,10,Never-married,Other-service,Own-child,Black,Female,0,0,40,United-States,0
31,Private,225507,Assoc-voc,11,Never-married,Other-service,Unmarried,White,Female,0,0,40,United-States,0
58,Private,371064,HS-grad,9,Married-civ-spouse,Farming-fishing,Husband,White,Male,0,0,20,United-States,0
42,Private,112607,HS-grad,9,Married-civ-spouse,Craft-repair,Husband,White,Male,0,0,50,United-States,0
27,Local-gov,133495,HS-grad,9,Never-married,Prof-specialty,Own-child,White,Male,0,0,40,United-States,0
25,Private,222254,HS-grad,9,Never-married,Other-service,Not-in-family,Black,Female,0,0,40,United-States,0
41,Self-emp-not-inc,169023,Bachelors,13,Married-civ-spouse,Adm-clerical,Wife,White,Female,7688,0,40,United-States,1
49,Self-emp-inc,246739,Some-college,10,Married-civ-spouse,Craft-repair,Husband,White,Male,0,0,45,United-States,1
32,Private,177675,HS-grad,9,Never-married,Craft-repair,Own-child,White,Male,0,0,40,United-States,0
65,Federal-gov,325089,10th,6,Divorced,Craft-repair,Unmarried,White,Male,0,0,40,United-States,0
22,Private,82393,9th,5,Never-married,Handlers-cleaners,Own-child,Asian-Pac-Islander,Male,0,0,40,Philippines,0
21,Private,176356,Assoc-acdm,12,Never-married,Adm-clerical,Own-child,White,Female,0,0,20,United-States,0
33,State-gov,150657,Bachelors,13,Never-married,Prof-specialty,Other-relative,Black,Female,0,0,40,United-States,0
47,Local-gov,134671,Some-college,10,Married-civ-spouse,Exec-managerial,Husband,White,Male,0,0,40,United-States,0
59,Private,189664,Some-college,10,Married-civ-spouse,Sales,Husband,White,Male,0,0,40,United-States,0
60,Private,184183,HS-grad,9,Divorced,Machine-op-inspct,Not-in-family,White,Male,4650,0,40,United-States,0
24,Self-emp-not-inc,322931,7th-8th,4,Married-civ-spouse,Transport-moving,Husband,White,Male,0,1902,40,United-States,1
24,Private,137876,HS-grad,9,Never-married,Craft-repair,Own-child,White,Male,0,0,50,United-States,0
26,Private,202203,Bachelors,13,Never-married,Adm-clerical,Other-relative,White,Female,0,0,50,United-States,0
25,Private,176162,Bachelors,13,Never-married,Handlers-cleaners,Own-child,White,Male,0,0,40,United-States,0
20,Private,368852,Some-college,10,Never-married,Other-service,Own-child,White,Female,0,0,20,United-States,0
37,Private,123833,Some-college,10,Never-married,Sales,Not-in-family,White,Male,0,0,60,United-States,0
31,Private,53042,Some-college,10,Married-civ-spouse,Machine-op-inspct,Husband,Black,Male,0,0,40,Trinadad&Tobago,0
44,Private,106698,HS-grad,9,Divorced,Other-service,Unmarried,White,Female,0,0,40,United-States,0
21,Private,119156,HS-grad,9,Never-married,Craft-repair,Own-child,White,Male,0,0,40,United-States,0
23,Private,35633,Some-college,10,Never-married,Sales,Not-in-family,White,Male,0,0,40,United-States,0
27,Private,287476,HS-grad,9,Never-married,Craft-repair,Not-in-family,Black,Male,3325,0,40,United-States,0
45,Local-gov,166181,HS-grad,9,Divorced,Other-service,Own-child,Black,Female,0,0,40,United-States,0
29,Self-emp-inc,266070,Bachelors,13,Divorced,Prof-specialty,Not-in-family,White,Female,0,0,80,United-States,0
37,Private,312271,Masters,14,Divorced,Exec-managerial,Not-in-family,White,Male,0,0,65,United-States,0
51,Private,178241,HS-grad,9,Married-civ-spouse,Machine-op-inspct,Husband,Black,Male,0,0,40,United-States,1
27,Private,29261,Assoc-acdm,12,Never-married,Craft-repair,Unmarried,White,Male,0,0,40,United-States,0
34,Private,97723,Bachelors,13,Married-civ-spouse,Prof-specialty,Husband,White,Male,0,0,40,United-States,1
42,State-gov,222884,Bachelors,13,Divorced,Adm-clerical,Not-in-family,White,Male,0,0,40,United-States,0
52,Private,48925,Some-college,10,Married-civ-spouse,Adm-clerical,Husband,White,Male,0,0,40,United-States,0
23,Private,200207,HS-grad,9,Divorced,Handlers-cleaners,Own-child,White,Male,0,0,44,United-States,0
41,Local-gov,183009,HS-grad,9,Married-civ-spouse,Transport-moving,Husband,Black,Male,0,0,40,United-States,1
24,Private,424494,Bachelors,13,Married-civ-spouse,Prof-specialty,Husband,White,Male,0,0,30,United-States,0
38,Private,296212,Bachelors,13,Married-civ-spouse,Craft-repair,Husband,White,Male,0,0,45,United-States,0
25,State-gov,143062,HS-grad,9,Never-married,Adm-clerical,Own-child,White,Female,0,0,40,United-States,0
72,Private,225780,Doctorate,16,Never-married,Prof-specialty,Not-in-family,White,Male,0,0,30,United-States,0
38,Private,172538,Bachelors,13,Married-civ-spouse,Exec-managerial,Husband,White,Male,15024,0,50,United-States,1
41,Private,89226,HS-grad,9,Divorced,Craft-repair,Not-in-family,White,Male,0,0,40,United-States,0
39,Private,277886,Bachelors,13,Married-civ-spouse,Sales,Wife,White,Female,0,0,30,United-States,0
45,Private,198759,Doctorate,16,Married-civ-spouse,Exec-managerial,Husband,White,Male,0,0,60,United-States,0
61,Private,199198,7th-8th,4,Widowed,Other-service,Not-in-family,Black,Female,0,0,21,United-States,0
40,State-gov,150533,Bachelors,13,Married-civ-spouse,Prof-specialty,Other-relative,White,Male,0,0,40,United-States,0
23,Private,292023,HS-grad,9,Never-married,Exec-managerial,Not-in-family,White,Male,0,0,45,United-States,0
65,Private,350498,Bachelors,13,Married-civ-spouse,Adm-clerical,Husband,White,Male,10605,0,20,United-States,1
61,Private,202952,10th,6,Divorced,Other-service,Not-in-family,Black,Female,0,0,24,United-States,0
25,Private,130302,HS-grad,9,Married-civ-spouse,Machine-op-inspct,Husband,White,Male,0,0,40,United-States,0
49,Private,129640,HS-grad,9,Never-married,Other-service,Not-in-family,White,Female,0,0,40,United-States,0
54,Private,213092,HS-grad,9,Divorced,Other-service,Not-in-family,White,Female,0,0,40,United-States,0
19,Private,166153,HS-grad,9,Never-married,Sales,Own-child,White,Female,0,0,30,United-States,0
31,Private,130620,11th,7,Married-spouse-absent,Sales,Own-child,Asian-Pac-Islander,Female,0,0,40,India,0
52,Private,76860,HS-grad,9,Married-civ-spouse,Handlers-cleaners,Husband,Asian-Pac-Islander,Male,0,0,8,Philippines,0
45,Self-emp-inc,121124,Prof-school,15,Never-married,Craft-repair,Not-in-family,White,Male,0,0,50,United-States,1
20,Private,217807,Some-college,10,Never-married,Handlers-cleaners,Own-child,White,Male,0,0,35,United-States,0
24,Private,306460,HS-grad,9,Never-married,Farming-fishing,Unmarried,White,Male,0,0,40,United-States,0
31,Private,204052,HS-grad,9,Married-civ-spouse,Handlers-cleaners,Husband,White,Male,0,0,40,United-States,0
33,Self-emp-not-inc,33404,HS-grad,9,Divorced,Craft-repair,Not-in-family,White,Male,0,0,65,United-States,1
46,Local-gov,167159,Some-college,10,Married-civ-spouse,Protective-serv,Husband,White,Male,0,0,70,United-States,1
22,Private,145477,HS-grad,9,Never-married,Handlers-cleaners,Own-child,Amer-Indian-Eskimo,Male,0,0,40,United-States,0
66,Self-emp-not-inc,28061,7th-8th,4,Widowed,Farming-fishing,Unmarried,White,Male,0,0,50,United-States,0
27,State-gov,28848,Bachelors,13,Never-married,Prof-specialty,Not-in-family,White,Male,0,0,9,United-States,0
57,State-gov,111224,Bachelors,13,Divorced,Machine-op-inspct,Not-in-family,Black,Male,0,0,39,United-States,0
24,Private,38455,Some-college,10,Never-married,Craft-repair,Not-in-family,White,Male,0,0,40,United-States,0
61,Private,146788,7th-8th,4,Married-civ-spouse,Transport-moving,Husband,White,Male,0,0,40,United-States,0
35,Private,208106,HS-grad,9,Married-civ-spouse,Sales,Husband,White,Male,0,0,40,Ecuador,0
49,Private,99361,Prof-school,15,Married-civ-spouse,Prof-specialty,Husband,White,Male,0,0,45,United-States,0
27,Private,139209,HS-grad,9,Never-married,Machine-op-inspct,Unmarried,Black,Female,0,0,40,United-States,0
36,Private,130589,Some-college,10,Divorced,Exec-managerial,Not-in-family,White,Male,0,0,45,United-States,0
32,Private,155781,Some-college,10,Married-civ-spouse,Handlers-cleaners,Husband,White,Male,0,0,40,United-States,0
49,Self-emp-not-inc,130206,HS-grad,9,Divorced,Other-service,Not-in-family,White,Female,0,0,40,United-States,0
44,Local-gov,202872,Some-college,10,Divorced,Prof-specialty,Unmarried,White,Female,0,0,25,United-States,0
41,State-gov,109762,Masters,14,Never-married,Prof-specialty,Not-in-family,White,Male,0,0,40,United-States,0
43,Private,250802,Some-college,10,Divorced,Craft-repair,Unmarried,White,Male,0,0,35,United-States,0
32,Private,343789,HS-grad,9,Married-civ-spouse,Machine-op-inspct,Husband,White,Male,5013,0,55,United-States,0
50,Private,69345,Assoc-voc,11,Married-civ-spouse,Transport-moving,Husband,White,Male,3103,0,55,United-States,1
65,Private,205309,HS-grad,9,Married-civ-spouse,Farming-fishing,Husband,White,Male,0,0,24,United-States,0
21,Private,204641,Some-college,10,Never-married,Other-service,Own-child,White,Male,0,0,40,United-States,0
42,Private,194537,HS-grad,9,Divorced,Machine-op-inspct,Unmarried,White,Female,0,0,40,United-States,0
27,Private,168470,Bachelors,13,Never-married,Exec-managerial,Not-in-family,White,Male,0,0,40,United-States,0
33,Private,376483,Bachelors,13,Married-civ-spouse,Adm-clerical,Wife,Black,Female,0,0,30,United-States,0
29,Private,196971,Bachelors,13,Never-married,Prof-specialty,Own-child,White,Female,0,0,72,United-States,0
34,Private,299635,Masters,14,Married-civ-spouse,Exec-managerial,Husband,White,Male,0,1902,50,United-States,1
56,Local-gov,238582,Some-college,10,Married-civ-spouse,Craft-repair,Husband,White,Male,0,0,41,United-States,1
30,Private,174201,Some-college,10,Never-married,Craft-repair,Own-child,White,Male,0,0,40,United-States,0
39,Self-emp-inc,124685,Masters,14,Divorced,Exec-managerial,Not-in-family,Asian-Pac-Islander,Male,0,0,99,Japan,1
39,Private,255027,Assoc-voc,11,Divorced,Exec-managerial,Unmarried,Black,Female,0,0,40,United-States,0
47,Self-emp-not-inc,33300,Assoc-acdm,12,Never-married,Farming-fishing,Other-relative,White,Male,10520,0,45,United-States,1
26,Private,161007,Bachelors,13,Never-married,Adm-clerical,Own-child,White,Male,0,0,30,United-States,0
52,Private,174752,HS-grad,9,Married-civ-spouse,Sales,Husband,White,Male,0,0,60,United-States,1
44,Private,173981,HS-grad,9,Married-civ-spouse,Craft-repair,Husband,White,Male,0,0,40,United-States,0
46,Private,353219,9th,5,Divorced,Other-service,Unmarried,White,Female,0,0,40,United-States,0
40,Private,137421,HS-grad,9,Married-civ-spouse,Transport-moving,Husband,Asian-Pac-Islander,Male,0,0,60,Trinadad&Tobago,0
63,Private,30813,Masters,14,Married-civ-spouse,Prof-specialty,Husband,White,Male,0,0,50,United-States,1
22,Self-emp-not-inc,197387,HS-grad,9,Never-married,Farming-fishing,Own-child,White,Male,0,0,40,United-States,0
27,Private,244315,HS-grad,9,Divorced,Craft-repair,Other-relative,Other,Male,0,0,40,United-States,0
18,Private,164441,Some-college,10,Never-married,Adm-clerical,Own-child,White,Female,0,0,38,United-States,0
40,Private,382499,HS-grad,9,Divorced,Adm-clerical,Unmarried,White,Female,0,0,50,United-States,0
39,Private,370585,HS-grad,9,Separated,Machine-op-inspct,Not-in-family,Black,Male,0,0,40,United-States,0
44,Self-emp-inc,56236,Some-college,10,Never-married,Exec-managerial,Not-in-family,Black,Male,2202,0,45,United-States,0
41,Private,130126,Prof-school,15,Married-civ-spouse,Prof-specialty,Husband,White,Male,0,0,80,United-States,1
44,Self-emp-not-inc,35166,Bachelors,13,Married-civ-spouse,Farming-fishing,Husband,White,Male,0,0,90,United-States,0
51,Private,102615,Masters,14,Married-civ-spouse,Protective-serv,Husband,White,Male,0,1977,40,United-States,1
32,Private,362259,Bachelors,13,Never-married,Exec-managerial,Not-in-family,White,Female,0,0,40,United-States,0
57,Private,183810,Some-college,10,Married-civ-spouse,Prof-specialty,Husband,White,Male,0,0,40,United-States,1
23,Self-emp-inc,306868,Bachelors,13,Never-married,Farming-fishing,Not-in-family,White,Male,0,0,40,United-States,0
17,Private,160968,11th,7,Never-married,Adm-clerical,Own-child,White,Male,0,0,16,United-States,0
28,Local-gov,207213,Assoc-acdm,12,Never-married,Craft-repair,Own-child,White,Male,0,0,5,United-States,0
65,Local-gov,24824,HS-grad,9,Married-civ-spouse,Craft-repair,Husband,White,Male,0,0,40,United-States,0
32,Private,113838,Some-college,10,Married-civ-spouse,Handlers-cleaners,Husband,White,Male,0,0,40,United-States,0
32,State-gov,131588,Some-college,10,Never-married,Tech-support,Unmarried,Black,Female,0,0,20,United-States,0
43,Local-gov,163434,Bachelors,13,Married-civ-spouse,Protective-serv,Husband,White,Male,0,0,55,United-States,1
73,Self-emp-not-inc,143833,12th,8,Married-civ-spouse,Farming-fishing,Husband,White,Male,0,0,18,United-States,0
46,Private,102308,HS-grad,9,Married-civ-spouse,Handlers-cleaners,Husband,White,Male,0,0,56,United-States,1
45,Private,158685,HS-grad,9,Separated,Sales,Not-in-family,White,Female,0,0,40,United-States,0
17,Private,242773,11th,7,Never-married,Other-service,Own-child,White,Female,0,0,20,United-States,0
36,Private,326886,HS-grad,9,Married-civ-spouse,Craft-repair,Husband,White,Male,0,0,40,United-States,1
34,Self-emp-inc,114733,Assoc-acdm,12,Married-civ-spouse,Adm-clerical,Wife,White,Female,0,0,36,United-States,0
52,Private,306108,HS-grad,9,Married-civ-spouse,Machine-op-inspct,Husband,White,Male,0,0,40,United-States,0
35,Private,200153,Masters,14,Married-civ-spouse,Exec-managerial,Husband,White,Male,0,0,45,United-States,1
39,Private,165235,Bachelors,13,Separated,Prof-specialty,Unmarried,Asian-Pac-Islander,Female,0,0,40,Philippines,1
67,Private,105252,Masters,14,Married-civ-spouse,Exec-managerial,Husband,White,Male,0,0,40,United-States,1
37,Local-gov,196529,Masters,14,Married-civ-spouse,Prof-specialty,Wife,White,Female,0,0,45,United-States,1
27,Private,73587,HS-grad,9,Never-married,Handlers-cleaners,Not-in-family,Black,Male,0,0,35,United-States,0
46,Private,459189,Some-college,10,Married-civ-spouse,Craft-repair,Husband,White,Male,0,1902,50,United-States,1
57,Private,191318,Masters,14,Married-civ-spouse,Prof-specialty,Husband,White,Male,0,0,40,United-States,1
31,Federal-gov,334346,Bachelors,13,Married-civ-spouse,Exec-managerial,Husband,White,Male,0,0,40,United-States,1
59,Private,515712,7th-8th,4,Married-civ-spouse,Craft-repair,Husband,White,Male,0,0,40,United-States,0
24,Private,37072,Some-college,10,Never-married,Craft-repair,Not-in-family,White,Male,0,0,40,United-States,0
37,Private,197429,HS-grad,9,Married-civ-spouse,Handlers-cleaners,Husband,White,Male,0,0,45,United-States,1
22,Private,43646,HS-grad,9,Married-civ-spouse,Craft-repair,Own-child,White,Male,0,0,40,United-States,0
24,Private,228960,Assoc-acdm,12,Never-married,Adm-clerical,Own-child,White,Female,0,0,40,United-States,0
36,Local-gov,410034,Bachelors,13,Married-civ-spouse,Prof-specialty,Husband,White,Male,0,1887,40,United-States,1
24,Private,183594,HS-grad,9,Never-married,Adm-clerical,Other-relative,White,Male,0,0,40,United-States,0
27,Private,302406,Masters,14,Married-civ-spouse,Prof-specialty,Husband,White,Male,0,0,55,United-States,0
29,Private,130620,Some-college,10,Married-spouse-absent,Sales,Own-child,Asian-Pac-Islander,Female,0,0,26,India,0
34,Private,196385,Assoc-voc,11,Married-civ-spouse,Exec-managerial,Husband,White,Male,0,0,40,United-States,0
23,Private,189924,Some-college,10,Never-married,Other-service,Own-child,White,Female,0,0,40,United-States,0
28,State-gov,19395,Some-college,10,Never-married,Adm-clerical,Not-in-family,White,Female,0,0,38,United-States,0
31,State-gov,350651,12th,8,Married-civ-spouse,Tech-support,Wife,White,Female,0,0,40,United-States,1
26,Private,101812,HS-grad,9,Never-married,Machine-op-inspct,Unmarried,White,Male,5721,0,40,United-States,0
49,Private,188694,Bachelors,13,Never-married,Exec-managerial,Not-in-family,White,Male,0,0,40,United-States,1
55,Self-emp-not-inc,308746,Prof-school,15,Widowed,Prof-specialty,Not-in-family,White,Male,0,0,55,United-States,1
19,Private,71650,HS-grad,9,Never-married,Farming-fishing,Own-child,White,Male,0,0,40,United-States,0
31,Self-emp-inc,133861,Assoc-voc,11,Divorced,Sales,Not-in-family,White,Male,0,0,40,United-States,0
24,Private,50400,Some-college,10,Married-civ-spouse,Sales,Husband,Amer-Indian-Eskimo,Male,0,0,40,United-States,0
35,Private,202950,HS-grad,9,Married-civ-spouse,Exec-managerial,Husband,White,Male,0,0,55,Iran,1
51,Private,269080,7th-8th,4,Widowed,Other-service,Unmarried,Black,Female,0,0,40,United-States,0
25,Private,178037,HS-grad,9,Never-married,Sales,Unmarried,White,Male,0,0,40,United-States,0
37,Self-emp-not-inc,107737,HS-grad,9,Married-civ-spouse,Craft-repair,Husband,White,Male,0,0,45,United-States,0
21,Private,301199,Some-college,10,Never-married,Machine-op-inspct,Own-child,White,Female,0,0,40,United-States,0
18,Private,57413,Some-college,10,Divorced,Other-service,Own-child,White,Male,0,0,15,United-States,0
34,Self-emp-not-inc,182714,Bachelors,13,Never-married,Prof-specialty,Not-in-family,White,Female,0,0,55,United-States,1
40,Private,199303,HS-grad,9,Married-civ-spouse,Craft-repair,Husband,White,Male,0,0,40,United-States,0
28,Private,246595,HS-grad,9,Never-married,Craft-repair,Own-child,White,Male,0,0,70,United-States,0
37,Private,80410,11th,7,Married-civ-spouse,Other-service,Husband,White,Male,0,0,40,United-States,0
37,Private,161141,HS-grad,9,Never-married,Handlers-cleaners,Not-in-family,White,Male,0,0,40,United-States,0
43,Local-gov,247514,Masters,14,Divorced,Prof-specialty,Unmarried,White,Male,0,0,40,United-States,0
43,Local-gov,227734,Assoc-voc,11,Married-civ-spouse,Transport-moving,Husband,White,Male,0,0,22,United-States,0
29,Private,277788,Some-college,10,Married-civ-spouse,Sales,Wife,White,Female,0,0,25,United-States,0
39,Federal-gov,32312,Bachelors,13,Never-married,Prof-specialty,Not-in-family,White,Female,0,0,60,United-States,0
21,Private,82497,Some-college,10,Never-married,Other-service,Not-in-family,White,Female,0,0,30,United-States,0
39,Private,272338,HS-grad,9,Married-civ-spouse,Adm-clerical,Wife,White,Female,0,0,25,United-States,0
59,Self-emp-not-inc,98418,HS-grad,9,Married-civ-spouse,Farming-fishing,Husband,White,Male,0,0,20,United-States,0
50,Private,200618,Assoc-acdm,12,Divorced,Craft-repair,Not-in-family,White,Male,0,0,40,United-States,0
36,Private,160192,HS-grad,9,Never-married,Other-service,Not-in-family,White,Male,0,0,40,United-States,0
48,Private,141511,Masters,14,Married-civ-spouse,Exec-managerial,Husband,White,Male,0,0,40,United-States,1
43,Self-emp-not-inc,99203,Assoc-voc,11,Married-civ-spouse,Craft-repair,Husband,White,Male,0,0,40,United-States,0
46,Private,234690,HS-grad,9,Married-civ-spouse,Sales,Husband,White,Male,0,0,40,United-States,0
43,Private,43945,Some-college,10,Married-civ-spouse,Craft-repair,Husband,White,Male,0,0,40,United-States,1
28,State-gov,175325,HS-grad,9,Married-civ-spouse,Protective-serv,Husband,White,Male,0,0,40,United-States,0
27,Local-gov,199343,HS-grad,9,Married-civ-spouse,Adm-clerical,Husband,White,Male,0,0,38,United-States,0
29,Private,154411,Assoc-voc,11,Never-married,Tech-support,Own-child,White,Male,0,0,40,United-States,0
60,State-gov,358893,Bachelors,13,Divorced,Prof-specialty,Not-in-family,White,Female,0,2339,40,United-States,0
67,Private,158301,HS-grad,9,Divorced,Transport-moving,Not-in-family,White,Male,0,0,60,United-States,0
38,State-gov,103925,HS-grad,9,Divorced,Other-service,Unmarried,White,Female,2036,0,20,United-States,0
33,Private,125856,HS-grad,9,Married-civ-spouse,Craft-repair,Husband,White,Male,0,0,40,United-States,0
58,Private,236596,HS-grad,9,Married-civ-spouse,Adm-clerical,Husband,White,Male,0,0,45,United-States,1
28,Private,38918,Some-college,10,Married-civ-spouse,Craft-repair,Husband,White,Male,0,0,50,Germany,1
37,Private,305597,Bachelors,13,Married-civ-spouse,Prof-specialty,Husband,White,Male,0,0,45,United-States,1
38,Private,260997,Some-college,10,Married-civ-spouse,Machine-op-inspct,Husband,Black,Male,0,0,40,United-States,0
28,Private,478315,Bachelors,13,Never-married,Prof-specialty,Own-child,Black,Female,0,0,40,United-States,0
58,Private,81038,Some-college,10,Married-civ-spouse,Sales,Husband,White,Male,0,0,12,United-States,0
20,Self-emp-not-inc,217404,10th,6,Never-married,Machine-op-inspct,Own-child,White,Male,0,0,40,United-States,0
23,Private,38238,Bachelors,13,Never-married,Other-service,Own-child,White,Male,0,0,40,United-States,0
28,Private,132686,Some-college,10,Married-civ-spouse,Exec-managerial,Husband,White,Male,0,0,40,United-States,1
45,Private,168837,Some-college,10,Married-civ-spouse,Adm-clerical,Wife,White,Female,0,0,24,Canada,1
35,Private,268620,HS-grad,9,Divorced,Other-service,Not-in-family,White,Female,0,0,45,United-States,0
27,Private,209292,HS-grad,9,Never-married,Sales,Other-relative,Black,Female,0,0,32,Dominican-Republic,0
21,State-gov,184678,Some-college,10,Never-married,Adm-clerical,Own-child,White,Female,0,0,35,United-States,0
22,Private,325033,12th,8,Never-married,Protective-serv,Own-child,Black,Male,0,0,35,United-States,0
35,State-gov,154410,Some-college,10,Never-married,Farming-fishing,Own-child,White,Male,0,0,40,United-States,0
27,Private,104917,Assoc-voc,11,Married-civ-spouse,Craft-repair,Husband,White,Male,0,0,40,United-States,0
39,Private,176335,Masters,14,Married-civ-spouse,Exec-managerial,Husband,White,Male,7688,0,65,United-States,1
31,Private,80511,Assoc-acdm,12,Divorced,Tech-support,Not-in-family,White,Female,0,0,44,United-States,0
23,Private,336360,7th-8th,4,Never-married,Craft-repair,Own-child,Black,Male,0,0,40,United-States,0
19,Federal-gov,234151,HS-grad,9,Never-married,Adm-clerical,Unmarried,Black,Female,0,0,40,United-States,0
69,Self-emp-not-inc,128206,HS-grad,9,Married-civ-spouse,Tech-support,Husband,White,Male,0,0,30,United-States,0
26,Local-gov,104614,Bachelors,13,Never-married,Prof-specialty,Own-child,White,Female,0,0,40,United-States,0
46,Self-emp-inc,98929,Bachelors,13,Married-civ-spouse,Sales,Husband,White,Male,0,0,52,United-States,0
33,Private,159888,11th,7,Married-civ-spouse,Craft-repair,Husband,White,Male,0,0,40,United-States,0
45,Private,194698,Some-college,10,Married-civ-spouse,Craft-repair,Husband,White,Male,0,0,40,United-States,1
48,Private,38950,HS-grad,9,Married-civ-spouse,Tech-support,Husband,White,Male,0,0,89,United-States,0
35,Private,275364,Bachelors,13,Divorced,Tech-support,Unmarried,White,Male,7430,0,40,Germany,1
21,Private,109667,Some-college,10,Never-married,Other-service,Own-child,White,Male,0,0,40,United-States,0
50,Self-emp-not-inc,143730,Bachelors,13,Married-civ-spouse,Farming-fishing,Husband,White,Male,0,0,80,United-States,0
43,Self-emp-inc,196945,HS-grad,9,Married-civ-spouse,Other-service,Husband,Asian-Pac-Islander,Male,0,0,78,Thailand,0
61,Private,477209,7th-8th,4,Married-civ-spouse,Farming-fishing,Husband,White,Male,0,0,54,United-States,0
39,Private,219155,HS-grad,9,Married-civ-spouse,Machine-op-inspct,Husband,White,Male,0,0,43,United-States,0
38,Private,103925,HS-grad,9,Never-married,Adm-clerical,Unmarried,White,Female,0,0,35,United-States,0
26,State-gov,158963,Masters,14,Never-married,Exec-managerial,Not-in-family,White,Female,0,0,40,United-States,0
49,Private,61307,7th-8th,4,Married-civ-spouse,Machine-op-inspct,Husband,Other,Male,0,0,38,United-States,0
29,Private,180299,Some-college,10,Married-civ-spouse,Transport-moving,Husband,White,Male,0,0,35,United-States,0
63,Private,145212,HS-grad,9,Divorced,Exec-managerial,Not-in-family,White,Female,0,0,40,United-States,0
44,Private,191814,Some-college,10,Married-civ-spouse,Prof-specialty,Husband,White,Male,0,0,45,United-States,1
46,Private,324601,1st-4th,2,Separated,Machine-op-inspct,Own-child,White,Female,0,0,40,Guatemala,0
36,Private,373952,10th,6,Married-civ-spouse,Machine-op-inspct,Husband,White,Male,0,0,40,United-States,0
34,Self-emp-inc,198613,HS-grad,9,Married-civ-spouse,Exec-managerial,Husband,White,Male,0,2002,40,United-States,0
31,Private,316672,HS-grad,9,Never-married,Other-service,Unmarried,White,Female,0,0,40,Mexico,0
44,Private,247880,Assoc-voc,11,Divorced,Exec-managerial,Not-in-family,White,Male,8614,0,40,United-States,1
28,Private,96219,Bachelors,13,Married-civ-spouse,Other-service,Wife,White,Female,0,0,15,United-States,0
29,Private,167716,HS-grad,9,Divorced,Other-service,Unmarried,White,Female,0,0,99,United-States,0
54,Private,231482,Bachelors,13,Married-civ-spouse,Exec-managerial,Husband,White,Male,0,0,40,United-States,0
31,Private,109055,HS-grad,9,Married-civ-spouse,Farming-fishing,Husband,White,Male,3137,0,45,United-States,0
35,Private,31023,Bachelors,13,Married-civ-spouse,Sales,Husband,White,Male,0,0,45,United-States,0
38,Self-emp-inc,199346,Some-college,10,Married-civ-spouse,Exec-managerial,Wife,White,Female,0,0,45,United-States,0
33,Private,323069,Assoc-voc,11,Divorced,Other-service,Unmarried,White,Female,0,0,40,United-States,0
42,Private,194636,Bachelors,13,Married-civ-spouse,Prof-specialty,Husband,White,Male,0,0,45,United-States,1
25,Private,462869,HS-grad,9,Never-married,Handlers-cleaners,Other-relative,White,Male,0,0,40,Mexico,0
42,Self-emp-not-inc,24763,Doctorate,16,Married-civ-spouse,Prof-specialty,Husband,White,Male,15024,0,40,United-States,1
19,Private,278304,Some-college,10,Never-married,Other-service,Own-child,White,Female,0,0,15,United-States,0
42,Federal-gov,158926,Assoc-acdm,12,Divorced,Prof-specialty,Unmarried,Asian-Pac-Islander,Female,0,0,40,Philippines,1
24,Private,276851,HS-grad,9,Divorced,Protective-serv,Own-child,White,Female,0,1762,40,United-States,0
41,Private,222142,HS-grad,9,Married-civ-spouse,Machine-op-inspct,Husband,White,Male,0,0,40,United-States,0
30,Private,243190,Prof-school,15,Married-civ-spouse,Prof-specialty,Husband,Asian-Pac-Islander,Male,0,0,20,India,1
55,Self-emp-inc,124137,Prof-school,15,Married-civ-spouse,Prof-specialty,Husband,White,Male,0,2415,35,Greece,1
56,Private,91905,HS-grad,9,Married-civ-spouse,Sales,Wife,White,Female,0,0,4,United-States,0
25,Private,216010,Assoc-acdm,12,Married-civ-spouse,Adm-clerical,Wife,White,Female,0,0,40,United-States,0
43,State-gov,134782,Assoc-acdm,12,Married-spouse-absent,Other-service,Unmarried,White,Female,0,0,30,United-States,0
46,Private,133938,Masters,14,Divorced,Exec-managerial,Not-in-family,White,Female,27828,0,50,United-States,1
37,Private,232614,HS-grad,9,Divorced,Other-service,Unmarried,Black,Female,0,0,30,United-States,0
58,Private,175127,12th,8,Married-civ-spouse,Transport-moving,Other-relative,White,Male,0,0,40,United-States,0
70,Self-emp-inc,243436,9th,5,Divorced,Sales,Not-in-family,White,Male,0,0,45,United-States,0
26,Private,189219,Assoc-acdm,12,Never-married,Adm-clerical,Not-in-family,White,Female,0,0,8,United-States,0
45,Private,187581,Some-college,10,Married-civ-spouse,Craft-repair,Husband,White,Male,0,0,40,United-States,1
43,Federal-gov,105936,Assoc-voc,11,Never-married,Prof-specialty,Not-in-family,White,Female,13550,0,40,United-States,1
55,Private,28735,HS-grad,9,Divorced,Adm-clerical,Unmarried,Amer-Indian-Eskimo,Female,0,0,45,United-States,0
42,Private,384236,Masters,14,Married-civ-spouse,Prof-specialty,Husband,White,Male,7688,0,40,United-States,1
43,Local-gov,269733,HS-grad,9,Separated,Other-service,Not-in-family,White,Male,0,0,40,United-States,0
35,Private,99357,Bachelors,13,Married-civ-spouse,Exec-managerial,Wife,White,Female,0,1977,30,United-States,1
29,Private,255476,7th-8th,4,Never-married,Handlers-cleaners,Own-child,White,Male,0,0,30,Mexico,0
39,Private,85319,Prof-school,15,Married-civ-spouse,Prof-specialty,Wife,White,Female,7688,0,60,United-States,1
38,Private,185848,Masters,14,Married-civ-spouse,Exec-managerial,Husband,White,Male,99999,0,70,United-States,1
20,State-gov,215443,Some-college,10,Never-married,Craft-repair,Own-child,White,Male,0,0,38,United-States,0
69,State-gov,50468,Prof-school,15,Married-civ-spouse,Adm-clerical,Husband,White,Male,0,0,34,United-States,1
33,Local-gov,190290,Assoc-voc,11,Never-married,Protective-serv,Not-in-family,White,Male,0,0,56,United-States,0
66,Self-emp-inc,249043,Bachelors,13,Married-civ-spouse,Sales,Husband,White,Male,5556,0,26,United-States,1
64,Private,61892,HS-grad,9,Widowed,Priv-house-serv,Not-in-family,White,Female,0,0,15,United-States,0
18,Private,78045,11th,7,Married-civ-spouse,Handlers-cleaners,Own-child,White,Male,0,0,40,United-States,0
56,Self-emp-not-inc,176280,HS-grad,9,Divorced,Other-service,Not-in-family,White,Male,0,0,50,United-States,0
32,Private,123964,Some-college,10,Married-civ-spouse,Sales,Husband,White,Male,4386,0,50,United-States,0
18,Private,426895,12th,8,Never-married,Farming-fishing,Own-child,White,Male,0,0,55,United-States,0
48,Private,159854,1st-4th,2,Married-civ-spouse,Other-service,Husband,White,Male,0,0,40,United-States,0
46,Private,203039,Bachelors,13,Married-civ-spouse,Sales,Husband,White,Male,0,0,48,United-States,0
38,Private,205359,11th,7,Married-civ-spouse,Adm-clerical,Wife,White,Female,0,0,32,United-States,0
33,State-gov,313729,Masters,14,Never-married,Prof-specialty,Not-in-family,White,Male,0,0,60,United-States,0
52,Private,141301,HS-grad,9,Divorced,Machine-op-inspct,Not-in-family,White,Female,0,0,40,United-States,0
51,Private,290856,HS-grad,9,Married-civ-spouse,Adm-clerical,Husband,White,Male,0,0,40,United-States,1
42,Private,157425,Bachelors,13,Divorced,Exec-managerial,Unmarried,White,Female,0,0,45,United-States,0
31,Private,120672,11th,7,Divorced,Handlers-cleaners,Other-relative,Black,Male,0,1721,40,United-States,0
39,Private,327435,Bachelors,13,Married-civ-spouse,Prof-specialty,Wife,White,Female,0,0,36,United-States,1
45,Self-emp-not-inc,149218,Bachelors,13,Married-civ-spouse,Farming-fishing,Husband,White,Male,0,0,77,United-States,0
19,Private,206399,HS-grad,9,Never-married,Machine-op-inspct,Own-child,Black,Female,0,0,40,United-States,0
26,Private,214413,Some-college,10,Never-married,Craft-repair,Own-child,White,Male,0,0,40,United-States,0
40,Private,200496,Bachelors,13,Separated,Sales,Not-in-family,White,Male,0,0,40,United-States,0
32,Private,329993,Some-college,10,Married-civ-spouse,Transport-moving,Husband,White,Male,0,0,50,United-States,0
31,Private,209101,Prof-school,15,Married-civ-spouse,Prof-specialty,Husband,White,Male,0,0,25,United-States,1
30,Private,287908,HS-grad,9,Married-civ-spouse,Machine-op-inspct,Husband,Black,Male,0,0,40,United-States,0
44,Private,35910,Bachelors,13,Married-civ-spouse,Exec-managerial,Husband,White,Male,0,1902,56,United-States,1
19,Private,292590,HS-grad,9,Married-civ-spouse,Sales,Other-relative,White,Female,0,0,25,United-States,0
51,Private,124963,Bachelors,13,Married-civ-spouse,Sales,Husband,White,Male,0,0,40,United-States,1
28,Private,124680,Bachelors,13,Never-married,Exec-managerial,Not-in-family,White,Female,6849,0,60,United-States,0
33,Private,261511,HS-grad,9,Married-civ-spouse,Craft-repair,Husband,White,Male,0,0,40,United-States,0
21,Private,351084,HS-grad,9,Never-married,Adm-clerical,Not-in-family,White,Female,0,0,40,United-States,0
29,Private,59732,HS-grad,9,Married-civ-spouse,Craft-repair,Husband,Amer-Indian-Eskimo,Male,0,0,40,United-States,0
61,Self-emp-not-inc,268831,HS-grad,9,Married-civ-spouse,Sales,Husband,White,Male,0,0,53,United-States,0
26,Private,53209,HS-grad,9,Never-married,Other-service,Own-child,White,Male,0,0,40,United-States,0
64,Federal-gov,271550,Some-college,10,Married-civ-spouse,Transport-moving,Husband,White,Male,0,0,40,United-States,1
33,Self-emp-not-inc,202729,Bachelors,13,Married-civ-spouse,Craft-repair,Husband,White,Male,0,0,40,United-States,1
43,Private,59107,HS-grad,9,Separated,Other-service,Not-in-family,White,Female,4101,0,40,United-States,0
18,Private,152545,HS-grad,9,Never-married,Other-service,Own-child,White,Female,0,0,8,United-States,0
19,Private,43285,Some-college,10,Never-married,Adm-clerical,Own-child,White,Female,0,0,20,United-States,0
62,Private,92178,10th,6,Married-civ-spouse,Machine-op-inspct,Husband,White,Male,0,0,40,United-States,0
36,Local-gov,59313,Some-college,10,Separated,Adm-clerical,Own-child,Black,Male,0,0,40,United-States,0
33,Self-emp-inc,139057,HS-grad,9,Married-civ-spouse,Exec-managerial,Husband,Asian-Pac-Islander,Male,0,0,84,Taiwan,1
68,Private,107910,HS-grad,9,Never-married,Sales,Not-in-family,White,Female,0,0,40,United-States,0
37,Private,282951,HS-grad,9,Married-civ-spouse,Prof-specialty,Husband,White,Male,0,0,40,United-States,0
59,Private,193895,Some-college,10,Widowed,Adm-clerical,Not-in-family,White,Female,0,0,35,United-States,0
35,Private,339772,HS-grad,9,Married-civ-spouse,Handlers-cleaners,Husband,Black,Male,0,0,40,United-States,0
44,Private,210525,Bachelors,13,Married-civ-spouse,Prof-specialty,Husband,White,Male,0,0,40,United-States,1
44,Self-emp-inc,133060,Some-college,10,Divorced,Machine-op-inspct,Not-in-family,White,Male,0,0,60,United-States,0
24,Private,236696,HS-grad,9,Married-civ-spouse,Handlers-cleaners,Own-child,White,Male,0,0,35,United-States,0
17,Private,114798,10th,6,Never-married,Other-service,Own-child,White,Female,0,0,20,United-States,0
23,Private,179423,Bachelors,13,Never-married,Adm-clerical,Not-in-family,White,Female,0,0,5,United-States,0
34,Self-emp-inc,177675,Some-college,10,Married-civ-spouse,Exec-managerial,Husband,White,Male,0,0,65,United-States,1
40,Private,285787,Assoc-acdm,12,Married-civ-spouse,Tech-support,Husband,White,Male,0,0,40,United-States,1
43,Private,55294,Some-college,10,Married-civ-spouse,Craft-repair,Husband,White,Male,0,0,40,United-States,0
37,Private,359796,Some-college,10,Divorced,Sales,Not-in-family,Black,Male,0,0,40,United-States,0
27,Private,178709,Masters,14,Never-married,Machine-op-inspct,Not-in-family,White,Female,0,0,40,United-States,0
43,Private,158177,Some-college,10,Divorced,Adm-clerical,Unmarried,Black,Female,0,0,35,United-States,0
23,Private,176724,11th,7,Married-civ-spouse,Machine-op-inspct,Husband,White,Male,0,0,40,Puerto-Rico,0
30,Private,509500,Bachelors,13,Never-married,Tech-support,Not-in-family,White,Female,4787,0,45,United-States,1
63,Local-gov,214143,Bachelors,13,Married-civ-spouse,Transport-moving,Husband,White,Male,0,0,40,Cuba,0
38,Private,26987,HS-grad,9,Divorced,Other-service,Unmarried,White,Female,0,0,40,United-States,0
60,Self-emp-inc,210827,Bachelors,13,Married-civ-spouse,Prof-specialty,Husband,White,Male,7688,0,40,United-States,1
22,Private,166371,Some-college,10,Never-married,Craft-repair,Own-child,White,Male,0,0,40,United-States,0
22,Private,226508,Bachelors,13,Never-married,Exec-managerial,Own-child,White,Female,0,0,50,United-States,0
81,State-gov,132204,1st-4th,2,Widowed,Other-service,Not-in-family,White,Female,0,0,20,United-States,0
37,Private,103121,Bachelors,13,Married-civ-spouse,Exec-managerial,Wife,White,Female,0,1848,40,United-States,1
68,Private,50351,Masters,14,Never-married,Adm-clerical,Not-in-family,White,Female,6360,0,20,United-States,0
50,Private,191299,HS-grad,9,Married-civ-spouse,Craft-repair,Husband,White,Male,0,0,50,United-States,0
52,Without-pay,198262,HS-grad,9,Married-civ-spouse,Adm-clerical,Wife,White,Female,0,0,30,United-States,0
54,Private,138845,Some-college,10,Never-married,Other-service,Not-in-family,White,Female,0,0,40,United-States,0
58,Private,241056,Some-college,10,Divorced,Adm-clerical,Unmarried,White,Female,0,0,46,United-States,0
60,Federal-gov,21876,Some-college,10,Divorced,Prof-specialty,Not-in-family,Amer-Indian-Eskimo,Female,0,0,40,United-States,0
24,Private,237341,Some-college,10,Married-civ-spouse,Prof-specialty,Wife,White,Female,0,0,40,United-States,1
35,Private,139364,HS-grad,9,Married-civ-spouse,Sales,Husband,White,Male,0,1902,40,United-States,1
33,Private,247205,Bachelors,13,Married-civ-spouse,Protective-serv,Husband,Black,Male,0,0,40,England,0
30,Private,97757,Assoc-voc,11,Married-civ-spouse,Prof-specialty,Wife,White,Female,0,0,36,United-States,1
47,Private,359766,7th-8th,4,Divorced,Handlers-cleaners,Other-relative,Black,Male,0,0,40,United-States,0
19,Private,124265,Some-college,10,Never-married,Handlers-cleaners,Own-child,White,Male,0,0,40,United-States,0
69,Private,114801,HS-grad,9,Married-civ-spouse,Other-service,Husband,White,Male,0,0,20,United-States,0
21,Self-emp-not-inc,318987,Assoc-voc,11,Married-civ-spouse,Farming-fishing,Husband,White,Male,0,0,40,United-States,0
54,Private,235693,11th,7,Divorced,Adm-clerical,Not-in-family,White,Male,0,0,40,United-States,1
48,Private,80651,HS-grad,9,Divorced,Machine-op-inspct,Not-in-family,White,Female,0,0,55,United-States,0
46,Private,28419,Assoc-voc,11,Never-married,Transport-moving,Not-in-family,White,Male,0,0,50,United-States,0
50,Self-emp-not-inc,343748,Some-college,10,Married-civ-spouse,Craft-repair,Husband,White,Male,0,0,35,United-States,0
46,Private,99086,Some-college,10,Married-civ-spouse,Adm-clerical,Wife,White,Female,0,0,40,United-States,1
32,Private,102986,5th-6th,3,Married-civ-spouse,Machine-op-inspct,Wife,Asian-Pac-Islander,Female,0,0,40,Laos,1
45,Private,168837,Some-college,10,Divorced,Sales,Unmarried,White,Female,0,0,40,United-States,0
51,Private,311350,Bachelors,13,Married-civ-spouse,Exec-managerial,Husband,White,Male,0,0,40,United-States,1
39,Private,126675,Masters,14,Married-civ-spouse,Sales,Husband,White,Male,0,0,50,United-States,1
61,Private,213321,Some-college,10,Married-civ-spouse,Exec-managerial,Husband,White,Male,0,1672,40,United-States,0
43,Private,193672,HS-grad,9,Married-civ-spouse,Machine-op-inspct,Husband,White,Male,0,0,40,United-States,0
34,Private,112564,HS-grad,9,Married-civ-spouse,Transport-moving,Husband,White,Male,0,0,45,United-States,0
46,State-gov,193047,Bachelors,13,Married-civ-spouse,Prof-specialty,Husband,White,Male,0,0,37,United-States,0
22,Private,97508,HS-grad,9,Never-married,Other-service,Own-child,White,Male,0,0,50,United-States,0
64,Private,169482,Some-college,10,Married-spouse-absent,Exec-managerial,Unmarried,White,Female,0,0,40,United-States,0
55,Private,168956,Some-college,10,Divorced,Adm-clerical,Not-in-family,White,Female,0,0,40,United-States,0
79,Self-emp-inc,309272,HS-grad,9,Married-civ-spouse,Exec-managerial,Husband,White,Male,0,0,40,United-States,1
39,Private,49020,Bachelors,13,Married-civ-spouse,Sales,Husband,White,Male,3103,0,48,United-States,1
35,Private,207202,10th,6,Married-civ-spouse,Transport-moving,Husband,White,Male,0,0,70,United-States,0
52,Private,165681,Some-college,10,Married-civ-spouse,Exec-managerial,Husband,White,Male,0,0,40,United-States,0
28,Private,213276,HS-grad,9,Married-civ-spouse,Exec-managerial,Husband,White,Male,0,0,50,United-States,0
46,Private,171228,HS-grad,9,Married-civ-spouse,Machine-op-inspct,Husband,White,Male,3411,0,35,Guatemala,0
51,Self-emp-inc,351278,Bachelors,13,Divorced,Farming-fishing,Unmarried,White,Male,0,0,50,United-States,0
45,Private,195554,HS-grad,9,Married-civ-spouse,Machine-op-inspct,Husband,White,Male,0,0,45,United-States,1
27,Private,284196,10th,6,Divorced,Other-service,Not-in-family,White,Female,0,0,40,United-States,0
51,Private,179646,HS-grad,9,Divorced,Adm-clerical,Unmarried,White,Female,0,0,40,United-States,0
33,Private,268127,HS-grad,9,Never-married,Other-service,Unmarried,Black,Female,0,0,40,United-States,0
19,Private,175652,11th,7,Never-married,Other-service,Other-relative,White,Female,0,0,15,United-States,0
48,Local-gov,493862,HS-grad,9,Married-civ-spouse,Exec-managerial,Husband,Black,Male,7298,0,38,United-States,1
49,Self-emp-inc,34998,Some-college,10,Married-civ-spouse,Farming-fishing,Husband,White,Male,0,0,60,United-States,0
24,Private,235894,HS-grad,9,Married-civ-spouse,Craft-repair,Husband,White,Male,0,0,40,United-States,0
22,Private,210781,Bachelors,13,Never-married,Adm-clerical,Own-child,White,Female,0,0,40,United-States,0
27,Private,285897,HS-grad,9,Married-civ-spouse,Prof-specialty,Husband,White,Male,0,1848,45,United-States,1
17,Private,154908,10th,6,Never-married,Other-service,Own-child,White,Female,0,0,10,United-States,0
45,State-gov,102308,Some-college,10,Married-civ-spouse,Exec-managerial,Husband,White,Male,0,0,40,United-States,0
42,Private,129684,HS-grad,9,Divorced,Exec-managerial,Not-in-family,Black,Female,5455,0,50,United-States,0
24,Private,153583,Some-college,10,Never-married,Sales,Own-child,White,Female,0,0,40,United-States,0
34,Private,85374,HS-grad,9,Married-civ-spouse,Craft-repair,Husband,White,Male,0,0,40,United-States,0
25,Private,232914,Bachelors,13,Married-civ-spouse,Adm-clerical,Wife,Black,Female,0,0,38,United-States,0
17,Private,231438,11th,7,Never-married,Adm-clerical,Own-child,White,Female,0,0,12,United-States,0
26,Private,22328,Bachelors,13,Married-civ-spouse,Sales,Husband,White,Male,0,0,40,United-States,1
67,Local-gov,176931,7th-8th,4,Widowed,Other-service,Not-in-family,White,Female,0,0,20,United-States,0
20,Private,146879,HS-grad,9,Never-married,Other-service,Not-in-family,White,Male,0,2001,40,United-States,0
21,Private,132320,11th,7,Never-married,Craft-repair,Not-in-family,White,Male,0,0,35,United-States,0
23,Private,240049,Preschool,1,Never-married,Other-service,Not-in-family,Asian-Pac-Islander,Female,0,0,40,Laos,0
44,Private,297991,Assoc-acdm,12,Never-married,Exec-managerial,Not-in-family,Asian-Pac-Islander,Female,0,0,50,United-States,0
38,Private,335104,Bachelors,13,Divorced,Prof-specialty,Not-in-family,White,Female,0,0,35,United-States,0
40,Private,379919,Some-college,10,Married-civ-spouse,Machine-op-inspct,Husband,White,Male,0,0,40,United-States,0
57,Self-emp-inc,140319,HS-grad,9,Married-civ-spouse,Adm-clerical,Husband,White,Male,0,0,50,United-States,0
21,Private,224640,Some-college,10,Never-married,Sales,Own-child,White,Female,0,0,40,United-States,0
81,Self-emp-not-inc,193237,1st-4th,2,Widowed,Sales,Other-relative,White,Male,0,0,45,Mexico,0
35,Private,144322,HS-grad,9,Divorced,Machine-op-inspct,Unmarried,White,Female,0,0,40,United-States,0
32,Local-gov,127651,HS-grad,9,Married-civ-spouse,Craft-repair,Husband,White,Male,0,0,40,United-States,1
46,Private,207677,HS-grad,9,Divorced,Craft-repair,Not-in-family,White,Male,0,0,30,United-States,0
62,Private,311495,Some-college,10,Divorced,Exec-managerial,Not-in-family,White,Female,0,0,40,United-States,0
19,Private,272063,HS-grad,9,Never-married,Handlers-cleaners,Own-child,White,Male,0,0,35,United-States,0
45,State-gov,36032,HS-grad,9,Divorced,Protective-serv,Unmarried,Black,Female,0,0,40,United-States,0
38,Private,287701,11th,7,Married-civ-spouse,Handlers-cleaners,Husband,White,Male,0,0,48,United-States,1
34,Private,136862,1st-4th,2,Never-married,Other-service,Other-relative,White,Female,0,0,40,Guatemala,0
37,Private,129263,Some-college,10,Divorced,Exec-managerial,Unmarried,White,Female,0,0,60,United-States,0
55,Private,118993,Some-college,10,Separated,Exec-managerial,Unmarried,White,Female,0,0,10,United-States,0
26,Private,245029,Bachelors,13,Never-married,Adm-clerical,Not-in-family,Black,Female,0,0,40,United-States,0
28,Private,142264,9th,5,Never-married,Machine-op-inspct,Not-in-family,White,Male,0,0,50,Dominican-Republic,0
23,Private,227915,HS-grad,9,Never-married,Craft-repair,Unmarried,White,Female,0,0,33,United-States,0
54,Private,319697,Some-college,10,Married-civ-spouse,Prof-specialty,Wife,White,Female,0,0,40,United-States,0
19,Private,266255,HS-grad,9,Never-married,Sales,Own-child,White,Female,0,0,40,United-States,0
34,Private,511361,Some-college,10,Never-married,Other-service,Own-child,Black,Male,0,0,40,United-States,0
23,Private,117789,Bachelors,13,Never-married,Prof-specialty,Not-in-family,White,Female,0,0,60,United-States,0
24,Private,109053,HS-grad,9,Never-married,Other-service,Other-relative,White,Male,0,0,25,United-States,0
24,Private,172987,Bachelors,13,Married-civ-spouse,Tech-support,Husband,White,Male,0,0,50,United-States,0
46,Private,243190,HS-grad,9,Married-civ-spouse,Adm-clerical,Wife,White,Female,7688,0,40,United-States,1
51,Self-emp-inc,180195,HS-grad,9,Married-civ-spouse,Sales,Husband,White,Male,0,0,50,United-States,0
39,Self-emp-not-inc,188571,11th,7,Married-civ-spouse,Transport-moving,Husband,White,Male,0,0,40,United-States,0
60,Private,52152,Masters,14,Never-married,Prof-specialty,Not-in-family,White,Male,0,0,50,United-States,0
28,Local-gov,175796,Assoc-acdm,12,Never-married,Adm-clerical,Not-in-family,White,Female,0,0,40,United-States,0
42,Private,350387,HS-grad,9,Separated,Machine-op-inspct,Not-in-family,White,Male,0,0,15,United-States,0
43,Private,143368,HS-grad,9,Divorced,Farming-fishing,Not-in-family,Black,Male,0,0,40,United-States,0
20,Private,190423,Some-college,10,Never-married,Other-service,Not-in-family,White,Female,0,0,20,United-States,0
39,Private,167140,Masters,14,Married-civ-spouse,Exec-managerial,Husband,White,Male,0,0,40,United-States,0
37,Private,186434,HS-grad,9,Married-civ-spouse,Other-service,Husband,Black,Male,0,0,40,United-States,1
52,Private,114228,HS-grad,9,Divorced,Craft-repair,Not-in-family,White,Male,3325,0,40,United-States,0
18,Private,62972,11th,7,Never-married,Other-service,Own-child,White,Male,0,0,16,United-States,0
23,Private,210474,Some-college,10,Never-married,Other-service,Own-child,White,Female,0,0,20,United-States,0
35,Local-gov,223242,Bachelors,13,Divorced,Prof-specialty,Not-in-family,White,Male,0,0,40,United-States,0
47,Self-emp-inc,186410,Prof-school,15,Never-married,Other-service,Not-in-family,White,Male,0,0,60,United-States,1
43,Private,180599,Bachelors,13,Separated,Exec-managerial,Unmarried,White,Male,8614,0,40,United-States,1
51,Private,274502,7th-8th,4,Divorced,Machine-op-inspct,Not-in-family,White,Female,0,0,48,United-States,0
24,Private,216984,Some-college,10,Married-civ-spouse,Other-service,Own-child,Asian-Pac-Islander,Female,0,0,35,United-States,0
25,Private,73289,HS-grad,9,Never-married,Transport-moving,Own-child,White,Male,0,0,40,United-States,0
37,Private,237995,Assoc-voc,11,Divorced,Machine-op-inspct,Not-in-family,Black,Male,0,0,48,United-States,0
38,Private,153066,Masters,14,Divorced,Exec-managerial,Not-in-family,White,Male,0,0,45,United-States,1
41,Private,49797,Some-college,10,Separated,Exec-managerial,Not-in-family,Black,Female,0,0,40,United-States,0
57,Private,361324,10th,6,Married-civ-spouse,Craft-repair,Husband,White,Male,0,0,40,United-States,0
29,Self-emp-not-inc,405083,HS-grad,9,Never-married,Sales,Not-in-family,White,Male,0,0,40,United-States,0
29,Private,370509,Bachelors,13,Married-civ-spouse,Exec-managerial,Husband,White,Male,0,0,50,France,1
17,Private,120068,11th,7,Never-married,Handlers-cleaners,Own-child,White,Male,0,0,17,United-States,0
30,Private,272451,Bachelors,13,Never-married,Adm-clerical,Not-in-family,White,Female,0,0,40,United-States,0
32,Private,408328,7th-8th,4,Married-civ-spouse,Craft-repair,Husband,White,Male,0,0,40,United-States,0
50,Local-gov,320386,Assoc-acdm,12,Divorced,Prof-specialty,Not-in-family,White,Female,0,0,40,United-States,0
44,Private,157249,Bachelors,13,Married-civ-spouse,Prof-specialty,Husband,Black,Male,0,1977,50,United-States,1
19,Private,206599,HS-grad,9,Never-married,Sales,Own-child,White,Female,0,0,40,United-States,0
23,Private,269687,Assoc-voc,11,Never-married,Tech-support,Not-in-family,White,Male,0,0,40,United-States,0
20,Private,161092,Some-college,10,Never-married,Handlers-cleaners,Own-child,White,Male,0,0,40,United-States,0
49,Private,236586,HS-grad,9,Married-civ-spouse,Adm-clerical,Husband,White,Male,0,0,40,United-States,1
51,Private,210736,HS-grad,9,Married-spouse-absent,Craft-repair,Not-in-family,White,Male,0,0,40,United-States,0
49,Private,274720,HS-grad,9,Married-civ-spouse,Craft-repair,Husband,Black,Male,0,0,40,United-States,0
34,Private,134886,Some-college,10,Never-married,Adm-clerical,Not-in-family,White,Female,0,0,40,United-States,0
20,Private,196643,HS-grad,9,Never-married,Handlers-cleaners,Own-child,White,Male,0,0,40,United-States,0
29,Private,35032,HS-grad,9,Married-civ-spouse,Craft-repair,Husband,White,Male,0,0,40,United-States,0
33,Private,112383,Some-college,10,Married-civ-spouse,Prof-specialty,Husband,White,Male,0,0,40,United-States,0
50,Private,22211,Masters,14,Married-civ-spouse,Prof-specialty,Husband,White,Male,7688,0,50,United-States,1
30,Self-emp-not-inc,115932,HS-grad,9,Never-married,Craft-repair,Not-in-family,White,Male,99999,0,50,United-States,1
35,Private,82622,HS-grad,9,Never-married,Other-service,Own-child,White,Male,0,0,40,United-States,0
26,Private,176729,Bachelors,13,Never-married,Craft-repair,Not-in-family,White,Male,0,0,45,United-States,1
46,Private,28334,HS-grad,9,Married-civ-spouse,Transport-moving,Husband,White,Male,0,0,40,United-States,0
50,Self-emp-inc,175339,HS-grad,9,Married-civ-spouse,Craft-repair,Husband,White,Male,0,1672,60,United-States,0
28,Private,250679,HS-grad,9,Married-civ-spouse,Craft-repair,Husband,White,Male,0,0,40,United-States,0
73,Private,29778,HS-grad,9,Widowed,Other-service,Not-in-family,White,Female,0,0,37,United-States,0
48,Private,212954,Some-college,10,Married-civ-spouse,Craft-repair,Husband,White,Male,0,0,60,United-States,1
42,Private,240255,Assoc-voc,11,Married-civ-spouse,Prof-specialty,Husband,Black,Male,0,0,40,United-States,1
56,Local-gov,305767,HS-grad,9,Married-civ-spouse,Other-service,Husband,Asian-Pac-Islander,Male,0,0,40,China,0
57,Self-emp-not-inc,103529,Masters,14,Married-civ-spouse,Tech-support,Husband,White,Male,0,0,38,United-States,1
30,Self-emp-not-inc,281030,HS-grad,9,Never-married,Sales,Unmarried,White,Male,0,0,66,United-States,0
27,Local-gov,230885,Bachelors,13,Married-civ-spouse,Protective-serv,Husband,White,Male,0,0,45,United-States,1
29,Private,140863,Some-college,10,Married-civ-spouse,Tech-support,Husband,White,Male,0,0,40,United-States,0
41,Private,112763,HS-grad,9,Widowed,Sales,Not-in-family,White,Female,0,0,40,United-States,0
65,Self-emp-inc,139272,Bachelors,13,Married-civ-spouse,Sales,Husband,White,Male,99999,0,60,United-States,1
27,Private,160786,HS-grad,9,Divorced,Other-service,Not-in-family,White,Male,0,0,30,United-States,0
58,Private,197114,11th,7,Married-civ-spouse,Craft-repair,Husband,White,Male,0,0,40,United-States,0
27,Local-gov,177072,Some-college,10,Never-married,Prof-specialty,Other-relative,White,Male,0,0,16,United-States,0
60,Private,245062,HS-grad,9,Married-civ-spouse,Craft-repair,Husband,White,Male,0,0,40,United-States,1
39,Private,269323,Some-college,10,Married-civ-spouse,Exec-managerial,Husband,White,Male,0,0,40,United-States,1
41,Self-emp-inc,218302,Bachelors,13,Married-civ-spouse,Sales,Husband,White,Male,0,0,60,United-States,1
38,Private,283293,HS-grad,9,Married-civ-spouse,Craft-repair,Husband,Black,Male,0,0,40,United-States,0
35,Federal-gov,250504,HS-grad,9,Married-civ-spouse,Adm-clerical,Husband,Black,Male,0,0,60,United-States,1
45,State-gov,81853,Some-college,10,Married-civ-spouse,Adm-clerical,Wife,Asian-Pac-Islander,Female,0,0,40,United-States,1
32,Private,115989,11th,7,Married-civ-spouse,Other-service,Wife,White,Female,0,0,60,United-States,0
55,Private,327589,HS-grad,9,Divorced,Machine-op-inspct,Not-in-family,White,Female,0,0,40,United-States,0
44,Private,215468,Bachelors,13,Separated,Machine-op-inspct,Unmarried,Black,Female,0,0,7,United-States,0
51,Federal-gov,217647,Some-college,10,Divorced,Prof-specialty,Not-in-family,Black,Female,0,0,40,United-States,0
54,Self-emp-inc,119570,Assoc-acdm,12,Married-civ-spouse,Sales,Husband,White,Male,0,0,50,United-States,1
27,Private,213421,Prof-school,15,Never-married,Prof-specialty,Not-in-family,White,Male,0,0,50,United-States,0
32,Private,311764,10th,6,Married-civ-spouse,Exec-managerial,Wife,White,Female,0,0,35,United-States,0
54,Private,174865,9th,5,Married-civ-spouse,Exec-managerial,Husband,White,Male,0,0,45,United-States,1
33,Self-emp-not-inc,361497,HS-grad,9,Married-civ-spouse,Craft-repair,Husband,White,Male,0,0,40,United-States,0
42,Self-emp-not-inc,444134,HS-grad,9,Married-civ-spouse,Farming-fishing,Husband,White,Male,0,0,15,United-States,0
19,Private,142219,Some-college,10,Never-married,Adm-clerical,Own-child,White,Female,0,0,30,United-States,0
39,State-gov,122353,Bachelors,13,Married-civ-spouse,Prof-specialty,Husband,White,Male,0,0,45,United-States,1
29,Private,253814,Bachelors,13,Never-married,Exec-managerial,Not-in-family,White,Female,0,0,45,United-States,0
47,Self-emp-not-inc,190072,Some-college,10,Married-civ-spouse,Craft-repair,Husband,White,Male,0,0,40,Iran,1
38,Private,252947,Some-college,10,Married-civ-spouse,Handlers-cleaners,Husband,Black,Male,0,0,40,United-States,0
58,Self-emp-not-inc,331474,HS-grad,9,Married-civ-spouse,Adm-clerical,Wife,White,Female,0,0,20,United-States,1
36,Private,297847,HS-grad,9,Never-married,Other-service,Not-in-family,Black,Female,0,2001,40,United-States,0
41,Private,48087,7th-8th,4,Divorced,Craft-repair,Not-in-family,White,Male,0,1590,40,United-States,0
58,Private,156040,Assoc-acdm,12,Married-civ-spouse,Machine-op-inspct,Husband,Black,Male,0,1848,40,United-States,1
18,Self-emp-inc,101061,11th,7,Never-married,Farming-fishing,Own-child,White,Male,0,0,70,United-States,0
31,Private,162572,HS-grad,9,Never-married,Other-service,Own-child,White,Male,0,0,16,United-States,0
43,Private,143046,HS-grad,9,Married-civ-spouse,Machine-op-inspct,Wife,White,Female,0,0,40,Greece,0
40,Private,188291,Prof-school,15,Married-civ-spouse,Prof-specialty,Husband,White,Male,0,0,40,United-States,1
62,Private,136314,Some-college,10,Married-civ-spouse,Adm-clerical,Wife,White,Female,0,0,40,United-States,0
32,Private,130040,HS-grad,9,Divorced,Handlers-cleaners,Not-in-family,White,Male,0,0,40,United-States,0
18,Private,128538,11th,7,Never-married,Sales,Own-child,White,Female,0,0,25,United-States,0
34,Local-gov,144182,Preschool,1,Never-married,Adm-clerical,Own-child,Black,Female,0,0,25,United-States,0
41,Private,206948,Bachelors,13,Married-civ-spouse,Sales,Husband,White,Male,0,0,40,United-States,1
37,Private,171150,Bachelors,13,Married-civ-spouse,Sales,Husband,White,Male,99999,0,60,United-States,1
30,Private,48014,Masters,14,Never-married,Adm-clerical,Not-in-family,White,Female,0,0,40,France,0
58,Private,316000,HS-grad,9,Married-civ-spouse,Exec-managerial,Husband,White,Male,0,0,40,United-States,1
38,Private,215646,HS-grad,9,Divorced,Handlers-cleaners,Not-in-family,White,Male,0,0,40,United-States,0
43,Self-emp-not-inc,193494,Prof-school,15,Married-civ-spouse,Prof-specialty,Husband,White,Male,0,0,60,United-States,1
48,Federal-gov,33109,Bachelors,13,Divorced,Exec-managerial,Unmarried,White,Male,0,0,58,United-States,1
34,Private,176711,HS-grad,9,Never-married,Adm-clerical,Own-child,White,Male,0,0,40,United-States,0
40,Private,222011,Masters,14,Never-married,Prof-specialty,Not-in-family,White,Female,3325,0,40,United-States,0
34,Private,314375,Assoc-voc,11,Divorced,Craft-repair,Not-in-family,White,Male,0,0,40,United-States,0
26,Private,289700,Some-college,10,Married-civ-spouse,Other-service,Husband,White,Male,0,0,25,United-States,0
39,Private,498785,HS-grad,9,Divorced,Adm-clerical,Not-in-family,White,Male,0,0,40,United-States,0
31,Local-gov,226494,Bachelors,13,Never-married,Prof-specialty,Not-in-family,White,Male,0,0,45,United-States,0
32,Private,272376,Assoc-acdm,12,Never-married,Adm-clerical,Not-in-family,White,Female,0,0,40,United-States,0
35,State-gov,318891,Assoc-acdm,12,Widowed,Exec-managerial,Not-in-family,White,Female,0,0,40,United-States,0
59,Local-gov,420537,HS-grad,9,Married-civ-spouse,Adm-clerical,Wife,White,Female,0,0,38,United-States,1
45,Self-emp-inc,139268,HS-grad,9,Married-civ-spouse,Sales,Husband,White,Male,0,0,50,United-States,1
45,Self-emp-not-inc,152752,Assoc-voc,11,Married-civ-spouse,Protective-serv,Husband,White,Male,0,0,3,United-States,0
25,Self-emp-not-inc,209384,HS-grad,9,Never-married,Other-service,Other-relative,White,Male,0,0,32,United-States,0
33,Local-gov,27959,HS-grad,9,Never-married,Other-service,Unmarried,Amer-Indian-Eskimo,Male,0,0,40,United-States,0
45,Private,118291,Some-college,10,Never-married,Craft-repair,Not-in-family,White,Female,0,0,80,United-States,0
60,State-gov,352156,Prof-school,15,Married-civ-spouse,Prof-specialty,Husband,White,Male,0,0,40,United-States,1
28,Self-emp-inc,115705,Some-college,10,Never-married,Exec-managerial,Not-in-family,White,Male,0,0,50,United-States,0
23,Federal-gov,320294,HS-grad,9,Never-married,Prof-specialty,Not-in-family,White,Male,0,0,40,United-States,0
21,Private,91819,Assoc-voc,11,Never-married,Other-service,Not-in-family,White,Male,0,0,30,United-States,0
47,Private,114459,Doctorate,16,Married-civ-spouse,Prof-specialty,Husband,White,Male,0,0,50,United-States,1
47,Private,251508,HS-grad,9,Divorced,Tech-support,Not-in-family,White,Female,0,0,36,United-States,0
58,Self-emp-inc,89922,Assoc-voc,11,Married-civ-spouse,Exec-managerial,Husband,White,Male,15024,0,40,United-States,1
22,Private,50163,9th,5,Never-married,Transport-moving,Own-child,White,Male,0,0,40,United-States,0
21,Private,331611,Some-college,10,Married-civ-spouse,Other-service,Husband,White,Male,0,0,50,United-States,0
25,Private,272428,HS-grad,9,Never-married,Sales,Not-in-family,White,Male,4416,0,42,United-States,0
44,Private,165492,Some-college,10,Married-civ-spouse,Sales,Husband,White,Male,0,0,40,United-States,1
41,Private,225892,Some-college,10,Married-civ-spouse,Craft-repair,Husband,White,Male,0,0,48,United-States,1
73,Private,242769,HS-grad,9,Married-civ-spouse,Machine-op-inspct,Husband,White,Male,3471,0,40,England,0
37,Private,172571,HS-grad,9,Divorced,Machine-op-inspct,Not-in-family,White,Male,0,0,40,United-States,0
26,Private,86872,HS-grad,9,Married-civ-spouse,Transport-moving,Husband,White,Male,0,0,40,United-States,1
54,Private,271160,Assoc-voc,11,Widowed,Exec-managerial,Not-in-family,White,Female,0,0,40,United-States,0
49,Private,182752,Some-college,10,Married-civ-spouse,Adm-clerical,Wife,White,Female,0,0,40,United-States,1
33,Self-emp-inc,374905,HS-grad,9,Married-civ-spouse,Sales,Husband,White,Male,0,0,50,United-States,1
23,Private,193586,Some-college,10,Separated,Farming-fishing,Other-relative,White,Female,0,0,40,United-States,0
62,Private,252668,Masters,14,Never-married,Prof-specialty,Not-in-family,White,Male,0,0,70,United-States,0
85,Private,98611,Bachelors,13,Married-civ-spouse,Exec-managerial,Husband,White,Male,0,0,3,Poland,0
23,Private,122272,Bachelors,13,Never-married,Adm-clerical,Own-child,White,Female,0,0,30,United-States,0
55,Private,349304,Bachelors,13,Married-civ-spouse,Exec-managerial,Husband,White,Male,0,0,40,United-States,1
31,Private,144064,HS-grad,9,Married-civ-spouse,Craft-repair,Husband,White,Male,0,0,48,United-States,1
39,Local-gov,357962,Assoc-acdm,12,Never-married,Transport-moving,Not-in-family,White,Male,0,0,48,United-States,0
41,Private,210259,Some-college,10,Divorced,Adm-clerical,Unmarried,Black,Female,0,0,37,United-States,0
46,Self-emp-inc,182655,Assoc-voc,11,Married-civ-spouse,Exec-managerial,Husband,White,Male,0,0,60,United-States,1
27,Private,182540,11th,7,Never-married,Craft-repair,Not-in-family,White,Male,0,0,40,United-States,0
47,Private,21906,Masters,14,Never-married,Prof-specialty,Not-in-family,White,Female,0,0,25,United-States,0
25,Private,103358,Some-college,10,Never-married,Machine-op-inspct,Own-child,White,Male,0,0,40,India,0
21,Private,229826,Some-college,10,Married-civ-spouse,Machine-op-inspct,Husband,White,Male,0,0,20,United-States,0
40,Private,145160,Some-college,10,Married-civ-spouse,Machine-op-inspct,Husband,White,Male,0,0,43,United-States,0
47,Self-emp-not-inc,182752,HS-grad,9,Married-civ-spouse,Adm-clerical,Wife,White,Female,0,0,35,Iran,0
34,Private,232855,Some-college,10,Separated,Other-service,Unmarried,Black,Female,0,0,37,United-States,0
30,Private,30290,HS-grad,9,Never-married,Machine-op-inspct,Not-in-family,White,Female,0,0,40,United-States,0
49,Private,193047,HS-grad,9,Married-civ-spouse,Craft-repair,Husband,White,Male,0,0,45,United-States,1
31,Private,194055,HS-grad,9,Married-civ-spouse,Transport-moving,Husband,White,Male,0,0,50,United-States,0
40,Private,346964,HS-grad,9,Divorced,Tech-support,Unmarried,White,Female,0,0,40,United-States,0
50,Private,169646,Bachelors,13,Separated,Prof-specialty,Unmarried,Asian-Pac-Islander,Female,0,0,40,Philippines,0
24,Private,109307,HS-grad,9,Never-married,Sales,Own-child,White,Male,0,0,45,United-States,0
29,Private,383402,Some-college,10,Divorced,Other-service,Not-in-family,White,Female,0,0,35,United-States,0
45,Self-emp-inc,32356,Bachelors,13,Married-civ-spouse,Exec-managerial,Husband,White,Male,0,0,51,United-States,0
17,Private,224073,11th,7,Never-married,Sales,Own-child,White,Male,0,0,20,United-States,0
40,Private,173590,Masters,14,Married-civ-spouse,Exec-managerial,Husband,White,Male,0,0,50,United-States,1
60,Self-emp-inc,90915,11th,7,Married-civ-spouse,Transport-moving,Husband,White,Male,0,0,40,United-States,1
53,Private,299080,Some-college,10,Never-married,Adm-clerical,Unmarried,Black,Female,0,0,40,United-States,0
50,Self-emp-inc,132716,Some-college,10,Married-civ-spouse,Exec-managerial,Husband,White,Male,0,0,50,Germany,1
33,Private,240979,Some-college,10,Never-married,Exec-managerial,Not-in-family,White,Male,0,0,40,United-States,0
45,Self-emp-not-inc,298130,HS-grad,9,Married-civ-spouse,Exec-managerial,Husband,White,Male,0,0,25,United-States,0
30,Private,39054,HS-grad,9,Married-civ-spouse,Sales,Husband,White,Male,0,0,40,United-States,0
90,Private,47929,HS-grad,9,Married-civ-spouse,Machine-op-inspct,Husband,White,Male,0,0,40,United-States,0
90,Private,52386,Some-college,10,Never-married,Other-service,Not-in-family,Asian-Pac-Islander,Male,0,0,35,United-States,0
22,Private,127768,Some-college,10,Never-married,Other-service,Own-child,White,Male,0,0,32,United-States,1
28,Private,130856,10th,6,Married-civ-spouse,Craft-repair,Husband,White,Male,0,0,36,United-States,0
26,Private,306225,Bachelors,13,Never-married,Exec-managerial,Not-in-family,Asian-Pac-Islander,Female,0,0,40,Poland,0
36,Private,343476,HS-grad,9,Divorced,Craft-repair,Not-in-family,White,Male,0,0,30,United-States,0
36,Private,188972,Some-college,10,Never-married,Prof-specialty,Not-in-family,White,Female,0,0,40,United-States,0
63,Self-emp-not-inc,391121,7th-8th,4,Married-civ-spouse,Farming-fishing,Husband,White,Male,0,0,30,United-States,0
31,Private,164309,Some-college,10,Divorced,Adm-clerical,Unmarried,White,Female,0,0,38,United-States,0
30,Private,347166,Bachelors,13,Never-married,Prof-specialty,Not-in-family,White,Male,13550,0,45,United-States,1
53,Private,295520,9th,5,Widowed,Sales,Unmarried,Black,Female,0,0,25,United-States,0
39,Self-emp-not-inc,68781,HS-grad,9,Married-civ-spouse,Exec-managerial,Husband,White,Male,0,0,40,United-States,0
47,Private,216999,HS-grad,9,Married-civ-spouse,Sales,Husband,White,Male,0,0,45,United-States,0
23,Private,528616,5th-6th,3,Married-civ-spouse,Other-service,Husband,White,Male,0,0,40,Mexico,0
55,Self-emp-not-inc,189933,7th-8th,4,Married-civ-spouse,Farming-fishing,Husband,White,Male,0,0,50,United-States,0
19,Private,275889,11th,7,Never-married,Handlers-cleaners,Own-child,White,Male,0,0,40,Mexico,0
21,Private,131811,HS-grad,9,Married-civ-spouse,Handlers-cleaners,Husband,White,Male,0,0,40,United-States,0
39,Local-gov,316582,Masters,14,Never-married,Prof-specialty,Not-in-family,White,Female,0,0,55,United-States,0
17,Private,38611,11th,7,Never-married,Adm-clerical,Own-child,White,Female,0,0,23,United-States,0
35,Self-emp-not-inc,89508,Some-college,10,Married-civ-spouse,Exec-managerial,Husband,White,Male,3908,0,60,United-States,0
31,Private,58582,Some-college,10,Never-married,Craft-repair,Not-in-family,White,Male,0,0,46,United-States,0
64,Self-emp-not-inc,150121,Doctorate,16,Married-civ-spouse,Exec-managerial,Husband,White,Male,0,0,25,United-States,1
18,Private,183315,11th,7,Never-married,Sales,Own-child,Black,Female,0,0,10,United-States,0
40,Private,216237,Bachelors,13,Divorced,Exec-managerial,Not-in-family,White,Female,0,0,45,United-States,1
42,Private,247695,HS-grad,9,Married-civ-spouse,Machine-op-inspct,Husband,White,Male,0,0,45,United-States,1
43,Private,137722,HS-grad,9,Married-civ-spouse,Handlers-cleaners,Husband,White,Male,0,0,40,United-States,0
40,Private,124915,HS-grad,9,Married-civ-spouse,Machine-op-inspct,Husband,White,Male,0,0,40,United-States,0
49,Private,66385,HS-grad,9,Married-civ-spouse,Sales,Husband,White,Male,5013,0,40,United-States,0
40,Private,72887,Assoc-voc,11,Married-civ-spouse,Machine-op-inspct,Husband,Asian-Pac-Islander,Male,0,0,40,United-States,1
41,Private,126850,Prof-school,15,Married-civ-spouse,Adm-clerical,Husband,Asian-Pac-Islander,Male,0,0,40,Philippines,0
45,Private,167523,HS-grad,9,Married-civ-spouse,Transport-moving,Husband,White,Male,0,2179,45,United-States,0
52,Self-emp-inc,287927,HS-grad,9,Married-civ-spouse,Exec-managerial,Wife,White,Female,15024,0,40,United-States,1
34,State-gov,190290,Bachelors,13,Married-civ-spouse,Prof-specialty,Husband,White,Male,0,0,38,United-States,1
51,Local-gov,319054,HS-grad,9,Married-civ-spouse,Transport-moving,Husband,Black,Male,0,0,60,United-States,0
46,Local-gov,207677,Bachelors,13,Married-civ-spouse,Protective-serv,Husband,White,Male,0,0,40,United-States,1
40,Private,799281,HS-grad,9,Divorced,Adm-clerical,Unmarried,White,Female,0,0,38,United-States,0
28,Private,435842,Bachelors,13,Married-civ-spouse,Exec-managerial,Husband,White,Male,0,0,40,United-States,0
63,Federal-gov,101996,Masters,14,Divorced,Prof-specialty,Not-in-family,White,Male,0,0,40,United-States,1
47,Self-emp-not-inc,149116,Masters,14,Never-married,Prof-specialty,Not-in-family,White,Female,0,0,50,United-States,0
28,Private,66095,HS-grad,9,Married-civ-spouse,Sales,Husband,White,Male,0,0,40,United-States,0
25,State-gov,99076,Bachelors,13,Never-married,Other-service,Not-in-family,White,Female,2597,0,50,United-States,0
40,Private,286370,7th-8th,4,Married-civ-spouse,Machine-op-inspct,Husband,White,Male,0,0,40,Mexico,1
42,Private,99679,HS-grad,9,Married-civ-spouse,Transport-moving,Husband,White,Male,0,0,60,United-States,1
37,Private,99151,HS-grad,9,Married-civ-spouse,Adm-clerical,Wife,White,Female,0,0,40,United-States,1
17,Private,200199,11th,7,Never-married,Sales,Own-child,White,Female,0,0,35,United-States,0
28,Private,166320,HS-grad,9,Never-married,Prof-specialty,Not-in-family,White,Male,0,0,40,United-States,0
20,Private,275691,HS-grad,9,Never-married,Handlers-cleaners,Own-child,White,Male,0,0,28,United-States,0
20,Private,374116,HS-grad,9,Never-married,Prof-specialty,Other-relative,White,Female,0,0,40,United-States,0
30,Private,57651,HS-grad,9,Never-married,Adm-clerical,Unmarried,White,Male,0,2001,42,United-States,0
45,Self-emp-not-inc,315984,HS-grad,9,Married-civ-spouse,Craft-repair,Husband,White,Male,7688,0,50,United-States,1
27,State-gov,31935,Some-college,10,Never-married,Tech-support,Own-child,White,Female,0,0,80,United-States,0
41,Local-gov,175149,HS-grad,9,Divorced,Transport-moving,Not-in-family,Black,Female,0,0,38,United-States,0
43,Private,173316,Some-college,10,Married-civ-spouse,Craft-repair,Husband,White,Male,0,0,40,United-States,0
60,Private,239576,Masters,14,Married-civ-spouse,Transport-moving,Husband,White,Male,0,0,10,United-States,0
39,Private,53569,Assoc-voc,11,Married-civ-spouse,Craft-repair,Husband,White,Male,0,0,40,United-States,0
32,Private,208291,HS-grad,9,Married-civ-spouse,Sales,Husband,White,Male,0,0,50,United-States,0
56,Federal-gov,107314,Some-college,10,Divorced,Adm-clerical,Not-in-family,Black,Female,0,0,40,United-States,0
42,Self-emp-not-inc,27661,Bachelors,13,Married-civ-spouse,Sales,Husband,White,Male,0,0,45,United-States,0
28,Private,90196,Bachelors,13,Married-civ-spouse,Exec-managerial,Husband,White,Male,0,0,45,United-States,1
19,Private,175081,9th,5,Never-married,Craft-repair,Other-relative,White,Male,0,0,60,United-States,0
29,Local-gov,376302,Assoc-voc,11,Married-civ-spouse,Tech-support,Wife,White,Female,0,0,35,Nicaragua,1
22,Private,260594,11th,7,Never-married,Sales,Unmarried,White,Female,0,0,25,United-States,0
57,Self-emp-inc,220789,HS-grad,9,Married-civ-spouse,Sales,Husband,White,Male,0,0,45,United-States,1
29,Private,216479,HS-grad,9,Divorced,Exec-managerial,Not-in-family,White,Female,0,0,40,United-States,0
37,Self-emp-not-inc,29054,HS-grad,9,Married-civ-spouse,Farming-fishing,Husband,White,Male,0,0,50,United-States,0
20,Private,117767,Some-college,10,Never-married,Adm-clerical,Own-child,White,Male,0,0,25,United-States,0
23,Private,32950,Bachelors,13,Never-married,Sales,Not-in-family,White,Male,0,0,40,United-States,0
65,Private,176796,HS-grad,9,Divorced,Adm-clerical,Not-in-family,White,Female,0,0,40,United-States,0
58,Private,199278,Bachelors,13,Divorced,Exec-managerial,Not-in-family,White,Male,0,0,38,United-States,0
55,Private,160303,HS-grad,9,Widowed,Adm-clerical,Other-relative,White,Female,0,0,40,United-States,0
40,Self-emp-not-inc,179533,HS-grad,9,Married-civ-spouse,Transport-moving,Husband,White,Male,0,0,75,United-States,1
39,Private,190466,HS-grad,9,Divorced,Craft-repair,Own-child,White,Male,2174,0,40,United-States,0
51,Private,219599,HS-grad,9,Married-civ-spouse,Machine-op-inspct,Wife,White,Female,0,0,40,United-States,0
44,Private,77313,HS-grad,9,Divorced,Adm-clerical,Unmarried,White,Female,0,0,40,United-States,0
34,Private,142897,Masters,14,Married-civ-spouse,Exec-managerial,Husband,Asian-Pac-Islander,Male,7298,0,35,Taiwan,1
37,Private,338033,Masters,14,Never-married,Prof-specialty,Not-in-family,White,Female,0,0,40,United-States,0
81,Private,98116,Bachelors,13,Widowed,Sales,Not-in-family,White,Male,0,0,50,United-States,1
47,Private,201127,Some-college,10,Married-civ-spouse,Transport-moving,Husband,White,Male,0,0,50,United-States,0
53,Private,70387,Masters,14,Married-civ-spouse,Prof-specialty,Husband,Asian-Pac-Islander,Male,4386,0,40,India,1
18,Private,168740,11th,7,Never-married,Handlers-cleaners,Own-child,White,Male,0,0,30,United-States,0
52,Local-gov,152795,HS-grad,9,Married-civ-spouse,Protective-serv,Husband,White,Male,0,0,52,United-States,1
36,Private,331395,Assoc-voc,11,Married-civ-spouse,Exec-managerial,Husband,White,Male,0,0,40,United-States,0
56,Private,257555,Some-college,10,Married-civ-spouse,Sales,Husband,White,Male,0,0,40,United-States,0
35,Private,335704,Assoc-acdm,12,Married-civ-spouse,Sales,Husband,White,Male,0,0,60,United-States,0
32,Private,46746,Some-college,10,Divorced,Craft-repair,Unmarried,White,Male,0,0,40,United-States,0
26,Private,211435,HS-grad,9,Never-married,Machine-op-inspct,Unmarried,White,Female,0,0,40,United-States,0
25,Private,261519,HS-grad,9,Never-married,Sales,Own-child,White,Male,0,0,35,United-States,0
23,Private,373550,Assoc-voc,11,Married-civ-spouse,Craft-repair,Husband,White,Male,0,0,40,United-States,0
25,Private,374163,12th,8,Married-civ-spouse,Farming-fishing,Husband,Other,Male,0,0,60,Mexico,0
35,Private,99156,Bachelors,13,Never-married,Sales,Not-in-family,White,Male,0,0,50,United-States,0
24,Private,65743,Bachelors,13,Never-married,Adm-clerical,Not-in-family,White,Female,0,0,30,United-States,0
17,Private,182158,10th,6,Never-married,Priv-house-serv,Own-child,White,Male,0,0,30,United-States,0
20,Private,179423,Some-college,10,Never-married,Transport-moving,Own-child,White,Female,0,0,40,United-States,0
31,Private,319146,Assoc-voc,11,Married-civ-spouse,Craft-repair,Husband,White,Male,4386,0,40,Mexico,1
39,Private,333305,Some-college,10,Married-civ-spouse,Sales,Wife,White,Female,0,0,45,United-States,1
32,Private,153326,Bachelors,13,Married-civ-spouse,Prof-specialty,Other-relative,White,Male,0,0,40,United-States,0
39,Private,284166,Bachelors,13,Married-civ-spouse,Prof-specialty,Husband,White,Male,0,1902,50,United-States,1
25,Private,92093,Bachelors,13,Married-civ-spouse,Exec-managerial,Husband,White,Male,0,0,20,United-States,0
42,Private,97142,7th-8th,4,Married-civ-spouse,Transport-moving,Husband,White,Male,0,0,40,United-States,0
43,Private,114580,Some-college,10,Divorced,Adm-clerical,Not-in-family,White,Female,0,0,40,United-States,0
19,Private,574271,HS-grad,9,Never-married,Handlers-cleaners,Own-child,White,Male,0,0,28,United-States,0
41,Local-gov,89172,Some-college,10,Married-civ-spouse,Farming-fishing,Husband,White,Male,0,0,40,United-States,1
29,Private,145592,HS-grad,9,Never-married,Craft-repair,Not-in-family,White,Male,0,0,40,Guatemala,0
33,Private,198660,HS-grad,9,Married-civ-spouse,Machine-op-inspct,Husband,White,Male,99999,0,56,United-States,1
58,Local-gov,147428,Masters,14,Married-civ-spouse,Prof-specialty,Husband,White,Male,0,0,40,United-States,1
23,Private,186014,Some-college,10,Never-married,Adm-clerical,Own-child,White,Female,0,0,15,United-States,0
18,Private,469921,Some-college,10,Never-married,Prof-specialty,Own-child,White,Female,0,0,40,United-States,0
34,Private,232475,Some-college,10,Divorced,Exec-managerial,Not-in-family,White,Male,0,0,50,United-States,0
51,State-gov,454063,Doctorate,16,Married-civ-spouse,Exec-managerial,Husband,White,Male,7298,0,40,United-States,1
49,Local-gov,349633,Masters,14,Married-civ-spouse,Prof-specialty,Wife,White,Female,0,0,50,United-States,1
20,Private,231231,Some-college,10,Never-married,Sales,Not-in-family,White,Male,0,0,30,United-States,0
35,State-gov,248374,Some-college,10,Divorced,Adm-clerical,Unmarried,Black,Female,0,0,40,United-States,0
27,Private,126060,Bachelors,13,Never-married,Exec-managerial,Not-in-family,White,Female,0,0,40,United-States,0
31,Private,139000,HS-grad,9,Divorced,Sales,Unmarried,White,Female,0,0,25,United-States,0
31,Private,183801,Masters,14,Married-civ-spouse,Prof-specialty,Husband,White,Male,0,1902,43,United-States,1
41,Federal-gov,192589,Bachelors,13,Married-civ-spouse,Adm-clerical,Husband,White,Male,0,0,40,United-States,0
69,Private,88566,9th,5,Married-civ-spouse,Other-service,Husband,White,Male,1424,0,35,United-States,0
32,Private,349365,Some-college,10,Married-civ-spouse,Sales,Husband,Black,Male,0,0,65,United-States,0
30,Private,341187,7th-8th,4,Separated,Transport-moving,Not-in-family,White,Male,0,0,35,United-States,0
42,Local-gov,117227,Masters,14,Divorced,Prof-specialty,Unmarried,White,Female,0,0,45,United-States,0
53,Federal-gov,225339,Some-college,10,Widowed,Adm-clerical,Not-in-family,Black,Female,0,0,40,United-States,0
46,Private,117605,9th,5,Divorced,Sales,Not-in-family,White,Male,0,0,35,United-States,0
43,Private,111252,Some-college,10,Married-civ-spouse,Transport-moving,Husband,White,Male,0,0,42,United-States,0
19,Private,205830,HS-grad,9,Never-married,Other-service,Own-child,White,Female,0,0,40,El-Salvador,0
44,Private,145160,Doctorate,16,Married-civ-spouse,Prof-specialty,Husband,White,Male,0,0,40,United-States,1
44,Private,153489,HS-grad,9,Never-married,Other-service,Unmarried,White,Male,0,0,40,United-States,0
38,Federal-gov,190174,HS-grad,9,Divorced,Prof-specialty,Unmarried,White,Female,0,0,40,United-States,0
22,Private,164922,HS-grad,9,Married-civ-spouse,Other-service,Husband,White,Male,0,0,40,United-States,0
33,Private,255004,Some-college,10,Never-married,Sales,Not-in-family,White,Male,0,0,50,United-States,0
25,Private,158662,HS-grad,9,Married-civ-spouse,Adm-clerical,Wife,White,Female,0,0,50,United-States,1
27,Private,169460,Bachelors,13,Married-civ-spouse,Exec-managerial,Husband,White,Male,0,0,40,United-States,0
40,Private,88368,Some-college,10,Divorced,Adm-clerical,Unmarried,White,Female,914,0,40,United-States,0
32,Private,155232,Bachelors,13,Divorced,Protective-serv,Not-in-family,Black,Male,0,0,60,United-States,1
43,State-gov,27661,Masters,14,Never-married,Prof-specialty,Not-in-family,White,Male,0,0,45,United-States,0
24,Local-gov,201664,Some-college,10,Never-married,Protective-serv,Own-child,White,Male,0,0,40,United-States,0
61,Private,162391,7th-8th,4,Married-civ-spouse,Transport-moving,Husband,White,Male,0,1651,40,United-States,0
50,Private,462966,10th,6,Married-civ-spouse,Other-service,Husband,White,Male,0,0,8,El-Salvador,0
77,Private,117898,Bachelors,13,Married-civ-spouse,Exec-managerial,Husband,White,Male,0,0,50,United-States,1
23,Private,182342,HS-grad,9,Never-married,Craft-repair,Not-in-family,White,Male,0,0,40,United-States,0
24,Private,29810,Some-college,10,Never-married,Prof-specialty,Own-child,White,Female,0,0,40,United-States,0
32,Private,90705,HS-grad,9,Married-civ-spouse,Transport-moving,Husband,White,Male,0,0,60,United-States,1
65,Self-emp-inc,66360,11th,7,Married-civ-spouse,Exec-managerial,Husband,White,Male,6418,0,35,United-States,1
42,Self-emp-inc,50356,HS-grad,9,Married-civ-spouse,Exec-managerial,Husband,White,Male,0,0,40,United-States,0
55,Private,49737,Some-college,10,Married-civ-spouse,Sales,Husband,White,Male,0,0,50,United-States,0
34,Private,181311,11th,7,Married-civ-spouse,Machine-op-inspct,Husband,White,Male,0,0,40,United-States,0
41,Private,223548,1st-4th,2,Married-civ-spouse,Machine-op-inspct,Husband,White,Male,0,0,40,Mexico,0
33,Private,405913,Some-college,10,Married-civ-spouse,Prof-specialty,Husband,White,Male,0,0,40,Peru,1
19,Private,228939,HS-grad,9,Never-married,Handlers-cleaners,Own-child,White,Male,0,0,35,United-States,0
28,Private,96020,Bachelors,13,Never-married,Exec-managerial,Not-in-family,White,Female,0,0,40,United-States,0
19,Private,196857,Some-college,10,Never-married,Sales,Own-child,White,Female,0,0,20,United-States,0
42,Private,22831,HS-grad,9,Never-married,Other-service,Not-in-family,White,Female,0,0,40,United-States,0
43,Private,341358,Assoc-voc,11,Married-civ-spouse,Sales,Husband,White,Male,0,0,40,United-States,1
48,Private,140782,Masters,14,Married-civ-spouse,Exec-managerial,Wife,White,Female,0,1902,38,United-States,1
52,Local-gov,298035,Masters,14,Married-civ-spouse,Prof-specialty,Husband,White,Male,0,0,40,United-States,0
36,Private,197202,HS-grad,9,Married-civ-spouse,Other-service,Husband,Black,Male,0,0,40,United-States,0
47,Private,186534,HS-grad,9,Married-civ-spouse,Sales,Husband,White,Male,0,0,55,United-States,1
42,Self-emp-inc,23510,Masters,14,Divorced,Exec-managerial,Unmarried,Asian-Pac-Islander,Male,0,2201,60,India,1
43,Private,172577,Some-college,10,Divorced,Adm-clerical,Not-in-family,White,Female,0,0,44,United-States,0
50,Private,121685,Some-college,10,Married-civ-spouse,Sales,Husband,White,Male,0,0,45,United-States,1
33,Private,246038,Bachelors,13,Married-civ-spouse,Prof-specialty,Husband,White,Male,0,0,40,United-States,1
49,Private,232586,5th-6th,3,Married-civ-spouse,Craft-repair,Husband,White,Male,0,0,40,United-States,0
38,Private,498785,HS-grad,9,Married-civ-spouse,Handlers-cleaners,Husband,White,Male,0,0,40,United-States,0
33,Private,403468,HS-grad,9,Married-civ-spouse,Machine-op-inspct,Wife,White,Female,0,0,40,Mexico,0
47,Private,408788,Assoc-voc,11,Married-civ-spouse,Prof-specialty,Husband,White,Male,0,0,40,United-States,1
22,Private,37894,HS-grad,9,Separated,Other-service,Other-relative,White,Male,0,0,35,United-States,0
35,Federal-gov,103214,Doctorate,16,Never-married,Prof-specialty,Not-in-family,Amer-Indian-Eskimo,Female,0,0,60,United-States,1
23,Private,60331,HS-grad,9,Never-married,Machine-op-inspct,Own-child,White,Male,0,0,40,United-States,0
26,Private,746432,HS-grad,9,Never-married,Handlers-cleaners,Own-child,Black,Male,0,0,48,United-States,0
26,Private,197292,HS-grad,9,Never-married,Adm-clerical,Not-in-family,White,Female,0,0,50,United-States,0
53,Private,201127,Masters,14,Married-civ-spouse,Exec-managerial,Husband,White,Male,0,0,48,United-States,1
29,Private,122127,Bachelors,13,Never-married,Prof-specialty,Not-in-family,White,Female,8614,0,40,United-States,1
18,Private,210828,Some-college,10,Never-married,Handlers-cleaners,Own-child,Other,Male,0,0,30,United-States,0
44,Self-emp-not-inc,343190,Some-college,10,Married-civ-spouse,Craft-repair,Husband,White,Male,0,1887,55,United-States,1
26,Self-emp-not-inc,37918,HS-grad,9,Never-married,Farming-fishing,Own-child,White,Male,0,0,60,United-States,0
26,Private,288959,HS-grad,9,Married-civ-spouse,Sales,Husband,Black,Male,0,0,36,United-States,0
36,Private,41624,10th,6,Married-civ-spouse,Craft-repair,Husband,White,Male,0,0,70,Mexico,0
47,Private,84726,Some-college,10,Married-civ-spouse,Machine-op-inspct,Husband,White,Male,0,0,40,United-States,0
27,Private,212506,Some-college,10,Divorced,Adm-clerical,Unmarried,Black,Female,0,0,40,United-States,0
40,Private,182302,HS-grad,9,Divorced,Transport-moving,Not-in-family,White,Male,0,0,40,United-States,0
24,Private,195808,Some-college,10,Never-married,Machine-op-inspct,Own-child,White,Male,0,0,40,United-States,0
55,Private,231738,HS-grad,9,Divorced,Sales,Not-in-family,White,Female,0,0,40,England,0
38,Private,318610,Some-college,10,Divorced,Adm-clerical,Unmarried,Black,Female,0,0,40,United-States,0
51,Private,146574,Masters,14,Married-civ-spouse,Exec-managerial,Husband,White,Male,0,0,50,United-States,1
60,Private,31577,Assoc-voc,11,Married-civ-spouse,Tech-support,Husband,White,Male,0,0,40,United-States,0
54,State-gov,312897,Doctorate,16,Married-civ-spouse,Prof-specialty,Husband,White,Male,0,0,46,England,1
22,Private,222993,HS-grad,9,Never-married,Prof-specialty,Own-child,White,Male,0,0,54,United-States,0
55,Federal-gov,264834,Bachelors,13,Never-married,Prof-specialty,Not-in-family,White,Female,0,0,40,United-States,0
28,Private,339372,Bachelors,13,Never-married,Adm-clerical,Not-in-family,White,Male,0,1408,40,United-States,0
27,Private,472070,Assoc-voc,11,Never-married,Machine-op-inspct,Not-in-family,White,Male,0,0,40,United-States,0
45,Private,228570,HS-grad,9,Married-civ-spouse,Sales,Wife,White,Female,0,0,35,United-States,0
55,Private,115439,Prof-school,15,Married-civ-spouse,Exec-managerial,Husband,White,Male,99999,0,40,United-States,1
20,Private,157894,Some-college,10,Never-married,Other-service,Own-child,Black,Male,0,0,20,United-States,0
47,Local-gov,191389,HS-grad,9,Divorced,Adm-clerical,Unmarried,White,Female,0,0,35,United-States,0
47,Private,223342,HS-grad,9,Divorced,Adm-clerical,Unmarried,White,Female,0,1504,35,United-States,0
46,Private,358533,Some-college,10,Married-civ-spouse,Protective-serv,Husband,Black,Male,0,0,40,United-States,1
32,Private,184207,HS-grad,9,Divorced,Craft-repair,Not-in-family,White,Male,0,0,40,United-States,0
27,Private,357348,HS-grad,9,Separated,Other-service,Unmarried,White,Female,0,0,50,United-States,0
22,Private,51985,Some-college,10,Never-married,Craft-repair,Own-child,White,Male,0,0,30,United-States,0
29,Private,150861,Some-college,10,Never-married,Adm-clerical,Not-in-family,White,Female,0,0,40,Japan,0
65,Self-emp-inc,210381,Bachelors,13,Married-civ-spouse,Exec-managerial,Husband,White,Male,99999,0,65,United-States,1
90,Private,137018,HS-grad,9,Never-married,Other-service,Not-in-family,White,Female,0,0,40,United-States,0
40,Private,29841,Bachelors,13,Married-civ-spouse,Adm-clerical,Wife,White,Female,0,0,40,United-States,0
43,Private,128170,Some-college,10,Married-civ-spouse,Sales,Husband,White,Male,7688,0,40,United-States,1
57,Federal-gov,425161,Masters,14,Married-civ-spouse,Sales,Husband,White,Male,15024,0,40,United-States,1
25,State-gov,104097,Masters,14,Never-married,Exec-managerial,Not-in-family,White,Male,0,0,40,United-States,0
28,Self-emp-not-inc,112403,Bachelors,13,Never-married,Protective-serv,Own-child,White,Male,0,0,40,United-States,0
18,Private,205894,11th,7,Never-married,Sales,Own-child,White,Male,0,0,15,United-States,0
41,Private,168730,Some-college,10,Married-civ-spouse,Sales,Husband,White,Male,0,0,50,United-States,1
30,Private,231620,Bachelors,13,Never-married,Sales,Not-in-family,White,Female,0,0,40,Mexico,0
53,Private,277471,Assoc-voc,11,Married-civ-spouse,Tech-support,Husband,White,Male,0,0,40,United-States,1
57,State-gov,109015,12th,8,Divorced,Other-service,Unmarried,White,Female,0,0,40,United-States,0
26,Private,416577,HS-grad,9,Married-civ-spouse,Machine-op-inspct,Husband,Black,Male,0,0,45,United-States,0
40,Private,117860,HS-grad,9,Divorced,Other-service,Not-in-family,Black,Male,0,0,40,United-States,0
36,Private,201769,11th,7,Never-married,Protective-serv,Not-in-family,Black,Male,13550,0,40,United-States,1
25,Private,137301,Assoc-acdm,12,Never-married,Prof-specialty,Own-child,White,Female,0,0,40,United-States,0
36,Private,274809,HS-grad,9,Divorced,Adm-clerical,Unmarried,White,Female,0,0,50,United-States,0
44,State-gov,351228,HS-grad,9,Married-civ-spouse,Adm-clerical,Husband,White,Male,0,0,40,United-States,0
50,Self-emp-not-inc,95949,Bachelors,13,Married-civ-spouse,Craft-repair,Husband,White,Male,0,0,50,United-States,0
47,State-gov,306473,Assoc-acdm,12,Married-civ-spouse,Transport-moving,Husband,White,Male,0,0,40,United-States,0
24,Private,141113,7th-8th,4,Married-civ-spouse,Sales,Husband,White,Male,2580,0,40,United-States,0
17,Private,110723,11th,7,Never-married,Sales,Own-child,White,Female,0,0,25,United-States,0
27,Private,194652,HS-grad,9,Never-married,Craft-repair,Own-child,Black,Male,0,0,40,United-States,0
66,Private,175558,7th-8th,4,Widowed,Other-service,Not-in-family,White,Female,0,0,20,Germany,0
68,Local-gov,177596,10th,6,Separated,Other-service,Not-in-family,Black,Female,0,0,90,United-States,0
51,Self-emp-not-inc,149220,Some-college,10,Married-civ-spouse,Farming-fishing,Husband,White,Male,0,0,75,United-States,0
34,Self-emp-not-inc,234960,Bachelors,13,Married-civ-spouse,Prof-specialty,Husband,Black,Male,0,1887,48,United-States,1
41,Private,204682,HS-grad,9,Divorced,Craft-repair,Unmarried,White,Male,2174,0,40,Japan,0
20,Private,232577,Some-college,10,Never-married,Other-service,Unmarried,White,Female,0,0,40,United-States,0
38,Private,213260,HS-grad,9,Separated,Protective-serv,Not-in-family,Black,Male,0,0,40,United-States,0
47,Private,179313,10th,6,Divorced,Sales,Unmarried,White,Female,0,0,30,United-States,0
40,Self-emp-not-inc,192507,Assoc-acdm,12,Divorced,Prof-specialty,Not-in-family,White,Female,0,0,50,United-States,0
31,Private,354464,HS-grad,9,Married-civ-spouse,Other-service,Husband,White,Male,0,0,40,United-States,0
53,Private,227602,HS-grad,9,Divorced,Sales,Not-in-family,White,Female,0,0,37,Mexico,0
23,Private,177087,11th,7,Never-married,Adm-clerical,Unmarried,Black,Male,0,0,35,United-States,0
44,Private,128354,Masters,14,Divorced,Exec-managerial,Unmarried,White,Female,0,0,40,United-States,0
75,Private,104896,HS-grad,9,Married-civ-spouse,Sales,Husband,White,Male,2653,0,20,United-States,0
36,Private,279721,HS-grad,9,Married-civ-spouse,Transport-moving,Husband,White,Male,0,0,40,United-States,0
24,Private,88095,Some-college,10,Never-married,Machine-op-inspct,Not-in-family,White,Female,0,0,24,Mexico,0
35,Private,220585,12th,8,Married-civ-spouse,Transport-moving,Husband,White,Male,0,0,40,United-States,0
34,Private,111985,HS-grad,9,Married-civ-spouse,Craft-repair,Husband,White,Male,0,0,45,United-States,0
26,Private,178140,Bachelors,13,Married-civ-spouse,Other-service,Husband,White,Male,0,0,45,United-States,1
19,Private,64112,12th,8,Never-married,Adm-clerical,Not-in-family,White,Female,0,0,40,United-States,0
43,Self-emp-not-inc,198096,Masters,14,Married-civ-spouse,Sales,Husband,White,Male,0,0,60,United-States,0
29,Private,131088,Some-college,10,Married-civ-spouse,Exec-managerial,Husband,White,Male,0,0,40,United-States,0
23,Private,147253,Assoc-acdm,12,Never-married,Sales,Not-in-family,White,Male,0,0,40,United-States,0
20,Private,41432,Some-college,10,Never-married,Adm-clerical,Own-child,White,Female,0,0,46,United-States,0
51,Private,189551,HS-grad,9,Divorced,Craft-repair,Own-child,Black,Male,0,0,40,United-States,0
35,Private,126569,Some-college,10,Married-civ-spouse,Sales,Husband,White,Male,4064,0,40,United-States,0
41,Private,302122,Assoc-voc,11,Divorced,Craft-repair,Not-in-family,White,Female,0,0,40,United-States,0
69,Federal-gov,143849,11th,7,Widowed,Adm-clerical,Not-in-family,White,Female,0,0,20,United-States,0
23,Private,218782,10th,6,Never-married,Handlers-cleaners,Other-relative,Other,Male,0,0,40,United-States,0
17,Local-gov,246308,11th,7,Never-married,Prof-specialty,Own-child,White,Female,0,0,20,Puerto-Rico,0
37,Private,259089,Bachelors,13,Divorced,Exec-managerial,Not-in-family,White,Male,0,0,40,United-States,0
28,Private,144521,HS-grad,9,Never-married,Other-service,Own-child,Black,Female,0,0,40,United-States,0
58,Self-emp-not-inc,165315,HS-grad,9,Married-civ-spouse,Sales,Husband,White,Male,0,0,35,United-States,1
38,Local-gov,86643,Bachelors,13,Married-civ-spouse,Prof-specialty,Husband,White,Male,0,0,45,United-States,1
46,Private,423222,Bachelors,13,Married-civ-spouse,Exec-managerial,Husband,White,Male,7688,0,40,United-States,1
42,Self-emp-not-inc,96524,Bachelors,13,Married-civ-spouse,Sales,Husband,White,Male,0,0,40,United-States,1
48,Private,227714,Bachelors,13,Married-civ-spouse,Sales,Husband,White,Male,0,0,60,United-States,0
36,Private,155537,HS-grad,9,Married-civ-spouse,Craft-repair,Husband,White,Male,0,0,40,United-States,0
22,Private,264874,HS-grad,9,Never-married,Craft-repair,Own-child,White,Female,0,0,40,United-States,0
24,Private,222853,Some-college,10,Never-married,Craft-repair,Unmarried,White,Male,0,0,50,United-States,0
44,Self-emp-inc,118212,Bachelors,13,Married-civ-spouse,Exec-managerial,Husband,White,Male,99999,0,70,United-States,1
32,Private,137076,Some-college,10,Married-civ-spouse,Sales,Husband,White,Male,0,0,40,United-States,0
57,Private,262642,HS-grad,9,Never-married,Adm-clerical,Other-relative,White,Female,0,0,40,United-States,0
22,Private,139190,HS-grad,9,Never-married,Craft-repair,Own-child,White,Male,0,0,50,United-States,0
45,Private,297676,Assoc-acdm,12,Widowed,Sales,Unmarried,White,Female,0,0,40,Cuba,0
47,Private,266860,Some-college,10,Married-civ-spouse,Sales,Husband,White,Male,0,0,65,United-States,1
21,Private,198822,HS-grad,9,Never-married,Adm-clerical,Own-child,White,Female,0,0,35,United-States,0
39,Self-emp-not-inc,106347,Some-college,10,Divorced,Sales,Unmarried,White,Male,0,0,47,United-States,0
28,Private,245790,HS-grad,9,Never-married,Craft-repair,Own-child,White,Male,0,0,40,United-States,0
32,Private,174704,11th,7,Never-married,Other-service,Not-in-family,Black,Male,0,0,40,United-States,0
45,Private,361842,HS-grad,9,Widowed,Craft-repair,Not-in-family,White,Female,0,0,40,United-States,0
22,Private,141698,10th,6,Never-married,Craft-repair,Unmarried,White,Male,0,0,40,United-States,0
23,Private,188409,11th,7,Married-civ-spouse,Transport-moving,Husband,White,Male,4508,0,25,United-States,0
38,Private,63509,HS-grad,9,Married-civ-spouse,Craft-repair,Husband,White,Male,0,0,40,United-States,1
51,Self-emp-not-inc,171924,Some-college,10,Married-civ-spouse,Sales,Husband,White,Male,0,0,50,United-States,0
25,Private,458549,1st-4th,2,Married-civ-spouse,Farming-fishing,Husband,White,Male,0,0,96,Mexico,0
41,Self-emp-not-inc,134130,HS-grad,9,Married-civ-spouse,Farming-fishing,Husband,White,Male,0,0,60,United-States,0
42,Private,240628,Bachelors,13,Married-civ-spouse,Exec-managerial,Wife,White,Female,0,0,40,United-States,1
47,Private,431245,7th-8th,4,Married-civ-spouse,Craft-repair,Husband,White,Male,0,0,40,United-States,0
67,Private,126849,10th,6,Married-civ-spouse,Transport-moving,Husband,Amer-Indian-Eskimo,Male,0,0,20,United-States,0
39,Federal-gov,376455,Prof-school,15,Married-civ-spouse,Prof-specialty,Husband,White,Male,0,1887,50,United-States,1
17,Private,136363,10th,6,Never-married,Other-service,Own-child,White,Male,0,0,20,United-States,0
34,Private,143699,HS-grad,9,Married-civ-spouse,Sales,Wife,White,Female,0,0,15,United-States,0
23,Private,50953,Some-college,10,Never-married,Tech-support,Not-in-family,White,Female,0,0,40,United-States,0
32,Private,93930,HS-grad,9,Divorced,Machine-op-inspct,Not-in-family,White,Male,0,0,40,United-States,0
62,Private,150693,HS-grad,9,Widowed,Adm-clerical,Not-in-family,White,Female,0,0,42,United-States,0
27,Private,134152,HS-grad,9,Married-civ-spouse,Machine-op-inspct,Husband,White,Male,0,0,45,United-States,0
50,Private,170050,7th-8th,4,Married-civ-spouse,Machine-op-inspct,Husband,White,Male,0,0,40,United-States,0
25,Private,143280,10th,6,Never-married,Priv-house-serv,Own-child,White,Female,0,0,24,United-States,0
64,Local-gov,78866,HS-grad,9,Divorced,Adm-clerical,Not-in-family,White,Female,0,0,40,United-States,0
39,Private,203763,Doctorate,16,Divorced,Prof-specialty,Unmarried,White,Female,0,0,80,United-States,0
47,Private,341471,HS-grad,9,Divorced,Priv-house-serv,Not-in-family,White,Female,0,0,4,United-States,0
35,State-gov,82622,Some-college,10,Married-civ-spouse,Exec-managerial,Husband,White,Male,0,0,80,United-States,0
27,Private,150025,HS-grad,9,Never-married,Sales,Not-in-family,White,Male,0,0,40,Puerto-Rico,0
25,Private,356017,11th,7,Never-married,Other-service,Not-in-family,White,Male,0,0,99,United-States,0
39,Private,232854,HS-grad,9,Divorced,Transport-moving,Not-in-family,White,Male,0,0,40,United-States,0
57,Private,195835,Some-college,10,Married-spouse-absent,Adm-clerical,Not-in-family,White,Male,0,0,40,United-States,0
25,Private,74977,Some-college,10,Married-civ-spouse,Adm-clerical,Wife,White,Female,0,0,40,United-States,0
50,Federal-gov,166419,11th,7,Never-married,Sales,Not-in-family,Black,Female,3674,0,40,United-States,0
41,Private,120277,Bachelors,13,Never-married,Craft-repair,Not-in-family,White,Male,0,0,40,United-States,0
28,Private,120135,Assoc-voc,11,Never-married,Sales,Not-in-family,White,Female,0,0,40,United-States,0
24,Private,86153,Some-college,10,Never-married,Adm-clerical,Not-in-family,White,Female,0,0,40,United-States,0
34,Private,226296,HS-grad,9,Married-civ-spouse,Other-service,Husband,White,Male,0,0,40,United-States,1
44,Local-gov,177240,Prof-school,15,Never-married,Prof-specialty,Not-in-family,White,Male,10520,0,40,United-States,1
38,Private,191103,Prof-school,15,Married-civ-spouse,Prof-specialty,Husband,White,Male,0,0,99,United-States,1
51,Private,176969,HS-grad,9,Married-civ-spouse,Machine-op-inspct,Husband,White,Male,0,0,48,United-States,0
42,Private,33126,Assoc-acdm,12,Married-civ-spouse,Exec-managerial,Husband,White,Male,0,0,60,United-States,1
42,Private,383493,Some-college,10,Married-civ-spouse,Exec-managerial,Husband,White,Male,15024,0,50,United-States,1
48,Private,185041,7th-8th,4,Married-civ-spouse,Transport-moving,Husband,White,Male,0,1672,55,United-States,0
51,Local-gov,176751,Bachelors,13,Married-civ-spouse,Prof-specialty,Husband,White,Male,0,1902,40,United-States,1
19,Private,124486,12th,8,Never-married,Other-service,Own-child,White,Male,0,1602,20,United-States,0
44,Private,138077,Bachelors,13,Divorced,Adm-clerical,Unmarried,White,Female,0,0,32,United-States,0
51,State-gov,237141,Masters,14,Married-civ-spouse,Exec-managerial,Husband,White,Male,0,0,40,United-States,1
20,Private,256240,HS-grad,9,Never-married,Other-service,Own-child,White,Male,0,0,30,United-States,0
18,Private,148644,HS-grad,9,Never-married,Sales,Own-child,White,Female,0,0,28,United-States,0
43,Private,153489,Bachelors,13,Married-civ-spouse,Sales,Husband,White,Male,0,0,50,United-States,0
47,Self-emp-not-inc,122307,Bachelors,13,Married-civ-spouse,Sales,Husband,White,Male,0,1887,40,United-States,1
44,Private,228057,7th-8th,4,Married-civ-spouse,Machine-op-inspct,Wife,White,Female,0,0,40,Dominican-Republic,0
36,Private,286115,HS-grad,9,Married-civ-spouse,Craft-repair,Husband,White,Male,0,0,40,United-States,1
36,Private,214807,HS-grad,9,Divorced,Handlers-cleaners,Unmarried,White,Female,0,0,37,United-States,0
36,Private,173804,11th,7,Divorced,Other-service,Not-in-family,White,Female,0,0,40,United-States,0
42,Self-emp-inc,144236,Some-college,10,Never-married,Sales,Not-in-family,White,Male,0,0,60,United-States,0
32,Private,604506,HS-grad,9,Married-civ-spouse,Transport-moving,Own-child,White,Male,0,0,72,Mexico,0
27,Private,176683,HS-grad,9,Never-married,Other-service,Not-in-family,White,Male,0,0,48,United-States,0
40,Private,116103,Some-college,10,Separated,Craft-repair,Unmarried,White,Male,4934,0,47,United-States,1
35,Private,183892,10th,6,Married-civ-spouse,Craft-repair,Husband,White,Male,0,0,40,United-States,0
30,Private,203258,HS-grad,9,Never-married,Other-service,Not-in-family,White,Female,0,0,35,United-States,0
24,Local-gov,134181,Bachelors,13,Never-married,Prof-specialty,Own-child,White,Female,0,0,50,United-States,0
33,Private,192644,HS-grad,9,Separated,Handlers-cleaners,Unmarried,White,Male,0,0,35,Puerto-Rico,0
44,Private,187821,Bachelors,13,Married-civ-spouse,Transport-moving,Husband,White,Male,0,0,55,United-States,0
46,Private,164877,Some-college,10,Married-civ-spouse,Craft-repair,Husband,White,Male,0,0,44,United-States,0
41,Self-emp-not-inc,204235,Prof-school,15,Married-civ-spouse,Prof-specialty,Husband,White,Male,0,0,50,United-States,1
32,Federal-gov,115066,HS-grad,9,Married-civ-spouse,Tech-support,Husband,White,Male,0,0,40,United-States,0
29,Private,102345,Some-college,10,Never-married,Tech-support,Not-in-family,White,Male,0,0,52,United-States,0
55,Private,177380,HS-grad,9,Divorced,Adm-clerical,Not-in-family,White,Female,0,0,29,United-States,0
43,Private,130126,Bachelors,13,Married-civ-spouse,Exec-managerial,Husband,White,Male,15024,0,50,United-States,1
51,Private,224207,Some-college,10,Married-civ-spouse,Sales,Husband,White,Male,0,0,40,United-States,1
43,Private,972354,Some-college,10,Married-civ-spouse,Other-service,Husband,White,Male,0,0,48,United-States,0
40,Private,182136,HS-grad,9,Married-civ-spouse,Transport-moving,Husband,White,Male,0,0,40,United-States,0
46,Private,159869,HS-grad,9,Divorced,Exec-managerial,Not-in-family,White,Male,0,0,44,United-States,0
23,Private,102729,Some-college,10,Never-married,Sales,Own-child,White,Female,0,0,15,United-States,0
39,Private,261504,12th,8,Divorced,Adm-clerical,Unmarried,White,Female,0,0,40,United-States,0
19,Private,318822,Some-college,10,Never-married,Adm-clerical,Other-relative,White,Female,0,0,40,United-States,0
70,Private,131060,7th-8th,4,Married-civ-spouse,Other-service,Husband,White,Male,0,0,25,United-States,0
19,Private,25429,Some-college,10,Never-married,Adm-clerical,Own-child,White,Female,0,0,16,United-States,0
35,Private,117381,Bachelors,13,Divorced,Sales,Not-in-family,White,Male,0,0,40,United-States,0
27,Federal-gov,469705,HS-grad,9,Never-married,Craft-repair,Not-in-family,Black,Male,0,1980,40,United-States,0
64,Private,169604,11th,7,Married-civ-spouse,Transport-moving,Husband,White,Male,0,0,40,United-States,0
46,Private,55720,Masters,14,Married-civ-spouse,Exec-managerial,Husband,White,Male,0,0,45,United-States,1
21,Private,119474,HS-grad,9,Never-married,Other-service,Other-relative,White,Female,0,0,40,United-States,0
28,Private,83879,HS-grad,9,Married-civ-spouse,Machine-op-inspct,Husband,Black,Male,0,0,40,United-States,0
25,Local-gov,334267,Some-college,10,Married-civ-spouse,Exec-managerial,Husband,White,Male,0,0,40,United-States,1
36,Self-emp-not-inc,180686,Prof-school,15,Married-civ-spouse,Prof-specialty,Husband,White,Male,0,0,50,United-States,0
35,Private,190895,Some-college,10,Married-civ-spouse,Prof-specialty,Husband,White,Male,0,0,60,United-States,0
41,Private,147206,12th,8,Married-civ-spouse,Handlers-cleaners,Husband,White,Male,0,0,40,United-States,1
34,Private,164280,10th,6,Married-civ-spouse,Handlers-cleaners,Husband,White,Male,0,0,40,Portugal,0
27,State-gov,68393,Bachelors,13,Never-married,Adm-clerical,Not-in-family,White,Female,0,0,40,United-States,0
45,Private,156117,Assoc-voc,11,Divorced,Prof-specialty,Not-in-family,White,Female,0,0,32,United-States,0
46,Private,219611,Some-college,10,Married-civ-spouse,Adm-clerical,Husband,White,Male,0,0,40,United-States,0
42,Private,39060,HS-grad,9,Married-civ-spouse,Sales,Husband,White,Male,0,0,60,United-States,1
51,Private,145114,HS-grad,9,Divorced,Adm-clerical,Not-in-family,White,Female,0,0,40,United-States,0
33,Self-emp-not-inc,134886,Bachelors,13,Married-civ-spouse,Prof-specialty,Wife,White,Female,0,0,50,United-States,1
34,Private,184942,11th,7,Married-civ-spouse,Transport-moving,Husband,White,Male,0,0,50,United-States,0
31,Private,185814,HS-grad,9,Never-married,Transport-moving,Unmarried,Black,Female,0,0,30,United-States,0
41,Local-gov,176716,HS-grad,9,Married-civ-spouse,Transport-moving,Husband,White,Male,0,0,60,United-States,0
38,Private,299810,HS-grad,9,Married-civ-spouse,Handlers-cleaners,Husband,Black,Male,0,0,40,United-States,0
74,Private,180455,Bachelors,13,Widowed,Other-service,Not-in-family,White,Female,0,0,8,United-States,0
51,Self-emp-inc,103995,Assoc-acdm,12,Never-married,Sales,Not-in-family,White,Female,0,0,25,United-States,0
54,Self-emp-not-inc,205066,10th,6,Married-civ-spouse,Craft-repair,Husband,White,Male,0,0,36,United-States,0
26,Self-emp-not-inc,201138,Assoc-voc,11,Never-married,Other-service,Not-in-family,White,Female,0,0,35,United-States,0
47,Private,179955,Some-college,10,Widowed,Transport-moving,Unmarried,White,Female,0,0,25,Outlying-US(Guam-USVI-etc),0
27,Private,150080,Bachelors,13,Never-married,Exec-managerial,Own-child,White,Female,0,0,40,United-States,0
61,Private,83045,9th,5,Married-civ-spouse,Machine-op-inspct,Husband,White,Male,0,0,40,United-States,0
23,Private,334357,HS-grad,9,Never-married,Adm-clerical,Own-child,Black,Female,0,0,40,United-States,0
61,Self-emp-not-inc,220342,7th-8th,4,Married-civ-spouse,Transport-moving,Husband,White,Male,0,0,30,United-States,0
31,Private,193132,Bachelors,13,Never-married,Tech-support,Not-in-family,White,Female,0,0,42,United-States,0
63,Self-emp-not-inc,167501,Some-college,10,Married-civ-spouse,Prof-specialty,Wife,White,Female,20051,0,10,United-States,1
22,Private,127647,HS-grad,9,Never-married,Other-service,Own-child,White,Female,0,0,36,United-States,0
29,Private,444304,Bachelors,13,Married-civ-spouse,Prof-specialty,Husband,White,Male,0,0,40,United-States,1
39,Private,139012,Bachelors,13,Married-civ-spouse,Adm-clerical,Husband,Asian-Pac-Islander,Male,0,0,40,Philippines,1
34,State-gov,61431,12th,8,Never-married,Adm-clerical,Not-in-family,Black,Female,0,0,40,United-States,0
45,Private,96100,7th-8th,4,Married-civ-spouse,Machine-op-inspct,Husband,Black,Male,0,0,40,United-States,0
18,Private,184693,Some-college,10,Never-married,Other-service,Own-child,White,Female,0,0,20,Mexico,0
63,Self-emp-not-inc,106551,HS-grad,9,Married-civ-spouse,Craft-repair,Husband,White,Male,0,0,40,United-States,0
46,Private,174209,HS-grad,9,Divorced,Exec-managerial,Not-in-family,White,Male,0,0,45,United-States,0
42,Private,204235,Some-college,10,Married-civ-spouse,Prof-specialty,Husband,White,Male,0,0,40,United-States,1
22,Private,106843,10th,6,Never-married,Craft-repair,Other-relative,White,Male,0,0,30,United-States,0
53,Private,113995,Bachelors,13,Married-civ-spouse,Exec-managerial,Husband,White,Male,0,0,45,United-States,1
57,Private,237691,HS-grad,9,Married-civ-spouse,Other-service,Husband,White,Male,0,0,40,Mexico,0
28,Private,77760,HS-grad,9,Never-married,Other-service,Unmarried,White,Male,0,0,40,United-States,0
51,Local-gov,203334,Doctorate,16,Divorced,Exec-managerial,Not-in-family,White,Female,0,0,45,United-States,1
40,Private,241895,Some-college,10,Married-civ-spouse,Adm-clerical,Husband,White,Male,0,0,40,United-States,0
40,Local-gov,108765,Assoc-voc,11,Never-married,Exec-managerial,Unmarried,Amer-Indian-Eskimo,Female,0,0,40,United-States,0
25,Private,131976,Bachelors,13,Never-married,Exec-managerial,Own-child,White,Male,0,0,55,United-States,0
40,Private,184378,Some-college,10,Married-civ-spouse,Sales,Husband,White,Male,0,0,60,Puerto-Rico,0
35,Private,306678,HS-grad,9,Married-civ-spouse,Machine-op-inspct,Husband,White,Male,2885,0,40,United-States,0
35,Private,48123,12th,8,Married-civ-spouse,Craft-repair,Wife,White,Female,0,0,50,United-States,0
46,Private,465974,11th,7,Never-married,Transport-moving,Own-child,White,Male,0,0,30,United-States,0
37,Private,160035,HS-grad,9,Married-civ-spouse,Craft-repair,Husband,White,Male,0,0,40,United-States,0
21,Private,301556,HS-grad,9,Never-married,Other-service,Own-child,White,Female,0,0,19,United-States,0
36,Local-gov,150309,Assoc-voc,11,Married-civ-spouse,Transport-moving,Husband,Amer-Indian-Eskimo,Male,0,0,40,United-States,0
52,Self-emp-not-inc,199265,HS-grad,9,Divorced,Craft-repair,Not-in-family,Black,Male,0,0,40,United-States,0
71,Self-emp-not-inc,494223,Some-college,10,Separated,Sales,Unmarried,Black,Male,0,1816,2,United-States,0
24,Private,220944,Some-college,10,Married-civ-spouse,Craft-repair,Husband,White,Male,0,0,60,United-States,0
44,Private,378251,HS-grad,9,Married-civ-spouse,Adm-clerical,Wife,White,Female,0,0,38,United-States,0
41,Private,149102,Bachelors,13,Married-civ-spouse,Exec-managerial,Husband,White,Male,0,0,60,United-States,1
34,Self-emp-not-inc,313729,Some-college,10,Married-civ-spouse,Farming-fishing,Husband,White,Male,0,0,50,United-States,0
51,Private,182740,HS-grad,9,Divorced,Prof-specialty,Unmarried,White,Male,0,0,40,United-States,0
20,Private,203240,9th,5,Never-married,Sales,Own-child,White,Female,0,0,32,United-States,0
45,Self-emp-not-inc,341117,Some-college,10,Divorced,Prof-specialty,Not-in-family,White,Female,0,0,50,United-States,0
41,Self-emp-inc,73431,Bachelors,13,Widowed,Prof-specialty,Unmarried,White,Female,0,0,40,United-States,0
45,Private,241350,HS-grad,9,Married-civ-spouse,Handlers-cleaners,Husband,White,Male,0,0,48,United-States,1
61,Private,180632,HS-grad,9,Married-civ-spouse,Sales,Husband,White,Male,0,0,40,United-States,0
40,Private,208277,Some-college,10,Divorced,Adm-clerical,Own-child,White,Female,0,0,44,United-States,1
50,Self-emp-not-inc,192654,10th,6,Never-married,Craft-repair,Not-in-family,White,Male,0,0,25,United-States,0
30,Private,323069,Bachelors,13,Never-married,Sales,Not-in-family,White,Female,0,0,40,United-States,0
30,Private,185177,Bachelors,13,Married-civ-spouse,Exec-managerial,Husband,White,Male,0,0,43,United-States,0
66,Private,298834,Some-college,10,Married-civ-spouse,Protective-serv,Husband,White,Male,0,0,40,Canada,0
33,Private,123253,Bachelors,13,Married-civ-spouse,Exec-managerial,Husband,White,Male,0,0,55,United-States,1
24,Private,104146,Bachelors,13,Never-married,Prof-specialty,Own-child,Asian-Pac-Islander,Male,0,0,40,United-States,0
28,Private,275116,10th,6,Married-civ-spouse,Transport-moving,Husband,White,Male,0,0,40,United-States,0
37,Self-emp-inc,107164,10th,6,Never-married,Transport-moving,Not-in-family,White,Male,0,2559,50,United-States,1
33,Private,222654,Bachelors,13,Never-married,Prof-specialty,Not-in-family,White,Male,0,0,40,United-States,0
52,Private,54933,Masters,14,Divorced,Prof-specialty,Own-child,White,Female,0,0,40,United-States,0
50,Private,204518,7th-8th,4,Divorced,Craft-repair,Not-in-family,White,Male,0,0,40,United-States,0
52,Self-emp-not-inc,102346,Some-college,10,Never-married,Prof-specialty,Own-child,White,Female,0,0,35,United-States,0
46,Private,369538,10th,6,Married-civ-spouse,Transport-moving,Husband,White,Male,0,0,40,United-States,1
27,Private,109004,HS-grad,9,Separated,Craft-repair,Unmarried,Black,Male,0,0,40,United-States,0
46,Private,133616,Some-college,10,Divorced,Adm-clerical,Unmarried,White,Female,0,0,40,United-States,0
49,State-gov,122177,Some-college,10,Married-civ-spouse,Machine-op-inspct,Husband,White,Male,0,0,40,United-States,1
31,Private,257644,HS-grad,9,Never-married,Prof-specialty,Not-in-family,White,Male,0,0,43,United-States,0
21,Private,262819,Some-college,10,Never-married,Other-service,Not-in-family,White,Female,0,0,20,United-States,0
32,Private,447066,Bachelors,13,Married-civ-spouse,Sales,Husband,Black,Male,15024,0,50,United-States,1
25,Private,38488,HS-grad,9,Never-married,Adm-clerical,Own-child,White,Female,0,0,40,United-States,0
29,Private,178778,Some-college,10,Never-married,Other-service,Not-in-family,White,Male,0,0,40,United-States,0
27,Private,84977,HS-grad,9,Married-civ-spouse,Craft-repair,Husband,White,Male,0,0,40,United-States,0
41,Federal-gov,153132,Bachelors,13,Married-civ-spouse,Prof-specialty,Husband,White,Male,0,0,38,United-States,1
50,Private,35224,HS-grad,9,Married-civ-spouse,Craft-repair,Husband,White,Male,0,0,40,United-States,0
48,Private,498328,10th,6,Married-civ-spouse,Transport-moving,Husband,Black,Male,0,0,40,United-States,0
55,Self-emp-not-inc,170166,Bachelors,13,Married-civ-spouse,Exec-managerial,Wife,White,Female,0,0,25,United-States,0
51,Private,147954,HS-grad,9,Married-civ-spouse,Adm-clerical,Wife,Black,Female,3411,0,38,United-States,0
48,Private,155509,Some-college,10,Never-married,Craft-repair,Not-in-family,Black,Female,0,0,40,United-States,0
29,Self-emp-not-inc,141185,Some-college,10,Married-civ-spouse,Farming-fishing,Husband,White,Male,0,0,55,United-States,0
51,Private,163052,HS-grad,9,Married-civ-spouse,Protective-serv,Husband,White,Male,0,0,40,United-States,1
36,Private,164898,HS-grad,9,Married-civ-spouse,Exec-managerial,Husband,White,Male,0,0,40,United-States,0
23,Private,213115,HS-grad,9,Never-married,Adm-clerical,Own-child,Black,Female,0,0,40,United-States,0
21,Private,211391,Some-college,10,Never-married,Adm-clerical,Not-in-family,White,Female,0,0,27,United-States,0
17,Private,41865,10th,6,Never-married,Other-service,Own-child,White,Female,0,0,25,United-States,0
42,Local-gov,209752,Prof-school,15,Married-civ-spouse,Exec-managerial,Husband,White,Male,0,0,55,United-States,1
32,Private,281437,Some-college,10,Married-civ-spouse,Transport-moving,Husband,White,Male,0,0,55,United-States,0
48,Private,116641,HS-grad,9,Divorced,Adm-clerical,Unmarried,White,Female,0,0,45,United-States,0
38,Private,58108,Bachelors,13,Married-civ-spouse,Exec-managerial,Husband,White,Male,0,0,50,United-States,1
49,Private,318331,HS-grad,9,Divorced,Machine-op-inspct,Not-in-family,White,Male,0,0,40,United-States,0
65,Self-emp-inc,184965,Doctorate,16,Married-civ-spouse,Exec-managerial,Husband,White,Male,99999,0,40,United-States,1
49,Private,165152,HS-grad,9,Married-civ-spouse,Sales,Husband,White,Male,0,0,48,United-States,1
19,Private,220101,Some-college,10,Never-married,Adm-clerical,Not-in-family,White,Female,0,0,40,United-States,0
46,Self-emp-not-inc,366089,Prof-school,15,Married-civ-spouse,Prof-specialty,Husband,White,Male,15024,0,40,United-States,1
45,Private,80430,HS-grad,9,Divorced,Other-service,Not-in-family,White,Female,0,0,40,United-States,0
23,Private,72887,HS-grad,9,Never-married,Craft-repair,Own-child,Asian-Pac-Islander,Male,0,0,1,Vietnam,0
25,Private,236242,Prof-school,15,Never-married,Prof-specialty,Not-in-family,White,Female,0,0,30,United-States,0
46,Private,109089,HS-grad,9,Divorced,Craft-repair,Not-in-family,White,Male,0,0,37,United-States,0
68,Private,166149,HS-grad,9,Widowed,Adm-clerical,Not-in-family,White,Female,0,2206,30,United-States,0
25,Private,282063,7th-8th,4,Married-civ-spouse,Handlers-cleaners,Husband,White,Male,0,0,40,Mexico,0
41,Local-gov,183224,Masters,14,Married-civ-spouse,Prof-specialty,Wife,Asian-Pac-Islander,Female,0,0,40,Taiwan,1
60,Self-emp-not-inc,27886,Some-college,10,Married-civ-spouse,Exec-managerial,Husband,White,Male,0,0,40,United-States,1
42,Private,213821,HS-grad,9,Married-civ-spouse,Craft-repair,Husband,White,Male,0,1887,40,United-States,1
51,Self-emp-not-inc,155963,Some-college,10,Married-civ-spouse,Craft-repair,Husband,White,Male,0,0,55,United-States,0
39,Local-gov,143385,HS-grad,9,Married-civ-spouse,Craft-repair,Husband,White,Male,0,0,40,United-States,0
43,Federal-gov,192712,Some-college,10,Married-civ-spouse,Prof-specialty,Wife,White,Female,0,0,40,United-States,1
41,Private,143046,Masters,14,Never-married,Adm-clerical,Not-in-family,White,Female,0,0,40,United-States,0
48,Private,199763,HS-grad,9,Married-civ-spouse,Prof-specialty,Wife,White,Female,0,0,8,United-States,0
28,Private,197484,HS-grad,9,Never-married,Handlers-cleaners,Own-child,White,Male,0,0,40,United-States,0
19,Self-emp-not-inc,194205,Some-college,10,Never-married,Other-service,Own-child,White,Female,0,0,40,Mexico,0
37,Private,282872,HS-grad,9,Married-civ-spouse,Craft-repair,Husband,White,Male,0,1628,40,United-States,0
51,Private,159755,HS-grad,9,Married-civ-spouse,Craft-repair,Husband,White,Male,0,0,20,United-States,0
25,Private,248990,5th-6th,3,Never-married,Machine-op-inspct,Not-in-family,White,Male,0,0,40,Mexico,0
19,Private,238474,Some-college,10,Never-married,Sales,Own-child,White,Male,0,0,25,United-States,0
34,Private,111746,HS-grad,9,Separated,Craft-repair,Not-in-family,White,Male,0,0,45,Portugal,0
33,Private,198069,HS-grad,9,Never-married,Machine-op-inspct,Not-in-family,White,Male,0,0,65,United-States,0
37,Self-emp-not-inc,245372,Bachelors,13,Divorced,Tech-support,Not-in-family,White,Male,0,0,15,United-States,0
31,Private,110554,HS-grad,9,Married-civ-spouse,Machine-op-inspct,Wife,White,Female,4386,0,40,United-States,1
30,Private,200192,Some-college,10,Married-civ-spouse,Other-service,Wife,White,Female,0,0,45,United-States,0
27,Private,115831,Some-college,10,Married-civ-spouse,Other-service,Husband,White,Male,0,0,40,United-States,0
23,Self-emp-not-inc,258298,Bachelors,13,Never-married,Adm-clerical,Own-child,White,Male,0,2231,40,United-States,1
30,Private,147921,Assoc-voc,11,Divorced,Adm-clerical,Not-in-family,White,Female,0,0,46,United-States,0
56,Private,174744,HS-grad,9,Married-civ-spouse,Other-service,Husband,White,Male,0,0,40,United-States,0
22,Private,496856,Some-college,10,Married-civ-spouse,Exec-managerial,Wife,White,Female,0,0,40,United-States,0
39,Private,112731,HS-grad,9,Divorced,Other-service,Not-in-family,Other,Female,0,0,40,Dominican-Republic,0
32,Private,462255,Bachelors,13,Divorced,Exec-managerial,Not-in-family,White,Female,0,0,40,United-States,0
40,Private,111829,Masters,14,Never-married,Adm-clerical,Own-child,White,Female,0,0,40,United-States,0
31,Self-emp-inc,344275,HS-grad,9,Never-married,Craft-repair,Not-in-family,White,Male,0,0,44,United-States,0
39,Private,548510,Bachelors,13,Married-civ-spouse,Prof-specialty,Husband,Black,Male,0,0,30,United-States,0
35,Private,245090,HS-grad,9,Married-civ-spouse,Craft-repair,Husband,White,Male,0,0,40,Mexico,0
24,State-gov,191269,Bachelors,13,Never-married,Adm-clerical,Not-in-family,White,Female,0,0,65,United-States,0
20,Private,299399,Some-college,10,Never-married,Sales,Own-child,White,Female,0,0,20,United-States,0
38,Local-gov,161463,Prof-school,15,Married-civ-spouse,Prof-specialty,Husband,Black,Male,0,0,40,United-States,1
18,Private,131033,11th,7,Never-married,Other-service,Other-relative,Black,Male,0,0,15,United-States,0
43,Private,173316,Assoc-acdm,12,Divorced,Craft-repair,Not-in-family,White,Male,0,0,40,United-States,0
19,Private,285263,HS-grad,9,Never-married,Adm-clerical,Own-child,White,Male,0,0,40,United-States,0
45,Private,38950,Bachelors,13,Never-married,Craft-repair,Not-in-family,White,Male,0,0,40,United-States,0
30,Private,167790,HS-grad,9,Never-married,Adm-clerical,Own-child,White,Female,0,0,40,United-States,0
20,Private,119215,Some-college,10,Never-married,Transport-moving,Own-child,White,Male,0,0,40,United-States,0
33,Private,287908,Some-college,10,Married-civ-spouse,Transport-moving,Husband,Black,Male,0,0,50,United-States,1
24,Private,97212,Assoc-acdm,12,Married-civ-spouse,Adm-clerical,Wife,White,Female,0,0,40,United-States,0
48,Federal-gov,167749,HS-grad,9,Married-civ-spouse,Adm-clerical,Wife,White,Female,0,0,40,United-States,1
42,Self-emp-not-inc,32546,Prof-school,15,Divorced,Prof-specialty,Unmarried,White,Male,7430,0,40,United-States,1
44,Private,211531,Some-college,10,Married-civ-spouse,Exec-managerial,Husband,White,Male,0,0,50,United-States,0
35,Local-gov,107233,HS-grad,9,Never-married,Adm-clerical,Unmarried,Amer-Indian-Eskimo,Male,0,0,55,United-States,0
41,Self-emp-not-inc,66632,Some-college,10,Divorced,Craft-repair,Not-in-family,White,Male,0,0,40,United-States,0
60,Private,74243,Assoc-voc,11,Widowed,Craft-repair,Not-in-family,White,Female,0,0,30,United-States,0
64,Federal-gov,175534,Doctorate,16,Married-civ-spouse,Prof-specialty,Husband,Asian-Pac-Islander,Male,0,0,40,China,1
22,Without-pay,302347,HS-grad,9,Never-married,Handlers-cleaners,Own-child,White,Male,4416,0,40,United-States,0
47,Private,264052,Bachelors,13,Married-civ-spouse,Exec-managerial,Husband,White,Male,15024,0,50,United-States,1
60,Private,121832,11th,7,Married-civ-spouse,Sales,Husband,White,Male,0,0,40,United-States,1
54,Self-emp-not-inc,36327,7th-8th,4,Married-civ-spouse,Machine-op-inspct,Husband,White,Male,0,0,50,United-States,0
28,Private,67218,7th-8th,4,Married-civ-spouse,Sales,Other-relative,White,Male,0,0,40,United-States,0
43,Private,149670,Some-college,10,Married-civ-spouse,Adm-clerical,Wife,White,Female,4064,0,15,United-States,0
72,Private,195184,HS-grad,9,Widowed,Priv-house-serv,Unmarried,White,Female,0,0,12,Cuba,0
26,Self-emp-not-inc,233933,10th,6,Never-married,Prof-specialty,Not-in-family,White,Female,0,0,32,United-States,0
35,Private,187693,HS-grad,9,Never-married,Machine-op-inspct,Own-child,White,Male,0,0,40,United-States,0
47,Private,30840,Masters,14,Divorced,Prof-specialty,Not-in-family,White,Male,0,0,40,United-States,1
26,Local-gov,163189,Some-college,10,Married-civ-spouse,Other-service,Other-relative,White,Male,0,0,40,United-States,0
23,Private,150463,HS-grad,9,Never-married,Priv-house-serv,Unmarried,Other,Female,0,0,40,Guatemala,0
42,Self-emp-inc,50122,HS-grad,9,Married-civ-spouse,Sales,Husband,White,Male,0,0,60,United-States,0
28,Private,297742,Some-college,10,Never-married,Machine-op-inspct,Own-child,White,Female,0,0,40,United-States,0
38,Private,107303,HS-grad,9,Married-civ-spouse,Craft-repair,Husband,White,Male,0,0,40,United-States,0
36,Private,248010,HS-grad,9,Married-civ-spouse,Adm-clerical,Husband,White,Male,0,0,45,United-States,0
58,Self-emp-not-inc,274917,Masters,14,Widowed,Other-service,Not-in-family,White,Female,0,0,15,United-States,0
20,Private,236592,11th,7,Never-married,Sales,Own-child,White,Female,0,0,25,United-States,0
45,Private,230979,Some-college,10,Married-spouse-absent,Adm-clerical,Not-in-family,White,Female,0,0,40,United-States,0
36,Private,370156,HS-grad,9,Divorced,Adm-clerical,Unmarried,White,Female,0,0,38,United-States,0
38,Private,210438,7th-8th,4,Divorced,Sales,Unmarried,White,Female,0,0,40,United-States,0
33,Self-emp-not-inc,334744,Some-college,10,Married-civ-spouse,Craft-repair,Husband,White,Male,0,0,50,United-States,1
31,Private,128220,7th-8th,4,Widowed,Adm-clerical,Not-in-family,White,Female,0,0,35,United-States,0
58,Private,320102,Doctorate,16,Married-civ-spouse,Prof-specialty,Husband,White,Male,0,0,50,United-States,1
48,Private,102938,Bachelors,13,Never-married,Other-service,Unmarried,Asian-Pac-Islander,Female,0,0,40,Vietnam,0
24,Private,89347,11th,7,Never-married,Machine-op-inspct,Not-in-family,White,Female,0,0,40,United-States,0
27,Private,194690,9th,5,Never-married,Other-service,Own-child,White,Male,0,0,50,Mexico,0
30,Private,189620,Some-college,10,Divorced,Prof-specialty,Not-in-family,White,Female,6849,0,40,England,0
38,Local-gov,200153,Assoc-acdm,12,Never-married,Prof-specialty,Not-in-family,White,Male,0,0,40,United-States,0
55,Private,185459,Masters,14,Married-civ-spouse,Sales,Husband,White,Male,0,0,50,United-States,1
34,Private,238912,HS-grad,9,Married-civ-spouse,Exec-managerial,Husband,White,Male,0,0,40,United-States,0
62,Self-emp-not-inc,39610,Some-college,10,Married-civ-spouse,Farming-fishing,Husband,White,Male,0,0,80,United-States,0
57,Private,223214,HS-grad,9,Married-civ-spouse,Sales,Husband,White,Male,0,0,50,United-States,0
20,Private,112668,Some-college,10,Never-married,Other-service,Own-child,White,Female,0,0,20,United-States,0
41,Private,178431,HS-grad,9,Married-civ-spouse,Craft-repair,Husband,Asian-Pac-Islander,Male,0,0,40,Taiwan,0
53,Private,366957,Bachelors,13,Married-civ-spouse,Exec-managerial,Husband,Asian-Pac-Islander,Male,99999,0,50,India,1
35,Private,148903,HS-grad,9,Married-civ-spouse,Other-service,Wife,White,Female,0,0,16,United-States,1
31,Self-emp-not-inc,144949,Bachelors,13,Divorced,Craft-repair,Not-in-family,White,Male,0,0,60,United-States,0
38,Private,127601,Some-college,10,Widowed,Exec-managerial,Not-in-family,White,Female,0,0,40,United-States,1
19,Private,269991,HS-grad,9,Never-married,Other-service,Own-child,White,Male,0,0,40,Puerto-Rico,0
46,Private,178829,Masters,14,Married-spouse-absent,Exec-managerial,Not-in-family,White,Male,0,0,70,United-States,1
74,Private,97167,HS-grad,9,Married-civ-spouse,Other-service,Husband,White,Male,0,0,15,United-States,0
25,Private,124111,Bachelors,13,Never-married,Adm-clerical,Own-child,White,Female,0,0,40,United-States,0
19,Private,127190,HS-grad,9,Never-married,Other-service,Own-child,White,Female,0,0,15,United-States,0
50,Self-emp-not-inc,127151,Masters,14,Married-civ-spouse,Prof-specialty,Wife,White,Female,0,0,40,Canada,1
46,Private,174224,Assoc-voc,11,Divorced,Protective-serv,Not-in-family,Black,Male,0,0,40,United-States,0
33,Private,170769,HS-grad,9,Married-civ-spouse,Craft-repair,Husband,White,Male,0,0,40,United-States,0
22,Private,140001,Bachelors,13,Never-married,Adm-clerical,Not-in-family,White,Male,0,0,40,United-States,0
27,Private,506436,Some-college,10,Divorced,Sales,Unmarried,White,Female,0,0,40,Peru,0
31,Private,100252,Bachelors,13,Divorced,Other-service,Not-in-family,Asian-Pac-Islander,Male,99999,0,70,United-States,1
36,Private,105138,HS-grad,9,Divorced,Transport-moving,Not-in-family,White,Male,0,0,50,United-States,0
33,Private,229716,HS-grad,9,Divorced,Adm-clerical,Not-in-family,White,Male,0,0,38,United-States,0
31,Private,248653,1st-4th,2,Never-married,Handlers-cleaners,Not-in-family,White,Male,0,0,37,Mexico,0
45,Self-emp-not-inc,94962,HS-grad,9,Married-civ-spouse,Craft-repair,Husband,White,Male,0,0,40,England,0
46,Private,325372,Some-college,10,Married-civ-spouse,Exec-managerial,Husband,White,Male,0,0,40,United-States,0
36,Private,98360,HS-grad,9,Married-civ-spouse,Exec-managerial,Husband,White,Male,0,0,40,United-States,0
24,Private,404416,Some-college,10,Never-married,Handlers-cleaners,Not-in-family,White,Male,0,0,40,United-States,0
53,Federal-gov,170354,Some-college,10,Married-civ-spouse,Adm-clerical,Husband,White,Male,0,0,40,United-States,1
44,Private,225263,Some-college,10,Divorced,Sales,Unmarried,White,Female,0,1408,46,United-States,0
24,Private,60783,Some-college,10,Married-civ-spouse,Transport-moving,Husband,White,Male,0,0,70,United-States,1
61,Private,124242,HS-grad,9,Married-civ-spouse,Protective-serv,Husband,Black,Male,0,0,40,India,0
38,Private,66326,HS-grad,9,Married-civ-spouse,Transport-moving,Husband,White,Male,0,0,99,United-States,0
19,State-gov,165289,Some-college,10,Never-married,Other-service,Own-child,White,Female,0,0,40,United-States,0
56,Self-emp-inc,24127,Assoc-voc,11,Married-civ-spouse,Sales,Husband,White,Male,0,0,54,United-States,1
45,Self-emp-inc,204196,Bachelors,13,Divorced,Exec-managerial,Unmarried,White,Male,0,0,50,United-States,1
27,Private,81540,HS-grad,9,Married-civ-spouse,Craft-repair,Husband,White,Male,0,0,40,United-States,1
51,Private,92463,HS-grad,9,Married-civ-spouse,Adm-clerical,Husband,White,Male,0,0,40,United-States,0
17,Private,186067,10th,6,Never-married,Tech-support,Own-child,White,Male,0,0,10,United-States,0
37,Private,216924,HS-grad,9,Married-civ-spouse,Handlers-cleaners,Husband,White,Male,0,0,44,United-States,1
32,Private,129020,HS-grad,9,Married-civ-spouse,Exec-managerial,Husband,White,Male,0,0,40,United-States,0
51,Private,392286,HS-grad,9,Married-civ-spouse,Transport-moving,Husband,White,Male,0,0,40,United-States,1
21,Self-emp-not-inc,304602,Assoc-voc,11,Never-married,Farming-fishing,Own-child,White,Male,0,0,98,United-States,0
36,Private,369843,HS-grad,9,Married-civ-spouse,Other-service,Husband,White,Male,0,0,50,United-States,0
32,Private,282611,Bachelors,13,Never-married,Exec-managerial,Not-in-family,White,Female,0,0,40,United-States,0
17,Private,175465,10th,6,Never-married,Other-service,Own-child,White,Female,0,0,14,United-States,0
56,Private,35373,Some-college,10,Divorced,Other-service,Not-in-family,White,Male,0,0,30,United-States,0
47,Self-emp-inc,175958,Bachelors,13,Never-married,Sales,Not-in-family,White,Male,3325,0,60,United-States,0
29,Private,176037,Assoc-voc,11,Divorced,Tech-support,Not-in-family,Black,Male,14344,0,40,United-States,1
28,Private,130067,Bachelors,13,Married-civ-spouse,Prof-specialty,Wife,White,Female,0,0,40,United-States,1
30,Self-emp-not-inc,229741,HS-grad,9,Married-civ-spouse,Craft-repair,Husband,White,Male,0,0,40,United-States,0
23,Private,460046,HS-grad,9,Separated,Exec-managerial,Unmarried,White,Female,0,0,42,United-States,0
20,Local-gov,526734,HS-grad,9,Never-married,Adm-clerical,Not-in-family,White,Female,0,0,30,United-States,0
50,Private,72351,Bachelors,13,Divorced,Sales,Not-in-family,White,Male,0,0,45,United-States,0
56,Private,37394,Masters,14,Married-civ-spouse,Exec-managerial,Husband,White,Male,0,0,40,United-States,0
34,Private,114691,Some-college,10,Married-civ-spouse,Exec-managerial,Husband,White,Male,0,0,50,United-States,1
60,Private,181200,12th,8,Married-civ-spouse,Adm-clerical,Husband,White,Male,0,0,40,United-States,0
50,Self-emp-not-inc,240612,Bachelors,13,Divorced,Prof-specialty,Not-in-family,White,Female,0,0,60,United-States,0
19,Private,258470,HS-grad,9,Never-married,Handlers-cleaners,Not-in-family,White,Male,0,0,40,United-States,0
46,Private,182715,7th-8th,4,Divorced,Exec-managerial,Not-in-family,White,Male,0,0,40,United-States,0
32,Private,857532,HS-grad,9,Never-married,Machine-op-inspct,Own-child,Black,Male,0,0,40,United-States,0
52,Private,198744,HS-grad,9,Widowed,Sales,Not-in-family,White,Female,0,0,40,United-States,0
26,Private,224563,Bachelors,13,Never-married,Adm-clerical,Not-in-family,White,Male,0,0,40,United-States,0
28,Self-emp-not-inc,315417,Prof-school,15,Never-married,Prof-specialty,Not-in-family,White,Male,2176,0,40,United-States,0
34,Private,271933,Bachelors,13,Never-married,Exec-managerial,Other-relative,White,Female,0,1741,45,United-States,0
35,State-gov,177974,HS-grad,9,Married-civ-spouse,Protective-serv,Husband,White,Male,0,0,40,United-States,1
61,Private,668362,1st-4th,2,Widowed,Handlers-cleaners,Not-in-family,White,Female,0,0,40,United-States,0
43,Private,180985,Some-college,10,Married-civ-spouse,Transport-moving,Husband,White,Male,0,0,60,United-States,1
30,Private,130369,Assoc-voc,11,Separated,Prof-specialty,Unmarried,White,Female,0,0,40,United-States,0
53,Private,94081,Bachelors,13,Married-civ-spouse,Exec-managerial,Husband,White,Male,0,0,44,United-States,1
36,Local-gov,298717,HS-grad,9,Married-civ-spouse,Exec-managerial,Husband,White,Male,0,0,40,United-States,0
30,Private,169186,HS-grad,9,Never-married,Machine-op-inspct,Own-child,White,Male,0,0,60,United-States,0
43,Private,74581,HS-grad,9,Married-civ-spouse,Craft-repair,Husband,White,Male,0,0,48,United-States,1
26,Local-gov,177482,Assoc-acdm,12,Married-civ-spouse,Protective-serv,Husband,White,Male,0,0,45,United-States,1
41,Private,149909,HS-grad,9,Married-civ-spouse,Craft-repair,Husband,White,Male,0,1848,40,United-States,1
47,Self-emp-not-inc,479611,Bachelors,13,Divorced,Sales,Not-in-family,White,Male,0,0,50,United-States,0
59,Private,95165,Doctorate,16,Married-civ-spouse,Sales,Husband,White,Male,0,0,40,United-States,0
47,Self-emp-not-inc,242391,Prof-school,15,Married-civ-spouse,Prof-specialty,Husband,White,Male,15024,0,40,United-States,1
29,Private,123677,HS-grad,9,Married-civ-spouse,Machine-op-inspct,Wife,Asian-Pac-Islander,Female,0,0,40,Laos,0
59,Private,268840,Some-college,10,Married-civ-spouse,Adm-clerical,Other-relative,White,Female,0,0,16,United-States,1
27,Private,376150,Some-college,10,Married-spouse-absent,Sales,Not-in-family,White,Female,0,0,25,United-States,0
25,Private,156334,10th,6,Married-civ-spouse,Machine-op-inspct,Husband,White,Male,0,0,40,United-States,0
44,Local-gov,262241,HS-grad,9,Married-civ-spouse,Adm-clerical,Other-relative,White,Female,0,0,40,United-States,0
45,Private,127303,Some-college,10,Never-married,Machine-op-inspct,Own-child,White,Male,0,0,45,United-States,0
36,Self-emp-not-inc,151322,Bachelors,13,Married-civ-spouse,Prof-specialty,Husband,White,Male,0,0,45,United-States,1
45,Private,119904,HS-grad,9,Divorced,Tech-support,Not-in-family,White,Female,0,0,50,United-States,1
46,Private,125487,Assoc-voc,11,Married-civ-spouse,Tech-support,Husband,White,Male,0,0,40,United-States,0
51,Self-emp-not-inc,24790,Some-college,10,Married-civ-spouse,Exec-managerial,Husband,White,Male,0,0,99,United-States,1
35,Private,186489,9th,5,Married-civ-spouse,Handlers-cleaners,Husband,White,Male,0,0,46,United-States,0
38,Private,295127,Some-college,10,Married-civ-spouse,Machine-op-inspct,Husband,White,Male,0,0,40,United-States,0
28,Private,441620,Bachelors,13,Never-married,Other-service,Not-in-family,White,Male,0,0,43,Mexico,0
30,Private,116138,Bachelors,13,Never-married,Exec-managerial,Not-in-family,White,Male,27828,0,60,United-States,1
48,Federal-gov,326048,Bachelors,13,Married-civ-spouse,Prof-specialty,Husband,White,Male,0,0,44,United-States,1
46,Private,207940,Some-college,10,Married-civ-spouse,Craft-repair,Husband,Black,Male,0,0,40,United-States,1
65,Private,161400,11th,7,Widowed,Other-service,Unmarried,Other,Male,0,0,40,United-States,0
41,Private,469454,Some-college,10,Married-civ-spouse,Craft-repair,Husband,White,Male,0,0,40,United-States,0
19,Private,311974,HS-grad,9,Never-married,Craft-repair,Other-relative,White,Male,0,0,25,Mexico,0
57,State-gov,19520,Doctorate,16,Divorced,Prof-specialty,Unmarried,White,Female,0,0,50,United-States,0
17,Private,111332,11th,7,Never-married,Sales,Own-child,White,Female,0,0,20,United-States,0
44,Local-gov,107845,Assoc-acdm,12,Divorced,Protective-serv,Not-in-family,White,Female,0,0,56,United-States,1
45,Private,266860,Masters,14,Married-civ-spouse,Exec-managerial,Husband,White,Male,15024,0,50,United-States,1
19,Private,29083,HS-grad,9,Never-married,Sales,Own-child,Amer-Indian-Eskimo,Female,0,0,25,United-States,0
47,Private,33710,Bachelors,13,Married-civ-spouse,Exec-managerial,Husband,White,Male,3103,0,60,United-States,1
67,Self-emp-not-inc,152102,HS-grad,9,Widowed,Farming-fishing,Not-in-family,White,Male,0,0,65,United-States,0
46,Self-emp-inc,256909,HS-grad,9,Married-spouse-absent,Farming-fishing,Not-in-family,White,Male,3325,0,45,United-States,0
60,Private,24872,Some-college,10,Separated,Transport-moving,Not-in-family,Amer-Indian-Eskimo,Female,0,0,30,United-States,0
22,Private,460835,HS-grad,9,Never-married,Craft-repair,Own-child,White,Male,0,0,55,United-States,0
26,Private,463194,HS-grad,9,Married-civ-spouse,Craft-repair,Husband,White,Male,0,0,40,United-States,0
27,Private,199903,Bachelors,13,Never-married,Prof-specialty,Not-in-family,White,Female,0,0,40,United-States,0
42,Private,201723,HS-grad,9,Divorced,Adm-clerical,Unmarried,White,Male,0,0,40,United-States,0
43,Federal-gov,95902,Assoc-acdm,12,Married-civ-spouse,Prof-specialty,Wife,Black,Female,0,0,40,United-States,0
30,Private,154587,HS-grad,9,Never-married,Other-service,Not-in-family,White,Male,0,0,40,Puerto-Rico,0
53,Private,355802,Some-college,10,Widowed,Sales,Unmarried,White,Female,0,0,30,United-States,0
56,Self-emp-not-inc,346635,Masters,14,Divorced,Sales,Unmarried,White,Female,0,2339,60,United-States,0
17,Private,73338,11th,7,Never-married,Sales,Own-child,White,Male,0,0,20,United-States,0
50,Private,144968,HS-grad,9,Never-married,Tech-support,Own-child,White,Male,0,0,15,United-States,0
56,Private,76281,Bachelors,13,Married-spouse-absent,Prof-specialty,Unmarried,White,Female,0,0,40,United-States,0
26,Private,200639,Some-college,10,Married-civ-spouse,Machine-op-inspct,Husband,White,Male,0,0,40,United-States,0
35,Private,22463,HS-grad,9,Married-civ-spouse,Craft-repair,Husband,White,Male,0,0,40,United-States,0
57,Private,197642,Some-college,10,Widowed,Other-service,Not-in-family,White,Female,0,0,40,United-States,0
23,Private,34113,HS-grad,9,Married-civ-spouse,Craft-repair,Husband,White,Male,0,0,45,United-States,0
20,Federal-gov,340217,HS-grad,9,Never-married,Adm-clerical,Own-child,White,Female,0,0,40,United-States,0
53,State-gov,105728,HS-grad,9,Married-civ-spouse,Other-service,Wife,Amer-Indian-Eskimo,Female,0,0,28,United-States,1
32,Private,142675,HS-grad,9,Never-married,Craft-repair,Not-in-family,White,Male,0,0,40,United-States,0
42,Private,345363,HS-grad,9,Divorced,Exec-managerial,Not-in-family,White,Female,0,0,40,England,0
31,Private,291052,Some-college,10,Married-civ-spouse,Adm-clerical,Husband,White,Male,0,2051,40,United-States,0
37,Private,86551,Bachelors,13,Married-civ-spouse,Exec-managerial,Husband,White,Male,0,0,45,United-States,1
50,Private,271262,HS-grad,9,Married-civ-spouse,Transport-moving,Husband,White,Male,0,0,40,United-States,1
25,Private,323229,Bachelors,13,Never-married,Adm-clerical,Not-in-family,White,Male,0,0,40,United-States,0
51,Private,337195,Some-college,10,Married-civ-spouse,Sales,Husband,White,Male,0,1902,50,United-States,1
47,Private,362835,Bachelors,13,Married-civ-spouse,Sales,Husband,White,Male,0,0,60,United-States,1
45,Private,33300,Assoc-voc,11,Married-civ-spouse,Sales,Husband,White,Male,0,1977,50,United-States,1
38,Federal-gov,47707,HS-grad,9,Never-married,Adm-clerical,Own-child,Black,Female,0,0,40,United-States,0
47,Private,161676,11th,7,Never-married,Transport-moving,Not-in-family,Black,Male,0,0,40,United-States,0
30,Private,159888,Bachelors,13,Never-married,Sales,Not-in-family,White,Male,0,0,60,United-States,1
43,Private,475322,Some-college,10,Married-civ-spouse,Transport-moving,Husband,White,Male,0,0,50,United-States,1
36,Private,150057,Some-college,10,Married-civ-spouse,Exec-managerial,Husband,White,Male,0,0,65,United-States,0
45,State-gov,190406,Prof-school,15,Divorced,Prof-specialty,Unmarried,Black,Male,25236,0,36,United-States,1
37,State-gov,270278,HS-grad,9,Divorced,Adm-clerical,Unmarried,White,Female,0,0,12,Puerto-Rico,0
18,Private,415520,11th,7,Never-married,Craft-repair,Own-child,White,Male,0,0,20,United-States,0
29,Private,221977,Some-college,10,Married-civ-spouse,Adm-clerical,Wife,White,Female,0,0,40,United-States,1
51,Private,90363,Some-college,10,Married-civ-spouse,Adm-clerical,Husband,White,Male,15024,0,40,United-States,1
21,Private,283969,HS-grad,9,Never-married,Craft-repair,Own-child,White,Male,0,0,40,Mexico,0
47,Private,188195,Some-college,10,Married-civ-spouse,Prof-specialty,Husband,White,Male,0,0,40,United-States,0
21,Private,203055,Some-college,10,Never-married,Machine-op-inspct,Unmarried,White,Male,0,0,40,United-States,0
54,Private,87205,HS-grad,9,Widowed,Other-service,Not-in-family,White,Female,0,0,15,United-States,0
37,Private,96330,Some-college,10,Never-married,Exec-managerial,Unmarried,Black,Female,0,0,40,United-States,0
60,Private,88055,10th,6,Married-civ-spouse,Transport-moving,Husband,White,Male,0,0,40,United-States,0
49,Private,204629,Bachelors,13,Married-civ-spouse,Exec-managerial,Husband,White,Male,0,0,40,United-States,1
41,Private,188307,HS-grad,9,Divorced,Craft-repair,Unmarried,White,Female,0,0,40,United-States,0
18,Private,200876,11th,7,Never-married,Transport-moving,Own-child,White,Male,0,0,16,United-States,0
40,Private,202872,HS-grad,9,Married-civ-spouse,Sales,Wife,White,Female,0,0,40,United-States,1
40,Local-gov,24763,Some-college,10,Divorced,Transport-moving,Unmarried,White,Male,6849,0,40,United-States,0
24,Private,203518,Bachelors,13,Never-married,Prof-specialty,Not-in-family,White,Female,0,0,40,United-States,0
30,Private,170130,HS-grad,9,Divorced,Adm-clerical,Unmarried,White,Female,0,0,40,United-States,0
46,Private,358585,Some-college,10,Divorced,Craft-repair,Unmarried,White,Male,0,0,40,United-States,1
41,Private,288679,HS-grad,9,Married-civ-spouse,Craft-repair,Husband,White,Male,0,0,40,United-States,0
41,Self-emp-not-inc,129865,HS-grad,9,Married-civ-spouse,Other-service,Husband,White,Male,0,0,60,United-States,0
37,Private,287031,Some-college,10,Married-civ-spouse,Craft-repair,Husband,White,Male,5178,0,75,United-States,1
47,Private,190139,Masters,14,Married-civ-spouse,Exec-managerial,Husband,White,Male,0,0,40,United-States,1
35,Private,146042,Some-college,10,Divorced,Machine-op-inspct,Not-in-family,Amer-Indian-Eskimo,Male,0,0,40,United-States,0
46,Private,268358,11th,7,Separated,Machine-op-inspct,Not-in-family,White,Female,0,0,40,United-States,0
49,Self-emp-not-inc,175622,Bachelors,13,Married-civ-spouse,Prof-specialty,Husband,White,Male,0,0,40,United-States,1
32,Private,205390,HS-grad,9,Married-civ-spouse,Sales,Husband,White,Male,0,0,49,United-States,0
20,Private,278391,Some-college,10,Never-married,Adm-clerical,Own-child,White,Male,0,0,25,Nicaragua,0
17,Private,147339,10th,6,Never-married,Prof-specialty,Own-child,Other,Female,0,0,15,United-States,0
34,Private,62124,HS-grad,9,Separated,Other-service,Not-in-family,Black,Male,0,0,40,United-States,0
43,Private,173728,Bachelors,13,Separated,Prof-specialty,Unmarried,White,Female,0,0,40,United-States,0
31,Self-emp-not-inc,226696,Assoc-voc,11,Married-civ-spouse,Farming-fishing,Husband,White,Male,0,0,60,United-States,1
26,Private,176795,Bachelors,13,Never-married,Adm-clerical,Own-child,White,Female,0,0,40,United-States,1
43,Private,388849,Assoc-acdm,12,Married-civ-spouse,Handlers-cleaners,Husband,White,Male,0,0,60,United-States,0
24,Private,275691,11th,7,Never-married,Transport-moving,Own-child,White,Male,0,0,39,United-States,0
39,Self-emp-inc,163237,Some-college,10,Married-civ-spouse,Farming-fishing,Husband,White,Male,0,0,65,United-States,0
31,Private,258932,HS-grad,9,Married-spouse-absent,Other-service,Not-in-family,White,Female,0,0,80,Italy,0
28,Self-emp-not-inc,119793,HS-grad,9,Never-married,Other-service,Not-in-family,White,Male,0,0,40,United-States,0
34,Self-emp-not-inc,90614,HS-grad,9,Separated,Exec-managerial,Not-in-family,White,Male,0,0,50,United-States,0
22,Private,118310,Assoc-acdm,12,Never-married,Prof-specialty,Own-child,White,Female,0,0,16,United-States,0
35,Private,267966,11th,7,Never-married,Machine-op-inspct,Not-in-family,White,Male,0,0,50,United-States,0
47,Self-emp-not-inc,94100,Bachelors,13,Never-married,Farming-fishing,Not-in-family,White,Male,0,0,65,United-States,0
37,Private,31023,HS-grad,9,Married-civ-spouse,Craft-repair,Husband,White,Male,0,0,45,United-States,0
42,Private,155972,HS-grad,9,Married-civ-spouse,Handlers-cleaners,Husband,White,Male,0,0,40,United-States,1
37,Private,148015,Bachelors,13,Married-civ-spouse,Prof-specialty,Wife,Black,Female,15024,0,40,United-States,1
36,Private,174938,Bachelors,13,Divorced,Tech-support,Unmarried,White,Male,0,0,20,United-States,0
46,Private,285750,HS-grad,9,Married-civ-spouse,Farming-fishing,Husband,White,Male,4064,0,55,United-States,0
64,Private,254797,Some-college,10,Married-civ-spouse,Exec-managerial,Husband,White,Male,0,0,40,United-States,0
25,Private,248990,1st-4th,2,Never-married,Machine-op-inspct,Not-in-family,White,Male,0,0,24,Mexico,0
46,Self-emp-not-inc,220832,Some-college,10,Married-civ-spouse,Exec-managerial,Husband,White,Male,0,0,58,United-States,1
64,Private,159715,Some-college,10,Married-civ-spouse,Craft-repair,Husband,White,Male,0,0,20,United-States,0
24,Private,111445,HS-grad,9,Never-married,Sales,Not-in-family,White,Male,0,0,38,United-States,0
46,Private,243743,Bachelors,13,Married-civ-spouse,Prof-specialty,Husband,White,Male,0,0,40,United-States,1
52,Private,416059,Bachelors,13,Married-civ-spouse,Prof-specialty,Husband,Black,Male,0,0,40,United-States,1
47,Private,46857,Some-college,10,Divorced,Adm-clerical,Not-in-family,White,Male,0,0,40,United-States,0
35,Private,257042,Some-college,10,Married-civ-spouse,Prof-specialty,Husband,White,Male,0,0,50,United-States,0
38,State-gov,149455,HS-grad,9,Never-married,Other-service,Unmarried,Black,Female,0,0,40,United-States,0
28,Private,191088,HS-grad,9,Divorced,Other-service,Not-in-family,White,Female,0,1741,52,United-States,0
21,Private,237651,Some-college,10,Never-married,Other-service,Own-child,White,Male,0,0,35,United-States,0
36,Private,111128,Some-college,10,Separated,Exec-managerial,Not-in-family,White,Male,0,0,60,United-States,1
49,State-gov,247378,Some-college,10,Divorced,Prof-specialty,Not-in-family,White,Female,0,0,20,United-States,0
35,Private,234962,HS-grad,9,Never-married,Machine-op-inspct,Other-relative,White,Male,0,0,40,Mexico,0
35,Private,140752,HS-grad,9,Never-married,Sales,Not-in-family,White,Male,0,0,25,United-States,0
26,Private,61603,5th-6th,3,Married-civ-spouse,Handlers-cleaners,Husband,Other,Male,0,0,40,Mexico,0
36,Private,203482,Assoc-acdm,12,Married-civ-spouse,Prof-specialty,Husband,White,Male,0,0,40,United-States,1
22,Private,215395,HS-grad,9,Never-married,Transport-moving,Not-in-family,White,Male,0,0,37,United-States,0
51,Local-gov,166461,Doctorate,16,Married-civ-spouse,Prof-specialty,Wife,Black,Female,0,0,40,United-States,1
34,Private,80933,HS-grad,9,Married-civ-spouse,Craft-repair,Husband,White,Male,0,1672,40,United-States,0
21,Self-emp-not-inc,103277,12th,8,Married-civ-spouse,Adm-clerical,Wife,White,Female,4508,0,30,Portugal,0
31,Private,201122,Bachelors,13,Married-civ-spouse,Sales,Husband,White,Male,0,1902,45,United-States,1
19,Private,188008,Some-college,10,Never-married,Sales,Own-child,Black,Female,0,0,20,United-States,0
29,State-gov,159782,Masters,14,Married-civ-spouse,Prof-specialty,Wife,White,Female,0,0,45,United-States,1
23,Private,204209,Some-college,10,Never-married,Handlers-cleaners,Own-child,White,Male,0,0,10,United-States,0
59,Self-emp-not-inc,116878,HS-grad,9,Married-civ-spouse,Exec-managerial,Husband,White,Male,0,0,60,Greece,0
30,Private,102821,Some-college,10,Married-civ-spouse,Craft-repair,Not-in-family,White,Male,0,0,40,Mexico,0
48,Private,165484,Some-college,10,Married-civ-spouse,Exec-managerial,Husband,White,Male,0,0,65,United-States,1
33,Private,111567,Masters,14,Married-civ-spouse,Exec-managerial,Husband,White,Male,0,1902,45,Germany,1
43,Local-gov,337469,Some-college,10,Divorced,Adm-clerical,Not-in-family,White,Female,594,0,20,Mexico,0
24,Private,325744,HS-grad,9,Never-married,Craft-repair,Not-in-family,White,Male,0,0,40,United-States,0
45,Private,229516,HS-grad,9,Married-spouse-absent,Craft-repair,Not-in-family,White,Male,0,0,72,Mexico,0
35,Federal-gov,84848,Some-college,10,Never-married,Handlers-cleaners,Unmarried,White,Female,0,0,40,United-States,0
59,Private,162136,Some-college,10,Divorced,Machine-op-inspct,Not-in-family,White,Male,0,0,56,United-States,0
56,Self-emp-not-inc,249368,HS-grad,9,Married-spouse-absent,Exec-managerial,Not-in-family,White,Male,0,0,70,United-States,0
38,Private,248919,11th,7,Married-civ-spouse,Craft-repair,Husband,White,Male,0,0,40,Guatemala,0
26,Private,127202,HS-grad,9,Divorced,Machine-op-inspct,Not-in-family,White,Male,0,0,40,United-States,0
33,Private,100882,Masters,14,Never-married,Exec-managerial,Not-in-family,White,Male,0,0,40,United-States,1
20,Private,174714,Some-college,10,Never-married,Other-service,Own-child,White,Male,0,0,20,United-States,0
40,Federal-gov,26358,Assoc-acdm,12,Never-married,Adm-clerical,Not-in-family,White,Female,0,0,40,United-States,0
29,Private,201454,Some-college,10,Never-married,Adm-clerical,Not-in-family,White,Female,0,0,40,United-States,0
34,Private,177733,9th,5,Separated,Machine-op-inspct,Unmarried,White,Female,0,0,35,Dominican-Republic,0
20,Private,691830,HS-grad,9,Never-married,Sales,Own-child,Black,Female,0,0,35,United-States,0
51,Private,101432,HS-grad,9,Married-civ-spouse,Craft-repair,Husband,White,Male,0,0,40,United-States,0
51,Self-emp-not-inc,174824,HS-grad,9,Never-married,Farming-fishing,Not-in-family,White,Male,8614,0,40,United-States,1
26,Self-emp-not-inc,93806,Some-college,10,Married-civ-spouse,Sales,Husband,White,Male,0,0,55,United-States,0
28,Private,266070,Some-college,10,Never-married,Exec-managerial,Not-in-family,White,Female,0,0,40,United-States,0
36,State-gov,437890,HS-grad,9,Never-married,Exec-managerial,Unmarried,Black,Male,0,0,90,United-States,0
33,Private,58305,Assoc-voc,11,Married-civ-spouse,Craft-repair,Husband,White,Male,0,0,40,United-States,0
51,Self-emp-not-inc,159755,Assoc-voc,11,Married-civ-spouse,Tech-support,Husband,White,Male,0,0,38,United-States,1
24,Local-gov,322658,Bachelors,13,Never-married,Prof-specialty,Not-in-family,White,Female,0,0,40,United-States,0
26,Private,106705,HS-grad,9,Never-married,Handlers-cleaners,Own-child,Black,Male,0,0,28,United-States,0
32,State-gov,171111,Bachelors,13,Never-married,Adm-clerical,Not-in-family,White,Male,0,0,37,United-States,0
39,Private,236391,HS-grad,9,Married-civ-spouse,Craft-repair,Husband,White,Male,0,0,45,United-States,0
33,Private,56701,Bachelors,13,Married-civ-spouse,Prof-specialty,Husband,White,Male,15024,0,75,United-States,1
35,Private,241998,HS-grad,9,Never-married,Sales,Not-in-family,White,Male,4787,0,40,United-States,1
64,Self-emp-inc,181408,Assoc-voc,11,Married-civ-spouse,Craft-repair,Husband,White,Male,0,0,10,United-States,0
27,Private,39665,HS-grad,9,Divorced,Sales,Unmarried,White,Female,0,0,37,United-States,0
55,Private,32365,Bachelors,13,Married-civ-spouse,Exec-managerial,Husband,White,Male,0,0,45,United-States,1
49,Local-gov,102359,9th,5,Widowed,Handlers-cleaners,Unmarried,White,Male,0,2231,40,United-States,1
38,Federal-gov,172571,Some-college,10,Divorced,Adm-clerical,Not-in-family,White,Male,0,0,40,United-States,1
28,Private,138692,Some-college,10,Never-married,Craft-repair,Own-child,White,Male,0,0,50,United-States,0
41,Private,180138,HS-grad,9,Never-married,Sales,Not-in-family,White,Male,0,0,50,United-States,0
57,Private,250201,11th,7,Married-civ-spouse,Other-service,Husband,White,Male,0,0,52,United-States,0
38,Private,99156,HS-grad,9,Separated,Other-service,Own-child,White,Male,0,0,35,United-States,0
