age,workclass,fnlwgt,education,education.num,marital.status,occupation,relationship,race,sex,capital.gain,capital.loss,hours.per.week,native.country,income
52,Private,186785,HS-grad,9,Never-married,Sales,Not-in-family,White,Male,0,1876,50,United-States,0
59,Private,193895,HS-grad,9,Divorced,Exec-managerial,Not-in-family,White,Female,0,0,40,United-States,0
33,Private,166961,Some-college,10,Never-married,Adm-clerical,Not-in-family,White,Female,0,0,38,United-States,0
49,Private,24712,Bachelors,13,Never-married,Other-service,Not-in-family,Asian-Pac-Islander,Female,0,0,35,Philippines,0
42,Self-emp-not-inc,79531,Some-college,10,Married-civ-spouse,Exec-managerial,Husband,White,Male,0,0,55,United-States,1
18,Private,101795,10th,6,Never-married,Handlers-cleaners,Own-child,White,Male,0,0,40,United-States,0
28,Self-emp-not-inc,155621,Some-college,10,Never-married,Craft-repair,Own-child,White,Male,0,0,50,Columbia,0
28,Private,369114,HS-grad,9,Separated,Sales,Other-relative,White,Female,0,0,40,United-States,0
61,Self-emp-inc,156542,Prof-school,15,Separated,Prof-specialty,Not-in-family,White,Male,0,0,40,United-States,1
39,State-gov,152023,11th,7,Married-civ-spouse,Craft-repair,Husband,White,Male,0,0,40,United-States,0
56,Private,204816,HS-grad,9,Married-civ-spouse,Sales,Husband,White,Male,0,0,55,United-States,1
55,Private,170287,Some-college,10,Married-civ-spouse,Prof-specialty,Husband,White,Male,0,0,40,Poland,1
35,Private,65876,HS-grad,9,Married-civ-spouse,Craft-repair,Husband,White,Male,0,0,40,United-States,0
48,Private,249935,HS-grad,9,Married-civ-spouse,Transport-moving,Husband,White,Male,0,0,44,United-States,0
24,Private,133520,Some-college,10,Never-married,Sales,Own-child,White,Female,0,0,15,United-States,0
31,Private,416415,HS-grad,9,Separated,Adm-clerical,Not-in-family,White,Male,0,0,45,United-States,0
48,Private,265192,HS-grad,9,Married-civ-spouse,Craft-repair,Husband,White,Male,0,0,45,United-States,0
59,Private,206487,Some-college,10,Married-civ-spouse,Craft-repair,Husband,White,Male,0,0,40,United-States,1
52,Private,260938,Masters,14,Married-civ-spouse,Sales,Husband,White,Male,0,0,40,United-States,0
52,Self-emp-not-inc,123011,Prof-school,15,Married-civ-spouse,Prof-specialty,Husband,White,Male,0,0,50,United-States,1
44,Private,52028,1st-4th,2,Married-civ-spouse,Other-service,Wife,Asian-Pac-Islander,Female,0,0,40,Vietnam,0
60,Private,165441,7th-8th,4,Divorced,Machine-op-inspct,Unmarried,White,Female,0,0,40,United-States,0
40,State-gov,229364,Masters,14,Divorced,Prof-specialty,Not-in-family,White,Female,0,0,45,United-States,0
34,Private,353213,Assoc-acdm,12,Separated,Craft-repair,Not-in-family,White,Male,0,0,60,United-States,0
55,Private,393768,Assoc-voc,11,Married-civ-spouse,Exec-managerial,Husband,White,Male,0,0,40,United-States,0
50,Self-emp-inc,52565,Some-college,10,Married-civ-spouse,Sales,Husband,White,Male,0,1485,40,United-States,0
49,Local-gov,110172,HS-grad,9,Married-civ-spouse,Transport-moving,Husband,White,Male,0,0,40,United-States,0
23,State-gov,173945,Bachelors,13,Never-married,Prof-specialty,Own-child,White,Female,0,0,27,United-States,0
40,Private,198692,Some-college,10,Married-civ-spouse,Adm-clerical,Husband,White,Male,5178,0,60,United-States,1
41,Private,128354,Bachelors,13,Married-civ-spouse,Tech-support,Wife,White,Female,0,0,25,United-States,1
67,Self-emp-not-inc,286372,Bachelors,13,Married-civ-spouse,Transport-moving,Husband,White,Male,0,0,40,United-States,0
28,Private,160731,HS-grad,9,Married-civ-spouse,Craft-repair,Husband,White,Male,0,0,40,Poland,1
38,Private,219137,HS-grad,9,Married-civ-spouse,Adm-clerical,Wife,White,Female,0,0,22,United-States,0
20,Private,181032,Some-college,10,Never-married,Machine-op-inspct,Own-child,White,Female,0,0,40,United-States,0
58,Private,186385,Doctorate,16,Never-married,Prof-specialty,Not-in-family,White,Male,0,0,8,United-States,0
29,Private,190777,Bachelors,13,Married-civ-spouse,Sales,Husband,White,Male,0,0,55,United-States,0
46,Private,238162,Bachelors,13,Married-civ-spouse,Craft-repair,Husband,White,Male,0,0,45,United-States,1
23,Private,291407,Some-college,10,Never-married,Sales,Own-child,Black,Male,0,0,25,United-States,0
36,Private,185099,HS-grad,9,Married-civ-spouse,Transport-moving,Husband,White,Male,0,0,70,United-States,1
38,Private,34173,Bachelors,13,Never-married,Sales,Unmarried,White,Female,0,0,45,United-States,0
22,Private,445758,5th-6th,3,Never-married,Handlers-cleaners,Not-in-family,White,Male,0,0,40,Mexico,0
29,Private,116662,Bachelors,13,Never-married,Handlers-cleaners,Not-in-family,White,Male,0,0,40,United-States,0
45,Private,175958,Prof-school,15,Married-civ-spouse,Exec-managerial,Husband,White,Male,0,0,40,United-States,1
39,Self-emp-not-inc,107233,HS-grad,9,Never-married,Craft-repair,Other-relative,Amer-Indian-Eskimo,Male,0,0,40,United-States,0
38,Private,52963,Bachelors,13,Never-married,Adm-clerical,Not-in-family,White,Female,0,0,50,United-States,0
26,Private,64289,HS-grad,9,Never-married,Farming-fishing,Own-child,White,Male,0,0,40,United-States,0
29,Private,169544,Assoc-voc,11,Never-married,Tech-support,Not-in-family,White,Male,0,0,40,United-States,0
31,Private,219619,HS-grad,9,Never-married,Sales,Other-relative,White,Male,0,0,48,United-States,0
23,Private,233711,HS-grad,9,Married-civ-spouse,Other-service,Husband,White,Male,0,0,50,United-States,0
55,Private,463072,Bachelors,13,Married-civ-spouse,Prof-specialty,Husband,White,Male,0,0,60,United-States,1
27,Private,321577,HS-grad,9,Never-married,Machine-op-inspct,Own-child,Black,Female,0,0,40,United-States,0
23,Private,53513,Bachelors,13,Never-married,Exec-managerial,Own-child,White,Female,0,0,45,United-States,0
40,Private,409922,Some-college,10,Married-civ-spouse,Prof-specialty,Husband,White,Male,7298,0,40,United-States,1
23,Private,297152,Some-college,10,Never-married,Adm-clerical,Own-child,Black,Female,0,0,25,United-States,0
31,Local-gov,50442,Some-college,10,Never-married,Exec-managerial,Own-child,Amer-Indian-Eskimo,Female,0,0,32,United-States,0
40,Private,143046,Bachelors,13,Never-married,Prof-specialty,Not-in-family,White,Female,0,0,45,United-States,0
28,Private,233275,Bachelors,13,Never-married,Prof-specialty,Not-in-family,White,Male,0,0,45,United-States,0
59,Private,117059,11th,7,Married-civ-spouse,Transport-moving,Husband,Amer-Indian-Eskimo,Male,0,0,40,United-States,0
25,Private,69739,10th,6,Never-married,Machine-op-inspct,Own-child,White,Male,0,0,40,United-States,0
39,Self-emp-not-inc,148443,HS-grad,9,Married-civ-spouse,Farming-fishing,Husband,White,Male,0,0,60,United-States,0
31,Private,247328,9th,5,Married-civ-spouse,Machine-op-inspct,Husband,White,Male,3137,0,40,Mexico,0
36,Private,209609,Bachelors,13,Married-civ-spouse,Prof-specialty,Husband,White,Male,0,0,38,United-States,0
40,Private,264663,Bachelors,13,Never-married,Prof-specialty,Own-child,White,Female,0,0,60,United-States,0
44,Self-emp-not-inc,37618,HS-grad,9,Married-civ-spouse,Farming-fishing,Husband,White,Male,0,0,40,United-States,1
48,State-gov,78529,Masters,14,Separated,Prof-specialty,Not-in-family,White,Male,0,0,60,United-States,0
25,Private,90752,Bachelors,13,Married-civ-spouse,Adm-clerical,Wife,White,Female,0,0,40,United-States,0
46,Private,247043,HS-grad,9,Married-civ-spouse,Transport-moving,Husband,White,Male,0,0,40,United-States,1
23,Private,37072,Bachelors,13,Never-married,Sales,Not-in-family,White,Male,0,0,50,United-States,0
44,Private,198282,Bachelors,13,Married-civ-spouse,Exec-managerial,Husband,White,Male,15024,0,60,United-States,1
48,Private,167967,HS-grad,9,Separated,Machine-op-inspct,Unmarried,Black,Female,0,0,40,United-States,0
28,Private,297735,Some-college,10,Married-civ-spouse,Machine-op-inspct,Husband,White,Male,0,0,40,United-States,1
53,Self-emp-inc,152810,HS-grad,9,Married-civ-spouse,Craft-repair,Husband,White,Male,5178,0,45,United-States,1
59,Private,159937,HS-grad,9,Married-civ-spouse,Sales,Husband,White,Male,0,0,48,United-States,0
17,Private,148522,11th,7,Never-married,Other-service,Own-child,White,Male,0,1721,15,United-States,0
39,Private,192251,HS-grad,9,Never-married,Adm-clerical,Own-child,White,Female,0,0,40,United-States,1
33,Private,69251,Assoc-voc,11,Never-married,Sales,Own-child,Asian-Pac-Islander,Male,0,0,40,Philippines,0
40,Private,140559,HS-grad,9,Married-civ-spouse,Priv-house-serv,Wife,White,Female,0,0,45,United-States,0
28,Private,230856,Some-college,10,Never-married,Prof-specialty,Not-in-family,Black,Female,3325,0,50,United-States,0
32,Private,37210,Bachelors,13,Married-civ-spouse,Exec-managerial,Husband,White,Male,0,0,45,United-States,1
34,Private,167474,HS-grad,9,Married-civ-spouse,Sales,Husband,White,Male,0,0,50,United-States,0
59,Local-gov,120617,HS-grad,9,Separated,Protective-serv,Unmarried,Black,Female,0,0,40,United-States,0
23,Private,133985,10th,6,Never-married,Craft-repair,Own-child,Black,Female,0,0,40,United-States,0
44,State-gov,321824,HS-grad,9,Married-civ-spouse,Protective-serv,Husband,White,Male,0,0,38,United-States,0
23,Private,209955,HS-grad,9,Never-married,Craft-repair,Not-in-family,White,Male,0,0,40,United-States,0
32,Private,239824,Bachelors,13,Never-married,Tech-support,Not-in-family,White,Male,0,0,40,United-States,0
69,State-gov,208869,Masters,14,Married-civ-spouse,Prof-specialty,Husband,White,Male,0,0,11,United-States,0
41,Private,342164,Some-college,10,Divorced,Sales,Not-in-family,White,Female,0,0,15,United-States,0
45,Private,140644,Doctorate,16,Divorced,Prof-specialty,Not-in-family,White,Male,0,0,45,United-States,1
57,Private,73051,Bachelors,13,Married-civ-spouse,Exec-managerial,Husband,White,Male,0,0,40,United-States,0
26,Private,142914,Assoc-acdm,12,Married-civ-spouse,Prof-specialty,Wife,White,Female,0,0,75,United-States,0
32,Private,198452,HS-grad,9,Married-civ-spouse,Farming-fishing,Wife,White,Female,0,0,40,United-States,0
23,Private,218445,5th-6th,3,Never-married,Priv-house-serv,Unmarried,White,Female,0,0,12,Mexico,0
55,Federal-gov,238192,HS-grad,9,Married-civ-spouse,Tech-support,Husband,White,Male,0,1887,40,United-States,1
88,Private,68539,Some-college,10,Divorced,Adm-clerical,Unmarried,White,Female,0,0,40,United-States,0
18,Private,157131,12th,8,Never-married,Sales,Own-child,White,Female,0,0,8,United-States,0
25,Private,212522,HS-grad,9,Never-married,Craft-repair,Other-relative,White,Male,0,0,40,United-States,0
65,Private,36209,10th,6,Married-civ-spouse,Handlers-cleaners,Husband,White,Male,0,0,22,United-States,1
24,Private,205839,Some-college,10,Never-married,Handlers-cleaners,Own-child,White,Male,0,0,40,United-States,0
43,Private,598606,9th,5,Separated,Handlers-cleaners,Unmarried,Black,Female,0,0,50,United-States,0
50,Private,159650,Some-college,10,Married-civ-spouse,Tech-support,Husband,White,Male,0,0,60,United-States,1
64,Private,22186,Some-college,10,Widowed,Tech-support,Not-in-family,White,Female,0,0,35,United-States,0
39,Private,186420,HS-grad,9,Divorced,Adm-clerical,Not-in-family,White,Female,0,0,40,United-States,0
24,Private,82804,HS-grad,9,Never-married,Handlers-cleaners,Unmarried,Black,Female,0,0,40,United-States,0
23,Private,216811,HS-grad,9,Never-married,Adm-clerical,Own-child,White,Female,0,0,16,United-States,0
36,Private,91037,HS-grad,9,Married-civ-spouse,Adm-clerical,Wife,White,Female,0,0,40,United-States,1
19,Self-emp-not-inc,47176,Some-college,10,Never-married,Craft-repair,Not-in-family,White,Female,0,0,15,United-States,0
23,State-gov,241951,Some-college,10,Never-married,Prof-specialty,Not-in-family,White,Male,0,0,40,United-States,0
22,Private,122272,Bachelors,13,Never-married,Adm-clerical,Own-child,White,Female,0,0,35,United-States,0
42,Private,235786,Assoc-acdm,12,Married-civ-spouse,Craft-repair,Husband,White,Male,0,0,50,United-States,1
20,Private,215232,Some-college,10,Never-married,Exec-managerial,Own-child,White,Female,0,0,10,United-States,0
64,Private,88470,Some-college,10,Married-civ-spouse,Other-service,Husband,White,Male,0,0,40,United-States,0
43,Private,351576,Bachelors,13,Never-married,Sales,Not-in-family,White,Male,0,0,50,United-States,1
43,Federal-gov,211763,Doctorate,16,Separated,Prof-specialty,Unmarried,Black,Female,0,0,24,United-States,1
31,Private,50276,Bachelors,13,Divorced,Prof-specialty,Not-in-family,White,Male,0,0,60,United-States,0
23,Private,210526,HS-grad,9,Never-married,Adm-clerical,Own-child,White,Male,0,0,40,United-States,0
54,Private,86837,HS-grad,9,Married-civ-spouse,Craft-repair,Husband,Asian-Pac-Islander,Male,0,1902,40,United-States,1
35,Private,112271,Some-college,10,Married-civ-spouse,Craft-repair,Husband,White,Male,0,0,45,United-States,0
37,State-gov,210452,Masters,14,Married-civ-spouse,Exec-managerial,Husband,White,Male,0,0,38,United-States,0
25,Private,383306,Bachelors,13,Never-married,Sales,Not-in-family,White,Male,0,0,40,United-States,0
56,Local-gov,160829,HS-grad,9,Divorced,Adm-clerical,Not-in-family,White,Female,0,0,46,United-States,0
27,Private,245661,HS-grad,9,Separated,Machine-op-inspct,Own-child,White,Female,0,0,40,United-States,0
28,Local-gov,167536,Assoc-acdm,12,Widowed,Prof-specialty,Unmarried,White,Male,0,0,40,United-States,0
24,Private,125905,HS-grad,9,Married-civ-spouse,Craft-repair,Husband,White,Male,0,0,40,United-States,0
25,Self-emp-not-inc,60828,Some-college,10,Never-married,Farming-fishing,Own-child,White,Female,0,0,50,United-States,0
41,Local-gov,173051,Some-college,10,Divorced,Other-service,Unmarried,White,Female,0,0,45,United-States,0
33,Private,149220,Assoc-voc,11,Never-married,Other-service,Unmarried,Black,Female,0,0,40,United-States,0
41,Private,152958,HS-grad,9,Married-civ-spouse,Craft-repair,Husband,White,Male,0,0,40,United-States,1
30,Private,36340,HS-grad,9,Never-married,Adm-clerical,Unmarried,White,Female,0,0,24,United-States,0
38,Local-gov,123983,Bachelors,13,Never-married,Exec-managerial,Unmarried,Asian-Pac-Islander,Male,0,1741,40,Vietnam,0
53,Private,33304,Some-college,10,Married-civ-spouse,Transport-moving,Husband,White,Male,0,0,40,United-States,1
50,Private,378747,HS-grad,9,Married-civ-spouse,Transport-moving,Husband,Black,Male,0,0,40,United-States,0
19,Private,67759,HS-grad,9,Never-married,Machine-op-inspct,Own-child,White,Male,0,0,43,United-States,0
60,Private,182687,Assoc-acdm,12,Divorced,Other-service,Not-in-family,White,Female,0,0,40,United-States,0
62,Private,273454,7th-8th,4,Married-civ-spouse,Protective-serv,Husband,White,Male,0,0,40,Cuba,0
31,Private,227446,Some-college,10,Married-civ-spouse,Exec-managerial,Husband,White,Male,0,0,40,Cuba,1
36,Self-emp-inc,180419,HS-grad,9,Married-civ-spouse,Farming-fishing,Husband,White,Male,0,0,45,United-States,0
23,Private,123490,11th,7,Divorced,Other-service,Unmarried,White,Female,0,0,35,United-States,0
26,Self-emp-not-inc,221626,HS-grad,9,Married-civ-spouse,Other-service,Wife,White,Female,0,1579,20,United-States,0
60,Private,118197,Some-college,10,Married-civ-spouse,Craft-repair,Husband,White,Male,0,0,65,United-States,0
53,Self-emp-not-inc,33304,Prof-school,15,Married-civ-spouse,Prof-specialty,Husband,White,Male,0,0,38,United-States,1
26,Private,242768,Bachelors,13,Never-married,Prof-specialty,Not-in-family,White,Male,0,0,38,United-States,0
36,State-gov,89508,Prof-school,15,Never-married,Prof-specialty,Not-in-family,White,Male,0,0,40,United-States,0
44,Local-gov,101689,Some-college,10,Divorced,Adm-clerical,Unmarried,White,Female,0,0,40,United-States,0
31,Local-gov,137537,Bachelors,13,Divorced,Prof-specialty,Unmarried,White,Female,0,0,40,United-States,0
22,Private,67234,HS-grad,9,Never-married,Sales,Not-in-family,White,Male,0,0,60,United-States,0
21,Private,202871,HS-grad,9,Never-married,Sales,Own-child,White,Male,0,0,44,United-States,0
57,Local-gov,213975,HS-grad,9,Widowed,Other-service,Unmarried,White,Female,0,0,30,United-States,0
47,Self-emp-not-inc,61885,Bachelors,13,Married-civ-spouse,Sales,Husband,White,Male,0,0,40,United-States,1
52,Private,162238,Bachelors,13,Married-civ-spouse,Prof-specialty,Husband,White,Male,0,0,38,United-States,1
18,Private,116528,Some-college,10,Never-married,Craft-repair,Not-in-family,White,Male,0,0,30,United-States,0
58,Private,123436,Bachelors,13,Married-civ-spouse,Exec-managerial,Husband,White,Male,7688,0,50,United-States,1
32,Private,207400,HS-grad,9,Never-married,Machine-op-inspct,Unmarried,Black,Female,0,0,40,United-States,0
35,Self-emp-not-inc,31095,Assoc-voc,11,Never-married,Farming-fishing,Not-in-family,White,Male,0,0,60,United-States,0
40,Private,282155,HS-grad,9,Separated,Other-service,Other-relative,White,Female,0,0,25,United-States,0
43,Private,191429,7th-8th,4,Married-civ-spouse,Other-service,Husband,White,Male,0,0,25,United-States,0
37,Private,131463,10th,6,Divorced,Other-service,Unmarried,White,Female,0,0,33,United-States,0
29,Private,112403,Some-college,10,Never-married,Handlers-cleaners,Not-in-family,White,Male,0,0,35,United-States,0
21,Private,61777,Some-college,10,Never-married,Craft-repair,Not-in-family,White,Male,0,0,70,United-States,0
28,State-gov,225904,Prof-school,15,Never-married,Prof-specialty,Unmarried,White,Male,0,0,40,United-States,0
61,Private,85194,Some-college,10,Married-civ-spouse,Tech-support,Husband,White,Male,0,0,25,United-States,0
39,Private,49436,Assoc-acdm,12,Divorced,Prof-specialty,Unmarried,White,Female,0,1380,40,United-States,0
30,Private,220148,HS-grad,9,Married-civ-spouse,Craft-repair,Husband,White,Male,0,1848,50,United-States,1
35,Private,334999,HS-grad,9,Married-civ-spouse,Sales,Husband,White,Male,0,0,45,United-States,0
50,Private,172175,Prof-school,15,Married-civ-spouse,Prof-specialty,Husband,White,Male,0,0,50,United-States,1
44,Private,222504,Some-college,10,Married-civ-spouse,Adm-clerical,Wife,White,Female,0,0,45,United-States,1
28,Private,85812,Some-college,10,Married-civ-spouse,Sales,Wife,White,Female,0,0,40,United-States,0
36,Self-emp-not-inc,20333,HS-grad,9,Married-civ-spouse,Sales,Wife,White,Female,7688,0,40,United-States,1
57,Private,36990,HS-grad,9,Married-civ-spouse,Craft-repair,Husband,Black,Male,0,0,52,United-States,0
23,Private,194723,Bachelors,13,Never-married,Adm-clerical,Not-in-family,White,Female,0,0,40,United-States,0
61,Private,105384,Bachelors,13,Married-civ-spouse,Prof-specialty,Husband,White,Male,0,0,40,United-States,0
33,Private,181388,HS-grad,9,Separated,Other-service,Unmarried,White,Female,0,0,40,United-States,0
18,Private,215110,HS-grad,9,Never-married,Handlers-cleaners,Own-child,Black,Male,0,0,40,United-States,0
60,Self-emp-not-inc,21101,HS-grad,9,Married-civ-spouse,Farming-fishing,Husband,Amer-Indian-Eskimo,Male,0,0,50,United-States,0
37,Private,174503,Bachelors,13,Widowed,Prof-specialty,Not-in-family,White,Female,0,0,50,United-States,0
37,Private,709445,HS-grad,9,Separated,Craft-repair,Other-relative,Black,Male,0,0,40,United-States,0
32,Private,193231,HS-grad,9,Married-civ-spouse,Craft-repair,Husband,White,Male,0,0,40,United-States,0
29,Private,159479,HS-grad,9,Married-civ-spouse,Transport-moving,Husband,Other,Male,0,0,55,United-States,0
23,Private,263899,Some-college,10,Never-married,Adm-clerical,Own-child,Black,Male,0,0,20,Haiti,0
52,Private,361875,Some-college,10,Divorced,Exec-managerial,Not-in-family,White,Female,0,0,50,United-States,0
24,Private,196742,HS-grad,9,Divorced,Other-service,Unmarried,White,Female,0,0,40,United-States,0
32,Private,211699,Assoc-acdm,12,Married-civ-spouse,Exec-managerial,Wife,White,Female,0,1485,40,United-States,1
41,Self-emp-not-inc,111772,Assoc-acdm,12,Married-civ-spouse,Craft-repair,Husband,White,Male,0,1887,40,United-States,1
33,Local-gov,242150,Assoc-voc,11,Married-civ-spouse,Tech-support,Husband,White,Male,0,0,50,United-States,0
52,Private,204402,HS-grad,9,Married-civ-spouse,Transport-moving,Husband,White,Male,0,0,85,United-States,1
54,Private,96710,HS-grad,9,Married-civ-spouse,Priv-house-serv,Other-relative,Black,Female,0,0,20,United-States,0
53,Self-emp-inc,263925,HS-grad,9,Married-civ-spouse,Sales,Husband,White,Male,99999,0,40,United-States,1
26,Private,89389,Some-college,10,Divorced,Prof-specialty,Not-in-family,White,Female,0,0,40,United-States,0
60,Self-emp-not-inc,282066,Bachelors,13,Married-civ-spouse,Exec-managerial,Husband,White,Male,0,1977,45,United-States,1
49,Self-emp-not-inc,200471,HS-grad,9,Married-civ-spouse,Craft-repair,Husband,White,Male,0,0,40,United-States,0
55,Private,124137,HS-grad,9,Married-spouse-absent,Machine-op-inspct,Not-in-family,White,Male,0,0,40,Poland,0
40,Private,137142,HS-grad,9,Married-civ-spouse,Sales,Husband,White,Male,0,0,40,United-States,1
67,Private,123393,11th,7,Married-civ-spouse,Transport-moving,Husband,White,Male,0,0,40,United-States,0
32,Private,159187,Assoc-voc,11,Never-married,Prof-specialty,Not-in-family,White,Male,0,0,40,United-States,0
40,Private,104196,HS-grad,9,Married-civ-spouse,Tech-support,Husband,White,Male,0,0,40,United-States,0
24,Private,190457,Some-college,10,Never-married,Adm-clerical,Own-child,White,Female,0,0,40,United-States,0
27,Private,386040,Assoc-voc,11,Married-civ-spouse,Craft-repair,Husband,White,Male,0,0,40,Mexico,0
30,Private,79712,Bachelors,13,Married-civ-spouse,Prof-specialty,Husband,Other,Male,0,0,40,United-States,0
41,Private,206470,Bachelors,13,Married-civ-spouse,Prof-specialty,Husband,White,Male,0,0,40,Germany,0
33,Self-emp-not-inc,327902,HS-grad,9,Married-civ-spouse,Transport-moving,Husband,White,Male,0,0,45,United-States,0
42,Local-gov,271521,Some-college,10,Married-civ-spouse,Protective-serv,Husband,Other,Male,0,0,40,United-States,1
30,Private,65278,HS-grad,9,Married-civ-spouse,Tech-support,Husband,White,Male,0,0,40,United-States,1
33,Private,51471,HS-grad,9,Married-civ-spouse,Tech-support,Wife,White,Female,0,1902,40,United-States,1
25,Private,252752,HS-grad,9,Never-married,Other-service,Unmarried,White,Female,0,0,40,United-States,0
36,Local-gov,95462,Bachelors,13,Divorced,Prof-specialty,Unmarried,White,Female,0,0,40,United-States,0
26,Private,410240,11th,7,Never-married,Craft-repair,Not-in-family,White,Male,0,0,40,United-States,0
26,Private,290213,Some-college,10,Separated,Farming-fishing,Own-child,White,Male,0,0,40,United-States,0
33,Private,709798,Bachelors,13,Married-civ-spouse,Prof-specialty,Husband,White,Male,0,0,60,United-States,1
21,Private,163870,Some-college,10,Never-married,Handlers-cleaners,Own-child,White,Male,0,0,30,United-States,0
27,Private,279580,Bachelors,13,Never-married,Sales,Not-in-family,White,Male,10520,0,45,United-States,1
58,Private,153551,Bachelors,13,Never-married,Prof-specialty,Not-in-family,White,Female,0,0,60,United-States,0
28,Private,207473,Some-college,10,Married-civ-spouse,Transport-moving,Husband,White,Male,0,0,40,El-Salvador,0
29,Private,341846,Masters,14,Never-married,Prof-specialty,Not-in-family,White,Female,0,0,50,United-States,0
77,Self-emp-not-inc,209507,Some-college,10,Never-married,Craft-repair,Not-in-family,White,Male,0,0,40,United-States,0
39,Private,126494,HS-grad,9,Divorced,Prof-specialty,Unmarried,White,Female,0,0,40,United-States,0
55,Private,199067,Bachelors,13,Married-civ-spouse,Exec-managerial,Husband,White,Male,15024,0,42,United-States,1
33,Private,111363,Bachelors,13,Married-civ-spouse,Exec-managerial,Husband,White,Male,0,0,40,United-States,1
25,Private,201579,9th,5,Never-married,Craft-repair,Not-in-family,White,Male,0,0,40,Mexico,0
39,Private,191841,Assoc-acdm,12,Separated,Prof-specialty,Not-in-family,White,Female,0,0,30,United-States,0
38,Private,269323,HS-grad,9,Married-civ-spouse,Adm-clerical,Husband,White,Male,0,0,40,United-States,1
36,Private,48972,Some-college,10,Divorced,Adm-clerical,Unmarried,White,Female,0,0,40,United-States,0
50,Local-gov,97449,Some-college,10,Married-civ-spouse,Protective-serv,Husband,White,Male,0,0,48,United-States,0
45,Private,179659,Bachelors,13,Married-civ-spouse,Craft-repair,Husband,White,Male,3103,0,40,United-States,1
26,State-gov,208122,Bachelors,13,Never-married,Prof-specialty,Not-in-family,White,Male,0,0,15,United-States,0
34,Private,157747,Some-college,10,Married-civ-spouse,Exec-managerial,Husband,White,Male,7298,0,40,United-States,1
24,Private,162593,Bachelors,13,Never-married,Adm-clerical,Not-in-family,Asian-Pac-Islander,Female,0,0,40,United-States,0
17,Private,438996,10th,6,Never-married,Other-service,Other-relative,White,Male,0,0,40,Mexico,0
37,Private,108366,Bachelors,13,Never-married,Transport-moving,Not-in-family,White,Male,0,0,46,United-States,0
55,Private,101468,HS-grad,9,Married-civ-spouse,Craft-repair,Husband,White,Male,3103,0,40,United-States,1
61,Self-emp-not-inc,111563,Bachelors,13,Married-civ-spouse,Farming-fishing,Husband,White,Male,0,0,20,United-States,1
24,Private,222993,HS-grad,9,Never-married,Machine-op-inspct,Own-child,White,Male,0,0,40,United-States,0
27,Local-gov,209109,Masters,14,Never-married,Prof-specialty,Own-child,White,Male,0,0,35,United-States,0
62,Private,116812,Some-college,10,Divorced,Adm-clerical,Not-in-family,White,Female,0,0,40,United-States,0
46,Private,124733,Some-college,10,Married-civ-spouse,Craft-repair,Husband,Asian-Pac-Islander,Male,0,0,40,Vietnam,0
63,Private,30270,7th-8th,4,Married-civ-spouse,Sales,Husband,White,Male,0,0,40,United-States,0
35,Local-gov,331395,Assoc-voc,11,Married-civ-spouse,Protective-serv,Husband,White,Male,0,0,42,United-States,0
49,Self-emp-inc,58359,Some-college,10,Married-civ-spouse,Exec-managerial,Husband,White,Male,15024,0,50,United-States,1
44,Private,33521,Some-college,10,Married-civ-spouse,Exec-managerial,Husband,White,Male,0,0,40,United-States,1
40,Private,223277,Bachelors,13,Married-civ-spouse,Adm-clerical,Husband,White,Male,0,0,50,United-States,1
44,Private,19914,HS-grad,9,Married-civ-spouse,Other-service,Wife,Asian-Pac-Islander,Female,0,0,50,Philippines,0
37,Self-emp-not-inc,410919,HS-grad,9,Never-married,Craft-repair,Own-child,White,Male,0,0,35,United-States,0
65,Private,255386,HS-grad,9,Never-married,Craft-repair,Other-relative,Asian-Pac-Islander,Male,0,0,40,Cambodia,0
37,Self-emp-not-inc,258037,HS-grad,9,Married-civ-spouse,Transport-moving,Husband,White,Male,0,0,45,Cuba,1
42,Self-emp-inc,1097453,Bachelors,13,Married-civ-spouse,Sales,Husband,White,Male,0,0,60,United-States,1
36,Local-gov,135786,9th,5,Married-civ-spouse,Craft-repair,Husband,White,Male,0,0,25,United-States,0
33,Private,356015,HS-grad,9,Separated,Craft-repair,Not-in-family,Amer-Indian-Eskimo,Male,0,0,35,Hong,0
28,State-gov,210498,HS-grad,9,Married-civ-spouse,Protective-serv,Husband,White,Male,0,0,40,United-States,0
32,Private,210562,HS-grad,9,Married-civ-spouse,Machine-op-inspct,Husband,White,Male,0,0,40,United-States,0
30,Private,169152,HS-grad,9,Never-married,Tech-support,Unmarried,White,Female,0,0,40,United-States,0
24,Private,293091,HS-grad,9,Married-civ-spouse,Handlers-cleaners,Husband,White,Male,0,0,40,United-States,0
36,Private,181705,11th,7,Married-civ-spouse,Transport-moving,Husband,White,Male,0,0,40,United-States,0
33,Self-emp-not-inc,270889,HS-grad,9,Never-married,Transport-moving,Not-in-family,White,Male,0,0,60,United-States,0
26,Private,340787,HS-grad,9,Married-civ-spouse,Prof-specialty,Husband,White,Male,0,0,40,United-States,0
42,Private,138662,Some-college,10,Separated,Adm-clerical,Own-child,White,Female,0,0,40,United-States,0
32,Private,108023,Masters,14,Never-married,Adm-clerical,Not-in-family,White,Male,0,0,40,United-States,0
31,Private,229636,Some-college,10,Married-civ-spouse,Craft-repair,Husband,White,Male,0,0,45,Mexico,0
33,Private,180551,HS-grad,9,Divorced,Exec-managerial,Unmarried,White,Female,0,0,40,United-States,0
35,Private,340110,Bachelors,13,Married-civ-spouse,Exec-managerial,Husband,White,Male,0,1848,70,United-States,1
65,Private,149811,HS-grad,9,Divorced,Adm-clerical,Unmarried,White,Female,0,2206,59,Canada,0
36,Private,188571,HS-grad,9,Married-civ-spouse,Craft-repair,Husband,White,Male,0,0,40,United-States,0
51,Private,193720,Bachelors,13,Married-civ-spouse,Exec-managerial,Husband,White,Male,0,0,45,United-States,1
32,Private,243988,5th-6th,3,Married-civ-spouse,Other-service,Husband,White,Male,0,0,40,Mexico,0
45,Private,102559,Assoc-voc,11,Married-civ-spouse,Craft-repair,Husband,White,Male,0,0,40,Canada,1
56,Self-emp-not-inc,62539,11th,7,Widowed,Other-service,Unmarried,White,Female,0,0,65,Greece,1
20,Private,231981,Some-college,10,Never-married,Transport-moving,Not-in-family,White,Male,0,0,32,United-States,0
30,Private,169104,Assoc-acdm,12,Never-married,Other-service,Other-relative,Asian-Pac-Islander,Male,0,0,40,Vietnam,0
48,Self-emp-not-inc,179337,HS-grad,9,Married-civ-spouse,Craft-repair,Husband,White,Male,0,0,60,England,0
41,Private,394669,Bachelors,13,Never-married,Prof-specialty,Not-in-family,White,Female,0,1741,40,United-States,0
33,Local-gov,161942,Bachelors,13,Never-married,Adm-clerical,Not-in-family,White,Female,1055,0,40,United-States,0
18,Private,151386,HS-grad,9,Married-spouse-absent,Other-service,Own-child,Black,Male,0,0,40,Jamaica,0
23,Private,65038,HS-grad,9,Never-married,Sales,Own-child,White,Male,0,0,40,United-States,0
18,Private,395026,11th,7,Never-married,Other-service,Own-child,White,Male,0,0,12,United-States,0
58,Private,119558,HS-grad,9,Married-civ-spouse,Exec-managerial,Husband,White,Male,0,0,50,United-States,1
40,Private,193524,Doctorate,16,Married-civ-spouse,Prof-specialty,Husband,White,Male,0,0,60,United-States,1
42,Local-gov,46094,Bachelors,13,Divorced,Transport-moving,Not-in-family,White,Male,0,0,33,United-States,0
51,Private,300816,Bachelors,13,Never-married,Adm-clerical,Unmarried,White,Male,0,0,20,United-States,0
29,Private,191722,Some-college,10,Married-civ-spouse,Protective-serv,Husband,White,Male,7688,0,54,United-States,1
21,Private,57916,7th-8th,4,Never-married,Machine-op-inspct,Own-child,White,Male,0,0,40,United-States,0
20,Private,184045,Some-college,10,Never-married,Sales,Unmarried,Black,Female,0,0,30,United-States,0
24,Private,291407,HS-grad,9,Married-civ-spouse,Transport-moving,Husband,Black,Male,0,0,40,United-States,0
30,Self-emp-not-inc,167990,Assoc-voc,11,Married-civ-spouse,Prof-specialty,Husband,White,Male,15024,0,65,United-States,1
26,Private,164488,Bachelors,13,Never-married,Exec-managerial,Not-in-family,White,Male,0,0,10,United-States,0
46,Local-gov,216214,Bachelors,13,Married-civ-spouse,Prof-specialty,Husband,White,Male,0,0,35,United-States,1
21,Private,322144,Some-college,10,Never-married,Other-service,Not-in-family,White,Male,0,0,40,United-States,0
25,Private,248851,Bachelors,13,Never-married,Other-service,Own-child,White,Male,0,0,40,United-States,0
28,Private,190391,Bachelors,13,Never-married,Sales,Not-in-family,White,Male,0,0,40,United-States,0
51,Private,162632,HS-grad,9,Married-civ-spouse,Transport-moving,Husband,White,Male,7298,0,60,United-States,1
23,Private,215624,Some-college,10,Never-married,Machine-op-inspct,Unmarried,Asian-Pac-Islander,Male,0,0,40,Vietnam,0
37,Private,176014,HS-grad,9,Married-civ-spouse,Sales,Husband,White,Male,0,0,50,United-States,0
54,Private,123011,HS-grad,9,Married-civ-spouse,Machine-op-inspct,Husband,White,Male,0,0,40,Poland,1
51,Private,237729,Some-college,10,Divorced,Adm-clerical,Unmarried,White,Female,0,0,40,United-States,0
36,Private,159016,HS-grad,9,Married-civ-spouse,Machine-op-inspct,Husband,White,Male,0,0,38,United-States,0
30,Private,54608,Bachelors,13,Married-civ-spouse,Adm-clerical,Husband,White,Male,0,0,40,United-States,0
35,Private,229328,HS-grad,9,Married-civ-spouse,Machine-op-inspct,Wife,Black,Female,0,0,40,United-States,0
26,Private,211596,HS-grad,9,Divorced,Craft-repair,Not-in-family,White,Male,0,0,40,United-States,0
19,Private,169853,HS-grad,9,Never-married,Machine-op-inspct,Own-child,White,Male,0,0,24,United-States,0
32,Private,131425,Bachelors,13,Married-civ-spouse,Machine-op-inspct,Husband,White,Male,0,0,50,United-States,0
50,Private,110748,Some-college,10,Never-married,Prof-specialty,Not-in-family,White,Male,0,0,40,United-States,0
66,Private,98837,HS-grad,9,Widowed,Adm-clerical,Not-in-family,White,Female,0,0,40,United-States,0
25,Private,177017,HS-grad,9,Never-married,Sales,Not-in-family,White,Male,0,1504,37,United-States,0
45,Private,101977,Some-college,10,Married-civ-spouse,Sales,Husband,White,Male,0,0,45,United-States,0
25,Private,27678,Some-college,10,Married-civ-spouse,Other-service,Wife,White,Female,0,0,60,United-States,0
28,Private,249362,11th,7,Married-civ-spouse,Transport-moving,Husband,White,Male,0,0,50,United-States,0
24,Private,241185,HS-grad,9,Never-married,Sales,Not-in-family,White,Female,0,0,48,United-States,0
47,Local-gov,148995,HS-grad,9,Married-civ-spouse,Protective-serv,Husband,White,Male,0,0,60,United-States,1
39,Self-emp-inc,239755,Prof-school,15,Married-civ-spouse,Prof-specialty,Husband,White,Male,0,1902,50,United-States,1
26,Private,63577,Some-college,10,Never-married,Other-service,Not-in-family,White,Female,0,0,30,United-States,0
45,Private,348854,Some-college,10,Separated,Adm-clerical,Unmarried,White,Female,0,0,27,United-States,0
35,Private,138992,Masters,14,Married-civ-spouse,Prof-specialty,Other-relative,White,Male,7298,0,40,United-States,1
26,Private,302097,HS-grad,9,Married-civ-spouse,Machine-op-inspct,Husband,White,Male,3464,0,48,United-States,0
38,State-gov,143517,Bachelors,13,Never-married,Exec-managerial,Own-child,White,Male,0,0,40,United-States,0
40,Private,144067,Assoc-voc,11,Married-civ-spouse,Craft-repair,Husband,White,Male,0,0,40,United-States,0
26,Private,357933,Some-college,10,Never-married,Adm-clerical,Own-child,White,Female,0,0,15,United-States,0
61,Private,142922,HS-grad,9,Married-civ-spouse,Transport-moving,Husband,White,Male,0,0,40,United-States,0
17,Private,169155,12th,8,Never-married,Other-service,Own-child,White,Male,0,0,35,United-States,0
52,State-gov,349795,Bachelors,13,Married-civ-spouse,Protective-serv,Husband,White,Male,0,0,40,United-States,0
32,Private,188246,HS-grad,9,Divorced,Craft-repair,Own-child,White,Male,0,0,40,United-States,0
39,Private,114678,HS-grad,9,Divorced,Other-service,Unmarried,Black,Female,5455,0,40,United-States,0
29,Private,393264,Bachelors,13,Never-married,Prof-specialty,Not-in-family,White,Male,0,0,40,United-States,0
45,Private,513660,Bachelors,13,Never-married,Prof-specialty,Not-in-family,White,Male,0,0,40,United-States,0
23,Private,53245,9th,5,Separated,Other-service,Not-in-family,White,Male,0,0,40,United-States,0
30,Private,147596,Some-college,10,Divorced,Adm-clerical,Unmarried,Black,Female,0,0,40,United-States,0
52,Private,124993,HS-grad,9,Never-married,Craft-repair,Own-child,White,Male,0,0,55,United-States,0
37,Self-emp-not-inc,154641,Assoc-acdm,12,Married-civ-spouse,Farming-fishing,Husband,White,Male,2105,0,50,United-States,0
31,Private,312667,9th,5,Married-civ-spouse,Craft-repair,Husband,White,Male,0,0,40,United-States,0
35,Private,474136,HS-grad,9,Never-married,Craft-repair,Not-in-family,White,Male,0,1408,40,United-States,0
44,State-gov,96249,Some-college,10,Married-civ-spouse,Exec-managerial,Husband,White,Male,3411,0,40,United-States,0
64,Federal-gov,199298,7th-8th,4,Widowed,Other-service,Unmarried,White,Female,0,0,30,Puerto-Rico,0
50,Private,178530,Prof-school,15,Married-civ-spouse,Prof-specialty,Husband,White,Male,0,0,60,United-States,1
54,Private,280292,Some-college,10,Married-civ-spouse,Sales,Husband,White,Male,0,0,32,United-States,0
22,Private,170800,Assoc-voc,11,Never-married,Other-service,Own-child,White,Female,0,0,12,United-States,0
40,Private,70645,Preschool,1,Never-married,Other-service,Not-in-family,White,Female,0,0,20,United-States,0
41,Private,315834,Bachelors,13,Never-married,Prof-specialty,Not-in-family,White,Female,0,1876,40,United-States,0
43,Self-emp-inc,34218,Some-college,10,Married-civ-spouse,Exec-managerial,Husband,White,Male,0,0,40,United-States,0
47,Local-gov,140644,Some-college,10,Married-civ-spouse,Protective-serv,Husband,White,Male,0,0,40,United-States,1
33,State-gov,167474,10th,6,Married-civ-spouse,Handlers-cleaners,Husband,White,Male,0,0,40,United-States,0
26,Private,124068,Some-college,10,Never-married,Adm-clerical,Not-in-family,White,Female,0,0,20,United-States,0
23,State-gov,235853,Bachelors,13,Never-married,Tech-support,Not-in-family,White,Male,0,0,22,United-States,0
36,Private,41490,Some-college,10,Divorced,Adm-clerical,Unmarried,White,Female,0,0,40,United-States,0
65,Private,171584,Bachelors,13,Never-married,Exec-managerial,Not-in-family,White,Male,0,0,40,United-States,0
79,Private,172220,7th-8th,4,Widowed,Priv-house-serv,Not-in-family,White,Female,2964,0,30,United-States,0
59,Private,370615,HS-grad,9,Widowed,Adm-clerical,Unmarried,White,Female,0,0,60,United-States,0
48,Private,182211,HS-grad,9,Married-civ-spouse,Craft-repair,Husband,White,Male,0,0,44,United-States,1
36,State-gov,212143,Bachelors,13,Married-civ-spouse,Adm-clerical,Wife,White,Female,0,0,20,United-States,1
26,Private,160300,HS-grad,9,Married-spouse-absent,Protective-serv,Not-in-family,White,Male,0,0,40,United-States,0
22,Private,221533,HS-grad,9,Never-married,Other-service,Not-in-family,White,Male,0,0,20,United-States,0
17,Private,234780,HS-grad,9,Never-married,Farming-fishing,Own-child,Black,Male,0,0,40,United-States,0
23,Private,109199,5th-6th,3,Married-civ-spouse,Handlers-cleaners,Husband,White,Male,0,0,40,Mexico,0
48,Private,245948,HS-grad,9,Never-married,Machine-op-inspct,Not-in-family,Black,Female,2174,0,40,United-States,0
41,Private,425049,HS-grad,9,Married-civ-spouse,Transport-moving,Husband,White,Male,0,0,50,United-States,1
27,Private,335421,Bachelors,13,Never-married,Prof-specialty,Not-in-family,White,Female,0,0,20,United-States,0
35,State-gov,89040,Bachelors,13,Married-civ-spouse,Exec-managerial,Husband,White,Male,0,0,40,United-States,1
47,Private,285200,HS-grad,9,Married-civ-spouse,Craft-repair,Husband,White,Male,0,0,40,United-States,0
28,Private,175343,Bachelors,13,Married-civ-spouse,Sales,Husband,White,Male,0,0,40,United-States,0
24,Private,52028,1st-4th,2,Married-civ-spouse,Other-service,Own-child,Asian-Pac-Islander,Female,0,0,5,Vietnam,0
51,Private,96586,Some-college,10,Married-civ-spouse,Tech-support,Husband,White,Male,0,0,40,United-States,1
31,Private,69056,HS-grad,9,Divorced,Other-service,Own-child,White,Female,0,0,15,United-States,0
26,Private,381618,9th,5,Married-civ-spouse,Craft-repair,Husband,White,Male,0,0,45,United-States,0
66,Private,127139,Bachelors,13,Married-civ-spouse,Prof-specialty,Husband,White,Male,0,0,40,United-States,1
38,Private,235379,Assoc-acdm,12,Never-married,Prof-specialty,Unmarried,White,Female,0,0,36,United-States,0
28,Private,184078,12th,8,Divorced,Machine-op-inspct,Not-in-family,White,Female,0,0,40,United-States,0
26,Private,210812,Some-college,10,Divorced,Craft-repair,Not-in-family,White,Male,0,0,43,United-States,0
27,Private,372500,5th-6th,3,Married-civ-spouse,Handlers-cleaners,Husband,White,Male,0,0,45,Mexico,0
71,Private,180117,10th,6,Married-civ-spouse,Machine-op-inspct,Husband,White,Male,0,0,40,United-States,0
33,Private,221324,Assoc-voc,11,Never-married,Machine-op-inspct,Unmarried,Black,Female,0,0,40,United-States,0
43,Private,247162,Assoc-acdm,12,Never-married,Sales,Own-child,White,Male,0,0,40,United-States,0
35,Private,78247,Assoc-voc,11,Married-civ-spouse,Craft-repair,Husband,White,Male,0,0,50,United-States,0
59,Private,147989,Some-college,10,Married-civ-spouse,Tech-support,Husband,White,Male,0,0,50,United-States,1
52,Private,163998,HS-grad,9,Married-civ-spouse,Sales,Husband,White,Male,99999,0,45,United-States,1
55,Private,120970,10th,6,Married-civ-spouse,Craft-repair,Husband,Black,Male,0,0,40,United-States,1
43,Self-emp-inc,35662,Doctorate,16,Married-civ-spouse,Prof-specialty,Wife,White,Female,0,0,70,United-States,1
36,Private,171968,HS-grad,9,Married-civ-spouse,Craft-repair,Husband,White,Male,0,0,40,United-States,0
50,Private,117295,10th,6,Married-civ-spouse,Craft-repair,Husband,White,Male,0,0,40,United-States,0
25,Private,214413,Masters,14,Never-married,Adm-clerical,Own-child,White,Male,0,0,40,United-States,0
32,Private,154950,Prof-school,15,Never-married,Prof-specialty,Not-in-family,White,Male,0,0,40,United-States,0
27,Private,202239,HS-grad,9,Married-civ-spouse,Handlers-cleaners,Husband,White,Male,0,0,40,United-States,0
30,Private,251120,7th-8th,4,Never-married,Craft-repair,Not-in-family,White,Male,0,0,38,United-States,0
44,Federal-gov,68729,Bachelors,13,Married-civ-spouse,Exec-managerial,Husband,Asian-Pac-Islander,Male,0,0,40,United-States,1
44,Private,302424,HS-grad,9,Divorced,Machine-op-inspct,Not-in-family,White,Male,0,0,55,United-States,0
67,Self-emp-not-inc,431426,Assoc-acdm,12,Married-civ-spouse,Exec-managerial,Wife,White,Female,20051,0,4,United-States,1
21,Private,234108,Some-college,10,Never-married,Handlers-cleaners,Own-child,White,Male,0,0,40,United-States,0
25,Local-gov,117833,Bachelors,13,Never-married,Prof-specialty,Not-in-family,White,Female,0,0,35,United-States,0
35,Private,185556,Masters,14,Married-civ-spouse,Prof-specialty,Husband,White,Male,0,1887,40,United-States,1
23,Private,175837,11th,7,Never-married,Farming-fishing,Other-relative,White,Female,0,0,40,Puerto-Rico,0
50,Private,215990,HS-grad,9,Married-civ-spouse,Craft-repair,Husband,White,Male,0,0,40,United-States,1
29,Private,144808,Some-college,10,Married-civ-spouse,Exec-managerial,Own-child,Black,Female,0,0,40,United-States,0
24,Self-emp-not-inc,161508,HS-grad,9,Never-married,Craft-repair,Own-child,White,Male,0,0,50,United-States,0
39,Private,210991,HS-grad,9,Married-civ-spouse,Craft-repair,Husband,White,Male,0,0,40,United-States,0
49,Local-gov,159641,Bachelors,13,Divorced,Exec-managerial,Unmarried,White,Female,0,625,40,United-States,0
39,Private,76417,Masters,14,Married-civ-spouse,Prof-specialty,Husband,White,Male,0,0,40,United-States,1
34,Private,204052,HS-grad,9,Never-married,Craft-repair,Not-in-family,White,Male,0,0,40,United-States,0
29,Private,276345,HS-grad,9,Never-married,Prof-specialty,Not-in-family,White,Female,0,0,50,United-States,0
36,Private,188069,Some-college,10,Married-civ-spouse,Exec-managerial,Husband,White,Male,0,0,50,United-States,1
19,Private,39756,Some-college,10,Never-married,Other-service,Own-child,White,Female,0,0,15,United-States,0
32,Private,163530,HS-grad,9,Divorced,Other-service,Unmarried,Amer-Indian-Eskimo,Female,0,0,40,United-States,0
55,Private,26716,10th,6,Never-married,Transport-moving,Not-in-family,White,Male,0,0,60,United-States,0
36,Private,29814,HS-grad,9,Never-married,Transport-moving,Other-relative,White,Male,0,0,50,United-States,0
43,Private,88233,Some-college,10,Married-civ-spouse,Transport-moving,Husband,White,Male,0,0,60,United-States,0
23,Private,291248,HS-grad,9,Never-married,Machine-op-inspct,Other-relative,Black,Male,0,0,40,United-States,0
48,Private,47343,Masters,14,Married-civ-spouse,Prof-specialty,Husband,White,Male,0,0,40,United-States,1
28,Private,161674,HS-grad,9,Never-married,Machine-op-inspct,Unmarried,White,Female,0,0,40,United-States,0
34,Private,24266,Assoc-voc,11,Married-civ-spouse,Craft-repair,Husband,White,Male,7688,0,40,United-States,1
51,Self-emp-not-inc,290290,Bachelors,13,Married-civ-spouse,Prof-specialty,Husband,White,Male,0,0,45,United-States,1
23,Private,449432,Some-college,10,Never-married,Adm-clerical,Own-child,White,Male,0,0,40,United-States,0
68,Private,45508,5th-6th,3,Married-spouse-absent,Sales,Not-in-family,White,Male,0,0,22,United-States,0
30,Private,633742,Some-college,10,Never-married,Craft-repair,Not-in-family,Black,Male,0,0,45,United-States,0
45,Local-gov,172111,Bachelors,13,Divorced,Exec-managerial,Unmarried,Black,Female,0,0,60,United-States,0
21,Private,307315,Some-college,10,Never-married,Adm-clerical,Unmarried,White,Male,0,0,40,United-States,0
43,Private,293305,Bachelors,13,Married-civ-spouse,Sales,Husband,White,Male,0,1887,40,United-States,1
35,Private,108293,Some-college,10,Never-married,Adm-clerical,Own-child,White,Female,0,2205,40,United-States,0
18,Private,137363,12th,8,Never-married,Other-service,Own-child,White,Female,0,0,20,United-States,0
49,Self-emp-inc,44671,Assoc-acdm,12,Married-civ-spouse,Craft-repair,Husband,White,Male,0,0,40,United-States,1
30,Federal-gov,164552,Bachelors,13,Never-married,Prof-specialty,Not-in-family,White,Male,0,1876,40,United-States,0
46,Private,308334,1st-4th,2,Widowed,Other-service,Unmarried,Other,Female,0,0,30,Mexico,0
25,Private,137367,Bachelors,13,Never-married,Sales,Unmarried,Asian-Pac-Islander,Male,0,0,44,Philippines,0
34,Private,226525,Assoc-voc,11,Never-married,Other-service,Own-child,White,Male,0,0,40,United-States,0
38,Private,111377,Some-college,10,Married-civ-spouse,Exec-managerial,Husband,White,Male,0,0,55,United-States,0
23,Private,133515,HS-grad,9,Never-married,Other-service,Not-in-family,White,Female,0,0,35,United-States,0
45,Private,175625,HS-grad,9,Separated,Adm-clerical,Unmarried,White,Female,0,0,38,United-States,0
41,Private,197583,10th,6,Married-civ-spouse,Transport-moving,Husband,Black,Male,0,0,40,United-States,1
25,Private,194352,Bachelors,13,Divorced,Prof-specialty,Not-in-family,White,Female,0,0,44,United-States,0
28,Local-gov,202558,Some-college,10,Never-married,Exec-managerial,Own-child,White,Female,0,0,40,United-States,0
66,Private,186324,Bachelors,13,Married-civ-spouse,Sales,Husband,White,Male,0,0,5,United-States,1
24,Private,278130,Assoc-acdm,12,Never-married,Adm-clerical,Not-in-family,White,Male,0,0,40,United-States,0
40,Self-emp-not-inc,170866,Assoc-acdm,12,Married-civ-spouse,Farming-fishing,Husband,White,Male,0,0,50,United-States,1
45,Private,75673,Assoc-voc,11,Widowed,Adm-clerical,Not-in-family,Asian-Pac-Islander,Female,0,0,40,United-States,0
40,Private,224910,HS-grad,9,Never-married,Machine-op-inspct,Not-in-family,White,Female,0,0,40,United-States,0
20,Private,224238,12th,8,Never-married,Craft-repair,Own-child,White,Male,0,0,40,United-States,0
44,Self-emp-not-inc,104196,HS-grad,9,Married-civ-spouse,Exec-managerial,Husband,White,Male,0,0,84,United-States,0
47,Private,184945,Some-college,10,Separated,Other-service,Not-in-family,Black,Female,0,0,35,United-States,0
18,Private,188476,11th,7,Never-married,Exec-managerial,Own-child,White,Male,0,0,20,United-States,0
18,Private,215190,12th,8,Never-married,Sales,Own-child,White,Female,0,0,20,United-States,0
35,Private,166606,HS-grad,9,Married-civ-spouse,Tech-support,Husband,White,Male,0,0,40,United-States,0
48,Private,377140,5th-6th,3,Never-married,Priv-house-serv,Unmarried,White,Female,0,0,35,Nicaragua,0
27,Private,156266,9th,5,Married-civ-spouse,Farming-fishing,Husband,Amer-Indian-Eskimo,Male,0,0,40,United-States,0
21,Private,198259,Some-college,10,Never-married,Adm-clerical,Own-child,White,Female,0,0,15,United-States,0
61,State-gov,186451,Prof-school,15,Married-civ-spouse,Prof-specialty,Husband,White,Male,0,1902,40,United-States,1
22,Private,509048,HS-grad,9,Never-married,Sales,Other-relative,Black,Female,0,0,37,United-States,0
22,Private,172766,Some-college,10,Never-married,Sales,Own-child,White,Female,0,0,40,United-States,0
31,Federal-gov,130057,Masters,14,Married-civ-spouse,Exec-managerial,Husband,White,Male,7688,0,60,United-States,1
20,Private,120572,Some-college,10,Never-married,Other-service,Not-in-family,White,Female,0,0,12,United-States,0
31,Private,109428,Assoc-acdm,12,Married-civ-spouse,Adm-clerical,Wife,White,Female,0,1740,40,United-States,0
32,Private,515629,HS-grad,9,Separated,Handlers-cleaners,Not-in-family,White,Female,0,0,40,United-States,0
71,Private,77253,HS-grad,9,Never-married,Handlers-cleaners,Not-in-family,White,Male,0,0,17,United-States,0
25,Private,254746,Bachelors,13,Married-civ-spouse,Prof-specialty,Wife,White,Female,0,0,40,United-States,0
39,Self-emp-inc,168355,HS-grad,9,Married-civ-spouse,Exec-managerial,Husband,White,Male,0,0,70,United-States,0
41,Private,74775,Bachelors,13,Married-civ-spouse,Other-service,Husband,Asian-Pac-Islander,Male,0,0,30,Vietnam,0
31,Private,306459,1st-4th,2,Separated,Handlers-cleaners,Unmarried,White,Male,0,0,35,Honduras,0
20,Private,234663,HS-grad,9,Never-married,Handlers-cleaners,Own-child,White,Male,0,0,30,United-States,0
32,Private,106014,Some-college,10,Married-civ-spouse,Sales,Husband,White,Male,5178,0,50,United-States,1
33,Private,91964,Some-college,10,Never-married,Adm-clerical,Unmarried,White,Male,0,0,40,United-States,0
31,Private,286406,HS-grad,9,Never-married,Exec-managerial,Not-in-family,White,Male,3325,0,40,United-States,0
27,Private,177955,5th-6th,3,Never-married,Priv-house-serv,Other-relative,White,Female,2176,0,40,El-Salvador,0
53,Private,139671,Bachelors,13,Married-civ-spouse,Prof-specialty,Husband,White,Male,0,1902,40,United-States,1
72,Private,107814,Masters,14,Never-married,Prof-specialty,Not-in-family,White,Male,2329,0,60,United-States,0
47,Private,664821,Bachelors,13,Married-civ-spouse,Other-service,Husband,White,Male,0,0,40,El-Salvador,0
35,Private,166549,12th,8,Married-civ-spouse,Machine-op-inspct,Husband,White,Male,0,0,40,United-States,0
39,Local-gov,106297,HS-grad,9,Divorced,Adm-clerical,Own-child,White,Male,0,0,42,United-States,0
59,Private,127728,Some-college,10,Married-civ-spouse,Tech-support,Husband,White,Male,0,0,40,United-States,1
37,Private,205339,Some-college,10,Never-married,Tech-support,Not-in-family,White,Male,0,0,40,United-States,1
42,Self-emp-not-inc,175674,HS-grad,9,Married-civ-spouse,Sales,Husband,White,Male,0,0,60,United-States,0
28,Private,119793,Some-college,10,Never-married,Adm-clerical,Own-child,White,Male,0,0,40,United-States,0
41,Self-emp-not-inc,141327,Masters,14,Divorced,Prof-specialty,Unmarried,White,Female,0,0,35,United-States,0
54,State-gov,161334,Masters,14,Married-spouse-absent,Prof-specialty,Not-in-family,Asian-Pac-Islander,Female,0,0,40,China,0
46,Federal-gov,344415,Masters,14,Married-civ-spouse,Armed-Forces,Husband,White,Male,0,1887,40,United-States,1
51,Self-emp-not-inc,125417,Masters,14,Married-civ-spouse,Exec-managerial,Husband,White,Male,0,0,42,United-States,1
52,Local-gov,205767,Masters,14,Married-civ-spouse,Prof-specialty,Husband,Black,Male,0,0,40,United-States,1
36,Private,222294,Bachelors,13,Never-married,Exec-managerial,Not-in-family,Asian-Pac-Islander,Female,0,0,40,United-States,0
43,Self-emp-not-inc,260696,Masters,14,Divorced,Prof-specialty,Not-in-family,White,Female,0,0,20,United-States,0
22,Private,183083,Some-college,10,Never-married,Machine-op-inspct,Not-in-family,White,Female,0,0,35,United-States,0
58,Private,78141,HS-grad,9,Married-civ-spouse,Craft-repair,Husband,White,Male,0,0,40,United-States,1
35,Private,30673,12th,8,Married-civ-spouse,Craft-repair,Husband,White,Male,0,0,84,United-States,0
51,Private,70767,HS-grad,9,Married-civ-spouse,Adm-clerical,Other-relative,White,Female,0,0,40,United-States,0
65,Without-pay,27012,7th-8th,4,Widowed,Farming-fishing,Unmarried,White,Female,0,0,50,United-States,0
57,Private,135339,Bachelors,13,Married-civ-spouse,Exec-managerial,Husband,Asian-Pac-Islander,Male,0,0,40,Philippines,1
36,Self-emp-inc,186035,Some-college,10,Married-civ-spouse,Sales,Husband,White,Male,0,0,60,United-States,1
53,Private,20438,Some-college,10,Separated,Exec-managerial,Unmarried,Amer-Indian-Eskimo,Female,0,0,15,United-States,0
33,Private,192663,HS-grad,9,Separated,Sales,Not-in-family,White,Female,0,0,35,United-States,0
31,Private,174201,Assoc-acdm,12,Married-civ-spouse,Exec-managerial,Husband,White,Male,0,0,40,United-States,0
47,Federal-gov,126204,Some-college,10,Divorced,Adm-clerical,Not-in-family,White,Female,0,0,40,United-States,0
37,Private,223433,HS-grad,9,Married-civ-spouse,Sales,Husband,White,Male,0,0,40,United-States,1
26,Private,116044,11th,7,Separated,Craft-repair,Other-relative,White,Male,2907,0,50,United-States,0
30,Federal-gov,319280,Some-college,10,Never-married,Craft-repair,Not-in-family,White,Male,0,0,40,United-States,0
39,Private,347814,Assoc-acdm,12,Never-married,Other-service,Own-child,White,Female,0,0,56,United-States,0
50,Private,237819,HS-grad,9,Married-civ-spouse,Transport-moving,Husband,White,Male,0,0,40,United-States,1
54,Private,230919,HS-grad,9,Married-civ-spouse,Craft-repair,Husband,White,Male,0,0,40,United-States,0
37,Local-gov,144322,Assoc-voc,11,Never-married,Adm-clerical,Not-in-family,White,Female,0,0,43,United-States,0
61,Self-emp-not-inc,244087,HS-grad,9,Married-civ-spouse,Craft-repair,Husband,White,Male,0,0,52,United-States,1
28,Private,109001,Masters,14,Married-civ-spouse,Prof-specialty,Husband,White,Male,0,0,38,United-States,1
23,Private,306601,Bachelors,13,Never-married,Craft-repair,Not-in-family,Amer-Indian-Eskimo,Male,0,0,40,Mexico,0
22,Private,216181,11th,7,Never-married,Craft-repair,Own-child,White,Male,0,0,45,United-States,0
38,Private,329980,Bachelors,13,Never-married,Exec-managerial,Not-in-family,White,Male,0,0,55,United-States,0
37,Private,269329,Assoc-voc,11,Divorced,Prof-specialty,Not-in-family,White,Female,8614,0,45,United-States,1
37,Private,312766,HS-grad,9,Divorced,Other-service,Not-in-family,White,Female,0,0,40,United-States,0
35,Private,239755,Some-college,10,Never-married,Sales,Unmarried,White,Male,0,0,50,United-States,0
23,Private,580248,HS-grad,9,Never-married,Tech-support,Not-in-family,White,Female,0,0,40,United-States,0
34,Local-gov,43959,HS-grad,9,Married-civ-spouse,Other-service,Husband,White,Male,0,0,50,United-States,0
49,Private,225124,HS-grad,9,Widowed,Machine-op-inspct,Unmarried,Black,Female,0,0,40,United-States,0
28,State-gov,78356,Masters,14,Married-civ-spouse,Exec-managerial,Husband,Black,Male,0,0,40,Jamaica,0
23,Private,205939,HS-grad,9,Married-civ-spouse,Craft-repair,Husband,White,Male,0,0,38,United-States,0
35,Self-emp-not-inc,207568,7th-8th,4,Married-civ-spouse,Farming-fishing,Husband,White,Male,0,0,75,United-States,0
23,Private,140414,HS-grad,9,Married-civ-spouse,Craft-repair,Husband,White,Male,0,0,40,United-States,0
32,Self-emp-not-inc,379412,Assoc-voc,11,Married-civ-spouse,Craft-repair,Husband,White,Male,0,0,40,United-States,0
45,Private,128378,HS-grad,9,Married-civ-spouse,Machine-op-inspct,Husband,Black,Male,0,0,40,United-States,0
42,Private,52849,Some-college,10,Married-civ-spouse,Machine-op-inspct,Husband,White,Male,0,0,40,United-States,0
71,Self-emp-not-inc,322789,HS-grad,9,Married-civ-spouse,Farming-fishing,Husband,Amer-Indian-Eskimo,Male,0,0,35,United-States,0
28,Private,236861,Bachelors,13,Divorced,Craft-repair,Unmarried,White,Male,0,0,50,United-States,0
40,Private,151408,Masters,14,Never-married,Prof-specialty,Not-in-family,White,Female,0,0,40,United-States,0
25,Private,44861,HS-grad,9,Never-married,Other-service,Not-in-family,White,Male,0,0,40,United-States,0
24,Private,154165,9th,5,Divorced,Other-service,Own-child,White,Female,0,0,40,United-States,0
42,Private,33521,Assoc-acdm,12,Married-civ-spouse,Sales,Husband,White,Male,0,0,45,United-States,1
23,Private,135138,Bachelors,13,Never-married,Sales,Own-child,Asian-Pac-Islander,Male,0,0,40,United-States,0
38,Private,188503,Some-college,10,Never-married,Adm-clerical,Unmarried,White,Female,6497,0,35,United-States,0
48,Self-emp-not-inc,296066,Some-college,10,Married-civ-spouse,Transport-moving,Husband,White,Male,0,0,50,United-States,1
40,Private,510072,Bachelors,13,Married-civ-spouse,Sales,Husband,White,Male,0,0,55,United-States,1
41,Local-gov,47858,Bachelors,13,Married-civ-spouse,Protective-serv,Husband,White,Male,0,0,40,United-States,1
36,Private,160120,HS-grad,9,Married-civ-spouse,Adm-clerical,Husband,Asian-Pac-Islander,Male,0,0,40,Vietnam,0
42,Private,200574,Some-college,10,Married-civ-spouse,Sales,Husband,White,Male,0,0,40,United-States,0
25,Private,148300,Some-college,10,Never-married,Other-service,Own-child,White,Female,0,0,35,United-States,0
31,Private,188961,Assoc-acdm,12,Never-married,Tech-support,Own-child,White,Female,0,0,40,United-States,0
45,Private,543922,Masters,14,Divorced,Transport-moving,Not-in-family,White,Male,14344,0,48,United-States,1
36,Private,99146,HS-grad,9,Married-civ-spouse,Machine-op-inspct,Husband,White,Male,0,0,45,United-States,1
44,Self-emp-inc,168845,HS-grad,9,Married-civ-spouse,Sales,Wife,White,Female,0,0,60,United-States,0
40,Private,343068,Some-college,10,Divorced,Exec-managerial,Not-in-family,White,Female,0,0,40,United-States,0
22,Private,234880,Some-college,10,Never-married,Adm-clerical,Own-child,White,Female,0,0,25,United-States,0
77,Local-gov,144608,HS-grad,9,Married-civ-spouse,Exec-managerial,Husband,White,Male,0,0,6,United-States,0
50,Self-emp-not-inc,131982,HS-grad,9,Married-civ-spouse,Other-service,Husband,Asian-Pac-Islander,Male,0,0,60,South,0
30,Private,316606,Bachelors,13,Married-civ-spouse,Other-service,Wife,White,Female,0,0,40,United-States,0
50,Private,93690,HS-grad,9,Married-civ-spouse,Transport-moving,Husband,White,Male,0,0,40,United-States,1
46,Private,201595,HS-grad,9,Married-civ-spouse,Transport-moving,Husband,White,Male,0,0,70,United-States,0
20,Private,278155,Some-college,10,Never-married,Adm-clerical,Own-child,White,Male,0,0,40,United-States,0
45,Private,353012,HS-grad,9,Divorced,Transport-moving,Not-in-family,White,Male,0,0,40,United-States,0
49,Private,169180,7th-8th,4,Married-civ-spouse,Machine-op-inspct,Wife,White,Female,0,0,40,Hong,0
29,Private,214881,HS-grad,9,Never-married,Exec-managerial,Not-in-family,White,Male,0,0,40,United-States,0
20,Private,115057,Some-college,10,Never-married,Other-service,Not-in-family,White,Male,0,0,40,United-States,0
40,Private,174515,HS-grad,9,Widowed,Machine-op-inspct,Unmarried,White,Female,0,0,40,United-States,0
21,Private,186849,HS-grad,9,Never-married,Handlers-cleaners,Own-child,White,Male,0,0,40,United-States,0
34,Private,224358,10th,6,Never-married,Other-service,Unmarried,Black,Female,0,0,40,United-States,0
31,Private,150324,Assoc-acdm,12,Never-married,Machine-op-inspct,Unmarried,White,Male,0,0,40,United-States,0
29,Private,90934,Bachelors,13,Never-married,Prof-specialty,Own-child,Asian-Pac-Islander,Male,0,0,64,Philippines,1
29,Private,35032,Some-college,10,Married-civ-spouse,Handlers-cleaners,Husband,White,Male,0,0,60,United-States,0
43,Private,190786,HS-grad,9,Married-civ-spouse,Other-service,Husband,White,Male,0,0,40,United-States,1
48,Private,158924,HS-grad,9,Married-civ-spouse,Adm-clerical,Wife,White,Female,0,0,40,United-States,1
37,Self-emp-not-inc,177277,Some-college,10,Never-married,Craft-repair,Not-in-family,White,Male,0,0,40,United-States,0
20,Private,386864,10th,6,Never-married,Other-service,Other-relative,White,Male,0,0,35,Mexico,0
43,Private,102895,Some-college,10,Divorced,Prof-specialty,Not-in-family,White,Male,0,0,40,United-States,0
30,Private,378009,Masters,14,Married-civ-spouse,Exec-managerial,Husband,White,Male,0,0,50,United-States,1
37,Private,105803,HS-grad,9,Married-civ-spouse,Craft-repair,Husband,White,Male,3103,0,45,United-States,1
57,Private,41762,HS-grad,9,Married-civ-spouse,Craft-repair,Husband,Asian-Pac-Islander,Male,0,0,40,South,1
20,Private,396722,Some-college,10,Never-married,Sales,Not-in-family,White,Female,0,0,40,United-States,0
50,Private,120914,11th,7,Married-civ-spouse,Craft-repair,Husband,White,Male,0,0,40,United-States,0
23,Private,201138,Some-college,10,Never-married,Adm-clerical,Not-in-family,White,Female,0,0,8,United-States,0
46,Private,102569,Masters,14,Married-civ-spouse,Exec-managerial,Husband,White,Male,15024,0,65,United-States,1
35,Private,174308,Some-college,10,Never-married,Transport-moving,Own-child,White,Male,0,0,40,United-States,0
23,Self-emp-inc,284651,Bachelors,13,Divorced,Sales,Not-in-family,White,Female,0,0,43,United-States,0
41,Private,171615,Some-college,10,Married-civ-spouse,Other-service,Husband,White,Male,0,0,48,United-States,0
41,Private,352834,Bachelors,13,Married-civ-spouse,Prof-specialty,Husband,White,Male,7688,0,55,United-States,1
65,Self-emp-not-inc,78875,Some-college,10,Married-civ-spouse,Exec-managerial,Husband,White,Male,2290,0,40,United-States,0
34,Private,684015,5th-6th,3,Never-married,Handlers-cleaners,Own-child,White,Male,0,0,40,El-Salvador,0
54,Private,155233,Bachelors,13,Never-married,Adm-clerical,Not-in-family,White,Female,14084,0,40,United-States,1
25,Private,209227,Bachelors,13,Never-married,Prof-specialty,Own-child,White,Female,0,0,21,United-States,0
31,Private,111883,HS-grad,9,Never-married,Craft-repair,Other-relative,White,Male,0,0,40,United-States,0
33,Private,182401,10th,6,Never-married,Adm-clerical,Not-in-family,Black,Male,0,0,40,United-States,0
28,Private,87239,HS-grad,9,Divorced,Transport-moving,Not-in-family,White,Male,0,0,50,United-States,0
24,Private,228424,HS-grad,9,Never-married,Handlers-cleaners,Other-relative,Black,Male,0,0,40,United-States,0
22,Private,554317,9th,5,Married-spouse-absent,Other-service,Other-relative,White,Male,0,0,35,Mexico,0
54,Private,152652,HS-grad,9,Married-civ-spouse,Transport-moving,Husband,White,Male,0,0,65,United-States,0
20,Private,227491,HS-grad,9,Never-married,Sales,Not-in-family,Asian-Pac-Islander,Female,0,0,25,United-States,0
60,Private,162947,5th-6th,3,Divorced,Machine-op-inspct,Not-in-family,White,Female,0,0,40,Puerto-Rico,0
42,Private,32981,HS-grad,9,Divorced,Machine-op-inspct,Not-in-family,White,Male,0,0,40,United-States,0
45,Private,201865,Bachelors,13,Married-spouse-absent,Exec-managerial,Unmarried,White,Male,0,0,40,United-States,0
61,Self-emp-not-inc,243493,HS-grad,9,Married-civ-spouse,Other-service,Husband,Black,Male,0,0,12,United-States,0
33,Private,65278,Bachelors,13,Married-civ-spouse,Exec-managerial,Husband,White,Male,0,0,40,United-States,1
17,Private,114420,11th,7,Never-married,Sales,Own-child,White,Female,0,0,30,United-States,0
44,Private,167725,HS-grad,9,Married-civ-spouse,Sales,Husband,White,Male,0,0,24,United-States,0
41,Local-gov,158688,Bachelors,13,Married-civ-spouse,Protective-serv,Husband,White,Male,0,0,50,United-States,0
61,Private,716416,Some-college,10,Married-civ-spouse,Sales,Husband,White,Male,0,0,44,United-States,1
43,Private,85995,HS-grad,9,Married-civ-spouse,Sales,Husband,White,Male,0,0,45,United-States,0
46,Private,117310,Assoc-acdm,12,Widowed,Tech-support,Unmarried,White,Female,6497,0,40,United-States,0
34,Private,203488,Bachelors,13,Married-civ-spouse,Sales,Husband,White,Male,15024,0,40,United-States,1
20,Private,494784,HS-grad,9,Never-married,Sales,Other-relative,Black,Female,0,0,35,United-States,0
46,Self-emp-not-inc,57452,Assoc-voc,11,Married-civ-spouse,Craft-repair,Husband,White,Male,0,0,40,United-States,1
29,Private,351871,Bachelors,13,Never-married,Sales,Not-in-family,White,Male,0,0,50,United-States,1
31,Private,48588,Some-college,10,Married-civ-spouse,Craft-repair,Husband,White,Male,0,0,40,United-States,0
31,Private,113838,Bachelors,13,Married-civ-spouse,Prof-specialty,Husband,White,Male,0,0,50,United-States,0
38,Private,164050,Some-college,10,Married-civ-spouse,Protective-serv,Husband,Black,Male,0,0,40,United-States,1
42,Self-emp-inc,188738,HS-grad,9,Married-civ-spouse,Exec-managerial,Husband,White,Male,0,1977,60,Italy,1
46,Private,254367,HS-grad,9,Never-married,Transport-moving,Not-in-family,White,Male,0,1590,48,United-States,0
44,Private,191256,HS-grad,9,Married-civ-spouse,Transport-moving,Husband,White,Male,0,0,65,United-States,1
56,Self-emp-inc,119891,Some-college,10,Married-civ-spouse,Exec-managerial,Husband,White,Male,0,1672,40,United-States,0
41,Private,170331,Bachelors,13,Married-civ-spouse,Prof-specialty,Husband,White,Male,0,0,60,United-States,0
36,Self-emp-not-inc,223789,Masters,14,Married-civ-spouse,Prof-specialty,Husband,White,Male,0,0,45,United-States,1
49,Private,543922,HS-grad,9,Married-civ-spouse,Craft-repair,Husband,White,Male,0,0,42,United-States,1
38,Private,278557,Bachelors,13,Married-civ-spouse,Sales,Husband,White,Male,0,0,50,United-States,1
48,Private,156926,Bachelors,13,Divorced,Adm-clerical,Not-in-family,White,Male,0,0,40,United-States,0
51,State-gov,94174,Some-college,10,Divorced,Adm-clerical,Unmarried,White,Female,0,0,35,United-States,0
31,Private,231569,Bachelors,13,Never-married,Sales,Not-in-family,Black,Female,0,0,50,United-States,0
37,Self-emp-not-inc,282461,Some-college,10,Married-civ-spouse,Exec-managerial,Husband,White,Male,0,0,60,United-States,0
44,Private,219591,Some-college,10,Divorced,Handlers-cleaners,Own-child,White,Male,0,0,40,United-States,0
41,Self-emp-not-inc,209344,HS-grad,9,Married-civ-spouse,Sales,Other-relative,White,Female,0,0,40,Cuba,0
34,Private,112115,Prof-school,15,Married-civ-spouse,Prof-specialty,Husband,White,Male,0,1977,55,United-States,1
51,Private,161482,HS-grad,9,Divorced,Other-service,Unmarried,White,Female,0,0,38,United-States,0
35,State-gov,172475,Bachelors,13,Never-married,Exec-managerial,Not-in-family,Asian-Pac-Islander,Female,2977,0,45,United-States,0
33,Private,236379,Bachelors,13,Married-civ-spouse,Sales,Husband,White,Male,0,0,45,United-States,0
80,Private,173488,Some-college,10,Widowed,Adm-clerical,Not-in-family,White,Female,0,0,20,United-States,0
38,Private,220783,HS-grad,9,Divorced,Other-service,Not-in-family,White,Female,0,0,20,United-States,0
50,Self-emp-not-inc,198581,Prof-school,15,Married-civ-spouse,Prof-specialty,Husband,White,Male,0,0,50,United-States,1
40,Local-gov,96554,HS-grad,9,Never-married,Adm-clerical,Own-child,White,Female,0,0,40,United-States,0
33,Private,40681,Assoc-acdm,12,Never-married,Adm-clerical,Not-in-family,White,Female,0,0,40,United-States,0
43,Private,118001,7th-8th,4,Separated,Farming-fishing,Not-in-family,Black,Male,0,0,40,United-States,0
66,Private,271567,HS-grad,9,Separated,Machine-op-inspct,Not-in-family,Black,Male,0,0,40,United-States,0
19,Private,195985,HS-grad,9,Never-married,Other-service,Not-in-family,White,Female,0,0,40,United-States,0
31,Private,339482,1st-4th,2,Married-civ-spouse,Machine-op-inspct,Husband,White,Male,0,0,40,Mexico,0
32,Federal-gov,128714,HS-grad,9,Never-married,Other-service,Own-child,Black,Female,0,0,32,United-States,0
37,Private,103408,HS-grad,9,Never-married,Farming-fishing,Not-in-family,Black,Male,0,0,40,United-States,0
17,Private,103851,11th,7,Never-married,Adm-clerical,Own-child,White,Female,1055,0,20,United-States,0
46,Private,153501,HS-grad,9,Never-married,Transport-moving,Not-in-family,Amer-Indian-Eskimo,Male,0,0,40,United-States,0
32,Private,340917,HS-grad,9,Never-married,Handlers-cleaners,Not-in-family,White,Male,0,0,40,United-States,0
37,Private,240837,HS-grad,9,Divorced,Other-service,Not-in-family,White,Female,0,0,30,United-States,0
50,Private,165001,Bachelors,13,Married-civ-spouse,Craft-repair,Husband,White,Male,0,0,50,United-States,0
25,Private,176836,Some-college,10,Never-married,Exec-managerial,Not-in-family,White,Female,0,0,60,United-States,0
58,Private,142924,Masters,14,Never-married,Adm-clerical,Not-in-family,White,Female,0,0,24,United-States,1
53,Private,151580,Some-college,10,Married-civ-spouse,Prof-specialty,Husband,White,Male,15024,0,40,United-States,1
30,Local-gov,226443,Masters,14,Married-civ-spouse,Prof-specialty,Husband,White,Male,0,1887,45,United-States,1
44,Local-gov,160943,HS-grad,9,Married-civ-spouse,Transport-moving,Husband,Black,Male,0,0,40,United-States,0
50,Private,166565,HS-grad,9,Married-civ-spouse,Transport-moving,Husband,White,Male,0,0,40,United-States,0
58,Private,127264,10th,6,Married-civ-spouse,Craft-repair,Husband,White,Male,0,0,50,United-States,0
44,Private,67065,Assoc-voc,11,Never-married,Priv-house-serv,Not-in-family,White,Male,594,0,25,United-States,0
32,Self-emp-not-inc,174789,Bachelors,13,Married-civ-spouse,Prof-specialty,Husband,White,Male,0,0,50,United-States,1
74,Private,209454,5th-6th,3,Married-civ-spouse,Transport-moving,Husband,Black,Male,0,0,40,United-States,0
41,Private,223934,Assoc-acdm,12,Divorced,Adm-clerical,Unmarried,White,Female,0,0,38,United-States,0
33,Private,143653,HS-grad,9,Married-civ-spouse,Craft-repair,Husband,White,Male,0,0,30,United-States,0
60,Private,142922,HS-grad,9,Married-civ-spouse,Craft-repair,Husband,White,Male,0,0,50,United-States,0
44,Private,152150,Assoc-acdm,12,Separated,Exec-managerial,Not-in-family,White,Male,0,0,40,United-States,0
55,Private,106498,10th,6,Widowed,Transport-moving,Not-in-family,Black,Female,0,0,35,United-States,0
39,Self-emp-not-inc,126569,Prof-school,15,Married-civ-spouse,Prof-specialty,Husband,White,Male,15024,0,60,United-States,1
36,Self-emp-not-inc,48093,Some-college,10,Married-civ-spouse,Sales,Husband,White,Male,0,0,92,United-States,0
31,Self-emp-not-inc,33117,Masters,14,Never-married,Prof-specialty,Not-in-family,White,Male,0,0,45,England,0
35,Private,180342,HS-grad,9,Married-civ-spouse,Craft-repair,Husband,White,Male,0,0,40,United-States,0
27,Private,221366,Some-college,10,Married-civ-spouse,Prof-specialty,Husband,White,Male,3103,0,50,United-States,1
44,Private,222596,HS-grad,9,Divorced,Tech-support,Not-in-family,White,Male,0,0,50,United-States,1
33,Private,117963,Bachelors,13,Married-civ-spouse,Exec-managerial,Husband,White,Male,0,0,40,United-States,1
58,Private,233193,HS-grad,9,Widowed,Adm-clerical,Not-in-family,White,Female,0,0,27,United-States,0
23,Private,162228,Bachelors,13,Never-married,Sales,Not-in-family,White,Male,0,0,48,United-States,0
24,State-gov,247075,HS-grad,9,Never-married,Adm-clerical,Unmarried,Black,Female,0,0,20,United-States,0
30,Private,118056,Some-college,10,Married-spouse-absent,Exec-managerial,Unmarried,White,Female,0,0,45,United-States,0
28,Self-emp-inc,219705,Bachelors,13,Married-civ-spouse,Exec-managerial,Husband,White,Male,5013,0,55,United-States,0
41,Self-emp-not-inc,83411,HS-grad,9,Married-civ-spouse,Exec-managerial,Husband,White,Male,0,0,40,United-States,1
29,Private,290740,Assoc-acdm,12,Never-married,Priv-house-serv,Not-in-family,White,Female,0,0,50,United-States,0
30,Local-gov,40338,HS-grad,9,Married-civ-spouse,Craft-repair,Husband,White,Male,0,0,40,United-States,0
50,Private,195298,Some-college,10,Married-civ-spouse,Exec-managerial,Husband,White,Male,0,0,50,United-States,1
42,Local-gov,201495,Some-college,10,Married-civ-spouse,Protective-serv,Husband,White,Male,0,0,72,United-States,1
73,Private,183213,Assoc-voc,11,Widowed,Prof-specialty,Not-in-family,White,Male,25124,0,60,United-States,1
74,Private,183701,10th,6,Widowed,Other-service,Not-in-family,Black,Female,0,0,6,United-States,0
44,State-gov,55395,HS-grad,9,Never-married,Craft-repair,Not-in-family,White,Male,0,0,40,United-States,0
34,Private,186269,HS-grad,9,Divorced,Adm-clerical,Own-child,White,Male,0,0,40,United-States,0
35,Private,206951,Some-college,10,Married-civ-spouse,Sales,Husband,White,Male,0,0,40,United-States,1
29,Private,256671,HS-grad,9,Married-civ-spouse,Adm-clerical,Wife,White,Female,0,0,40,United-States,0
68,Private,185537,Some-college,10,Divorced,Sales,Not-in-family,White,Female,0,0,20,United-States,0
52,Private,101752,Assoc-voc,11,Married-civ-spouse,Transport-moving,Husband,White,Male,0,0,56,United-States,0
42,Private,141186,Some-college,10,Never-married,Other-service,Own-child,White,Female,0,0,40,United-States,0
55,Self-emp-not-inc,271795,HS-grad,9,Married-civ-spouse,Other-service,Husband,White,Male,0,0,40,United-States,0
24,Private,281403,HS-grad,9,Never-married,Farming-fishing,Own-child,White,Male,0,0,98,United-States,0
48,Private,125892,9th,5,Married-civ-spouse,Machine-op-inspct,Husband,White,Male,0,0,40,Poland,0
28,Private,145284,HS-grad,9,Divorced,Transport-moving,Not-in-family,White,Male,0,0,70,United-States,0
19,Self-emp-not-inc,36012,Some-college,10,Never-married,Craft-repair,Own-child,White,Male,0,0,20,United-States,0
40,Self-emp-not-inc,154076,Assoc-acdm,12,Married-civ-spouse,Exec-managerial,Husband,White,Male,0,0,60,United-States,0
21,Private,146499,Assoc-voc,11,Married-civ-spouse,Adm-clerical,Other-relative,White,Female,0,1579,40,United-States,0
40,Private,331651,Some-college,10,Separated,Other-service,Not-in-family,White,Female,0,0,40,United-States,0
59,Private,294395,Masters,14,Widowed,Prof-specialty,Not-in-family,White,Female,0,0,40,United-States,0
40,State-gov,345969,Assoc-acdm,12,Married-civ-spouse,Adm-clerical,Husband,White,Male,0,0,40,United-States,1
64,Private,114994,Some-college,10,Separated,Other-service,Not-in-family,White,Male,0,0,40,United-States,0
57,Self-emp-inc,282913,HS-grad,9,Married-civ-spouse,Sales,Husband,White,Male,0,0,40,Cuba,0
31,Private,159187,Some-college,10,Married-civ-spouse,Craft-repair,Husband,White,Male,0,0,40,United-States,1
37,Private,301070,HS-grad,9,Divorced,Farming-fishing,Unmarried,White,Male,0,0,45,United-States,0
37,Private,373895,Some-college,10,Separated,Handlers-cleaners,Not-in-family,Black,Male,0,0,35,United-States,0
23,Private,342769,Bachelors,13,Never-married,Tech-support,Not-in-family,White,Female,0,0,20,United-States,0
40,Private,105936,Bachelors,13,Divorced,Prof-specialty,Not-in-family,White,Female,0,0,40,United-States,0
41,Local-gov,359259,HS-grad,9,Married-civ-spouse,Other-service,Husband,White,Male,0,0,40,United-States,0
24,Private,163665,HS-grad,9,Never-married,Other-service,Not-in-family,White,Female,2174,0,40,United-States,0
34,Private,734193,Some-college,10,Never-married,Exec-managerial,Not-in-family,White,Female,0,0,50,United-States,0
42,Local-gov,125155,HS-grad,9,Married-civ-spouse,Protective-serv,Husband,White,Male,0,0,90,United-States,0
66,Local-gov,140849,HS-grad,9,Widowed,Other-service,Not-in-family,White,Female,0,0,25,United-States,0
23,Private,636017,Some-college,10,Never-married,Other-service,Own-child,Black,Male,0,0,40,United-States,0
28,Private,300915,HS-grad,9,Married-civ-spouse,Transport-moving,Husband,White,Male,0,0,60,United-States,0
52,Local-gov,35092,Doctorate,16,Married-civ-spouse,Exec-managerial,Husband,White,Male,0,0,40,United-States,1
24,Private,197757,Bachelors,13,Never-married,Prof-specialty,Own-child,Asian-Pac-Islander,Female,0,0,40,Philippines,0
52,Private,150930,Assoc-voc,11,Married-civ-spouse,Craft-repair,Husband,White,Male,0,0,40,United-States,0
68,Self-emp-not-inc,315859,11th,7,Never-married,Farming-fishing,Unmarried,White,Male,0,0,20,United-States,0
30,Private,175856,Masters,14,Married-civ-spouse,Prof-specialty,Husband,White,Male,0,0,38,United-States,0
39,Private,46028,Some-college,10,Divorced,Other-service,Unmarried,White,Female,0,0,60,United-States,0
20,Private,286734,Some-college,10,Never-married,Adm-clerical,Not-in-family,Other,Female,0,0,35,United-States,0
48,Local-gov,81154,Assoc-voc,11,Never-married,Protective-serv,Unmarried,White,Male,0,0,48,United-States,0
44,Self-emp-inc,165815,HS-grad,9,Married-civ-spouse,Transport-moving,Husband,White,Male,0,0,96,United-States,0
22,Private,202745,HS-grad,9,Never-married,Machine-op-inspct,Other-relative,White,Male,0,0,55,United-States,0
66,Private,78855,HS-grad,9,Never-married,Adm-clerical,Not-in-family,Asian-Pac-Islander,Female,0,0,40,United-States,0
32,Private,180284,10th,6,Married-civ-spouse,Craft-repair,Husband,White,Male,0,0,40,United-States,1
51,Private,94432,HS-grad,9,Married-civ-spouse,Prof-specialty,Husband,White,Male,0,0,40,United-States,0
22,Private,48988,Some-college,10,Never-married,Transport-moving,Not-in-family,White,Male,0,0,40,United-States,0
34,Self-emp-not-inc,213887,Doctorate,16,Married-civ-spouse,Prof-specialty,Husband,White,Male,0,0,32,Canada,1
44,Private,193494,Some-college,10,Married-civ-spouse,Transport-moving,Husband,White,Male,0,0,72,United-States,1
27,Private,660870,Bachelors,13,Never-married,Prof-specialty,Not-in-family,White,Female,0,0,60,United-States,0
39,Private,192337,Bachelors,13,Separated,Sales,Not-in-family,White,Male,0,0,50,United-States,0
21,Private,315303,Some-college,10,Never-married,Other-service,Own-child,Black,Male,0,0,20,United-States,0
37,Local-gov,333664,Some-college,10,Separated,Adm-clerical,Not-in-family,White,Female,0,0,40,United-States,0
23,Local-gov,203353,Bachelors,13,Never-married,Prof-specialty,Own-child,White,Female,0,0,45,United-States,0
38,Private,193961,Some-college,10,Married-civ-spouse,Craft-repair,Husband,Asian-Pac-Islander,Male,0,0,40,Philippines,1
38,Private,275223,Some-college,10,Married-civ-spouse,Sales,Husband,White,Male,7298,0,40,United-States,1
37,Private,191137,Assoc-acdm,12,Divorced,Prof-specialty,Unmarried,White,Male,0,0,25,United-States,0
30,Private,174789,Assoc-acdm,12,Married-civ-spouse,Exec-managerial,Husband,White,Male,0,1848,50,United-States,1
74,Private,101590,Prof-school,15,Widowed,Adm-clerical,Not-in-family,Black,Female,0,0,20,United-States,0
23,Private,320294,HS-grad,9,Never-married,Exec-managerial,Not-in-family,White,Male,0,0,40,United-States,0
35,Private,287658,Some-college,10,Never-married,Adm-clerical,Unmarried,Black,Male,0,0,40,United-States,0
38,Private,35429,HS-grad,9,Married-civ-spouse,Handlers-cleaners,Husband,White,Male,0,2042,40,United-States,0
29,Private,107458,Bachelors,13,Never-married,Sales,Not-in-family,White,Male,0,0,50,United-States,0
34,Private,60567,11th,7,Divorced,Transport-moving,Unmarried,White,Male,0,880,60,United-States,0
57,Federal-gov,370890,HS-grad,9,Never-married,Adm-clerical,Not-in-family,White,Male,0,2258,40,United-States,0
35,Private,331395,Some-college,10,Never-married,Exec-managerial,Not-in-family,White,Male,0,0,50,United-States,0
24,Private,23438,HS-grad,9,Married-civ-spouse,Craft-repair,Husband,White,Male,0,0,40,United-States,0
37,Self-emp-not-inc,29054,Assoc-voc,11,Never-married,Farming-fishing,Own-child,White,Male,0,0,84,United-States,0
18,Private,138557,11th,7,Never-married,Handlers-cleaners,Own-child,White,Male,0,0,40,United-States,0
51,Private,25031,Some-college,10,Married-civ-spouse,Exec-managerial,Wife,White,Female,0,0,10,United-States,1
55,Private,198145,Bachelors,13,Married-civ-spouse,Prof-specialty,Husband,White,Male,7298,0,40,United-States,1
48,Private,197683,Some-college,10,Married-civ-spouse,Sales,Husband,Black,Male,0,0,40,United-States,1
47,Private,145868,11th,7,Divorced,Other-service,Unmarried,Black,Female,0,0,40,United-States,0
30,Private,226665,Bachelors,13,Married-civ-spouse,Exec-managerial,Husband,Black,Male,0,0,42,United-States,1
36,Private,163290,Some-college,10,Divorced,Sales,Unmarried,White,Female,0,0,40,United-States,0
26,Private,167106,HS-grad,9,Never-married,Craft-repair,Other-relative,Asian-Pac-Islander,Male,0,0,40,Hong,0
38,Private,241962,HS-grad,9,Divorced,Machine-op-inspct,Not-in-family,White,Male,0,0,40,United-States,0
36,Private,152744,Bachelors,13,Divorced,Sales,Other-relative,Asian-Pac-Islander,Female,0,0,40,South,0
48,Private,240629,HS-grad,9,Divorced,Transport-moving,Not-in-family,White,Male,0,0,65,United-States,0
21,Private,149637,Some-college,10,Never-married,Adm-clerical,Not-in-family,White,Female,0,0,25,United-States,0
34,Private,344275,HS-grad,9,Never-married,Transport-moving,Not-in-family,White,Male,0,0,70,United-States,0
20,State-gov,37482,Some-college,10,Never-married,Adm-clerical,Own-child,White,Female,0,0,40,United-States,0
46,Private,33794,Some-college,10,Married-civ-spouse,Prof-specialty,Husband,White,Male,0,0,10,United-States,0
40,Private,390369,HS-grad,9,Divorced,Craft-repair,Own-child,White,Male,0,0,40,United-States,0
42,Private,135056,HS-grad,9,Never-married,Sales,Own-child,White,Female,0,0,40,United-States,0
28,Federal-gov,188278,Bachelors,13,Never-married,Protective-serv,Not-in-family,White,Male,0,0,50,United-States,0
59,Private,35411,HS-grad,9,Widowed,Machine-op-inspct,Not-in-family,White,Female,0,0,40,United-States,0
36,Private,208358,Prof-school,15,Divorced,Prof-specialty,Not-in-family,White,Male,99999,0,45,United-States,1
62,Private,88055,Some-college,10,Married-civ-spouse,Adm-clerical,Husband,White,Male,0,0,60,United-States,1
35,Private,328466,9th,5,Married-civ-spouse,Other-service,Husband,White,Male,0,0,40,Mexico,0
58,Private,519006,HS-grad,9,Married-civ-spouse,Craft-repair,Husband,White,Male,0,0,52,United-States,0
38,Private,103474,Assoc-voc,11,Divorced,Adm-clerical,Unmarried,White,Female,0,0,40,United-States,0
65,Local-gov,221026,HS-grad,9,Married-civ-spouse,Transport-moving,Husband,White,Male,0,0,20,United-States,0
34,Private,238246,Bachelors,13,Never-married,Prof-specialty,Not-in-family,White,Female,0,0,40,United-States,0
19,Private,307496,Some-college,10,Never-married,Other-service,Own-child,White,Female,0,0,23,United-States,0
50,Private,343847,HS-grad,9,Married-civ-spouse,Protective-serv,Husband,White,Male,0,0,38,United-States,1
34,Local-gov,209213,Bachelors,13,Never-married,Prof-specialty,Other-relative,Black,Male,0,0,15,United-States,0
64,Self-emp-not-inc,149698,Prof-school,15,Married-civ-spouse,Prof-specialty,Husband,White,Male,0,0,40,United-States,1
35,Private,127306,Assoc-voc,11,Never-married,Adm-clerical,Own-child,White,Female,14344,0,40,United-States,1
52,Private,98752,9th,5,Widowed,Adm-clerical,Unmarried,White,Female,0,0,40,United-States,0
30,Private,224462,HS-grad,9,Never-married,Handlers-cleaners,Own-child,White,Male,0,0,40,United-States,0
22,Private,146540,11th,7,Never-married,Craft-repair,Not-in-family,White,Male,0,0,50,United-States,0
46,Private,273771,Bachelors,13,Married-civ-spouse,Sales,Husband,White,Male,99999,0,40,United-States,1
68,Self-emp-inc,140852,HS-grad,9,Married-civ-spouse,Sales,Husband,White,Male,0,0,40,United-States,0
34,Self-emp-not-inc,152109,HS-grad,9,Married-civ-spouse,Transport-moving,Husband,White,Male,0,0,60,United-States,0
59,Private,214865,HS-grad,9,Widowed,Exec-managerial,Unmarried,White,Female,0,0,50,United-States,0
52,Private,347519,Bachelors,13,Married-civ-spouse,Exec-managerial,Husband,White,Male,0,0,55,United-States,1
23,Local-gov,336010,Bachelors,13,Never-married,Adm-clerical,Not-in-family,White,Male,0,0,32,United-States,0
18,Private,89478,Some-college,10,Never-married,Sales,Own-child,White,Female,0,0,20,United-States,0
60,Self-emp-not-inc,236470,7th-8th,4,Married-civ-spouse,Farming-fishing,Husband,White,Male,0,0,40,United-States,0
44,Self-emp-inc,181762,Some-college,10,Married-civ-spouse,Exec-managerial,Husband,White,Male,0,0,50,United-States,0
38,Private,54816,Assoc-voc,11,Married-civ-spouse,Craft-repair,Husband,White,Male,0,0,40,United-States,1
32,Local-gov,87310,HS-grad,9,Married-civ-spouse,Other-service,Husband,White,Male,0,0,41,United-States,0
50,Federal-gov,343014,Some-college,10,Married-civ-spouse,Exec-managerial,Husband,Black,Male,0,0,40,United-States,0
66,Self-emp-not-inc,104576,Bachelors,13,Married-civ-spouse,Exec-managerial,Husband,White,Male,0,0,8,United-States,1
35,Private,193241,Some-college,10,Married-civ-spouse,Adm-clerical,Husband,White,Male,0,0,38,United-States,0
30,Private,316471,Bachelors,13,Never-married,Adm-clerical,Not-in-family,White,Male,0,0,50,United-States,0
23,Private,197207,Bachelors,13,Never-married,Prof-specialty,Not-in-family,White,Female,0,0,40,United-States,0
54,Private,156003,HS-grad,9,Married-civ-spouse,Craft-repair,Husband,White,Male,0,0,40,United-States,0
33,Federal-gov,293550,Some-college,10,Married-civ-spouse,Tech-support,Wife,White,Female,4064,0,40,United-States,0
21,Private,185551,HS-grad,9,Never-married,Sales,Own-child,White,Female,0,0,36,United-States,0
35,Private,343403,Some-college,10,Never-married,Sales,Not-in-family,White,Female,0,0,40,United-States,0
41,State-gov,106900,Masters,14,Married-civ-spouse,Prof-specialty,Husband,White,Male,7298,0,60,United-States,1
26,Private,175789,HS-grad,9,Divorced,Handlers-cleaners,Own-child,White,Female,0,0,40,United-States,0
32,Private,210541,Bachelors,13,Divorced,Sales,Unmarried,White,Female,0,0,30,United-States,0
23,Private,208946,Bachelors,13,Never-married,Sales,Own-child,White,Male,0,0,32,United-States,0
88,Self-emp-not-inc,187097,Prof-school,15,Married-civ-spouse,Exec-managerial,Husband,White,Male,0,0,40,United-States,0
20,Private,117222,HS-grad,9,Never-married,Other-service,Own-child,White,Male,0,0,50,United-States,0
66,Private,185336,HS-grad,9,Widowed,Sales,Other-relative,White,Female,0,0,35,United-States,0
28,Private,91299,Assoc-voc,11,Never-married,Adm-clerical,Not-in-family,Asian-Pac-Islander,Female,0,0,45,United-States,0
51,Private,209912,Bachelors,13,Divorced,Exec-managerial,Not-in-family,Amer-Indian-Eskimo,Male,0,0,50,United-States,0
33,Private,118551,HS-grad,9,Divorced,Adm-clerical,Unmarried,White,Female,0,0,40,United-States,0
33,Private,169973,Assoc-voc,11,Separated,Protective-serv,Not-in-family,White,Female,0,0,40,United-States,0
41,Private,171351,Some-college,10,Married-civ-spouse,Craft-repair,Husband,White,Male,0,0,40,United-States,0
71,Self-emp-not-inc,238479,10th,6,Married-civ-spouse,Craft-repair,Husband,White,Male,0,0,8,United-States,0
27,Private,220748,HS-grad,9,Never-married,Handlers-cleaners,Other-relative,Black,Male,0,0,48,United-States,0
42,Self-emp-not-inc,157562,Bachelors,13,Married-civ-spouse,Farming-fishing,Husband,White,Male,0,1902,80,United-States,1
35,Private,182898,HS-grad,9,Never-married,Adm-clerical,Not-in-family,White,Male,8614,0,40,United-States,1
47,Self-emp-inc,102308,Prof-school,15,Married-civ-spouse,Prof-specialty,Husband,White,Male,0,2415,45,United-States,1
24,Local-gov,289886,11th,7,Never-married,Other-service,Not-in-family,Asian-Pac-Islander,Male,0,0,45,United-States,0
47,Local-gov,162187,Some-college,10,Married-civ-spouse,Transport-moving,Husband,White,Male,0,1887,40,United-States,1
35,Private,103986,Assoc-voc,11,Married-civ-spouse,Tech-support,Husband,White,Male,0,0,40,United-States,1
47,Private,329144,HS-grad,9,Married-civ-spouse,Sales,Husband,White,Male,4386,0,45,United-States,1
47,Private,192835,HS-grad,9,Married-civ-spouse,Adm-clerical,Husband,White,Male,0,0,50,United-States,1
31,Private,397467,HS-grad,9,Married-civ-spouse,Craft-repair,Husband,White,Male,0,0,40,United-States,0
33,Private,96128,11th,7,Never-married,Craft-repair,Own-child,White,Male,0,0,40,United-States,0
47,Self-emp-not-inc,112200,Bachelors,13,Never-married,Exec-managerial,Not-in-family,Black,Male,10520,0,45,United-States,1
46,Private,228372,Bachelors,13,Divorced,Sales,Unmarried,White,Male,0,0,40,United-States,1
59,Local-gov,238431,HS-grad,9,Divorced,Adm-clerical,Unmarried,White,Female,0,0,38,United-States,0
57,Self-emp-not-inc,24473,Assoc-voc,11,Married-civ-spouse,Craft-repair,Husband,White,Male,0,0,40,United-States,1
52,Private,204447,HS-grad,9,Married-civ-spouse,Machine-op-inspct,Husband,White,Male,4386,0,40,United-States,1
21,Private,308237,5th-6th,3,Married-civ-spouse,Handlers-cleaners,Husband,White,Male,0,0,40,Mexico,0
45,Private,380922,HS-grad,9,Married-civ-spouse,Craft-repair,Husband,White,Male,0,0,60,United-States,1
29,Self-emp-not-inc,96718,HS-grad,9,Married-civ-spouse,Craft-repair,Husband,White,Male,0,0,37,United-States,0
46,Self-emp-not-inc,225456,HS-grad,9,Married-civ-spouse,Exec-managerial,Husband,White,Male,0,0,40,United-States,0
41,Self-emp-not-inc,113324,Assoc-voc,11,Married-civ-spouse,Farming-fishing,Husband,White,Male,0,0,70,United-States,1
45,Private,89028,HS-grad,9,Divorced,Craft-repair,Not-in-family,Asian-Pac-Islander,Male,10520,0,40,United-States,1
47,Private,111961,HS-grad,9,Married-civ-spouse,Other-service,Wife,Black,Female,0,0,30,United-States,0
58,Private,210673,Some-college,10,Married-civ-spouse,Adm-clerical,Wife,White,Female,0,0,40,United-States,1
46,Self-emp-not-inc,119944,Masters,14,Married-civ-spouse,Exec-managerial,Husband,White,Male,0,0,50,United-States,1
36,Private,184655,10th,6,Divorced,Transport-moving,Unmarried,White,Male,0,0,48,United-States,0
20,Private,170091,Some-college,10,Never-married,Other-service,Own-child,White,Female,0,0,35,United-States,0
22,Private,344176,HS-grad,9,Never-married,Sales,Unmarried,White,Male,0,0,20,United-States,0
42,Private,306496,HS-grad,9,Married-civ-spouse,Other-service,Husband,White,Male,0,0,40,United-States,0
18,Private,423024,12th,8,Never-married,Handlers-cleaners,Own-child,White,Male,0,0,20,United-States,0
49,Private,196571,Bachelors,13,Married-civ-spouse,Sales,Husband,White,Male,0,0,45,United-States,1
41,Private,200671,Bachelors,13,Divorced,Transport-moving,Own-child,Black,Male,6497,0,40,United-States,0
23,Private,140462,HS-grad,9,Never-married,Machine-op-inspct,Own-child,White,Male,0,0,40,United-States,0
31,Private,240771,Some-college,10,Married-civ-spouse,Craft-repair,Husband,White,Male,4386,0,50,United-States,1
54,Self-emp-not-inc,82551,Assoc-voc,11,Married-civ-spouse,Tech-support,Other-relative,White,Female,0,0,10,United-States,0
19,Private,101509,Some-college,10,Never-married,Prof-specialty,Own-child,White,Male,0,0,32,United-States,0
37,Private,83880,Some-college,10,Never-married,Craft-repair,Not-in-family,White,Male,0,0,40,United-States,0
44,Private,207685,HS-grad,9,Never-married,Exec-managerial,Not-in-family,White,Male,0,1564,55,England,1
19,Private,112432,HS-grad,9,Married-civ-spouse,Handlers-cleaners,Husband,White,Male,0,0,58,United-States,0
60,Private,177665,HS-grad,9,Married-civ-spouse,Craft-repair,Husband,White,Male,0,0,35,United-States,0
34,Private,190385,Masters,14,Never-married,Prof-specialty,Not-in-family,White,Female,0,0,40,United-States,1
65,Private,105116,Some-college,10,Widowed,Adm-clerical,Not-in-family,White,Female,2346,0,40,United-States,0
22,Private,211798,Some-college,10,Never-married,Craft-repair,Own-child,White,Male,0,0,40,United-States,0
65,Private,204042,HS-grad,9,Divorced,Protective-serv,Not-in-family,White,Male,0,0,20,United-States,0
60,Private,139586,Assoc-voc,11,Widowed,Exec-managerial,Unmarried,Asian-Pac-Islander,Female,0,0,40,United-States,1
25,Private,245628,Some-college,10,Never-married,Tech-support,Own-child,White,Male,0,0,15,Mexico,0
48,Self-emp-inc,213140,HS-grad,9,Married-civ-spouse,Exec-managerial,Husband,White,Male,0,0,80,United-States,0
40,Private,53835,Bachelors,13,Married-civ-spouse,Sales,Husband,White,Male,0,0,50,United-States,1
21,Private,149637,Some-college,10,Never-married,Other-service,Not-in-family,White,Female,0,0,40,United-States,0
35,Private,67728,Some-college,10,Married-civ-spouse,Craft-repair,Husband,White,Male,0,2051,45,United-States,0
23,Private,156807,9th,5,Never-married,Handlers-cleaners,Own-child,Black,Male,0,0,36,United-States,0
41,Private,130408,HS-grad,9,Divorced,Sales,Unmarried,Black,Female,0,0,38,United-States,0
63,Self-emp-not-inc,147589,Bachelors,13,Married-civ-spouse,Sales,Husband,White,Male,0,0,30,United-States,1
29,State-gov,201556,Bachelors,13,Never-married,Prof-specialty,Not-in-family,White,Male,0,0,50,United-States,0
29,Private,181822,Bachelors,13,Never-married,Sales,Not-in-family,White,Male,0,0,40,United-States,0
25,Private,144301,Some-college,10,Never-married,Sales,Own-child,White,Male,0,0,42,United-States,0
36,Private,448337,HS-grad,9,Separated,Sales,Unmarried,Black,Female,0,0,40,United-States,0
37,Private,279029,Bachelors,13,Never-married,Craft-repair,Not-in-family,White,Male,0,0,40,United-States,0
29,Private,107458,HS-grad,9,Married-civ-spouse,Transport-moving,Husband,White,Male,0,0,40,United-States,0
40,Self-emp-not-inc,93793,HS-grad,9,Married-civ-spouse,Craft-repair,Husband,White,Male,0,0,50,United-States,1
25,Private,184303,Some-college,10,Separated,Priv-house-serv,Other-relative,White,Female,0,0,30,El-Salvador,0
31,Private,176185,Masters,14,Married-civ-spouse,Exec-managerial,Husband,White,Male,0,0,60,France,1
26,Private,50103,Some-college,10,Married-civ-spouse,Sales,Wife,White,Female,0,0,40,United-States,0
47,Private,275361,Assoc-acdm,12,Widowed,Other-service,Own-child,White,Female,0,0,35,United-States,0
25,Private,247006,Assoc-acdm,12,Married-civ-spouse,Exec-managerial,Husband,White,Male,0,0,45,United-States,0
45,Local-gov,164427,Bachelors,13,Divorced,Prof-specialty,Unmarried,White,Female,0,0,40,United-States,0
22,Private,60331,Some-college,10,Married-civ-spouse,Other-service,Husband,White,Male,0,0,35,United-States,0
22,Local-gov,138575,HS-grad,9,Never-married,Protective-serv,Unmarried,White,Male,0,0,56,United-States,0
30,State-gov,234824,HS-grad,9,Married-civ-spouse,Other-service,Wife,White,Female,0,0,72,United-States,0
42,Self-emp-not-inc,89942,Some-college,10,Married-civ-spouse,Craft-repair,Husband,White,Male,0,0,40,United-States,0
46,Private,306183,HS-grad,9,Never-married,Adm-clerical,Unmarried,White,Female,0,0,37,United-States,0
42,Private,280410,HS-grad,9,Married-civ-spouse,Other-service,Husband,Black,Male,0,0,40,Haiti,0
49,Self-emp-not-inc,181307,Prof-school,15,Married-civ-spouse,Prof-specialty,Husband,White,Male,15024,0,65,United-States,1
21,Private,216129,HS-grad,9,Never-married,Other-service,Own-child,White,Male,0,0,35,United-States,0
40,Private,53506,Bachelors,13,Divorced,Craft-repair,Own-child,White,Female,0,0,40,United-States,0
41,Private,155657,11th,7,Never-married,Handlers-cleaners,Other-relative,Black,Female,0,0,40,United-States,0
43,Federal-gov,186916,Masters,14,Divorced,Protective-serv,Not-in-family,White,Male,0,0,60,United-States,1
22,Private,162343,Some-college,10,Never-married,Other-service,Other-relative,Black,Male,0,0,20,United-States,0
27,Self-emp-not-inc,300777,HS-grad,9,Divorced,Transport-moving,Not-in-family,White,Male,0,0,70,United-States,0
60,Private,131681,Bachelors,13,Married-civ-spouse,Exec-managerial,Husband,White,Male,0,0,50,United-States,1
48,Private,143542,HS-grad,9,Divorced,Transport-moving,Not-in-family,White,Male,0,0,40,United-States,0
47,Private,287828,Bachelors,13,Married-civ-spouse,Exec-managerial,Wife,White,Female,0,0,40,United-States,1
28,State-gov,70100,Bachelors,13,Never-married,Prof-specialty,Not-in-family,White,Male,0,0,20,United-States,0
43,Private,254146,Some-college,10,Married-civ-spouse,Craft-repair,Husband,White,Male,0,1902,40,United-States,1
19,Local-gov,169853,HS-grad,9,Never-married,Craft-repair,Own-child,White,Male,0,0,40,United-States,0
17,Private,202521,10th,6,Never-married,Other-service,Own-child,White,Male,0,0,15,United-States,0
53,Self-emp-inc,134793,Some-college,10,Married-civ-spouse,Exec-managerial,Husband,White,Male,15024,0,50,United-States,1
46,Local-gov,207946,Masters,14,Divorced,Prof-specialty,Unmarried,White,Female,0,0,43,United-States,0
58,Private,272902,Bachelors,13,Widowed,Exec-managerial,Unmarried,White,Female,0,0,40,United-States,0
48,Self-emp-inc,85109,Some-college,10,Never-married,Craft-repair,Not-in-family,White,Male,0,0,45,United-States,0
50,Private,339954,Assoc-voc,11,Married-civ-spouse,Craft-repair,Husband,White,Male,0,0,40,United-States,1
28,Private,173944,Masters,14,Married-civ-spouse,Prof-specialty,Husband,White,Male,0,0,40,United-States,1
37,Private,212900,HS-grad,9,Married-civ-spouse,Craft-repair,Husband,White,Male,0,0,40,United-States,0
55,Private,323706,Some-college,10,Married-civ-spouse,Exec-managerial,Husband,White,Male,0,1902,40,United-States,1
53,Local-gov,197054,Masters,14,Married-civ-spouse,Prof-specialty,Husband,White,Male,0,0,40,United-States,1
31,Local-gov,175778,Bachelors,13,Divorced,Prof-specialty,Not-in-family,White,Female,0,0,40,United-States,0
48,Private,180446,10th,6,Married-civ-spouse,Machine-op-inspct,Husband,Black,Male,0,0,40,United-States,0
17,Private,270942,HS-grad,9,Never-married,Other-service,Other-relative,White,Male,0,0,35,Mexico,0
44,Private,173590,Bachelors,13,Married-civ-spouse,Prof-specialty,Husband,White,Male,0,0,3,United-States,0
35,Private,40135,HS-grad,9,Never-married,Other-service,Own-child,White,Male,0,0,30,United-States,0
45,Self-emp-not-inc,155489,7th-8th,4,Married-civ-spouse,Exec-managerial,Husband,White,Male,0,0,65,United-States,1
30,Self-emp-inc,68330,Some-college,10,Married-civ-spouse,Sales,Husband,White,Male,0,0,50,United-States,0
32,Private,173351,HS-grad,9,Married-civ-spouse,Craft-repair,Husband,White,Male,0,0,48,United-States,0
35,Private,237943,HS-grad,9,Married-civ-spouse,Handlers-cleaners,Husband,White,Male,0,0,60,United-States,0
47,Private,344916,Assoc-acdm,12,Divorced,Transport-moving,Not-in-family,Black,Male,0,0,40,United-States,0
31,Private,106347,11th,7,Separated,Other-service,Not-in-family,Black,Female,0,0,42,United-States,0
32,Private,42596,HS-grad,9,Married-civ-spouse,Craft-repair,Husband,White,Male,0,0,48,United-States,0
28,Private,119793,Bachelors,13,Never-married,Sales,Not-in-family,White,Male,0,0,40,United-States,0
40,Private,150471,Assoc-acdm,12,Divorced,Other-service,Not-in-family,White,Female,0,0,40,United-States,0
20,Private,314422,HS-grad,9,Never-married,Sales,Own-child,White,Female,0,0,30,United-States,0
32,Private,164243,HS-grad,9,Married-civ-spouse,Tech-support,Husband,White,Male,0,0,60,United-States,1
19,Private,129620,10th,6,Never-married,Other-service,Other-relative,White,Female,0,0,30,United-States,0
44,Private,227065,Bachelors,13,Married-civ-spouse,Exec-managerial,Husband,White,Male,0,0,40,United-States,1
53,Self-emp-not-inc,30008,10th,6,Married-civ-spouse,Farming-fishing,Husband,White,Male,0,0,35,United-States,0
18,Private,36162,11th,7,Never-married,Craft-repair,Own-child,White,Male,0,0,5,United-States,0
39,Private,74163,12th,8,Divorced,Sales,Not-in-family,White,Female,0,0,40,United-States,0
30,Private,175931,Some-college,10,Married-civ-spouse,Handlers-cleaners,Husband,White,Male,0,0,44,United-States,0
24,Private,52242,HS-grad,9,Married-civ-spouse,Sales,Wife,White,Female,0,0,40,United-States,1
51,Private,216475,Bachelors,13,Never-married,Sales,Not-in-family,White,Female,0,1564,43,United-States,1
38,Private,119992,Some-college,10,Married-civ-spouse,Prof-specialty,Husband,White,Male,0,0,40,United-States,0
43,Private,186144,HS-grad,9,Married-civ-spouse,Craft-repair,Husband,White,Male,0,0,40,United-States,1
17,Private,25690,10th,6,Never-married,Other-service,Own-child,White,Female,0,0,10,United-States,0
69,Local-gov,660461,HS-grad,9,Widowed,Adm-clerical,Not-in-family,Black,Female,0,0,20,United-States,0
69,Self-emp-not-inc,69306,Some-college,10,Married-civ-spouse,Other-service,Wife,White,Female,0,0,15,United-States,0
36,State-gov,345712,HS-grad,9,Married-civ-spouse,Exec-managerial,Husband,White,Male,0,0,40,United-States,0
28,Private,421967,Bachelors,13,Married-civ-spouse,Exec-managerial,Wife,White,Female,0,0,60,United-States,1
19,Private,199441,HS-grad,9,Never-married,Prof-specialty,Not-in-family,White,Female,0,0,40,United-States,0
31,Private,152156,HS-grad,9,Married-civ-spouse,Craft-repair,Husband,White,Male,0,0,45,United-States,0
45,Private,285060,Bachelors,13,Married-civ-spouse,Exec-managerial,Husband,White,Male,0,0,50,United-States,1
67,Private,89346,Bachelors,13,Married-civ-spouse,Prof-specialty,Husband,White,Male,0,0,40,United-States,1
31,Local-gov,356689,Bachelors,13,Married-civ-spouse,Prof-specialty,Husband,White,Male,0,0,40,United-States,0
25,Private,188767,HS-grad,9,Never-married,Craft-repair,Own-child,White,Male,0,0,40,United-States,0
90,Private,84553,HS-grad,9,Married-civ-spouse,Machine-op-inspct,Husband,White,Male,0,0,40,United-States,0
54,Self-emp-not-inc,136224,Masters,14,Divorced,Prof-specialty,Not-in-family,White,Female,0,0,30,United-States,0
32,Private,127895,Some-college,10,Never-married,Exec-managerial,Unmarried,Black,Female,0,0,35,United-States,0
23,Private,482082,12th,8,Never-married,Machine-op-inspct,Own-child,White,Male,0,0,21,Mexico,0
19,Private,184710,Some-college,10,Never-married,Craft-repair,Own-child,White,Male,0,0,20,United-States,0
45,Private,102308,Masters,14,Married-civ-spouse,Exec-managerial,Husband,White,Male,15024,0,60,United-States,1
36,Self-emp-inc,108293,Bachelors,13,Married-civ-spouse,Exec-managerial,Wife,White,Female,0,1977,45,United-States,1
22,Private,71469,Assoc-acdm,12,Never-married,Sales,Own-child,White,Female,0,0,25,United-States,0
42,Private,208875,Some-college,10,Married-civ-spouse,Exec-managerial,Wife,White,Female,0,0,40,El-Salvador,1
19,Private,376240,HS-grad,9,Never-married,Machine-op-inspct,Own-child,White,Male,0,0,42,United-States,0
35,Private,128876,Some-college,10,Married-civ-spouse,Craft-repair,Husband,White,Male,0,0,40,United-States,0
35,Private,212465,HS-grad,9,Married-civ-spouse,Craft-repair,Husband,White,Male,0,0,40,United-States,1
41,Local-gov,248406,HS-grad,9,Separated,Transport-moving,Own-child,White,Male,0,0,40,United-States,0
42,Self-emp-not-inc,64632,HS-grad,9,Married-civ-spouse,Exec-managerial,Husband,White,Male,0,0,50,United-States,0
44,Local-gov,124924,Assoc-voc,11,Never-married,Craft-repair,Not-in-family,White,Male,0,0,44,United-States,0
24,Private,174043,Bachelors,13,Never-married,Other-service,Not-in-family,White,Male,0,0,40,United-States,0
24,Private,353010,Bachelors,13,Never-married,Adm-clerical,Not-in-family,White,Male,0,0,10,United-States,0
54,Self-emp-not-inc,58898,Some-college,10,Married-civ-spouse,Craft-repair,Husband,White,Male,0,1579,48,United-States,0
21,Private,304949,Some-college,10,Never-married,Prof-specialty,Own-child,White,Female,0,0,10,United-States,0
31,Private,327825,HS-grad,9,Separated,Machine-op-inspct,Unmarried,White,Female,0,2238,40,United-States,0
38,Private,175360,10th,6,Never-married,Prof-specialty,Not-in-family,White,Male,0,2559,90,United-States,1
22,Private,177107,Assoc-voc,11,Never-married,Prof-specialty,Unmarried,Black,Female,0,0,35,United-States,0
79,Self-emp-inc,183686,Bachelors,13,Married-civ-spouse,Sales,Husband,White,Male,0,0,20,United-States,1
29,Private,308944,HS-grad,9,Married-spouse-absent,Craft-repair,Not-in-family,White,Male,0,0,40,United-States,0
36,Self-emp-inc,107218,Some-college,10,Divorced,Sales,Unmarried,Asian-Pac-Islander,Male,0,0,55,United-States,0
19,Private,210308,Some-college,10,Never-married,Adm-clerical,Own-child,White,Female,0,0,15,United-States,0
27,Private,169631,HS-grad,9,Never-married,Handlers-cleaners,Own-child,White,Female,0,0,40,United-States,0
26,Private,108019,HS-grad,9,Never-married,Craft-repair,Own-child,White,Male,3325,0,40,United-States,0
36,State-gov,223020,Some-college,10,Divorced,Other-service,Unmarried,Black,Female,0,0,20,United-States,0
46,Private,155489,HS-grad,9,Married-civ-spouse,Adm-clerical,Husband,White,Male,0,0,58,United-States,1
27,Private,36440,Bachelors,13,Never-married,Sales,Not-in-family,White,Female,0,0,40,United-States,0
35,Local-gov,27763,HS-grad,9,Married-civ-spouse,Other-service,Husband,Amer-Indian-Eskimo,Male,0,0,40,United-States,0
18,State-gov,191117,11th,7,Never-married,Other-service,Own-child,White,Male,0,0,20,United-States,0
26,State-gov,234190,Some-college,10,Never-married,Other-service,Not-in-family,White,Male,0,0,20,United-States,0
63,Private,127363,Some-college,10,Married-civ-spouse,Prof-specialty,Wife,White,Female,0,0,12,United-States,0
36,Private,29814,11th,7,Married-civ-spouse,Craft-repair,Husband,White,Male,0,0,40,United-States,0
31,Private,265509,Assoc-voc,11,Separated,Tech-support,Unmarried,Black,Female,0,0,32,United-States,0
25,Private,191921,Some-college,10,Never-married,Transport-moving,Own-child,White,Male,0,0,40,United-States,0
39,Private,214816,Bachelors,13,Married-civ-spouse,Exec-managerial,Husband,White,Male,0,0,60,United-States,0
44,Private,191893,HS-grad,9,Never-married,Other-service,Own-child,White,Female,0,0,24,United-States,0
65,Local-gov,153890,12th,8,Widowed,Exec-managerial,Not-in-family,White,Male,2009,0,44,United-States,0
38,Self-emp-not-inc,243484,Bachelors,13,Married-civ-spouse,Adm-clerical,Wife,White,Female,0,0,28,United-States,1
23,Private,39182,HS-grad,9,Married-civ-spouse,Sales,Husband,White,Male,0,0,40,United-States,0
22,Private,141003,Assoc-voc,11,Never-married,Other-service,Own-child,White,Male,0,0,30,United-States,0
35,Private,167062,HS-grad,9,Married-civ-spouse,Adm-clerical,Husband,White,Male,0,0,40,United-States,0
21,Private,188535,HS-grad,9,Never-married,Machine-op-inspct,Not-in-family,White,Male,0,0,44,United-States,0
62,Local-gov,159908,Bachelors,13,Married-civ-spouse,Adm-clerical,Wife,White,Female,0,1258,38,United-States,0
57,Private,132704,Masters,14,Separated,Prof-specialty,Not-in-family,White,Male,10520,0,32,United-States,1
21,Private,189013,Some-college,10,Never-married,Sales,Own-child,White,Female,0,0,35,United-States,0
30,Private,156718,Some-college,10,Separated,Adm-clerical,Not-in-family,White,Female,0,0,40,United-States,0
34,Private,207301,HS-grad,9,Divorced,Machine-op-inspct,Unmarried,White,Female,0,0,20,United-States,0
43,Private,104196,Some-college,10,Married-civ-spouse,Adm-clerical,Husband,White,Male,0,0,40,United-States,0
32,Self-emp-inc,78530,Some-college,10,Married-civ-spouse,Exec-managerial,Husband,White,Male,15024,0,50,United-States,1
39,Private,180667,Some-college,10,Married-civ-spouse,Machine-op-inspct,Husband,White,Male,0,0,40,United-States,0
36,Private,120760,Masters,14,Married-civ-spouse,Prof-specialty,Husband,Asian-Pac-Islander,Male,0,0,40,China,0
46,Self-emp-not-inc,51271,HS-grad,9,Married-civ-spouse,Farming-fishing,Husband,White,Male,4386,0,70,United-States,0
53,Private,152883,HS-grad,9,Widowed,Adm-clerical,Not-in-family,Black,Female,0,0,40,United-States,0
52,Private,144361,Assoc-voc,11,Married-civ-spouse,Craft-repair,Husband,White,Male,0,1902,40,United-States,1
51,Private,177727,Assoc-acdm,12,Married-civ-spouse,Craft-repair,Husband,White,Male,0,0,45,United-States,1
59,Private,43221,Some-college,10,Married-civ-spouse,Craft-repair,Husband,White,Male,0,0,43,United-States,1
58,Private,205410,HS-grad,9,Married-civ-spouse,Craft-repair,Husband,White,Male,0,0,40,United-States,0
46,Private,353824,Assoc-acdm,12,Never-married,Adm-clerical,Not-in-family,White,Male,0,0,40,United-States,0
19,Private,121788,Some-college,10,Never-married,Sales,Not-in-family,White,Female,0,0,30,United-States,0
17,Private,143868,9th,5,Never-married,Other-service,Own-child,Black,Male,0,0,40,United-States,0
30,Private,113364,HS-grad,9,Never-married,Machine-op-inspct,Other-relative,White,Male,0,0,40,Vietnam,0
29,Private,190539,Bachelors,13,Never-married,Sales,Not-in-family,White,Male,6849,0,48,United-States,0
48,Private,105838,Bachelors,13,Married-civ-spouse,Exec-managerial,Husband,White,Male,0,0,45,United-States,1
44,Self-emp-inc,151089,HS-grad,9,Married-civ-spouse,Exec-managerial,Husband,White,Male,0,1887,70,United-States,1
31,Private,374833,1st-4th,2,Married-civ-spouse,Handlers-cleaners,Husband,White,Male,0,0,40,Mexico,0
34,Self-emp-not-inc,426431,Bachelors,13,Married-civ-spouse,Craft-repair,Husband,White,Male,0,0,40,United-States,0
31,Private,241885,HS-grad,9,Never-married,Farming-fishing,Unmarried,White,Male,0,0,45,United-States,0
36,Private,99146,Some-college,10,Married-civ-spouse,Machine-op-inspct,Husband,White,Male,0,1887,40,United-States,1
26,Private,269060,Bachelors,13,Never-married,Adm-clerical,Own-child,White,Female,0,0,40,United-States,0
28,Private,215211,HS-grad,9,Married-civ-spouse,Sales,Husband,White,Male,0,0,50,United-States,0
35,Private,207066,Bachelors,13,Never-married,Sales,Not-in-family,White,Male,10520,0,45,United-States,1
51,Self-emp-inc,231230,Bachelors,13,Married-civ-spouse,Exec-managerial,Husband,White,Male,0,0,25,United-States,0
61,Federal-gov,60641,Some-college,10,Married-civ-spouse,Adm-clerical,Wife,White,Female,0,0,30,United-States,0
36,Local-gov,212856,11th,7,Never-married,Other-service,Unmarried,White,Female,0,0,23,United-States,0
19,State-gov,112432,Some-college,10,Never-married,Adm-clerical,Own-child,White,Male,0,0,10,United-States,0
43,State-gov,198965,Masters,14,Married-civ-spouse,Prof-specialty,Husband,White,Male,0,0,40,United-States,1
28,Private,299422,7th-8th,4,Married-civ-spouse,Handlers-cleaners,Husband,White,Male,0,0,40,Mexico,0
32,Local-gov,198211,Assoc-voc,11,Married-spouse-absent,Craft-repair,Not-in-family,White,Male,0,0,40,United-States,0
49,State-gov,185800,Masters,14,Divorced,Prof-specialty,Unmarried,Black,Female,7430,0,40,United-States,1
30,Private,190040,Bachelors,13,Never-married,Machine-op-inspct,Not-in-family,White,Female,0,0,40,United-States,0
37,Self-emp-not-inc,218249,11th,7,Divorced,Prof-specialty,Unmarried,Black,Female,0,0,30,United-States,0
23,Private,105617,9th,5,Never-married,Transport-moving,Own-child,White,Male,0,0,40,United-States,0
45,Local-gov,53123,11th,7,Married-civ-spouse,Other-service,Wife,White,Female,0,0,25,United-States,0
40,Private,199900,Assoc-acdm,12,Married-civ-spouse,Exec-managerial,Husband,White,Male,0,1848,55,United-States,1
19,Private,211355,HS-grad,9,Never-married,Adm-clerical,Own-child,White,Male,0,0,12,United-States,0
32,Private,227214,Bachelors,13,Married-civ-spouse,Prof-specialty,Husband,Other,Male,0,0,40,Ecuador,0
41,Private,116391,Bachelors,13,Married-civ-spouse,Handlers-cleaners,Husband,White,Male,0,0,40,Germany,0
28,State-gov,189765,Some-college,10,Separated,Adm-clerical,Unmarried,White,Female,0,0,50,United-States,0
44,Local-gov,387770,Some-college,10,Widowed,Adm-clerical,Unmarried,White,Female,0,0,15,United-States,0
63,Private,266083,7th-8th,4,Married-civ-spouse,Transport-moving,Husband,White,Male,0,0,60,United-States,1
33,Private,351810,Bachelors,13,Never-married,Prof-specialty,Not-in-family,White,Female,0,0,45,Mexico,0
23,Private,45834,Bachelors,13,Never-married,Exec-managerial,Not-in-family,White,Female,0,0,50,United-States,0
58,Private,104333,Some-college,10,Married-civ-spouse,Craft-repair,Husband,White,Male,0,0,40,United-States,1
27,Local-gov,204098,HS-grad,9,Married-civ-spouse,Handlers-cleaners,Other-relative,White,Male,0,0,50,United-States,0
34,Self-emp-not-inc,124052,Bachelors,13,Married-civ-spouse,Sales,Husband,White,Male,0,0,30,United-States,0
39,Private,258102,Some-college,10,Married-civ-spouse,Handlers-cleaners,Husband,White,Male,0,0,50,United-States,0
45,Local-gov,86644,Bachelors,13,Married-civ-spouse,Prof-specialty,Wife,White,Female,0,0,55,United-States,0
30,Private,342709,HS-grad,9,Married-spouse-absent,Craft-repair,Other-relative,White,Male,0,0,40,United-States,0
57,Private,372967,10th,6,Divorced,Adm-clerical,Other-relative,White,Female,0,0,70,Germany,0
46,Private,116635,Bachelors,13,Separated,Prof-specialty,Unmarried,Black,Female,0,0,36,United-States,0
26,Private,130931,HS-grad,9,Never-married,Adm-clerical,Own-child,Black,Female,0,0,40,United-States,0
58,Private,136841,Bachelors,13,Married-civ-spouse,Prof-specialty,Wife,White,Female,99999,0,35,United-States,1
33,Local-gov,96480,Masters,14,Never-married,Prof-specialty,Not-in-family,White,Female,0,0,40,Germany,0
21,Private,231866,HS-grad,9,Never-married,Farming-fishing,Own-child,White,Male,0,0,65,United-States,0
43,Private,242968,Masters,14,Married-civ-spouse,Exec-managerial,Husband,Asian-Pac-Islander,Male,0,0,40,India,1
57,State-gov,68830,HS-grad,9,Divorced,Exec-managerial,Not-in-family,White,Female,0,0,50,United-States,0
32,Private,130304,HS-grad,9,Married-civ-spouse,Prof-specialty,Husband,White,Male,0,1485,48,United-States,0
38,Private,95336,Bachelors,13,Married-civ-spouse,Sales,Husband,White,Male,0,0,50,United-States,1
23,Self-emp-not-inc,409230,1st-4th,2,Married-civ-spouse,Sales,Other-relative,White,Male,0,0,40,United-States,0
58,State-gov,110517,Doctorate,16,Married-civ-spouse,Prof-specialty,Husband,Asian-Pac-Islander,Male,4064,0,40,India,0
61,Private,355645,HS-grad,9,Married-civ-spouse,Sales,Husband,Black,Male,0,0,40,United-States,0
64,Local-gov,31993,7th-8th,4,Married-civ-spouse,Protective-serv,Husband,White,Male,0,0,10,United-States,0
50,Private,46155,Assoc-voc,11,Divorced,Prof-specialty,Unmarried,White,Female,0,0,40,United-States,1
32,Local-gov,240979,Some-college,10,Married-civ-spouse,Craft-repair,Husband,White,Male,0,0,60,United-States,1
32,Private,390157,Bachelors,13,Never-married,Prof-specialty,Not-in-family,Black,Female,0,0,40,United-States,0
20,State-gov,340475,Some-college,10,Never-married,Adm-clerical,Own-child,White,Female,0,0,10,United-States,0
26,Private,255193,11th,7,Married-civ-spouse,Exec-managerial,Husband,White,Male,3411,0,40,United-States,0
26,Private,33610,HS-grad,9,Never-married,Transport-moving,Own-child,White,Male,0,0,40,United-States,0
26,Private,156805,Some-college,10,Married-civ-spouse,Machine-op-inspct,Husband,Black,Male,0,0,40,United-States,0
31,Private,188108,HS-grad,9,Never-married,Craft-repair,Own-child,White,Male,4101,0,40,United-States,0
67,Private,64148,Some-college,10,Divorced,Other-service,Unmarried,Black,Female,0,0,41,United-States,0
26,Private,199143,HS-grad,9,Married-civ-spouse,Handlers-cleaners,Husband,White,Male,0,0,50,United-States,0
40,Private,271393,Assoc-acdm,12,Divorced,Exec-managerial,Not-in-family,White,Female,0,0,40,United-States,0
37,Self-emp-inc,342084,Some-college,10,Married-civ-spouse,Exec-managerial,Husband,White,Male,0,0,60,United-States,1
43,Private,203642,Bachelors,13,Never-married,Prof-specialty,Not-in-family,White,Female,0,0,40,United-States,1
21,Private,73679,Some-college,10,Never-married,Exec-managerial,Own-child,White,Female,0,0,40,United-States,0
38,Federal-gov,238342,Bachelors,13,Married-civ-spouse,Sales,Husband,White,Male,7688,0,42,United-States,1
34,Federal-gov,345259,Doctorate,16,Never-married,Prof-specialty,Not-in-family,White,Female,0,0,99,United-States,0
27,Private,214858,10th,6,Married-civ-spouse,Craft-repair,Other-relative,White,Male,0,0,55,United-States,0
30,Private,104223,HS-grad,9,Never-married,Other-service,Unmarried,Black,Female,0,0,32,United-States,0
23,Private,57827,Bachelors,13,Never-married,Farming-fishing,Not-in-family,White,Male,0,0,40,United-States,0
35,Private,102268,Bachelors,13,Married-civ-spouse,Exec-managerial,Husband,White,Male,0,0,45,United-States,0
28,Private,221317,Some-college,10,Married-civ-spouse,Handlers-cleaners,Husband,White,Male,0,0,40,Mexico,0
52,Private,270728,7th-8th,4,Married-civ-spouse,Other-service,Husband,White,Male,0,0,48,Cuba,0
40,Private,177027,Bachelors,13,Married-civ-spouse,Other-service,Wife,Asian-Pac-Islander,Female,7688,0,52,Japan,1
22,Private,208946,Some-college,10,Never-married,Sales,Own-child,White,Male,0,0,40,United-States,0
50,Private,63000,Some-college,10,Married-civ-spouse,Sales,Husband,White,Male,0,0,60,United-States,1
54,Private,176240,Masters,14,Married-civ-spouse,Transport-moving,Husband,White,Male,7688,0,60,United-States,1
27,Private,388998,Bachelors,13,Never-married,Sales,Not-in-family,White,Male,13550,0,46,United-States,1
31,Private,136398,Doctorate,16,Married-civ-spouse,Prof-specialty,Husband,Asian-Pac-Islander,Male,0,0,50,Thailand,1
45,Private,20534,Some-college,10,Married-civ-spouse,Machine-op-inspct,Husband,White,Male,0,0,84,United-States,1
45,Private,165484,Doctorate,16,Married-civ-spouse,Prof-specialty,Husband,White,Male,0,0,50,United-States,1
19,Private,318002,HS-grad,9,Never-married,Adm-clerical,Own-child,White,Male,0,0,40,United-States,0
31,Private,38158,Some-college,10,Married-civ-spouse,Sales,Husband,White,Male,0,0,40,United-States,0
39,Private,191342,Bachelors,13,Married-civ-spouse,Craft-repair,Husband,Asian-Pac-Islander,Male,0,0,40,Philippines,1
57,Private,121821,1st-4th,2,Married-civ-spouse,Other-service,Husband,Other,Male,0,0,40,Dominican-Republic,0
63,Self-emp-not-inc,78383,HS-grad,9,Married-civ-spouse,Farming-fishing,Husband,White,Male,0,0,45,United-States,0
23,Self-emp-not-inc,208503,Some-college,10,Divorced,Adm-clerical,Own-child,White,Male,0,0,40,United-States,0
45,Private,125489,Masters,14,Divorced,Prof-specialty,Unmarried,White,Female,0,0,50,United-States,0
29,Private,154017,HS-grad,9,Never-married,Sales,Not-in-family,White,Female,0,0,10,United-States,0
43,Self-emp-not-inc,421837,Some-college,10,Married-civ-spouse,Sales,Husband,White,Male,7298,0,50,Mexico,1
36,Private,174938,Bachelors,13,Married-civ-spouse,Prof-specialty,Husband,White,Male,0,1887,50,United-States,1
44,State-gov,55076,Masters,14,Never-married,Prof-specialty,Not-in-family,White,Female,0,0,60,United-States,0
64,Self-emp-not-inc,289741,Some-college,10,Married-civ-spouse,Sales,Husband,White,Male,0,0,20,United-States,0
60,Private,33266,HS-grad,9,Married-civ-spouse,Protective-serv,Husband,White,Male,0,0,40,United-States,0
32,Private,364657,Some-college,10,Married-civ-spouse,Exec-managerial,Husband,White,Male,0,0,50,United-States,0
37,Private,202683,Some-college,10,Married-civ-spouse,Sales,Husband,White,Male,0,0,48,United-States,1
51,Private,392668,Doctorate,16,Married-civ-spouse,Exec-managerial,Husband,White,Male,15024,0,84,United-States,1
51,Self-emp-inc,230095,Assoc-voc,11,Never-married,Adm-clerical,Own-child,White,Female,0,0,40,United-States,0
20,Private,79691,HS-grad,9,Never-married,Machine-op-inspct,Own-child,White,Male,0,0,40,United-States,0
28,Private,207513,HS-grad,9,Never-married,Sales,Own-child,White,Male,0,0,48,United-States,0
38,Federal-gov,325538,Prof-school,15,Married-civ-spouse,Prof-specialty,Husband,White,Male,0,0,50,United-States,1
29,Private,105694,HS-grad,9,Married-civ-spouse,Handlers-cleaners,Husband,White,Male,0,0,42,United-States,0
53,Private,213378,HS-grad,9,Separated,Sales,Not-in-family,White,Female,0,0,33,United-States,0
32,State-gov,111363,Prof-school,15,Married-civ-spouse,Prof-specialty,Husband,White,Male,0,0,75,United-States,1
53,Private,99476,HS-grad,9,Divorced,Other-service,Not-in-family,White,Female,0,0,38,United-States,0
40,Private,184655,Assoc-acdm,12,Never-married,Other-service,Other-relative,White,Male,0,0,25,United-States,0
73,Private,284680,HS-grad,9,Divorced,Other-service,Not-in-family,White,Female,0,0,20,United-States,0
41,Federal-gov,36651,Masters,14,Married-civ-spouse,Exec-managerial,Husband,White,Male,0,1848,40,United-States,1
80,Self-emp-not-inc,101771,11th,7,Married-civ-spouse,Exec-managerial,Husband,White,Male,0,0,25,United-States,0
46,Self-emp-not-inc,328216,Prof-school,15,Married-civ-spouse,Prof-specialty,Husband,White,Male,0,0,45,United-States,1
22,Private,267945,Some-college,10,Never-married,Sales,Own-child,White,Female,0,0,16,United-States,0
30,Private,143392,Bachelors,13,Married-civ-spouse,Adm-clerical,Wife,White,Female,0,0,40,United-States,0
55,Local-gov,123382,Assoc-voc,11,Separated,Prof-specialty,Unmarried,Black,Female,0,0,35,United-States,0
39,Private,224566,Bachelors,13,Married-civ-spouse,Exec-managerial,Husband,White,Male,0,0,60,United-States,1
20,Private,185452,HS-grad,9,Never-married,Adm-clerical,Own-child,White,Female,0,0,40,United-States,0
41,State-gov,47170,Bachelors,13,Married-civ-spouse,Prof-specialty,Wife,Amer-Indian-Eskimo,Female,0,0,48,United-States,1
28,Private,114158,Bachelors,13,Never-married,Prof-specialty,Own-child,White,Female,0,0,15,United-States,0
27,Private,86681,Bachelors,13,Never-married,Other-service,Not-in-family,White,Female,0,0,40,United-States,0
29,Self-emp-not-inc,109001,Some-college,10,Married-civ-spouse,Craft-repair,Husband,White,Male,0,0,35,United-States,0
46,Private,102318,Some-college,10,Married-civ-spouse,Transport-moving,Husband,White,Male,0,1887,40,United-States,1
40,Private,197919,Assoc-acdm,12,Divorced,Sales,Unmarried,White,Female,0,0,40,United-States,0
27,Private,190525,Bachelors,13,Married-civ-spouse,Exec-managerial,Husband,White,Male,7298,0,55,United-States,1
23,Private,65481,HS-grad,9,Married-civ-spouse,Machine-op-inspct,Wife,White,Female,0,0,40,United-States,1
42,Private,378384,Prof-school,15,Married-civ-spouse,Prof-specialty,Husband,White,Male,0,1902,60,United-States,1
39,Private,236391,HS-grad,9,Married-civ-spouse,Transport-moving,Husband,White,Male,0,0,50,United-States,1
40,Private,236110,12th,8,Married-civ-spouse,Prof-specialty,Husband,White,Male,0,0,40,Cuba,1
56,Private,98418,HS-grad,9,Divorced,Transport-moving,Not-in-family,White,Male,0,0,30,United-States,0
17,Private,31007,10th,6,Never-married,Other-service,Own-child,White,Female,0,0,30,United-States,0
42,Private,149823,Some-college,10,Married-civ-spouse,Craft-repair,Husband,White,Male,0,0,40,United-States,0
58,Private,142326,Bachelors,13,Divorced,Prof-specialty,Not-in-family,White,Female,0,0,50,United-States,0
33,Private,274222,Bachelors,13,Married-civ-spouse,Other-service,Husband,Asian-Pac-Islander,Male,7688,0,38,United-States,1
20,Private,138107,HS-grad,9,Never-married,Handlers-cleaners,Own-child,Black,Male,0,0,35,United-States,0
25,Self-emp-not-inc,266668,HS-grad,9,Never-married,Prof-specialty,Not-in-family,White,Male,0,0,40,United-States,0
28,Private,247819,Assoc-voc,11,Married-civ-spouse,Prof-specialty,Wife,White,Female,0,0,5,United-States,0
34,Private,157446,HS-grad,9,Divorced,Craft-repair,Unmarried,White,Male,0,0,45,United-States,0
26,Self-emp-inc,189502,Bachelors,13,Married-civ-spouse,Sales,Husband,White,Male,0,0,80,United-States,1
27,Private,191822,HS-grad,9,Married-civ-spouse,Sales,Wife,White,Female,0,0,50,United-States,0
58,Private,204021,HS-grad,9,Never-married,Transport-moving,Own-child,White,Male,0,0,40,Canada,0
28,Private,394927,Some-college,10,Married-civ-spouse,Tech-support,Husband,White,Male,0,0,40,United-States,1
41,Private,138975,Bachelors,13,Married-civ-spouse,Exec-managerial,Husband,White,Male,7688,0,45,United-States,1
35,Self-emp-not-inc,185848,HS-grad,9,Never-married,Exec-managerial,Not-in-family,White,Male,4650,0,50,United-States,0
69,Private,165017,HS-grad,9,Widowed,Machine-op-inspct,Unmarried,White,Male,2538,0,40,United-States,0
37,Private,294919,Some-college,10,Divorced,Transport-moving,Not-in-family,White,Male,0,0,40,United-States,0
23,Private,196674,Some-college,10,Separated,Craft-repair,Not-in-family,White,Male,0,0,40,United-States,0
41,State-gov,283917,Assoc-voc,11,Married-civ-spouse,Prof-specialty,Husband,White,Male,0,0,35,United-States,1
42,Private,214503,Bachelors,13,Married-civ-spouse,Prof-specialty,Husband,White,Male,0,0,44,United-States,1
59,Private,340591,10th,6,Married-civ-spouse,Handlers-cleaners,Husband,White,Male,3942,0,40,United-States,0
44,Private,224658,HS-grad,9,Married-civ-spouse,Craft-repair,Husband,White,Male,0,0,45,United-States,1
24,Private,215243,Bachelors,13,Never-married,Adm-clerical,Not-in-family,White,Female,0,0,42,United-States,0
38,State-gov,352628,Bachelors,13,Divorced,Prof-specialty,Not-in-family,White,Female,0,0,40,United-States,0
32,Private,53135,HS-grad,9,Never-married,Machine-op-inspct,Not-in-family,White,Male,0,0,40,United-States,0
48,Private,174794,Assoc-voc,11,Divorced,Adm-clerical,Unmarried,White,Female,0,0,40,United-States,0
32,Self-emp-inc,110331,HS-grad,9,Married-civ-spouse,Sales,Husband,White,Male,0,0,65,United-States,1
38,Private,31848,Assoc-voc,11,Married-civ-spouse,Craft-repair,Husband,White,Male,0,0,40,United-States,1
34,Self-emp-not-inc,56460,HS-grad,9,Married-civ-spouse,Farming-fishing,Wife,White,Female,0,2179,12,United-States,0
22,Private,128487,HS-grad,9,Never-married,Adm-clerical,Not-in-family,White,Female,0,0,10,United-States,0
22,Private,374313,HS-grad,9,Married-civ-spouse,Transport-moving,Husband,White,Male,0,0,50,United-States,1
64,Private,180624,Assoc-acdm,12,Never-married,Prof-specialty,Other-relative,White,Female,0,0,30,United-States,0
31,Self-emp-not-inc,389765,7th-8th,4,Married-civ-spouse,Prof-specialty,Husband,White,Male,0,0,60,United-States,0
64,Self-emp-inc,142166,Bachelors,13,Divorced,Sales,Not-in-family,White,Male,0,0,45,United-States,0
39,Private,380614,Some-college,10,Divorced,Prof-specialty,Not-in-family,White,Female,0,0,45,United-States,1
21,Private,248512,Some-college,10,Never-married,Adm-clerical,Own-child,White,Female,0,0,40,United-States,0
40,Private,225193,HS-grad,9,Married-civ-spouse,Handlers-cleaners,Husband,White,Male,0,0,63,United-States,0
26,Private,154093,HS-grad,9,Never-married,Transport-moving,Own-child,Black,Male,0,0,40,United-States,0
31,Private,212235,Some-college,10,Never-married,Sales,Not-in-family,White,Male,0,0,45,United-States,0
42,Private,70055,HS-grad,9,Married-civ-spouse,Handlers-cleaners,Husband,White,Male,0,0,40,United-States,0
42,Federal-gov,198316,Masters,14,Married-civ-spouse,Exec-managerial,Husband,White,Male,0,0,40,United-States,1
44,Private,162108,Bachelors,13,Never-married,Prof-specialty,Not-in-family,White,Female,0,0,45,United-States,0
67,Self-emp-not-inc,226092,Some-college,10,Married-civ-spouse,Farming-fishing,Husband,White,Male,0,0,44,United-States,0
45,Private,187226,Assoc-acdm,12,Married-civ-spouse,Handlers-cleaners,Husband,White,Male,0,0,40,United-States,0
33,Private,110998,HS-grad,9,Never-married,Other-service,Other-relative,Amer-Indian-Eskimo,Female,0,0,36,United-States,0
33,Private,392812,Bachelors,13,Married-civ-spouse,Exec-managerial,Husband,White,Male,0,0,45,United-States,1
34,Private,213307,HS-grad,9,Never-married,Handlers-cleaners,Unmarried,White,Female,7443,0,35,United-States,0
22,Private,137876,Some-college,10,Never-married,Protective-serv,Not-in-family,White,Male,0,0,20,United-States,0
59,Local-gov,140478,Masters,14,Married-civ-spouse,Prof-specialty,Husband,White,Male,0,0,40,United-States,1
25,Private,215384,11th,7,Never-married,Other-service,Not-in-family,White,Male,0,0,40,United-States,0
51,Private,252903,10th,6,Married-civ-spouse,Sales,Husband,White,Male,0,1977,40,United-States,1
53,Private,281425,HS-grad,9,Married-civ-spouse,Craft-repair,Husband,White,Male,0,0,40,United-States,1
18,Private,39411,11th,7,Never-married,Handlers-cleaners,Own-child,White,Male,0,0,24,United-States,0
37,Private,67125,HS-grad,9,Divorced,Sales,Not-in-family,White,Male,0,0,60,United-States,0
19,Private,208513,HS-grad,9,Never-married,Craft-repair,Other-relative,White,Male,0,0,40,United-States,0
31,Private,279015,Masters,14,Married-civ-spouse,Exec-managerial,Husband,White,Male,0,2415,70,Taiwan,1
23,Local-gov,203078,Some-college,10,Married-civ-spouse,Protective-serv,Husband,Black,Male,0,0,40,United-States,0
42,Private,102085,HS-grad,9,Divorced,Other-service,Own-child,White,Female,0,0,15,United-States,0
55,Private,201112,HS-grad,9,Divorced,Prof-specialty,Unmarried,Black,Female,0,0,40,United-States,0
39,Private,98941,Bachelors,13,Never-married,Prof-specialty,Not-in-family,White,Male,0,0,40,United-States,1
35,Private,213208,Assoc-voc,11,Married-civ-spouse,Tech-support,Husband,Black,Male,0,0,38,Jamaica,0
32,Private,207284,HS-grad,9,Married-civ-spouse,Machine-op-inspct,Husband,White,Male,0,0,40,United-States,0
34,Private,192002,Bachelors,13,Married-civ-spouse,Exec-managerial,Husband,White,Male,0,0,40,United-States,1
55,Local-gov,168790,HS-grad,9,Married-civ-spouse,Transport-moving,Husband,White,Male,0,0,44,United-States,0
38,Self-emp-not-inc,267556,HS-grad,9,Married-civ-spouse,Sales,Husband,White,Male,0,0,64,United-States,0
32,Private,190784,Some-college,10,Divorced,Machine-op-inspct,Unmarried,Amer-Indian-Eskimo,Male,0,0,40,United-States,0
52,Private,190762,1st-4th,2,Married-civ-spouse,Machine-op-inspct,Husband,White,Male,0,0,40,Mexico,0
26,Private,177720,Assoc-acdm,12,Divorced,Prof-specialty,Unmarried,White,Female,0,0,45,United-States,0
41,Private,445382,Masters,14,Married-civ-spouse,Exec-managerial,Husband,White,Male,0,1977,65,United-States,1
73,Self-emp-not-inc,109833,Bachelors,13,Married-civ-spouse,Farming-fishing,Husband,White,Male,0,0,30,United-States,0
20,Private,225811,HS-grad,9,Never-married,Sales,Own-child,White,Female,0,0,23,United-States,0
55,Private,106740,HS-grad,9,Married-civ-spouse,Exec-managerial,Husband,White,Male,0,0,40,United-States,1
51,Private,98791,Some-college,10,Married-civ-spouse,Sales,Husband,White,Male,0,0,40,United-States,1
38,Private,177305,HS-grad,9,Married-civ-spouse,Craft-repair,Husband,White,Male,0,0,45,United-States,0
43,Private,62857,Some-college,10,Married-civ-spouse,Craft-repair,Husband,White,Male,0,0,60,United-States,0
47,Private,142719,HS-grad,9,Married-civ-spouse,Machine-op-inspct,Husband,White,Male,0,0,40,United-States,0
68,Private,339168,Bachelors,13,Married-civ-spouse,Transport-moving,Husband,White,Male,0,0,30,United-States,0
38,Private,150601,10th,6,Separated,Adm-clerical,Unmarried,White,Male,0,3770,40,United-States,0
40,Self-emp-not-inc,175943,Assoc-voc,11,Married-civ-spouse,Prof-specialty,Wife,White,Female,0,1977,15,United-States,1
32,Private,116677,HS-grad,9,Married-civ-spouse,Craft-repair,Husband,White,Male,0,0,40,United-States,0
22,State-gov,477505,Assoc-acdm,12,Never-married,Adm-clerical,Not-in-family,White,Male,0,0,40,United-States,0
47,Private,217750,HS-grad,9,Married-civ-spouse,Other-service,Wife,White,Female,0,0,35,United-States,0
48,Private,107231,Prof-school,15,Married-civ-spouse,Exec-managerial,Husband,White,Male,99999,0,50,United-States,1
45,Private,357540,Bachelors,13,Married-civ-spouse,Sales,Husband,White,Male,0,2002,55,United-States,0
58,Private,202652,HS-grad,9,Widowed,Adm-clerical,Not-in-family,White,Female,0,0,37,United-States,0
41,Private,126622,11th,7,Divorced,Handlers-cleaners,Unmarried,White,Female,0,0,40,United-States,0
28,State-gov,277635,Some-college,10,Never-married,Adm-clerical,Not-in-family,White,Female,0,0,50,United-States,0
20,Private,105312,HS-grad,9,Never-married,Sales,Not-in-family,White,Female,0,0,35,United-States,0
40,Private,76487,HS-grad,9,Married-civ-spouse,Machine-op-inspct,Husband,White,Male,0,0,40,United-States,0
69,Private,122850,HS-grad,9,Married-civ-spouse,Craft-repair,Husband,White,Male,0,0,16,United-States,0
40,Local-gov,165726,Assoc-voc,11,Divorced,Exec-managerial,Unmarried,White,Female,0,0,40,United-States,0
25,Private,108505,HS-grad,9,Never-married,Handlers-cleaners,Not-in-family,White,Male,0,0,45,United-States,0
44,Private,165815,HS-grad,9,Married-civ-spouse,Exec-managerial,Husband,White,Male,0,0,60,United-States,1
33,Private,168030,Some-college,10,Married-civ-spouse,Prof-specialty,Wife,White,Female,7298,0,21,United-States,1
31,State-gov,255830,Assoc-acdm,12,Never-married,Adm-clerical,Own-child,Black,Female,0,0,45,United-States,0
40,Private,114537,Assoc-voc,11,Married-civ-spouse,Exec-managerial,Husband,White,Male,0,0,50,United-States,1
49,Private,315984,HS-grad,9,Married-civ-spouse,Machine-op-inspct,Husband,White,Male,0,0,40,United-States,0
40,Self-emp-not-inc,49156,Some-college,10,Married-civ-spouse,Prof-specialty,Husband,White,Male,0,0,20,United-States,0
46,Private,155659,Bachelors,13,Married-civ-spouse,Machine-op-inspct,Husband,White,Male,0,0,40,Germany,1
40,State-gov,270324,Assoc-voc,11,Married-civ-spouse,Other-service,Husband,Black,Male,0,0,30,United-States,0
55,Private,169071,Some-college,10,Divorced,Other-service,Not-in-family,White,Female,0,0,20,United-States,0
20,Private,36235,Assoc-acdm,12,Never-married,Adm-clerical,Not-in-family,White,Female,0,0,40,United-States,0
51,Private,234057,HS-grad,9,Married-civ-spouse,Craft-repair,Husband,White,Male,0,0,45,United-States,1
50,Private,240496,Some-college,10,Divorced,Tech-support,Not-in-family,White,Female,0,0,36,United-States,0
47,Private,150768,Bachelors,13,Divorced,Handlers-cleaners,Not-in-family,White,Male,0,1564,51,United-States,1
20,Private,224424,12th,8,Never-married,Machine-op-inspct,Own-child,White,Male,0,0,40,United-States,0
29,Private,37933,12th,8,Married-spouse-absent,Other-service,Not-in-family,Black,Female,0,0,40,United-States,0
48,Private,181758,Some-college,10,Divorced,Adm-clerical,Unmarried,White,Female,0,0,40,United-States,0
20,Local-gov,188950,Some-college,10,Never-married,Protective-serv,Own-child,White,Male,0,0,25,United-States,0
32,Private,207685,HS-grad,9,Married-civ-spouse,Handlers-cleaners,Wife,Black,Female,3908,0,40,United-States,0
28,Private,55191,Assoc-acdm,12,Never-married,Handlers-cleaners,Not-in-family,White,Male,0,0,45,United-States,0
46,Private,239439,HS-grad,9,Separated,Machine-op-inspct,Own-child,Black,Female,0,0,40,United-States,0
57,Local-gov,323309,7th-8th,4,Divorced,Other-service,Not-in-family,White,Male,0,0,40,United-States,0
47,State-gov,469907,Assoc-acdm,12,Married-civ-spouse,Protective-serv,Husband,White,Male,0,1740,40,United-States,0
25,Private,29599,HS-grad,9,Never-married,Farming-fishing,Not-in-family,White,Male,0,0,40,United-States,0
62,Private,368476,5th-6th,3,Married-civ-spouse,Farming-fishing,Husband,White,Male,0,0,24,Mexico,0
61,Self-emp-inc,119986,Bachelors,13,Married-civ-spouse,Sales,Husband,White,Male,0,0,50,United-States,0
49,Private,40000,Bachelors,13,Married-civ-spouse,Sales,Husband,White,Male,4064,0,44,United-States,0
49,Self-emp-inc,94606,Doctorate,16,Married-civ-spouse,Prof-specialty,Husband,Black,Male,0,0,60,United-States,1
40,Self-emp-inc,33126,Masters,14,Married-civ-spouse,Craft-repair,Husband,White,Male,0,0,50,United-States,0
43,Local-gov,169203,Assoc-voc,11,Never-married,Adm-clerical,Not-in-family,White,Female,0,0,35,United-States,0
29,Private,228860,Some-college,10,Married-civ-spouse,Other-service,Husband,White,Male,0,0,35,United-States,0
24,Private,246207,Bachelors,13,Never-married,Machine-op-inspct,Own-child,Black,Female,0,0,40,United-States,0
19,Private,45381,Some-college,10,Never-married,Adm-clerical,Own-child,White,Female,0,0,8,United-States,0
18,Private,318082,Some-college,10,Never-married,Sales,Own-child,White,Male,0,0,35,United-States,0
47,Self-emp-not-inc,131826,Some-college,10,Married-civ-spouse,Sales,Husband,White,Male,0,0,40,United-States,0
55,Private,188917,HS-grad,9,Divorced,Handlers-cleaners,Not-in-family,White,Female,0,0,40,United-States,0
20,Private,301199,Some-college,10,Never-married,Other-service,Own-child,White,Female,0,0,24,United-States,0
24,Private,190015,HS-grad,9,Never-married,Sales,Own-child,White,Male,0,0,40,United-States,0
20,Private,82777,Some-college,10,Never-married,Sales,Own-child,White,Male,0,0,16,United-States,0
34,Private,180284,Some-college,10,Married-civ-spouse,Farming-fishing,Husband,White,Male,0,0,40,United-States,1
32,Private,185410,HS-grad,9,Never-married,Adm-clerical,Not-in-family,White,Female,0,0,40,United-States,0
44,Private,116632,Assoc-acdm,12,Never-married,Farming-fishing,Own-child,White,Male,0,0,40,United-States,0
22,State-gov,232742,Some-college,10,Never-married,Adm-clerical,Unmarried,Black,Female,0,0,40,United-States,0
39,Private,194404,Masters,14,Married-civ-spouse,Prof-specialty,Husband,White,Male,7688,0,40,United-States,1
22,Private,58222,HS-grad,9,Married-civ-spouse,Craft-repair,Husband,White,Male,0,0,40,United-States,0
30,Private,35644,HS-grad,9,Never-married,Other-service,Own-child,White,Male,0,0,10,United-States,0
31,Private,103435,Bachelors,13,Married-civ-spouse,Sales,Husband,White,Male,0,0,50,United-States,1
46,Private,153254,HS-grad,9,Married-civ-spouse,Machine-op-inspct,Husband,Black,Male,0,0,40,United-States,0
46,Local-gov,398986,Doctorate,16,Married-civ-spouse,Prof-specialty,Wife,White,Female,0,1902,52,United-States,1
34,Private,248795,HS-grad,9,Never-married,Machine-op-inspct,Not-in-family,White,Female,0,0,45,United-States,0
39,Private,31670,HS-grad,9,Married-civ-spouse,Farming-fishing,Husband,White,Male,0,0,65,United-States,0
51,Local-gov,123011,Masters,14,Married-civ-spouse,Prof-specialty,Husband,White,Male,0,1977,35,United-States,1
19,Private,459248,HS-grad,9,Never-married,Handlers-cleaners,Not-in-family,White,Male,0,0,30,United-States,0
34,Local-gov,226296,Bachelors,13,Married-civ-spouse,Protective-serv,Husband,White,Male,0,0,40,United-States,1
31,Private,236861,HS-grad,9,Married-civ-spouse,Craft-repair,Husband,White,Male,0,0,60,United-States,0
47,Local-gov,171095,Assoc-acdm,12,Married-civ-spouse,Adm-clerical,Wife,White,Female,0,0,35,United-States,1
20,Private,146706,Some-college,10,Married-civ-spouse,Sales,Other-relative,White,Female,0,0,30,United-States,0
42,Self-emp-inc,277488,Prof-school,15,Married-civ-spouse,Prof-specialty,Husband,White,Male,15024,0,65,United-States,1
33,Private,91666,12th,8,Divorced,Exec-managerial,Not-in-family,White,Male,0,0,40,United-States,0
38,Private,266325,Bachelors,13,Married-civ-spouse,Prof-specialty,Wife,White,Female,0,0,32,United-States,1
51,Private,207449,Bachelors,13,Married-civ-spouse,Exec-managerial,Husband,White,Male,0,0,55,United-States,0
56,Self-emp-not-inc,175964,Some-college,10,Divorced,Other-service,Not-in-family,White,Female,0,0,40,United-States,0
31,Private,187203,HS-grad,9,Never-married,Sales,Other-relative,White,Male,0,0,40,United-States,0
31,Private,184307,Some-college,10,Divorced,Craft-repair,Not-in-family,White,Male,0,0,40,United-States,0
42,State-gov,219553,Masters,14,Divorced,Prof-specialty,Not-in-family,White,Female,0,0,38,United-States,0
22,Private,310152,Some-college,10,Never-married,Transport-moving,Not-in-family,White,Male,0,0,40,United-States,0
33,Private,554206,Some-college,10,Never-married,Tech-support,Not-in-family,Black,Male,0,0,40,Philippines,0
48,Private,96798,Masters,14,Divorced,Sales,Not-in-family,White,Male,0,0,35,United-States,0
31,Private,329874,Some-college,10,Never-married,Adm-clerical,Not-in-family,White,Male,0,0,40,United-States,0
32,Private,123429,10th,6,Separated,Craft-repair,Not-in-family,White,Male,0,0,40,United-States,0
47,Private,46044,Masters,14,Married-civ-spouse,Exec-managerial,Husband,White,Male,0,0,40,United-States,0
35,Federal-gov,226916,Bachelors,13,Widowed,Adm-clerical,Not-in-family,White,Male,0,0,40,United-States,1
64,Local-gov,113324,HS-grad,9,Widowed,Exec-managerial,Not-in-family,White,Male,0,0,40,United-States,0
39,Private,164898,HS-grad,9,Married-civ-spouse,Craft-repair,Husband,White,Male,0,0,40,United-States,0
23,Private,278107,HS-grad,9,Married-civ-spouse,Machine-op-inspct,Husband,White,Male,0,1573,30,United-States,0
42,Private,251795,Some-college,10,Married-civ-spouse,Prof-specialty,Wife,White,Female,0,0,50,United-States,1
57,Self-emp-inc,244605,Some-college,10,Married-civ-spouse,Sales,Husband,White,Male,0,0,50,United-States,1
47,Private,166634,Some-college,10,Divorced,Exec-managerial,Unmarried,White,Female,0,0,40,Germany,0
40,Private,277647,Bachelors,13,Married-civ-spouse,Prof-specialty,Husband,White,Male,0,0,40,United-States,1
39,Private,74194,HS-grad,9,Married-civ-spouse,Exec-managerial,Husband,White,Male,0,0,55,United-States,0
31,Self-emp-inc,113530,HS-grad,9,Never-married,Craft-repair,Not-in-family,White,Male,0,0,45,United-States,0
33,State-gov,243678,Some-college,10,Never-married,Tech-support,Not-in-family,White,Female,0,0,40,United-States,0
50,Self-emp-inc,207246,Some-college,10,Separated,Exec-managerial,Unmarried,White,Female,0,0,75,United-States,0
19,State-gov,156294,Some-college,10,Never-married,Prof-specialty,Own-child,White,Male,0,0,25,United-States,0
24,Private,254767,7th-8th,4,Married-civ-spouse,Farming-fishing,Husband,White,Male,2105,0,50,United-States,0
55,Private,89182,12th,8,Divorced,Machine-op-inspct,Not-in-family,White,Female,0,0,40,Italy,0
29,Private,216481,Masters,14,Married-civ-spouse,Exec-managerial,Wife,White,Female,0,0,40,United-States,1
50,Private,270194,Bachelors,13,Married-civ-spouse,Exec-managerial,Husband,White,Male,0,0,60,United-States,0
34,Private,163110,Bachelors,13,Married-civ-spouse,Craft-repair,Husband,White,Male,0,0,45,United-States,1
40,State-gov,150874,Masters,14,Divorced,Exec-managerial,Unmarried,White,Female,1506,0,40,United-States,0
66,Private,169804,Bachelors,13,Married-civ-spouse,Sales,Husband,White,Male,20051,0,40,United-States,1
36,Private,131459,7th-8th,4,Married-civ-spouse,Craft-repair,Husband,White,Male,0,0,40,United-States,0
61,Private,29059,HS-grad,9,Divorced,Sales,Unmarried,White,Female,0,2754,25,United-States,0
75,Self-emp-not-inc,165968,Assoc-voc,11,Widowed,Exec-managerial,Not-in-family,White,Female,0,0,30,United-States,0
37,Private,169426,HS-grad,9,Married-civ-spouse,Craft-repair,Husband,White,Male,0,0,60,United-States,1
25,Private,187653,HS-grad,9,Never-married,Handlers-cleaners,Not-in-family,White,Male,0,0,48,United-States,0
52,Private,175714,Assoc-acdm,12,Married-civ-spouse,Exec-managerial,Husband,White,Male,0,0,55,United-States,1
45,Private,54744,Some-college,10,Married-civ-spouse,Craft-repair,Husband,White,Male,0,1848,40,United-States,1
51,Local-gov,168539,Bachelors,13,Married-civ-spouse,Exec-managerial,Husband,White,Male,0,0,50,United-States,1
35,Federal-gov,287658,Some-college,10,Married-civ-spouse,Protective-serv,Husband,Black,Male,0,0,40,United-States,1
18,Private,198614,11th,7,Never-married,Sales,Own-child,Black,Female,0,0,8,United-States,0
21,Federal-gov,181096,Some-college,10,Never-married,Tech-support,Own-child,Black,Male,0,0,20,United-States,0
34,Private,180284,Some-college,10,Married-civ-spouse,Handlers-cleaners,Husband,White,Male,0,0,50,United-States,0
27,Self-emp-not-inc,212041,Bachelors,13,Never-married,Sales,Not-in-family,White,Male,0,0,50,United-States,0
62,Private,167098,Bachelors,13,Married-civ-spouse,Exec-managerial,Husband,White,Male,0,0,40,United-States,1
45,State-gov,312678,Masters,14,Never-married,Adm-clerical,Not-in-family,Black,Male,0,0,38,United-States,0
36,Private,148581,HS-grad,9,Married-civ-spouse,Craft-repair,Husband,White,Male,0,0,55,United-States,1
56,Self-emp-not-inc,84774,Assoc-acdm,12,Married-civ-spouse,Farming-fishing,Wife,White,Female,0,0,40,United-States,0
33,Private,206280,HS-grad,9,Never-married,Adm-clerical,Not-in-family,Black,Male,0,0,40,United-States,0
46,Private,149388,Bachelors,13,Married-civ-spouse,Craft-repair,Husband,White,Male,0,0,40,United-States,1
21,Private,202125,HS-grad,9,Never-married,Other-service,Not-in-family,White,Male,0,0,40,United-States,0
53,Federal-gov,39643,HS-grad,9,Widowed,Exec-managerial,Not-in-family,White,Female,0,0,58,United-States,0
45,Private,200471,HS-grad,9,Married-civ-spouse,Adm-clerical,Husband,White,Male,0,0,35,United-States,0
22,Private,320451,Some-college,10,Never-married,Protective-serv,Own-child,Asian-Pac-Islander,Male,0,0,24,India,0
35,Private,246829,HS-grad,9,Divorced,Exec-managerial,Unmarried,White,Female,0,0,40,United-States,0
59,Private,189721,Bachelors,13,Married-civ-spouse,Handlers-cleaners,Husband,White,Male,0,0,40,Italy,1
30,Private,609789,11th,7,Married-civ-spouse,Farming-fishing,Husband,White,Male,0,0,60,Mexico,0
35,Private,150217,Bachelors,13,Married-civ-spouse,Other-service,Wife,White,Female,0,0,24,Poland,0
20,Private,27337,HS-grad,9,Never-married,Handlers-cleaners,Own-child,Amer-Indian-Eskimo,Male,0,0,48,United-States,0
21,Private,148211,HS-grad,9,Never-married,Handlers-cleaners,Not-in-family,White,Male,3674,0,50,United-States,0
67,Private,224984,HS-grad,9,Widowed,Adm-clerical,Not-in-family,White,Female,15831,0,16,Germany,1
40,Self-emp-not-inc,237293,Prof-school,15,Married-civ-spouse,Prof-specialty,Wife,White,Female,15024,0,40,United-States,1
51,Self-emp-inc,208302,Assoc-acdm,12,Married-civ-spouse,Sales,Husband,White,Male,0,0,38,United-States,1
32,Private,202952,HS-grad,9,Married-civ-spouse,Adm-clerical,Husband,White,Male,0,0,40,United-States,0
37,Private,187748,Some-college,10,Married-civ-spouse,Craft-repair,Husband,White,Male,0,0,40,United-States,0
28,Local-gov,168524,Masters,14,Married-civ-spouse,Prof-specialty,Wife,White,Female,7688,0,35,United-States,1
53,Private,539864,Some-college,10,Divorced,Craft-repair,Not-in-family,White,Male,0,0,20,United-States,0
46,Local-gov,230979,Bachelors,13,Divorced,Prof-specialty,Not-in-family,White,Female,4787,0,25,United-States,1
42,Federal-gov,153143,Some-college,10,Divorced,Adm-clerical,Other-relative,White,Female,0,0,40,Puerto-Rico,0
43,Private,145441,Bachelors,13,Married-civ-spouse,Exec-managerial,Husband,White,Male,0,0,50,United-States,1
21,Private,244312,9th,5,Never-married,Craft-repair,Own-child,White,Male,0,0,30,El-Salvador,0
39,Private,240841,Some-college,10,Never-married,Other-service,Not-in-family,White,Female,0,0,25,United-States,0
19,Private,451951,HS-grad,9,Never-married,Sales,Not-in-family,White,Female,0,0,40,United-States,0
34,Private,344073,HS-grad,9,Separated,Adm-clerical,Not-in-family,White,Male,0,0,40,United-States,1
22,Private,304710,Bachelors,13,Never-married,Adm-clerical,Not-in-family,Asian-Pac-Islander,Female,0,0,10,Vietnam,0
20,Private,249543,Some-college,10,Never-married,Protective-serv,Own-child,White,Female,0,0,16,United-States,0
39,Private,74194,HS-grad,9,Never-married,Farming-fishing,Unmarried,White,Male,0,0,40,United-States,0
52,Private,94988,5th-6th,3,Never-married,Handlers-cleaners,Not-in-family,White,Male,0,0,50,United-States,0
33,Private,318982,Some-college,10,Married-civ-spouse,Exec-managerial,Husband,White,Male,0,0,45,United-States,1
40,Private,171424,HS-grad,9,Divorced,Transport-moving,Not-in-family,White,Male,0,0,40,United-States,0
33,Private,198452,Assoc-acdm,12,Divorced,Sales,Not-in-family,White,Female,0,0,45,United-States,0
40,Private,102606,Masters,14,Married-civ-spouse,Exec-managerial,Husband,White,Male,0,0,40,United-States,1
35,Private,107302,Masters,14,Married-civ-spouse,Sales,Husband,White,Male,0,0,40,India,0
31,Private,62374,HS-grad,9,Married-civ-spouse,Prof-specialty,Husband,White,Male,0,0,50,United-States,0
47,Self-emp-not-inc,370119,Bachelors,13,Married-civ-spouse,Sales,Husband,White,Male,15024,0,50,United-States,1
28,Private,111900,Assoc-acdm,12,Married-civ-spouse,Sales,Husband,White,Male,0,0,30,United-States,0
49,Private,164799,HS-grad,9,Married-civ-spouse,Machine-op-inspct,Husband,White,Male,0,0,40,United-States,1
50,Private,234657,Some-college,10,Divorced,Adm-clerical,Unmarried,White,Female,0,0,40,United-States,0
36,Private,162164,HS-grad,9,Married-civ-spouse,Craft-repair,Husband,White,Male,0,0,44,United-States,0
58,Private,136951,Bachelors,13,Married-civ-spouse,Adm-clerical,Husband,Asian-Pac-Islander,Male,0,0,40,Philippines,0
27,Private,85625,Some-college,10,Never-married,Sales,Not-in-family,White,Male,0,0,20,United-States,0
34,Private,422836,HS-grad,9,Divorced,Prof-specialty,Unmarried,White,Male,0,0,40,Mexico,0
34,Private,260560,HS-grad,9,Married-civ-spouse,Exec-managerial,Husband,White,Male,0,0,50,United-States,0
44,Private,173888,7th-8th,4,Married-civ-spouse,Transport-moving,Husband,White,Male,0,0,80,United-States,1
40,Private,170730,HS-grad,9,Married-civ-spouse,Craft-repair,Husband,White,Male,0,0,50,United-States,0
25,Private,259688,11th,7,Married-civ-spouse,Craft-repair,Husband,White,Male,0,0,50,United-States,0
39,Local-gov,473547,10th,6,Divorced,Handlers-cleaners,Own-child,Black,Male,0,0,40,United-States,0
45,Private,174533,Some-college,10,Married-civ-spouse,Transport-moving,Husband,White,Male,7298,0,50,United-States,1
23,Self-emp-not-inc,121313,HS-grad,9,Never-married,Craft-repair,Own-child,White,Male,0,0,40,United-States,0
47,Private,102771,HS-grad,9,Married-civ-spouse,Transport-moving,Husband,White,Male,0,0,50,United-States,0
20,Private,211293,Some-college,10,Never-married,Sales,Own-child,Black,Female,0,0,14,United-States,0
39,Self-emp-not-inc,230329,Some-college,10,Never-married,Prof-specialty,Not-in-family,White,Male,0,1564,12,United-States,1
29,Private,197288,HS-grad,9,Married-civ-spouse,Adm-clerical,Wife,Black,Female,0,0,40,United-States,0
48,Private,202467,Bachelors,13,Married-civ-spouse,Prof-specialty,Husband,White,Male,0,1485,40,United-States,1
42,Private,162003,HS-grad,9,Divorced,Machine-op-inspct,Not-in-family,White,Male,0,0,55,United-States,0
25,Private,176729,HS-grad,9,Married-civ-spouse,Craft-repair,Husband,White,Male,0,0,40,United-States,1
58,Private,310320,Bachelors,13,Married-civ-spouse,Exec-managerial,Husband,White,Male,0,0,40,United-States,1
27,Private,154210,11th,7,Married-spouse-absent,Sales,Own-child,Asian-Pac-Islander,Male,0,0,35,India,0
42,Private,251229,Bachelors,13,Married-civ-spouse,Transport-moving,Husband,White,Male,0,0,40,United-States,0
59,Private,135647,11th,7,Married-civ-spouse,Sales,Husband,White,Male,0,0,60,United-States,0
18,Private,27780,HS-grad,9,Never-married,Sales,Own-child,White,Female,0,0,25,United-States,0
29,Private,182521,HS-grad,9,Never-married,Craft-repair,Not-in-family,Amer-Indian-Eskimo,Male,0,0,40,United-States,0
42,State-gov,219682,Masters,14,Divorced,Exec-managerial,Not-in-family,White,Male,0,0,45,United-States,0
17,Private,266134,10th,6,Never-married,Other-service,Own-child,White,Male,0,0,12,United-States,0
28,Private,263015,10th,6,Married-civ-spouse,Craft-repair,Husband,White,Male,0,0,40,United-States,0
36,Local-gov,113337,Some-college,10,Married-civ-spouse,Tech-support,Husband,White,Male,0,0,42,United-States,1
79,Self-emp-inc,97082,12th,8,Widowed,Sales,Not-in-family,White,Male,18481,0,45,United-States,1
30,Private,403433,Bachelors,13,Never-married,Prof-specialty,Not-in-family,Black,Male,0,0,50,United-States,1
41,Federal-gov,130760,Bachelors,13,Married-civ-spouse,Tech-support,Husband,White,Male,0,0,24,United-States,0
43,Private,167265,Bachelors,13,Married-civ-spouse,Craft-repair,Husband,White,Male,0,0,84,United-States,1
42,State-gov,102343,Prof-school,15,Married-civ-spouse,Prof-specialty,Husband,Asian-Pac-Islander,Male,0,0,72,India,1
24,State-gov,232918,Bachelors,13,Never-married,Prof-specialty,Not-in-family,White,Male,0,0,20,United-States,0
47,Private,155124,Assoc-voc,11,Divorced,Prof-specialty,Not-in-family,White,Female,0,1669,40,United-States,0
33,Self-emp-inc,49795,Bachelors,13,Never-married,Prof-specialty,Not-in-family,White,Male,0,0,45,United-States,0
20,Private,637080,Some-college,10,Never-married,Sales,Not-in-family,White,Male,0,0,25,United-States,0
20,Private,70240,HS-grad,9,Never-married,Sales,Own-child,Asian-Pac-Islander,Female,0,0,24,Philippines,0
41,Private,29762,HS-grad,9,Married-civ-spouse,Craft-repair,Husband,White,Male,0,0,52,United-States,1
23,Federal-gov,41356,Assoc-acdm,12,Never-married,Exec-managerial,Unmarried,White,Female,0,0,32,United-States,0
48,Private,193075,HS-grad,9,Divorced,Sales,Own-child,White,Female,0,0,20,United-States,0
54,Private,215990,Masters,14,Married-civ-spouse,Exec-managerial,Husband,White,Male,0,1887,44,United-States,1
64,Private,110150,HS-grad,9,Married-civ-spouse,Protective-serv,Husband,White,Male,0,0,40,United-States,0
18,Private,201871,12th,8,Never-married,Other-service,Own-child,White,Male,0,0,20,United-States,0
22,Private,203240,10th,6,Never-married,Adm-clerical,Not-in-family,White,Female,0,0,40,United-States,0
38,Private,270985,Some-college,10,Married-civ-spouse,Exec-managerial,Husband,Black,Male,0,0,50,United-States,0
19,Private,236940,HS-grad,9,Never-married,Farming-fishing,Own-child,White,Male,0,0,40,United-States,0
61,Local-gov,28375,Masters,14,Divorced,Prof-specialty,Not-in-family,White,Female,0,0,70,United-States,0
30,Private,241259,Assoc-voc,11,Married-civ-spouse,Transport-moving,Husband,White,Male,0,0,40,United-States,0
27,Private,85251,Some-college,10,Married-civ-spouse,Transport-moving,Husband,White,Male,0,0,45,United-States,0
47,Private,343579,HS-grad,9,Married-civ-spouse,Other-service,Husband,White,Male,0,0,40,Mexico,0
62,Local-gov,197218,HS-grad,9,Widowed,Other-service,Not-in-family,White,Female,0,0,18,United-States,0
42,Private,107276,Some-college,10,Never-married,Exec-managerial,Not-in-family,White,Female,0,2444,40,United-States,1
31,Private,150324,11th,7,Divorced,Farming-fishing,Not-in-family,White,Male,0,0,50,United-States,0
31,Private,83425,Some-college,10,Never-married,Adm-clerical,Unmarried,White,Female,0,0,40,United-States,0
39,Federal-gov,82622,Bachelors,13,Never-married,Adm-clerical,Not-in-family,White,Male,0,0,45,United-States,0
39,Private,144169,HS-grad,9,Married-civ-spouse,Sales,Husband,White,Male,0,0,50,United-States,1
28,Private,294936,Bachelors,13,Married-civ-spouse,Prof-specialty,Husband,White,Male,0,0,45,United-States,0
18,Private,343059,Some-college,10,Never-married,Sales,Own-child,White,Female,0,0,40,United-States,0
47,Private,176239,Some-college,10,Widowed,Prof-specialty,Unmarried,White,Female,0,0,40,United-States,0
59,Private,245196,10th,6,Married-civ-spouse,Transport-moving,Husband,Black,Male,0,0,40,United-States,1
26,Local-gov,205570,HS-grad,9,Married-civ-spouse,Craft-repair,Husband,White,Male,0,0,40,United-States,0
28,Self-emp-inc,32922,Assoc-voc,11,Never-married,Sales,Not-in-family,White,Male,0,0,60,United-States,0
44,Self-emp-not-inc,187164,HS-grad,9,Divorced,Transport-moving,Unmarried,White,Male,0,0,60,United-States,0
35,Private,170617,HS-grad,9,Never-married,Machine-op-inspct,Unmarried,Black,Female,0,0,48,United-States,0
31,Private,156743,Masters,14,Married-civ-spouse,Sales,Husband,White,Male,0,0,76,United-States,1
27,Private,145784,Some-college,10,Married-civ-spouse,Adm-clerical,Wife,Amer-Indian-Eskimo,Female,0,0,45,United-States,0
57,Private,158077,Bachelors,13,Married-civ-spouse,Sales,Wife,White,Female,0,0,40,United-States,0
23,Private,240160,Assoc-acdm,12,Never-married,Prof-specialty,Own-child,White,Male,0,0,40,United-States,0
90,Private,221832,Bachelors,13,Married-civ-spouse,Exec-managerial,Husband,White,Male,0,0,45,United-States,0
36,Private,76417,HS-grad,9,Married-civ-spouse,Craft-repair,Husband,White,Male,0,0,52,United-States,0
50,Private,133963,Bachelors,13,Married-civ-spouse,Prof-specialty,Wife,White,Female,0,1977,40,United-States,1
55,Federal-gov,113398,Some-college,10,Never-married,Adm-clerical,Unmarried,White,Male,0,0,40,United-States,0
21,Self-emp-inc,265116,Some-college,10,Never-married,Exec-managerial,Not-in-family,White,Male,0,0,40,United-States,0
37,Self-emp-not-inc,154410,Masters,14,Never-married,Exec-managerial,Not-in-family,White,Male,0,0,40,United-States,0
28,Private,47168,10th,6,Never-married,Machine-op-inspct,Own-child,White,Female,0,0,40,United-States,0
30,Local-gov,118500,Some-college,10,Divorced,Adm-clerical,Unmarried,White,Female,0,0,40,United-States,0
46,Private,114797,HS-grad,9,Married-civ-spouse,Machine-op-inspct,Wife,Black,Female,0,0,36,United-States,0
32,Private,118551,HS-grad,9,Divorced,Other-service,Unmarried,White,Female,0,0,80,United-States,0
31,Private,124827,Assoc-voc,11,Married-civ-spouse,Sales,Husband,White,Male,0,0,40,United-States,1
31,Private,223046,HS-grad,9,Married-civ-spouse,Transport-moving,Husband,White,Male,0,0,60,United-States,0
32,Private,167990,Masters,14,Never-married,Exec-managerial,Not-in-family,White,Male,14084,0,40,United-States,1
17,Private,153021,12th,8,Never-married,Sales,Own-child,White,Female,0,0,20,United-States,0
24,Private,321666,Assoc-acdm,12,Never-married,Machine-op-inspct,Own-child,White,Male,0,0,20,United-States,0
38,Private,29874,Assoc-voc,11,Married-civ-spouse,Craft-repair,Husband,White,Male,0,0,40,United-States,0
35,Private,222868,HS-grad,9,Married-civ-spouse,Adm-clerical,Husband,White,Male,0,0,40,United-States,0
38,Private,169926,Assoc-acdm,12,Married-civ-spouse,Exec-managerial,Wife,White,Female,0,1902,40,United-States,1
24,Private,23438,Assoc-voc,11,Never-married,Adm-clerical,Not-in-family,White,Male,0,0,30,United-States,1
43,Private,401623,Some-college,10,Married-civ-spouse,Tech-support,Husband,Black,Male,0,0,40,Jamaica,1
29,Private,83003,HS-grad,9,Married-civ-spouse,Other-service,Wife,White,Female,0,0,40,United-States,0
36,Private,167482,10th,6,Never-married,Handlers-cleaners,Not-in-family,White,Male,0,0,40,United-States,0
32,Private,340940,Bachelors,13,Married-civ-spouse,Exec-managerial,Husband,White,Male,0,0,40,United-States,0
39,Private,290922,Masters,14,Never-married,Prof-specialty,Own-child,White,Female,0,0,40,United-States,0
53,Private,129525,Bachelors,13,Married-civ-spouse,Exec-managerial,Husband,White,Male,0,0,50,United-States,1
39,Private,129597,Bachelors,13,Married-civ-spouse,Sales,Husband,White,Male,3464,0,40,United-States,0
36,Federal-gov,239074,Assoc-acdm,12,Married-civ-spouse,Other-service,Husband,White,Male,0,0,40,United-States,0
55,Local-gov,107308,Masters,14,Married-civ-spouse,Prof-specialty,Husband,White,Male,0,0,40,United-States,1
45,Self-emp-inc,212954,Some-college,10,Married-civ-spouse,Farming-fishing,Husband,White,Male,0,0,50,United-States,0
17,Private,93235,12th,8,Never-married,Other-service,Own-child,White,Female,0,1721,25,United-States,0
31,Private,349148,HS-grad,9,Married-civ-spouse,Craft-repair,Husband,White,Male,0,0,40,United-States,1
25,Private,193820,Masters,14,Never-married,Prof-specialty,Own-child,White,Female,0,0,35,United-States,0
38,Private,202683,HS-grad,9,Never-married,Adm-clerical,Not-in-family,White,Male,0,0,40,United-States,0
53,Private,167033,Some-college,10,Never-married,Exec-managerial,Not-in-family,Black,Female,0,0,40,United-States,0
38,Private,338320,Bachelors,13,Married-civ-spouse,Prof-specialty,Husband,White,Male,0,0,40,Canada,0
60,Private,160339,Some-college,10,Married-civ-spouse,Craft-repair,Husband,White,Male,0,0,40,Columbia,0
43,Private,350661,Prof-school,15,Separated,Tech-support,Not-in-family,White,Male,0,0,50,Columbia,1
47,Local-gov,128401,Doctorate,16,Never-married,Prof-specialty,Unmarried,White,Female,0,0,40,United-States,0
67,Local-gov,256821,HS-grad,9,Divorced,Protective-serv,Not-in-family,Black,Male,0,0,20,United-States,0
29,Private,151382,Assoc-voc,11,Divorced,Handlers-cleaners,Unmarried,White,Male,0,0,50,United-States,0
35,Private,30381,Bachelors,13,Married-civ-spouse,Sales,Husband,White,Male,0,0,45,United-States,1
42,Self-emp-not-inc,185129,Prof-school,15,Married-civ-spouse,Prof-specialty,Husband,White,Male,0,1887,40,United-States,1
36,Self-emp-not-inc,147258,Assoc-voc,11,Married-civ-spouse,Farming-fishing,Husband,White,Male,0,0,60,United-States,1
50,Private,208630,Masters,14,Divorced,Sales,Not-in-family,White,Female,0,0,50,United-States,1
53,Private,285621,Masters,14,Married-civ-spouse,Adm-clerical,Wife,White,Female,0,0,40,United-States,1
54,Local-gov,238257,Bachelors,13,Never-married,Prof-specialty,Not-in-family,White,Male,0,0,50,United-States,0
29,Private,632593,HS-grad,9,Married-civ-spouse,Craft-repair,Husband,Black,Male,0,0,40,United-States,0
42,Local-gov,109684,Masters,14,Never-married,Prof-specialty,Not-in-family,White,Female,0,1741,35,United-States,0
37,Private,212826,HS-grad,9,Married-civ-spouse,Other-service,Husband,Black,Male,0,0,40,United-States,0
25,Private,251915,Bachelors,13,Never-married,Sales,Own-child,White,Female,0,0,40,United-States,0
36,Private,306567,HS-grad,9,Married-civ-spouse,Transport-moving,Wife,White,Female,0,0,40,United-States,1
41,Self-emp-not-inc,143129,Bachelors,13,Divorced,Exec-managerial,Not-in-family,White,Female,0,0,40,United-States,0
39,Private,165186,Some-college,10,Married-civ-spouse,Farming-fishing,Husband,White,Male,0,0,45,United-States,0
66,Private,167711,HS-grad,9,Widowed,Sales,Not-in-family,White,Female,0,0,40,United-States,1
23,Private,31606,HS-grad,9,Never-married,Adm-clerical,Unmarried,White,Female,0,0,40,United-States,0
42,Private,142756,Some-college,10,Divorced,Adm-clerical,Unmarried,White,Female,0,0,35,United-States,0
58,Private,417419,7th-8th,4,Divorced,Machine-op-inspct,Own-child,White,Male,0,0,40,United-States,0
53,Private,191565,1st-4th,2,Divorced,Other-service,Unmarried,Black,Female,0,0,40,Dominican-Republic,0
18,Private,165532,Some-college,10,Never-married,Sales,Own-child,White,Male,0,0,15,United-States,0
38,Private,252662,Bachelors,13,Divorced,Exec-managerial,Not-in-family,White,Male,0,0,40,United-States,0
24,State-gov,90046,Some-college,10,Never-married,Other-service,Not-in-family,White,Female,0,0,40,Canada,0
53,Local-gov,287192,1st-4th,2,Married-civ-spouse,Other-service,Husband,White,Male,0,0,32,Mexico,0
35,Private,188972,HS-grad,9,Widowed,Exec-managerial,Unmarried,White,Female,0,0,30,United-States,0
18,Private,79443,9th,5,Never-married,Machine-op-inspct,Own-child,White,Male,0,0,40,Mexico,0
38,Private,203836,HS-grad,9,Married-civ-spouse,Sales,Husband,White,Male,3464,0,40,Columbia,0
22,Private,355686,Some-college,10,Never-married,Adm-clerical,Not-in-family,White,Female,0,0,40,United-States,0
38,Private,82552,HS-grad,9,Never-married,Handlers-cleaners,Not-in-family,White,Male,594,0,50,United-States,0
40,Private,145504,HS-grad,9,Married-civ-spouse,Farming-fishing,Husband,Black,Male,0,0,40,United-States,0
54,Local-gov,182388,HS-grad,9,Married-civ-spouse,Other-service,Wife,White,Female,0,0,35,United-States,0
21,Private,83033,Some-college,10,Never-married,Other-service,Not-in-family,White,Female,0,0,25,Germany,0
18,Private,169652,11th,7,Never-married,Other-service,Own-child,White,Female,0,0,12,United-States,0
38,Private,258888,Some-college,10,Married-civ-spouse,Adm-clerical,Wife,White,Female,0,0,35,United-States,1
51,Private,241346,HS-grad,9,Divorced,Adm-clerical,Not-in-family,White,Female,0,0,43,United-States,0
34,Private,375680,Assoc-acdm,12,Never-married,Craft-repair,Own-child,Black,Female,0,0,40,United-States,0
44,Private,197344,HS-grad,9,Never-married,Handlers-cleaners,Not-in-family,White,Male,0,0,50,United-States,0
48,Private,141483,Some-college,10,Divorced,Exec-managerial,Unmarried,White,Female,0,0,40,United-States,0
19,Private,361341,12th,8,Never-married,Prof-specialty,Not-in-family,Asian-Pac-Islander,Female,0,0,25,Thailand,0
36,Private,309122,HS-grad,9,Divorced,Adm-clerical,Unmarried,White,Female,0,0,35,United-States,0
33,Private,176711,HS-grad,9,Never-married,Adm-clerical,Not-in-family,White,Male,0,0,40,United-States,0
45,Private,99971,HS-grad,9,Married-civ-spouse,Transport-moving,Husband,White,Male,0,0,50,United-States,0
38,Private,129102,HS-grad,9,Married-civ-spouse,Exec-managerial,Husband,White,Male,0,0,50,United-States,0
46,Private,368561,Bachelors,13,Married-civ-spouse,Sales,Husband,White,Male,0,0,55,United-States,1
28,Private,469864,Bachelors,13,Never-married,Prof-specialty,Not-in-family,Black,Male,0,0,40,United-States,0
39,Self-emp-inc,180804,HS-grad,9,Married-civ-spouse,Exec-managerial,Husband,White,Male,0,0,40,United-States,1
33,Private,178506,HS-grad,9,Divorced,Adm-clerical,Not-in-family,Black,Female,0,0,40,United-States,0
38,Local-gov,236687,Some-college,10,Never-married,Prof-specialty,Own-child,White,Male,0,0,40,United-States,0
26,Private,274724,Some-college,10,Never-married,Other-service,Other-relative,White,Male,0,0,40,Nicaragua,0
38,Private,153976,HS-grad,9,Married-civ-spouse,Craft-repair,Husband,White,Male,0,0,40,United-States,0
23,Private,403107,5th-6th,3,Never-married,Other-service,Own-child,White,Male,0,0,40,El-Salvador,0
27,Private,137645,Bachelors,13,Never-married,Sales,Not-in-family,Black,Female,0,1590,40,United-States,0
37,Private,61299,Some-college,10,Married-civ-spouse,Craft-repair,Husband,White,Male,0,0,45,United-States,0
32,Private,94235,HS-grad,9,Married-civ-spouse,Craft-repair,Husband,White,Male,0,0,40,United-States,1
19,Private,329130,11th,7,Separated,Other-service,Own-child,White,Female,0,0,40,United-States,0
42,Private,201785,Masters,14,Married-civ-spouse,Sales,Husband,White,Male,0,0,50,United-States,1
26,Private,59306,Bachelors,13,Never-married,Sales,Not-in-family,White,Male,0,0,40,United-States,0
36,Federal-gov,186934,Bachelors,13,Married-civ-spouse,Adm-clerical,Husband,White,Male,0,1848,55,United-States,1
25,Private,322585,HS-grad,9,Never-married,Sales,Not-in-family,White,Male,0,0,45,United-States,0
20,Private,258298,Some-college,10,Never-married,Handlers-cleaners,Own-child,White,Male,0,0,20,United-States,0
20,Private,270436,HS-grad,9,Never-married,Machine-op-inspct,Own-child,White,Male,0,0,40,United-States,0
29,Private,271579,10th,6,Never-married,Craft-repair,Not-in-family,White,Male,0,0,40,Mexico,0
30,Private,54929,HS-grad,9,Married-civ-spouse,Sales,Husband,White,Male,0,0,55,United-States,0
27,State-gov,122660,Bachelors,13,Never-married,Prof-specialty,Own-child,Black,Female,0,0,40,United-States,0
29,Private,130856,Some-college,10,Married-civ-spouse,Craft-repair,Husband,White,Male,0,0,60,United-States,0
28,Private,66473,HS-grad,9,Divorced,Machine-op-inspct,Own-child,White,Male,0,0,40,United-States,0
31,Private,62165,HS-grad,9,Never-married,Other-service,Own-child,Black,Male,0,0,40,United-States,0
27,Private,215504,Bachelors,13,Married-civ-spouse,Sales,Husband,White,Male,0,1848,55,United-States,1
19,Self-emp-inc,170125,HS-grad,9,Never-married,Sales,Own-child,White,Male,0,0,40,United-States,0
34,State-gov,366198,Doctorate,16,Married-civ-spouse,Prof-specialty,Husband,White,Male,0,0,45,Germany,1
47,Private,33865,Some-college,10,Divorced,Exec-managerial,Not-in-family,White,Female,0,0,48,United-States,0
23,Private,138892,HS-grad,9,Never-married,Machine-op-inspct,Own-child,Black,Male,0,0,40,United-States,0
26,Private,252565,10th,6,Married-civ-spouse,Craft-repair,Husband,White,Male,0,0,55,United-States,0
21,Private,147655,HS-grad,9,Never-married,Other-service,Own-child,White,Female,0,0,35,United-States,0
27,State-gov,346406,Bachelors,13,Never-married,Prof-specialty,Unmarried,White,Male,0,0,50,United-States,0
69,Local-gov,122850,10th,6,Married-civ-spouse,Exec-managerial,Husband,White,Male,0,0,20,United-States,0
31,Self-emp-inc,103435,HS-grad,9,Married-civ-spouse,Exec-managerial,Husband,White,Male,0,0,50,United-States,0
32,Private,164197,Bachelors,13,Married-civ-spouse,Exec-managerial,Husband,White,Male,0,0,60,United-States,1
57,Private,182028,Bachelors,13,Married-civ-spouse,Exec-managerial,Wife,White,Female,0,0,40,United-States,0
55,Self-emp-not-inc,53566,Doctorate,16,Divorced,Exec-managerial,Not-in-family,White,Female,0,0,30,United-States,0
28,Private,109001,HS-grad,9,Never-married,Craft-repair,Not-in-family,White,Male,0,0,40,United-States,0
32,Federal-gov,127651,Bachelors,13,Married-civ-spouse,Prof-specialty,Husband,White,Male,0,0,40,United-States,1
21,Private,203924,Some-college,10,Never-married,Adm-clerical,Not-in-family,White,Male,2597,0,45,United-States,0
60,Private,83850,HS-grad,9,Married-civ-spouse,Sales,Husband,White,Male,0,0,40,United-States,0
38,Private,409604,Bachelors,13,Married-civ-spouse,Exec-managerial,Husband,White,Male,15024,0,40,United-States,1
31,Private,47151,HS-grad,9,Never-married,Other-service,Not-in-family,White,Female,0,0,56,United-States,0
43,State-gov,345969,Prof-school,15,Married-civ-spouse,Prof-specialty,Husband,White,Male,0,0,50,United-States,1
30,Private,132601,Bachelors,13,Married-civ-spouse,Exec-managerial,Husband,White,Male,99999,0,50,United-States,1
45,Private,294671,Assoc-voc,11,Married-civ-spouse,Craft-repair,Husband,White,Male,4386,0,38,United-States,1
23,Private,199452,Some-college,10,Never-married,Other-service,Own-child,White,Female,0,0,40,United-States,0
29,Private,283760,Bachelors,13,Never-married,Exec-managerial,Not-in-family,White,Female,0,0,40,United-States,0
47,Self-emp-inc,205100,HS-grad,9,Married-civ-spouse,Prof-specialty,Husband,White,Male,0,0,38,Germany,0
55,State-gov,337599,Some-college,10,Divorced,Adm-clerical,Not-in-family,White,Male,0,0,40,United-States,0
74,Private,129879,HS-grad,9,Widowed,Adm-clerical,Not-in-family,White,Female,15831,0,40,United-States,1
34,Private,197886,Bachelors,13,Married-civ-spouse,Sales,Husband,White,Male,0,0,60,United-States,1
44,Private,408531,HS-grad,9,Divorced,Adm-clerical,Unmarried,White,Female,0,0,40,United-States,1
72,Private,89299,HS-grad,9,Divorced,Other-service,Not-in-family,White,Female,0,0,16,United-States,0
78,Self-emp-not-inc,316261,Bachelors,13,Never-married,Exec-managerial,Not-in-family,White,Male,99999,0,20,United-States,1
24,Private,303296,Some-college,10,Married-civ-spouse,Adm-clerical,Wife,Asian-Pac-Islander,Female,0,0,40,Laos,0
56,Private,279340,11th,7,Separated,Other-service,Not-in-family,Black,Female,0,0,40,United-States,0
21,Private,190227,HS-grad,9,Never-married,Adm-clerical,Unmarried,White,Male,0,0,40,United-States,0
22,Private,208946,Some-college,10,Never-married,Machine-op-inspct,Not-in-family,White,Male,0,0,40,United-States,0
35,Local-gov,230754,Masters,14,Never-married,Prof-specialty,Own-child,Black,Female,0,0,40,United-States,0
49,Federal-gov,233059,Assoc-voc,11,Married-civ-spouse,Craft-repair,Husband,White,Male,0,0,40,United-States,0
44,Self-emp-inc,352971,Bachelors,13,Married-civ-spouse,Exec-managerial,Husband,White,Male,0,0,45,United-States,1
22,Private,59924,HS-grad,9,Never-married,Other-service,Own-child,White,Female,0,0,40,United-States,0
47,Private,118972,HS-grad,9,Married-civ-spouse,Transport-moving,Husband,White,Male,0,0,50,United-States,1
45,Self-emp-not-inc,106110,Some-college,10,Married-civ-spouse,Other-service,Wife,White,Female,0,0,99,United-States,0
73,Local-gov,45784,Some-college,10,Never-married,Prof-specialty,Other-relative,White,Female,0,0,11,United-States,0
28,Private,30912,HS-grad,9,Married-civ-spouse,Other-service,Husband,White,Male,0,0,43,United-States,0
58,Local-gov,223214,HS-grad,9,Married-civ-spouse,Other-service,Husband,White,Male,0,0,40,United-States,0
49,Local-gov,79019,Masters,14,Widowed,Prof-specialty,Unmarried,White,Female,0,0,16,United-States,0
36,Private,215503,HS-grad,9,Never-married,Craft-repair,Not-in-family,White,Male,0,0,65,United-States,0
42,Self-emp-not-inc,166813,Some-college,10,Married-civ-spouse,Farming-fishing,Husband,White,Male,0,0,60,United-States,0
23,Private,302195,Bachelors,13,Married-civ-spouse,Prof-specialty,Husband,White,Male,0,0,40,United-States,0
41,Private,131591,HS-grad,9,Married-civ-spouse,Adm-clerical,Husband,Black,Male,0,0,45,United-States,0
32,Private,101709,Bachelors,13,Married-civ-spouse,Prof-specialty,Husband,Asian-Pac-Islander,Male,0,0,40,United-States,1
43,State-gov,30824,Some-college,10,Divorced,Adm-clerical,Not-in-family,White,Female,0,0,40,United-States,0
25,Private,198870,Bachelors,13,Never-married,Adm-clerical,Own-child,Black,Male,0,0,35,United-States,0
75,Private,316119,Some-college,10,Widowed,Prof-specialty,Not-in-family,White,Female,0,0,8,United-States,0
21,Private,83033,Some-college,10,Never-married,Adm-clerical,Own-child,White,Female,2176,0,20,United-States,0
28,Private,227104,Some-college,10,Divorced,Sales,Not-in-family,White,Male,0,0,30,United-States,0
41,Private,120277,Bachelors,13,Married-civ-spouse,Prof-specialty,Husband,White,Male,0,0,40,United-States,1
27,Private,177057,HS-grad,9,Never-married,Machine-op-inspct,Not-in-family,White,Male,0,0,40,United-States,0
39,Private,181661,HS-grad,9,Married-civ-spouse,Handlers-cleaners,Husband,White,Male,0,0,40,United-States,0
23,Private,322674,Some-college,10,Never-married,Handlers-cleaners,Not-in-family,White,Male,0,0,40,United-States,0
35,Private,289106,Assoc-acdm,12,Separated,Sales,Unmarried,White,Male,0,0,40,United-States,0
29,Private,251905,Assoc-acdm,12,Married-civ-spouse,Craft-repair,Husband,White,Male,0,0,45,United-States,0
33,Private,55699,HS-grad,9,Married-civ-spouse,Transport-moving,Husband,White,Male,3908,0,40,United-States,0
19,Private,160033,Some-college,10,Never-married,Protective-serv,Own-child,White,Female,0,0,30,United-States,0
38,Local-gov,414791,Bachelors,13,Married-civ-spouse,Exec-managerial,Husband,White,Male,0,0,42,United-States,1
24,Private,176189,HS-grad,9,Married-civ-spouse,Machine-op-inspct,Husband,White,Male,0,0,40,United-States,0
23,Private,107801,Bachelors,13,Never-married,Adm-clerical,Own-child,White,Female,0,0,20,United-States,0
49,Local-gov,405309,Assoc-voc,11,Married-civ-spouse,Craft-repair,Husband,White,Male,0,0,40,United-States,1
28,Private,148429,HS-grad,9,Married-civ-spouse,Machine-op-inspct,Husband,White,Male,2885,0,40,United-States,0
42,Self-emp-not-inc,53956,HS-grad,9,Divorced,Exec-managerial,Unmarried,White,Male,0,0,55,United-States,0
47,Federal-gov,31339,Some-college,10,Married-civ-spouse,Adm-clerical,Husband,White,Male,0,0,40,United-States,0
52,Private,155983,Bachelors,13,Married-civ-spouse,Exec-managerial,Husband,White,Male,0,0,40,United-States,1
52,Local-gov,238959,Masters,14,Never-married,Prof-specialty,Not-in-family,White,Male,0,0,32,United-States,1
32,Private,154087,HS-grad,9,Married-civ-spouse,Exec-managerial,Husband,White,Male,0,0,40,United-States,0
47,Self-emp-not-inc,88500,HS-grad,9,Married-civ-spouse,Farming-fishing,Husband,White,Male,0,0,35,United-States,0
45,State-gov,198660,Some-college,10,Married-civ-spouse,Prof-specialty,Husband,White,Male,0,0,40,United-States,1
31,Private,59083,Some-college,10,Married-civ-spouse,Other-service,Husband,White,Male,0,1672,50,United-States,0
34,Private,77271,HS-grad,9,Never-married,Exec-managerial,Unmarried,White,Female,0,0,20,England,0
37,Private,78928,9th,5,Married-civ-spouse,Other-service,Husband,White,Male,3137,0,40,United-States,0
20,Private,373935,HS-grad,9,Never-married,Handlers-cleaners,Own-child,White,Male,0,0,35,United-States,0
32,Private,185732,11th,7,Divorced,Other-service,Unmarried,White,Female,0,0,40,United-States,0
23,Private,27776,Some-college,10,Married-civ-spouse,Transport-moving,Husband,White,Male,0,0,24,United-States,0
19,Private,144161,HS-grad,9,Never-married,Transport-moving,Own-child,White,Male,0,0,30,United-States,0
69,Self-emp-inc,69209,Bachelors,13,Married-civ-spouse,Machine-op-inspct,Husband,White,Male,3818,0,30,United-States,0
41,Private,118721,12th,8,Divorced,Adm-clerical,Not-in-family,Amer-Indian-Eskimo,Male,0,0,40,United-States,0
36,Self-emp-inc,116133,HS-grad,9,Married-civ-spouse,Transport-moving,Husband,White,Male,0,0,57,United-States,0
47,Self-emp-not-inc,243631,Bachelors,13,Married-civ-spouse,Prof-specialty,Husband,Asian-Pac-Islander,Male,0,0,40,South,0
32,Private,209432,HS-grad,9,Never-married,Handlers-cleaners,Own-child,White,Female,0,0,40,United-States,0
34,Private,27153,HS-grad,9,Married-civ-spouse,Transport-moving,Husband,White,Male,0,0,40,United-States,0
37,Private,227545,Some-college,10,Married-civ-spouse,Sales,Husband,White,Male,0,0,44,United-States,1
33,Private,333701,Assoc-voc,11,Never-married,Other-service,Unmarried,Black,Male,0,0,40,United-States,0
36,Private,63509,Assoc-acdm,12,Married-civ-spouse,Prof-specialty,Husband,White,Male,0,0,48,United-States,1
62,Local-gov,164518,HS-grad,9,Widowed,Adm-clerical,Not-in-family,White,Female,0,0,38,United-States,0
49,Local-gov,194895,Some-college,10,Married-civ-spouse,Handlers-cleaners,Husband,White,Male,7298,0,40,United-States,1
57,Self-emp-inc,124137,Some-college,10,Married-civ-spouse,Exec-managerial,Husband,White,Male,0,0,40,United-States,0
24,Private,34446,Some-college,10,Never-married,Tech-support,Not-in-family,White,Female,0,0,37,United-States,0
23,Private,185554,Bachelors,13,Never-married,Prof-specialty,Own-child,White,Female,0,0,40,United-States,0
27,Private,38606,Bachelors,13,Never-married,Sales,Not-in-family,White,Male,0,1504,45,United-States,0
30,Private,296462,Masters,14,Never-married,Prof-specialty,Not-in-family,Black,Male,0,0,30,United-States,0
62,Private,319582,HS-grad,9,Widowed,Sales,Not-in-family,White,Female,0,0,32,United-States,0
42,Private,318255,HS-grad,9,Divorced,Adm-clerical,Unmarried,White,Female,0,0,40,United-States,0
23,Private,214542,Some-college,10,Never-married,Adm-clerical,Own-child,White,Male,0,0,20,United-States,0
48,Private,186203,HS-grad,9,Married-civ-spouse,Other-service,Husband,White,Male,0,0,50,United-States,0
40,Self-emp-not-inc,33068,HS-grad,9,Married-civ-spouse,Farming-fishing,Husband,White,Male,0,0,50,United-States,0
36,Private,186819,Assoc-acdm,12,Married-civ-spouse,Craft-repair,Husband,White,Male,0,0,52,United-States,1
21,Private,250647,Some-college,10,Never-married,Adm-clerical,Other-relative,White,Male,0,0,30,Nicaragua,0
34,Private,386370,Some-college,10,Married-civ-spouse,Craft-repair,Husband,White,Male,0,0,50,United-States,0
18,Private,256005,HS-grad,9,Never-married,Other-service,Own-child,White,Male,0,0,40,United-States,0
69,Private,185691,11th,7,Married-civ-spouse,Adm-clerical,Husband,White,Male,0,0,20,United-States,0
34,State-gov,221966,Bachelors,13,Never-married,Prof-specialty,Not-in-family,White,Male,0,0,45,United-States,0
39,Private,204527,Doctorate,16,Married-civ-spouse,Prof-specialty,Husband,White,Male,0,0,50,United-States,1
30,Private,206051,HS-grad,9,Married-civ-spouse,Handlers-cleaners,Husband,White,Male,0,0,40,United-States,1
24,Private,493034,Bachelors,13,Never-married,Prof-specialty,Not-in-family,Black,Male,0,0,40,United-States,0
53,Private,239284,HS-grad,9,Divorced,Adm-clerical,Unmarried,White,Female,0,0,40,United-States,0
22,State-gov,134192,Some-college,10,Never-married,Tech-support,Own-child,White,Female,0,0,10,United-States,0
34,Private,200117,10th,6,Married-civ-spouse,Craft-repair,Husband,White,Male,0,0,40,United-States,0
28,Private,161087,Some-college,10,Never-married,Exec-managerial,Not-in-family,Black,Female,0,0,45,Jamaica,0
28,Private,25955,Some-college,10,Never-married,Craft-repair,Own-child,Amer-Indian-Eskimo,Male,0,0,40,United-States,0
21,Private,29810,HS-grad,9,Never-married,Other-service,Not-in-family,White,Female,0,0,50,United-States,0
24,Private,275093,HS-grad,9,Never-married,Handlers-cleaners,Not-in-family,White,Female,0,0,36,United-States,0
41,Self-emp-not-inc,252986,Masters,14,Married-civ-spouse,Prof-specialty,Husband,White,Male,0,0,40,United-States,1
54,Private,145419,HS-grad,9,Married-civ-spouse,Sales,Husband,White,Male,0,1672,50,United-States,0
54,Private,229272,HS-grad,9,Married-civ-spouse,Craft-repair,Husband,Black,Male,0,0,40,United-States,1
44,Private,110396,Masters,14,Never-married,Exec-managerial,Not-in-family,White,Male,14084,0,56,United-States,1
39,Private,316211,Bachelors,13,Never-married,Prof-specialty,Not-in-family,White,Male,0,0,40,United-States,1
38,Self-emp-not-inc,152621,Bachelors,13,Married-civ-spouse,Farming-fishing,Husband,White,Male,0,0,99,United-States,0
44,State-gov,141858,Prof-school,15,Married-civ-spouse,Prof-specialty,Husband,White,Male,15024,0,75,United-States,1
52,Self-emp-inc,173754,Prof-school,15,Married-civ-spouse,Prof-specialty,Husband,White,Male,15024,0,60,United-States,1
45,Private,260490,Masters,14,Married-civ-spouse,Exec-managerial,Husband,White,Male,0,0,50,United-States,1
21,Self-emp-not-inc,99199,HS-grad,9,Married-civ-spouse,Craft-repair,Husband,White,Male,0,0,40,United-States,0
46,Private,124071,Masters,14,Widowed,Prof-specialty,Not-in-family,White,Female,0,0,44,United-States,0
75,Private,101887,10th,6,Widowed,Priv-house-serv,Not-in-family,White,Female,0,0,70,United-States,0
43,Private,133584,HS-grad,9,Divorced,Craft-repair,Not-in-family,White,Male,0,0,40,United-States,0
50,Private,198362,Assoc-voc,11,Widowed,Exec-managerial,Unmarried,White,Female,0,0,40,United-States,0
53,Private,194259,Some-college,10,Married-civ-spouse,Adm-clerical,Wife,White,Female,4386,0,40,United-States,1
52,Self-emp-not-inc,162381,HS-grad,9,Divorced,Sales,Not-in-family,White,Male,0,0,40,United-States,0
38,Private,374524,Bachelors,13,Married-civ-spouse,Prof-specialty,Husband,White,Male,0,0,40,United-States,1
37,Self-emp-not-inc,154641,HS-grad,9,Never-married,Farming-fishing,Not-in-family,White,Male,0,0,86,United-States,0
49,Local-gov,116163,Bachelors,13,Divorced,Prof-specialty,Unmarried,White,Female,0,0,50,France,0
43,Self-emp-inc,150533,HS-grad,9,Married-civ-spouse,Sales,Husband,White,Male,0,0,68,United-States,1
33,Private,121966,HS-grad,9,Divorced,Adm-clerical,Not-in-family,White,Female,0,0,40,United-States,0
22,Local-gov,123727,Some-college,10,Never-married,Prof-specialty,Not-in-family,White,Female,0,0,21,United-States,0
58,Private,110213,HS-grad,9,Widowed,Adm-clerical,Not-in-family,White,Female,0,0,40,United-States,1
33,Private,79303,HS-grad,9,Married-civ-spouse,Farming-fishing,Husband,White,Male,0,0,45,United-States,0
43,Self-emp-not-inc,315971,Masters,14,Never-married,Exec-managerial,Not-in-family,White,Female,0,0,40,United-States,0
35,Self-emp-not-inc,308874,HS-grad,9,Never-married,Craft-repair,Not-in-family,Black,Male,0,0,40,United-States,0
29,Private,49087,Assoc-voc,11,Married-civ-spouse,Handlers-cleaners,Husband,White,Male,0,0,40,United-States,0
26,Local-gov,150226,Bachelors,13,Never-married,Prof-specialty,Own-child,White,Female,0,0,35,United-States,0
49,Private,148398,HS-grad,9,Divorced,Machine-op-inspct,Not-in-family,Black,Female,0,0,40,United-States,0
49,Private,144844,HS-grad,9,Married-civ-spouse,Transport-moving,Husband,White,Male,0,0,52,United-States,1
28,Private,191355,Bachelors,13,Married-civ-spouse,Sales,Husband,White,Male,0,0,45,United-States,1
44,Private,291566,HS-grad,9,Never-married,Craft-repair,Not-in-family,Black,Male,0,0,60,United-States,0
34,Self-emp-inc,154120,HS-grad,9,Never-married,Farming-fishing,Own-child,White,Male,0,0,55,United-States,0
54,Self-emp-inc,206862,HS-grad,9,Married-civ-spouse,Exec-managerial,Husband,White,Male,0,0,36,United-States,1
28,Private,273269,Some-college,10,Never-married,Craft-repair,Not-in-family,Black,Male,0,0,40,United-States,0
20,Private,266015,Some-college,10,Never-married,Sales,Own-child,Black,Male,0,0,44,United-States,0
39,State-gov,326566,Some-college,10,Never-married,Transport-moving,Own-child,Black,Male,0,0,40,United-States,0
51,Private,45599,HS-grad,9,Divorced,Prof-specialty,Not-in-family,White,Male,0,0,40,United-States,0
28,Private,261725,HS-grad,9,Never-married,Other-service,Unmarried,White,Female,0,0,40,Mexico,0
40,Private,165309,Some-college,10,Married-civ-spouse,Transport-moving,Husband,White,Male,0,0,43,United-States,0
56,Private,212864,Bachelors,13,Married-civ-spouse,Prof-specialty,Husband,White,Male,0,0,40,United-States,1
21,Private,118712,Assoc-voc,11,Never-married,Craft-repair,Own-child,White,Male,0,1504,40,United-States,0
25,Private,211231,HS-grad,9,Married-civ-spouse,Tech-support,Other-relative,White,Female,0,0,48,United-States,1
33,Private,392812,Some-college,10,Married-civ-spouse,Handlers-cleaners,Husband,White,Male,0,0,50,United-States,1
53,State-gov,281590,HS-grad,9,Married-civ-spouse,Exec-managerial,Wife,White,Female,15024,0,40,United-States,1
23,Private,117618,Some-college,10,Never-married,Handlers-cleaners,Own-child,White,Male,0,0,35,United-States,0
49,Private,34446,Some-college,10,Married-civ-spouse,Transport-moving,Husband,White,Male,0,0,40,United-States,0
41,Federal-gov,355918,HS-grad,9,Married-civ-spouse,Tech-support,Husband,White,Male,0,0,40,United-States,1
41,Private,201495,Masters,14,Married-civ-spouse,Exec-managerial,Husband,White,Male,0,0,40,United-States,1
25,Private,470203,Bachelors,13,Never-married,Prof-specialty,Not-in-family,White,Female,0,0,30,United-States,0
28,Private,163772,HS-grad,9,Married-civ-spouse,Other-service,Husband,Other,Male,0,0,40,United-States,0
35,Private,33397,HS-grad,9,Divorced,Other-service,Not-in-family,White,Female,0,0,35,United-States,0
32,Private,205152,Bachelors,13,Never-married,Craft-repair,Own-child,White,Male,0,0,40,United-States,0
60,Private,367695,Assoc-acdm,12,Married-civ-spouse,Adm-clerical,Husband,White,Male,0,0,40,United-States,1
47,Private,102628,Masters,14,Married-civ-spouse,Exec-managerial,Husband,White,Male,15024,0,55,United-States,1
43,Private,178780,Some-college,10,Married-civ-spouse,Exec-managerial,Husband,White,Male,0,0,49,United-States,1
24,Private,174461,Some-college,10,Never-married,Exec-managerial,Own-child,White,Female,0,0,45,United-States,0
30,Self-emp-not-inc,243665,HS-grad,9,Married-civ-spouse,Sales,Husband,White,Male,0,0,50,United-States,0
18,Local-gov,36411,12th,8,Never-married,Prof-specialty,Own-child,White,Male,0,0,30,United-States,0
23,Private,176123,HS-grad,9,Never-married,Tech-support,Other-relative,Asian-Pac-Islander,Male,0,0,40,Vietnam,0
59,Private,98361,Some-college,10,Married-civ-spouse,Craft-repair,Husband,White,Male,0,0,40,United-States,1
23,Private,419554,HS-grad,9,Married-civ-spouse,Exec-managerial,Husband,White,Male,0,0,54,United-States,0
21,Private,455361,9th,5,Never-married,Other-service,Unmarried,White,Male,0,0,35,Mexico,0
23,Private,76432,Some-college,10,Never-married,Adm-clerical,Not-in-family,White,Female,0,0,40,United-States,0
36,Local-gov,32587,Some-college,10,Married-civ-spouse,Adm-clerical,Husband,Amer-Indian-Eskimo,Male,0,0,40,United-States,0
23,Private,481175,Some-college,10,Never-married,Exec-managerial,Own-child,Other,Male,0,0,24,Peru,0
48,Self-emp-not-inc,373606,Some-college,10,Divorced,Sales,Unmarried,White,Male,0,0,65,United-States,1
39,Private,101020,12th,8,Married-civ-spouse,Machine-op-inspct,Husband,White,Male,0,0,40,United-States,0
31,Private,111567,Bachelors,13,Never-married,Sales,Not-in-family,White,Male,0,0,40,United-States,1
32,Private,34437,HS-grad,9,Never-married,Transport-moving,Own-child,White,Male,0,0,40,United-States,0
37,Private,103986,Bachelors,13,Married-civ-spouse,Prof-specialty,Husband,White,Male,7688,0,39,United-States,1
43,Private,281422,Assoc-acdm,12,Never-married,Adm-clerical,Not-in-family,Black,Female,0,0,45,United-States,0
20,Private,444554,10th,6,Never-married,Handlers-cleaners,Own-child,White,Male,0,0,40,United-States,0
47,Local-gov,172246,Masters,14,Married-civ-spouse,Prof-specialty,Husband,White,Male,0,0,60,United-States,1
39,Private,32650,Assoc-voc,11,Never-married,Farming-fishing,Not-in-family,White,Male,0,0,60,United-States,0
23,Private,194096,Bachelors,13,Never-married,Exec-managerial,Own-child,White,Female,0,0,40,United-States,0
23,Private,181820,Some-college,10,Never-married,Handlers-cleaners,Own-child,White,Male,0,0,20,United-States,0
35,Private,108946,HS-grad,9,Divorced,Tech-support,Unmarried,White,Female,0,0,40,United-States,0
25,Self-emp-not-inc,257574,Bachelors,13,Never-married,Adm-clerical,Not-in-family,Black,Female,0,0,20,United-States,0
38,Private,210866,HS-grad,9,Married-civ-spouse,Exec-managerial,Husband,White,Male,0,0,44,United-States,1
34,Private,175878,HS-grad,9,Married-civ-spouse,Sales,Husband,White,Female,0,0,40,United-States,0
59,Private,122283,Prof-school,15,Married-civ-spouse,Prof-specialty,Husband,Asian-Pac-Islander,Male,99999,0,40,India,1
56,Private,172071,HS-grad,9,Divorced,Other-service,Unmarried,Black,Female,0,0,40,Jamaica,0
22,Private,194723,Bachelors,13,Never-married,Adm-clerical,Own-child,White,Female,0,0,10,United-States,0
32,Private,72744,HS-grad,9,Never-married,Craft-repair,Own-child,White,Male,0,0,40,United-States,0
51,Private,111939,Bachelors,13,Married-civ-spouse,Prof-specialty,Husband,White,Male,0,0,50,United-States,1
44,Self-emp-not-inc,172479,HS-grad,9,Married-civ-spouse,Farming-fishing,Husband,White,Male,15024,0,60,United-States,1
25,Private,52536,Assoc-acdm,12,Divorced,Tech-support,Own-child,White,Female,0,1594,25,United-States,0
56,Federal-gov,162137,HS-grad,9,Married-civ-spouse,Transport-moving,Husband,Amer-Indian-Eskimo,Male,0,0,40,United-States,0
22,State-gov,22966,Some-college,10,Married-spouse-absent,Tech-support,Unmarried,White,Male,0,0,20,United-States,0
42,Private,103932,Assoc-voc,11,Divorced,Prof-specialty,Unmarried,White,Female,0,0,40,United-States,0
53,State-gov,58913,Masters,14,Married-civ-spouse,Exec-managerial,Husband,White,Male,0,0,42,United-States,1
46,Self-emp-inc,62546,Doctorate,16,Separated,Prof-specialty,Not-in-family,White,Male,0,0,35,United-States,0
21,Private,238917,5th-6th,3,Married-civ-spouse,Other-service,Husband,White,Male,0,0,40,Mexico,0
52,Private,177465,HS-grad,9,Divorced,Sales,Unmarried,White,Female,0,0,25,United-States,0
57,Private,71367,HS-grad,9,Divorced,Other-service,Unmarried,White,Female,0,0,40,United-States,0
40,Private,173858,7th-8th,4,Married-civ-spouse,Other-service,Husband,Asian-Pac-Islander,Male,0,0,42,Cambodia,0
32,Local-gov,40444,Masters,14,Never-married,Prof-specialty,Not-in-family,White,Male,0,0,50,United-States,0
63,Private,20323,Some-college,10,Divorced,Other-service,Not-in-family,White,Female,0,0,40,United-States,0
18,Private,163787,HS-grad,9,Married-civ-spouse,Exec-managerial,Wife,White,Female,0,0,40,United-States,0
37,Private,52221,11th,7,Married-civ-spouse,Transport-moving,Husband,White,Male,0,0,40,United-States,0
33,Private,408813,Bachelors,13,Never-married,Adm-clerical,Not-in-family,White,Female,0,0,50,United-States,0
58,Private,109015,Some-college,10,Divorced,Adm-clerical,Unmarried,White,Female,0,0,40,United-States,0
44,Private,138845,Some-college,10,Married-civ-spouse,Transport-moving,Husband,White,Male,0,0,40,United-States,0
46,Private,102542,7th-8th,4,Never-married,Other-service,Own-child,White,Male,0,0,52,United-States,0
23,Private,200089,Some-college,10,Married-civ-spouse,Craft-repair,Other-relative,White,Male,0,0,40,El-Salvador,0
49,Private,160647,Bachelors,13,Married-civ-spouse,Adm-clerical,Wife,White,Female,0,0,40,United-States,1
26,Private,176520,HS-grad,9,Never-married,Adm-clerical,Not-in-family,White,Male,0,0,53,United-States,0
48,Private,345831,Some-college,10,Married-civ-spouse,Tech-support,Husband,White,Male,0,0,40,United-States,1
27,Private,176972,Assoc-voc,11,Never-married,Craft-repair,Not-in-family,White,Male,0,0,40,United-States,0
23,Private,67958,Some-college,10,Never-married,Other-service,Not-in-family,White,Female,0,0,30,United-States,0
43,Private,154076,Some-college,10,Married-civ-spouse,Handlers-cleaners,Husband,White,Male,0,0,40,United-States,1
27,Private,347513,Some-college,10,Never-married,Adm-clerical,Not-in-family,White,Female,0,0,40,United-States,0
36,Private,51100,Some-college,10,Married-civ-spouse,Craft-repair,Husband,White,Male,0,0,40,United-States,0
35,Private,174597,Bachelors,13,Married-civ-spouse,Craft-repair,Husband,White,Male,0,0,40,United-States,0
20,Private,246250,Some-college,10,Never-married,Craft-repair,Not-in-family,White,Female,0,0,40,United-States,0
57,Private,353881,HS-grad,9,Divorced,Transport-moving,Not-in-family,White,Male,0,0,45,United-States,0
24,State-gov,123160,Masters,14,Married-spouse-absent,Prof-specialty,Not-in-family,Asian-Pac-Islander,Female,0,0,10,China,0
36,Self-emp-inc,183898,Bachelors,13,Divorced,Sales,Not-in-family,White,Male,0,0,60,United-States,0
48,Private,55237,Bachelors,13,Married-civ-spouse,Craft-repair,Husband,White,Male,0,0,45,United-States,1
45,Local-gov,374450,HS-grad,9,Married-civ-spouse,Transport-moving,Wife,White,Female,5178,0,40,United-States,1
35,Private,184655,11th,7,Divorced,Transport-moving,Not-in-family,White,Male,0,0,50,United-States,0
24,Self-emp-inc,234663,Bachelors,13,Never-married,Exec-managerial,Own-child,White,Male,0,0,40,United-States,0
33,Self-emp-inc,202153,Masters,14,Married-civ-spouse,Craft-repair,Husband,White,Male,0,0,40,United-States,0
52,Federal-gov,168539,HS-grad,9,Married-civ-spouse,Machine-op-inspct,Husband,White,Male,0,0,40,United-States,1
39,Private,115076,Some-college,10,Married-civ-spouse,Machine-op-inspct,Husband,White,Male,0,0,40,United-States,0
69,Self-emp-not-inc,37745,Assoc-voc,11,Married-civ-spouse,Sales,Husband,White,Male,0,0,8,United-States,0
17,Private,143791,10th,6,Never-married,Other-service,Own-child,Black,Female,0,0,12,United-States,0
44,Private,155472,Assoc-acdm,12,Never-married,Prof-specialty,Unmarried,Black,Female,1151,0,50,United-States,0
52,Private,273514,HS-grad,9,Separated,Craft-repair,Not-in-family,White,Male,0,0,40,United-States,0
24,Private,330571,Bachelors,13,Married-civ-spouse,Prof-specialty,Wife,White,Female,0,0,40,United-States,0
47,Private,61885,Bachelors,13,Married-civ-spouse,Prof-specialty,Husband,White,Male,15024,0,50,United-States,1
44,Private,116632,Some-college,10,Married-civ-spouse,Prof-specialty,Husband,White,Male,0,0,40,United-States,1
30,Private,112650,HS-grad,9,Divorced,Craft-repair,Own-child,White,Male,0,0,40,United-States,0
45,Private,120724,Masters,14,Married-civ-spouse,Exec-managerial,Husband,White,Male,4386,0,40,United-States,0
39,Private,177075,HS-grad,9,Divorced,Adm-clerical,Not-in-family,White,Female,0,0,40,United-States,0
20,Private,170800,Some-college,10,Never-married,Farming-fishing,Own-child,White,Female,0,0,40,United-States,0
34,State-gov,145874,Doctorate,16,Married-civ-spouse,Tech-support,Husband,Asian-Pac-Islander,Male,0,0,20,China,0
47,Private,94809,Assoc-voc,11,Married-civ-spouse,Exec-managerial,Wife,White,Female,0,0,45,United-States,1
43,Private,185129,Bachelors,13,Divorced,Tech-support,Own-child,White,Male,0,0,40,United-States,0
18,Private,205218,Some-college,10,Never-married,Other-service,Own-child,White,Female,0,0,20,United-States,0
17,Private,228399,11th,7,Never-married,Other-service,Own-child,White,Female,0,0,7,United-States,0
56,Private,230039,7th-8th,4,Never-married,Other-service,Own-child,White,Female,0,0,30,United-States,0
31,Private,305692,Some-college,10,Married-civ-spouse,Sales,Wife,Black,Female,0,0,40,United-States,0
37,Private,225504,Masters,14,Never-married,Sales,Not-in-family,White,Male,0,0,50,United-States,0
31,Private,368517,Assoc-acdm,12,Never-married,Prof-specialty,Not-in-family,Asian-Pac-Islander,Male,0,0,40,United-States,0
30,Private,196396,Some-college,10,Never-married,Machine-op-inspct,Not-in-family,White,Male,0,0,40,United-States,0
72,Private,284080,1st-4th,2,Divorced,Other-service,Not-in-family,Black,Male,0,0,40,United-States,0
39,Private,77005,Masters,14,Married-civ-spouse,Prof-specialty,Husband,White,Male,99999,0,40,United-States,1
43,Private,341204,Some-college,10,Divorced,Adm-clerical,Not-in-family,White,Female,0,0,40,United-States,0
29,Private,58522,HS-grad,9,Married-civ-spouse,Craft-repair,Husband,White,Male,0,0,40,United-States,0
18,Self-emp-not-inc,40293,HS-grad,9,Never-married,Farming-fishing,Other-relative,White,Male,0,0,40,United-States,0
22,Private,190903,11th,7,Married-civ-spouse,Adm-clerical,Wife,White,Female,0,0,20,United-States,0
64,State-gov,269512,Bachelors,13,Divorced,Tech-support,Not-in-family,White,Male,0,0,40,United-States,0
47,Private,184402,HS-grad,9,Divorced,Other-service,Not-in-family,White,Male,0,0,32,United-States,0
31,Private,183000,Prof-school,15,Never-married,Tech-support,Not-in-family,White,Male,0,0,55,United-States,0
28,Private,46987,Assoc-voc,11,Never-married,Tech-support,Own-child,White,Female,2174,0,36,United-States,0
64,Private,221343,1st-4th,2,Divorced,Priv-house-serv,Not-in-family,White,Female,0,0,12,United-States,0
37,Private,272950,HS-grad,9,Married-civ-spouse,Exec-managerial,Husband,White,Male,0,0,40,United-States,0
46,Private,357338,Bachelors,13,Married-civ-spouse,Tech-support,Husband,White,Male,0,0,40,United-States,0
30,Private,137076,HS-grad,9,Married-civ-spouse,Transport-moving,Husband,White,Male,0,0,40,United-States,1
17,State-gov,179319,10th,6,Never-married,Other-service,Own-child,White,Male,0,0,30,United-States,0
34,Private,418020,Doctorate,16,Married-civ-spouse,Prof-specialty,Husband,White,Male,0,0,50,United-States,1
19,Private,224241,Some-college,10,Never-married,Sales,Own-child,White,Female,0,0,20,United-States,0
45,Private,247043,11th,7,Married-civ-spouse,Craft-repair,Husband,White,Male,0,0,42,United-States,0
49,Private,252079,Some-college,10,Married-civ-spouse,Transport-moving,Husband,White,Male,0,0,40,United-States,1
51,State-gov,77905,Assoc-voc,11,Divorced,Prof-specialty,Unmarried,White,Female,0,0,40,United-States,0
21,Private,362589,Bachelors,13,Never-married,Other-service,Own-child,White,Female,0,0,20,United-States,0
34,Private,394447,Bachelors,13,Never-married,Prof-specialty,Not-in-family,White,Male,2463,0,50,France,0
44,Self-emp-inc,121352,Some-college,10,Married-civ-spouse,Exec-managerial,Husband,White,Male,0,0,50,United-States,0
73,Private,199362,HS-grad,9,Married-civ-spouse,Other-service,Husband,White,Male,0,0,30,United-States,0
66,Private,234743,Some-college,10,Married-civ-spouse,Exec-managerial,Husband,White,Male,0,0,50,United-States,0
60,Private,82388,Some-college,10,Married-civ-spouse,Protective-serv,Husband,White,Male,0,0,38,United-States,0
31,Private,124420,11th,7,Married-civ-spouse,Craft-repair,Husband,White,Male,0,0,40,United-States,0
20,Private,103840,HS-grad,9,Never-married,Machine-op-inspct,Own-child,White,Female,0,0,42,United-States,0
44,Private,175485,Bachelors,13,Married-civ-spouse,Craft-repair,Husband,White,Male,0,0,12,United-States,0
25,Local-gov,58441,Bachelors,13,Never-married,Prof-specialty,Not-in-family,White,Female,0,0,40,United-States,0
52,Self-emp-not-inc,103794,Assoc-voc,11,Divorced,Prof-specialty,Not-in-family,White,Female,0,0,35,United-States,0
27,Private,193898,HS-grad,9,Divorced,Craft-repair,Not-in-family,White,Male,0,0,50,United-States,0
41,Private,191814,HS-grad,9,Married-civ-spouse,Adm-clerical,Own-child,White,Male,0,0,40,United-States,0
46,Private,218329,Some-college,10,Never-married,Craft-repair,Own-child,White,Male,0,0,40,United-States,0
25,Private,207875,Some-college,10,Never-married,Farming-fishing,Own-child,White,Male,0,0,20,United-States,0
43,Private,243476,HS-grad,9,Divorced,Tech-support,Not-in-family,White,Female,0,0,40,United-States,0
46,Private,70754,Bachelors,13,Married-civ-spouse,Prof-specialty,Husband,White,Male,0,0,40,United-States,1
34,Private,33117,Some-college,10,Married-civ-spouse,Other-service,Husband,White,Male,0,0,40,United-States,0
57,Private,212448,Bachelors,13,Divorced,Exec-managerial,Not-in-family,White,Female,0,0,45,United-States,1
42,Local-gov,19700,Bachelors,13,Married-civ-spouse,Prof-specialty,Wife,White,Female,0,0,50,United-States,1
17,Private,47199,11th,7,Never-married,Priv-house-serv,Own-child,White,Female,0,0,24,United-States,0
36,Private,245090,Some-college,10,Married-civ-spouse,Craft-repair,Husband,White,Male,3137,0,50,El-Salvador,0
19,Private,106273,Some-college,10,Never-married,Sales,Own-child,White,Female,0,0,38,United-States,0
31,Private,137290,Bachelors,13,Married-civ-spouse,Exec-managerial,Husband,White,Male,0,0,55,United-States,1
36,Private,247750,HS-grad,9,Married-civ-spouse,Transport-moving,Husband,Black,Male,0,0,45,United-States,0
62,Self-emp-not-inc,197353,HS-grad,9,Married-civ-spouse,Craft-repair,Husband,White,Male,0,1740,40,United-States,0
42,Private,227065,Some-college,10,Married-civ-spouse,Prof-specialty,Husband,White,Male,15024,0,32,United-States,1
36,Self-emp-not-inc,280169,Some-college,10,Married-civ-spouse,Farming-fishing,Husband,White,Male,3456,0,8,United-States,0
29,Local-gov,92262,HS-grad,9,Never-married,Protective-serv,Own-child,White,Male,0,0,48,United-States,0
39,Private,344743,Some-college,10,Married-civ-spouse,Adm-clerical,Own-child,Black,Female,0,0,50,United-States,1
23,State-gov,170091,Some-college,10,Never-married,Prof-specialty,Own-child,White,Female,0,0,6,United-States,0
75,Self-emp-not-inc,192813,Masters,14,Widowed,Sales,Not-in-family,White,Male,0,0,45,United-States,0
30,State-gov,218640,Some-college,10,Married-civ-spouse,Prof-specialty,Wife,Black,Female,0,0,40,United-States,1
24,Private,165054,Assoc-voc,11,Married-civ-spouse,Craft-repair,Husband,White,Male,0,0,40,United-States,0
23,Private,51985,HS-grad,9,Never-married,Transport-moving,Not-in-family,White,Male,0,0,38,United-States,0
30,Self-emp-not-inc,182089,HS-grad,9,Married-civ-spouse,Farming-fishing,Husband,White,Male,0,0,85,United-States,0
38,Local-gov,421446,Bachelors,13,Married-civ-spouse,Exec-managerial,Husband,Black,Male,0,0,50,United-States,1
26,Private,263200,Some-college,10,Divorced,Adm-clerical,Unmarried,White,Female,0,0,38,United-States,0
52,Private,159670,Assoc-acdm,12,Married-civ-spouse,Exec-managerial,Husband,White,Male,0,0,40,United-States,0
33,Private,124407,Bachelors,13,Never-married,Prof-specialty,Not-in-family,White,Female,0,0,40,United-States,0
37,Local-gov,233825,Bachelors,13,Married-civ-spouse,Prof-specialty,Wife,White,Female,15024,0,50,United-States,1
24,Private,207940,HS-grad,9,Married-civ-spouse,Other-service,Wife,White,Female,0,0,30,United-States,0
43,Private,238287,10th,6,Never-married,Machine-op-inspct,Not-in-family,Black,Male,0,0,40,United-States,0
19,Private,89397,HS-grad,9,Never-married,Other-service,Own-child,White,Male,0,0,40,United-States,0
18,Private,276540,12th,8,Never-married,Sales,Own-child,Black,Female,0,0,15,United-States,0
24,Local-gov,33432,Assoc-acdm,12,Married-civ-spouse,Other-service,Wife,White,Female,0,0,40,United-States,0
40,Private,234633,Some-college,10,Never-married,Craft-repair,Not-in-family,White,Male,0,0,40,United-States,0
35,Private,153535,HS-grad,9,Divorced,Handlers-cleaners,Unmarried,Black,Female,0,0,36,United-States,0
31,Private,248178,Some-college,10,Married-civ-spouse,Other-service,Husband,Black,Male,0,0,35,United-States,0
43,Private,245487,HS-grad,9,Married-civ-spouse,Craft-repair,Husband,Other,Male,0,0,40,Mexico,0
60,Private,75726,HS-grad,9,Divorced,Exec-managerial,Not-in-family,White,Female,0,1092,40,United-States,0
47,Private,178686,Assoc-voc,11,Never-married,Other-service,Not-in-family,White,Male,0,0,40,United-States,0
49,Private,206947,HS-grad,9,Divorced,Adm-clerical,Not-in-family,White,Female,0,0,40,United-States,0
54,Private,194580,Assoc-voc,11,Married-civ-spouse,Sales,Husband,White,Male,0,0,50,United-States,0
26,Private,55860,Some-college,10,Never-married,Adm-clerical,Not-in-family,Black,Female,0,0,40,United-States,0
43,Private,154210,HS-grad,9,Married-civ-spouse,Other-service,Husband,Asian-Pac-Islander,Male,2829,0,60,China,0
45,Self-emp-not-inc,328051,Masters,14,Never-married,Prof-specialty,Not-in-family,White,Female,0,0,60,United-States,0
40,Self-emp-inc,191429,Prof-school,15,Married-civ-spouse,Prof-specialty,Husband,White,Male,15024,0,40,United-States,1
45,Federal-gov,207107,Assoc-acdm,12,Divorced,Adm-clerical,Unmarried,Asian-Pac-Islander,Male,0,2080,40,Philippines,0
31,Private,117963,HS-grad,9,Never-married,Handlers-cleaners,Not-in-family,White,Male,0,0,60,United-States,0
21,Private,206681,Some-college,10,Never-married,Sales,Own-child,White,Female,0,0,15,United-States,0
25,Private,290528,HS-grad,9,Married-civ-spouse,Machine-op-inspct,Husband,White,Male,0,0,40,United-States,0
28,Private,181776,Bachelors,13,Never-married,Other-service,Not-in-family,White,Female,0,0,50,United-States,0
39,Private,284166,HS-grad,9,Never-married,Craft-repair,Not-in-family,White,Male,0,1564,50,United-States,1
23,Private,288771,Some-college,10,Never-married,Adm-clerical,Not-in-family,White,Female,0,0,30,United-States,0
54,Self-emp-inc,175339,HS-grad,9,Married-civ-spouse,Sales,Husband,White,Male,0,0,50,United-States,1
33,Local-gov,115488,Bachelors,13,Married-civ-spouse,Prof-specialty,Husband,White,Male,0,0,50,United-States,0
59,Private,43221,9th,5,Married-civ-spouse,Transport-moving,Husband,White,Male,0,0,60,United-States,1
19,Private,170720,HS-grad,9,Never-married,Sales,Own-child,White,Male,0,0,20,United-States,0
90,Private,52386,Some-college,10,Never-married,Other-service,Not-in-family,Asian-Pac-Islander,Male,0,0,35,United-States,0
43,Local-gov,105862,Some-college,10,Married-civ-spouse,Adm-clerical,Wife,White,Female,0,1902,40,United-States,1
21,Private,187643,HS-grad,9,Separated,Other-service,Not-in-family,White,Female,0,0,40,United-States,0
36,Private,94954,HS-grad,9,Divorced,Transport-moving,Not-in-family,White,Female,0,0,40,United-States,0
32,Private,111836,Some-college,10,Married-civ-spouse,Other-service,Husband,Black,Male,0,0,50,United-States,0
45,Private,187666,Assoc-voc,11,Widowed,Exec-managerial,Not-in-family,White,Female,0,0,45,United-States,0
25,Private,178025,Masters,14,Married-civ-spouse,Prof-specialty,Husband,White,Male,0,0,40,United-States,0
39,Private,48093,HS-grad,9,Never-married,Handlers-cleaners,Not-in-family,White,Male,0,0,40,United-States,0
31,Private,109020,Bachelors,13,Never-married,Prof-specialty,Unmarried,Other,Male,0,0,40,United-States,0
37,Private,143771,HS-grad,9,Married-civ-spouse,Exec-managerial,Husband,White,Male,0,0,60,United-States,1
39,Private,230054,Masters,14,Married-civ-spouse,Prof-specialty,Husband,White,Male,0,0,50,United-States,1
33,Private,111363,Bachelors,13,Married-civ-spouse,Craft-repair,Husband,White,Male,0,0,45,United-States,0
64,Self-emp-inc,185912,Prof-school,15,Married-civ-spouse,Prof-specialty,Husband,White,Male,99999,0,35,United-States,1
67,Private,166187,HS-grad,9,Widowed,Exec-managerial,Unmarried,White,Male,0,0,38,United-States,1
21,Private,177420,Some-college,10,Never-married,Adm-clerical,Not-in-family,Other,Female,0,0,40,United-States,0
49,Private,187370,Masters,14,Married-civ-spouse,Exec-managerial,Husband,White,Male,15024,0,50,United-States,1
40,Federal-gov,199303,Assoc-acdm,12,Married-civ-spouse,Prof-specialty,Husband,White,Male,0,0,40,United-States,1
19,Local-gov,167816,HS-grad,9,Divorced,Exec-managerial,Not-in-family,White,Female,0,0,35,United-States,0
55,Private,171355,Assoc-voc,11,Married-civ-spouse,Machine-op-inspct,Husband,White,Male,0,0,20,United-States,0
37,Private,60722,Some-college,10,Divorced,Exec-managerial,Not-in-family,Asian-Pac-Islander,Female,0,0,40,Japan,1
34,State-gov,34104,Masters,14,Married-civ-spouse,Prof-specialty,Husband,White,Male,7688,0,38,United-States,1
42,State-gov,138162,Some-college,10,Divorced,Adm-clerical,Own-child,White,Male,0,0,40,United-States,0
23,Private,543028,HS-grad,9,Never-married,Sales,Own-child,Black,Male,0,0,40,United-States,0
37,Private,252947,Bachelors,13,Never-married,Machine-op-inspct,Not-in-family,Black,Male,0,1719,32,United-States,0
34,Local-gov,177675,Bachelors,13,Married-civ-spouse,Exec-managerial,Husband,White,Male,0,0,55,United-States,1
26,Private,124111,Assoc-acdm,12,Never-married,Prof-specialty,Not-in-family,White,Female,0,0,36,United-States,0
56,Self-emp-not-inc,26716,Bachelors,13,Married-civ-spouse,Exec-managerial,Husband,White,Male,0,0,20,United-States,1
53,Federal-gov,177212,Some-college,10,Never-married,Prof-specialty,Unmarried,White,Female,0,0,40,United-States,0
23,Private,125525,Bachelors,13,Never-married,Prof-specialty,Own-child,White,Male,0,0,42,United-States,0
29,Local-gov,219906,Bachelors,13,Married-civ-spouse,Prof-specialty,Wife,White,Female,0,0,25,United-States,1
35,Private,125933,Bachelors,13,Married-civ-spouse,Craft-repair,Husband,White,Male,0,0,50,United-States,1
36,Self-emp-not-inc,136028,9th,5,Married-civ-spouse,Craft-repair,Husband,White,Male,0,0,30,United-States,0
48,Self-emp-not-inc,133694,Bachelors,13,Married-spouse-absent,Exec-managerial,Not-in-family,Black,Male,0,0,40,Jamaica,1
55,Private,750972,7th-8th,4,Married-civ-spouse,Craft-repair,Husband,White,Male,0,0,41,United-States,0
39,Private,135020,HS-grad,9,Never-married,Transport-moving,Own-child,White,Male,0,0,40,United-States,0
35,Private,283305,Bachelors,13,Never-married,Exec-managerial,Not-in-family,White,Female,0,0,40,United-States,0
36,Private,66304,Some-college,10,Married-civ-spouse,Transport-moving,Husband,White,Male,0,0,45,United-States,0
54,Self-emp-not-inc,310774,Bachelors,13,Married-civ-spouse,Sales,Husband,White,Male,0,0,40,United-States,0
23,Private,119156,HS-grad,9,Married-civ-spouse,Craft-repair,Husband,White,Male,0,0,40,United-States,0
19,Private,430471,11th,7,Never-married,Handlers-cleaners,Own-child,White,Male,0,0,40,United-States,0
36,Private,32334,Assoc-voc,11,Married-civ-spouse,Exec-managerial,Wife,White,Female,0,0,50,United-States,1
34,Private,201122,Some-college,10,Married-civ-spouse,Craft-repair,Husband,White,Male,0,0,48,United-States,1
34,Self-emp-inc,215382,Masters,14,Separated,Prof-specialty,Not-in-family,White,Female,4787,0,40,United-States,1
60,Private,159049,Prof-school,15,Married-civ-spouse,Prof-specialty,Husband,White,Male,0,0,70,Germany,1
29,Self-emp-not-inc,190636,Some-college,10,Married-civ-spouse,Craft-repair,Husband,Amer-Indian-Eskimo,Male,0,1485,60,United-States,1
38,Private,144860,HS-grad,9,Married-civ-spouse,Craft-repair,Husband,White,Male,0,0,65,United-States,0
72,Private,38360,HS-grad,9,Widowed,Other-service,Unmarried,White,Female,0,0,16,United-States,0
52,Private,329733,Some-college,10,Never-married,Exec-managerial,Not-in-family,White,Male,0,0,40,United-States,0
26,Private,184026,Some-college,10,Never-married,Prof-specialty,Not-in-family,Other,Male,0,0,50,United-States,0
35,Private,105803,Some-college,10,Married-civ-spouse,Craft-repair,Husband,White,Male,0,0,50,United-States,1
47,Private,220124,HS-grad,9,Never-married,Craft-repair,Not-in-family,White,Male,0,0,40,United-States,0
31,Private,323055,HS-grad,9,Married-civ-spouse,Transport-moving,Husband,White,Male,0,0,50,United-States,1
68,Self-emp-not-inc,234859,Some-college,10,Married-civ-spouse,Other-service,Husband,White,Male,0,0,30,United-States,0
33,Self-emp-not-inc,37939,Bachelors,13,Married-civ-spouse,Craft-repair,Husband,White,Male,0,0,35,United-States,0
31,Private,381153,10th,6,Married-civ-spouse,Tech-support,Husband,White,Male,0,0,40,United-States,1
39,Private,210626,HS-grad,9,Divorced,Machine-op-inspct,Unmarried,White,Female,0,0,40,United-States,0
35,Self-emp-inc,175769,HS-grad,9,Married-civ-spouse,Sales,Husband,White,Male,0,0,65,United-States,1
31,Private,203488,Bachelors,13,Married-civ-spouse,Adm-clerical,Husband,White,Male,7298,0,50,United-States,1
53,Private,149784,HS-grad,9,Married-civ-spouse,Machine-op-inspct,Husband,White,Male,0,0,40,United-States,0
39,Private,237943,Bachelors,13,Married-civ-spouse,Sales,Husband,White,Male,0,0,30,United-States,1
40,Private,169031,HS-grad,9,Never-married,Farming-fishing,Not-in-family,White,Male,0,0,40,United-States,0
26,Private,305304,11th,7,Married-civ-spouse,Machine-op-inspct,Husband,White,Male,0,0,40,United-States,0
33,Private,62155,Some-college,10,Never-married,Sales,Not-in-family,Black,Male,0,0,35,United-States,0
58,Private,212864,HS-grad,9,Divorced,Handlers-cleaners,Not-in-family,White,Male,0,0,40,United-States,0
37,Private,177858,Some-college,10,Never-married,Exec-managerial,Not-in-family,White,Male,2174,0,40,United-States,0
28,Private,54243,HS-grad,9,Divorced,Transport-moving,Not-in-family,White,Male,0,0,60,United-States,0
33,Private,290763,Some-college,10,Never-married,Sales,Not-in-family,White,Female,0,0,40,United-States,0
62,Private,202242,HS-grad,9,Married-civ-spouse,Machine-op-inspct,Husband,White,Male,0,0,48,United-States,0
42,Private,89413,12th,8,Never-married,Farming-fishing,Own-child,White,Male,0,0,40,United-States,0
34,Private,117963,Bachelors,13,Married-civ-spouse,Craft-repair,Husband,White,Male,0,0,40,United-States,1
26,Private,247025,Some-college,10,Never-married,Handlers-cleaners,Not-in-family,White,Male,0,0,40,United-States,0
20,Private,117789,HS-grad,9,Never-married,Other-service,Own-child,White,Female,0,0,40,United-States,0
62,Private,210935,HS-grad,9,Married-civ-spouse,Other-service,Husband,White,Male,0,0,20,United-States,0
17,Private,277583,11th,7,Never-married,Handlers-cleaners,Own-child,White,Male,0,0,15,United-States,0
24,Private,128061,HS-grad,9,Never-married,Other-service,Own-child,White,Female,594,0,15,United-States,0
43,Self-emp-not-inc,180985,Bachelors,13,Separated,Craft-repair,Unmarried,White,Male,0,0,35,United-States,0
25,Private,189850,Some-college,10,Never-married,Machine-op-inspct,Own-child,Black,Male,0,0,40,United-States,0
38,Private,682947,Bachelors,13,Divorced,Exec-managerial,Not-in-family,White,Male,0,0,55,United-States,1
17,Private,142912,10th,6,Never-married,Other-service,Own-child,White,Male,0,0,40,United-States,0
50,Federal-gov,172046,Some-college,10,Married-civ-spouse,Exec-managerial,Husband,White,Male,0,0,40,United-States,1
56,Self-emp-inc,105582,Some-college,10,Married-civ-spouse,Exec-managerial,Husband,White,Male,7688,0,50,United-States,1
29,Private,122000,Some-college,10,Never-married,Sales,Not-in-family,White,Male,0,0,60,United-States,0
41,Private,195124,Masters,14,Never-married,Exec-managerial,Not-in-family,White,Male,0,0,35,Dominican-Republic,0
44,Private,202565,HS-grad,9,Divorced,Craft-repair,Not-in-family,White,Male,0,0,45,United-States,0
20,Self-emp-inc,104443,Some-college,10,Never-married,Adm-clerical,Own-child,White,Female,0,0,20,United-States,0
51,Private,134808,HS-grad,9,Separated,Handlers-cleaners,Unmarried,White,Female,0,0,40,United-States,0
34,Private,178841,Bachelors,13,Married-civ-spouse,Exec-managerial,Wife,White,Female,0,0,40,United-States,1
25,Self-emp-not-inc,176756,HS-grad,9,Never-married,Farming-fishing,Own-child,White,Male,0,0,35,United-States,0
46,Private,370119,Prof-school,15,Married-civ-spouse,Prof-specialty,Husband,White,Male,99999,0,60,United-States,1
38,Private,199816,HS-grad,9,Divorced,Machine-op-inspct,Own-child,White,Male,0,0,40,United-States,0
65,Self-emp-not-inc,226215,Bachelors,13,Married-civ-spouse,Sales,Husband,White,Male,0,0,15,United-States,0
26,Self-emp-not-inc,31143,HS-grad,9,Married-civ-spouse,Exec-managerial,Husband,White,Male,0,0,45,United-States,0
48,Private,146268,Bachelors,13,Married-civ-spouse,Adm-clerical,Husband,White,Male,7688,0,40,United-States,1
52,Private,160703,HS-grad,9,Married-civ-spouse,Adm-clerical,Husband,White,Male,0,0,48,United-States,0
30,Self-emp-not-inc,250499,Some-college,10,Married-civ-spouse,Adm-clerical,Wife,White,Female,0,0,55,United-States,1
29,Private,57889,Bachelors,13,Married-civ-spouse,Sales,Husband,White,Male,0,0,45,United-States,1
32,Private,83253,Some-college,10,Married-civ-spouse,Transport-moving,Husband,White,Male,0,0,60,United-States,0
19,Private,163015,Some-college,10,Never-married,Sales,Own-child,White,Female,0,0,20,United-States,0
48,Private,192779,Some-college,10,Divorced,Craft-repair,Not-in-family,White,Male,0,0,40,United-States,0
42,Private,169995,Some-college,10,Married-civ-spouse,Prof-specialty,Husband,White,Male,0,0,45,United-States,0
68,Self-emp-not-inc,166083,HS-grad,9,Married-civ-spouse,Exec-managerial,Husband,White,Male,0,0,40,United-States,1
24,Private,314165,Some-college,10,Never-married,Exec-managerial,Own-child,White,Male,0,0,20,United-States,0
56,Private,139616,Bachelors,13,Divorced,Exec-managerial,Not-in-family,White,Male,0,0,45,United-States,1
61,Private,84587,Assoc-voc,11,Married-civ-spouse,Craft-repair,Husband,Asian-Pac-Islander,Male,0,0,40,United-States,1
37,State-gov,136137,Some-college,10,Separated,Adm-clerical,Not-in-family,White,Male,0,0,40,United-States,0
44,Private,184378,Assoc-voc,11,Married-civ-spouse,Exec-managerial,Husband,White,Male,0,0,40,United-States,0
27,Private,617860,Some-college,10,Never-married,Handlers-cleaners,Own-child,Black,Male,0,0,40,United-States,0
45,Private,241350,Assoc-acdm,12,Married-civ-spouse,Craft-repair,Husband,White,Male,0,0,45,United-States,1
46,Private,345073,HS-grad,9,Divorced,Exec-managerial,Not-in-family,White,Male,0,0,48,United-States,1
25,Private,104439,Some-college,10,Never-married,Adm-clerical,Not-in-family,White,Female,0,0,50,United-States,0
25,Private,98283,Bachelors,13,Never-married,Prof-specialty,Own-child,Asian-Pac-Islander,Male,0,0,40,United-States,0
39,Private,115215,HS-grad,9,Never-married,Transport-moving,Own-child,White,Male,0,0,40,United-States,0
53,Private,223660,HS-grad,9,Widowed,Machine-op-inspct,Not-in-family,White,Male,6849,0,40,United-States,0
66,Private,142723,5th-6th,3,Married-spouse-absent,Handlers-cleaners,Unmarried,White,Female,0,0,40,Puerto-Rico,0
36,Private,139703,HS-grad,9,Never-married,Adm-clerical,Not-in-family,Black,Female,0,0,40,United-States,0
46,Self-emp-inc,216414,Masters,14,Married-civ-spouse,Sales,Husband,White,Male,0,1977,60,United-States,1
42,Federal-gov,46366,HS-grad,9,Separated,Adm-clerical,Unmarried,Black,Female,0,0,40,United-States,0
17,Self-emp-not-inc,60116,10th,6,Never-married,Adm-clerical,Own-child,White,Male,0,0,10,United-States,0
38,Private,309230,Some-college,10,Married-civ-spouse,Craft-repair,Husband,White,Male,0,0,40,United-States,1
44,Federal-gov,206553,Assoc-voc,11,Divorced,Tech-support,Not-in-family,White,Male,0,0,40,United-States,0
25,Private,93223,Some-college,10,Divorced,Prof-specialty,Unmarried,White,Female,0,0,35,United-States,0
47,Private,191957,Bachelors,13,Married-civ-spouse,Sales,Husband,Black,Male,0,0,40,United-States,1
58,Private,196643,HS-grad,9,Divorced,Sales,Not-in-family,White,Female,0,0,15,United-States,0
37,Federal-gov,408229,HS-grad,9,Divorced,Tech-support,Unmarried,White,Female,0,0,40,United-States,0
36,Self-emp-not-inc,36270,HS-grad,9,Divorced,Transport-moving,Not-in-family,White,Male,0,0,60,United-States,0
20,Private,173851,Some-college,10,Never-married,Farming-fishing,Own-child,White,Male,0,0,40,United-States,0
56,Private,83922,Some-college,10,Married-civ-spouse,Craft-repair,Husband,White,Male,0,0,40,United-States,1
21,Private,249957,HS-grad,9,Never-married,Adm-clerical,Own-child,White,Male,0,0,40,United-States,0
40,Local-gov,180123,HS-grad,9,Married-spouse-absent,Farming-fishing,Own-child,Black,Male,0,0,40,United-States,0
21,State-gov,166704,Some-college,10,Never-married,Other-service,Own-child,White,Female,0,0,14,United-States,0
32,Self-emp-inc,108467,Bachelors,13,Never-married,Exec-managerial,Not-in-family,White,Male,0,0,55,United-States,0
31,Private,379798,Some-college,10,Married-civ-spouse,Sales,Husband,White,Male,0,0,40,United-States,1
24,Local-gov,193416,Some-college,10,Never-married,Protective-serv,Own-child,White,Female,0,0,40,United-States,0
57,Private,127277,Doctorate,16,Married-civ-spouse,Prof-specialty,Husband,Asian-Pac-Islander,Male,0,0,40,Taiwan,1
41,Private,116825,Masters,14,Married-civ-spouse,Prof-specialty,Husband,White,Male,0,0,55,United-States,1
45,Private,166056,HS-grad,9,Divorced,Other-service,Unmarried,White,Female,0,0,40,United-States,0
32,Private,267736,Some-college,10,Never-married,Adm-clerical,Own-child,Black,Female,0,0,40,United-States,0
53,Private,123703,HS-grad,9,Divorced,Transport-moving,Not-in-family,White,Male,0,0,40,United-States,0
25,Local-gov,348986,HS-grad,9,Never-married,Handlers-cleaners,Other-relative,Black,Male,0,0,40,United-States,0
27,Self-emp-not-inc,153805,Some-college,10,Married-civ-spouse,Transport-moving,Other-relative,Other,Male,0,0,50,Ecuador,1
50,Private,320510,Bachelors,13,Married-civ-spouse,Exec-managerial,Husband,White,Male,0,1902,40,United-States,1
39,Private,30529,Bachelors,13,Married-civ-spouse,Exec-managerial,Husband,White,Male,0,1887,40,United-States,1
47,Private,120131,HS-grad,9,Married-civ-spouse,Exec-managerial,Husband,White,Male,0,0,40,United-States,0
28,Self-emp-not-inc,191027,HS-grad,9,Divorced,Farming-fishing,Not-in-family,White,Male,0,0,40,United-States,0
20,Private,109952,HS-grad,9,Married-civ-spouse,Tech-support,Other-relative,White,Male,0,0,40,United-States,0
58,Federal-gov,175873,Some-college,10,Married-civ-spouse,Adm-clerical,Husband,White,Male,0,0,40,United-States,1
51,Self-emp-inc,28765,Prof-school,15,Married-civ-spouse,Prof-specialty,Husband,White,Male,0,0,60,United-States,1
23,Private,82777,HS-grad,9,Married-civ-spouse,Exec-managerial,Husband,White,Male,0,0,30,United-States,0
46,State-gov,178686,Bachelors,13,Married-civ-spouse,Prof-specialty,Husband,White,Male,0,0,38,United-States,1
20,Private,362999,Some-college,10,Never-married,Adm-clerical,Own-child,White,Female,0,0,20,United-States,0
29,Private,190539,Bachelors,13,Never-married,Exec-managerial,Not-in-family,White,Male,0,1590,50,United-States,0
54,Private,169719,Bachelors,13,Married-civ-spouse,Sales,Husband,White,Male,3103,0,40,United-States,1
27,Private,253814,Bachelors,13,Married-civ-spouse,Tech-support,Wife,White,Female,0,0,40,United-States,1
18,Private,404085,HS-grad,9,Married-civ-spouse,Adm-clerical,Wife,White,Female,0,0,40,United-States,0
67,State-gov,160158,Some-college,10,Married-civ-spouse,Farming-fishing,Husband,White,Male,0,0,8,United-States,0
26,Private,236008,Assoc-voc,11,Divorced,Prof-specialty,Unmarried,White,Female,0,0,40,United-States,0
47,Self-emp-not-inc,330416,Some-college,10,Never-married,Farming-fishing,Not-in-family,White,Male,0,0,60,United-States,0
41,Private,343121,HS-grad,9,Divorced,Adm-clerical,Unmarried,White,Female,0,0,36,United-States,0
60,Self-emp-not-inc,35649,Bachelors,13,Married-civ-spouse,Craft-repair,Husband,White,Male,0,0,40,United-States,0
36,Private,127306,HS-grad,9,Never-married,Adm-clerical,Not-in-family,White,Female,0,0,47,United-States,0
43,Private,52498,HS-grad,9,Divorced,Exec-managerial,Unmarried,White,Female,0,0,40,United-States,1
27,Private,215014,HS-grad,9,Married-civ-spouse,Sales,Husband,White,Male,0,0,35,Mexico,0
25,Private,197303,Bachelors,13,Never-married,Prof-specialty,Own-child,White,Female,0,0,40,United-States,0
25,Private,161027,Bachelors,13,Married-civ-spouse,Tech-support,Husband,White,Male,5178,0,40,United-States,1
24,Private,159580,Bachelors,13,Never-married,Other-service,Own-child,Black,Female,0,0,75,United-States,0
23,Private,248978,11th,7,Married-civ-spouse,Handlers-cleaners,Husband,White,Male,0,0,40,Mexico,0
30,Private,55291,Bachelors,13,Married-civ-spouse,Prof-specialty,Husband,White,Male,0,0,40,United-States,1
20,Private,196745,Some-college,10,Never-married,Other-service,Own-child,White,Female,0,0,16,United-States,0
37,Self-emp-not-inc,183735,HS-grad,9,Married-civ-spouse,Prof-specialty,Husband,White,Male,3137,0,30,United-States,0
41,Private,33331,HS-grad,9,Married-civ-spouse,Craft-repair,Husband,White,Male,0,0,45,United-States,0
40,Private,155972,HS-grad,9,Married-civ-spouse,Transport-moving,Husband,White,Male,0,0,60,United-States,1
40,Private,155767,HS-grad,9,Separated,Machine-op-inspct,Unmarried,White,Male,0,0,40,United-States,0
29,Private,136017,10th,6,Never-married,Craft-repair,Not-in-family,White,Male,0,0,48,United-States,0
61,Private,411652,12th,8,Married-civ-spouse,Craft-repair,Husband,White,Male,0,0,40,Mexico,0
48,Self-emp-not-inc,101233,Assoc-voc,11,Married-civ-spouse,Other-service,Wife,White,Female,0,0,15,United-States,0
34,Private,45522,HS-grad,9,Never-married,Other-service,Not-in-family,White,Male,0,0,40,United-States,0
40,Private,205047,HS-grad,9,Married-spouse-absent,Craft-repair,Not-in-family,White,Male,0,0,40,United-States,1
17,Private,130125,10th,6,Never-married,Other-service,Own-child,Amer-Indian-Eskimo,Female,1055,0,20,United-States,0
28,Private,72443,Some-college,10,Never-married,Exec-managerial,Not-in-family,White,Male,0,1669,60,United-States,0
47,Self-emp-not-inc,168109,HS-grad,9,Married-civ-spouse,Farming-fishing,Husband,White,Male,15024,0,50,United-States,1
23,Private,174754,Some-college,10,Never-married,Sales,Not-in-family,White,Female,0,0,30,United-States,0
59,Private,160362,HS-grad,9,Married-civ-spouse,Sales,Husband,White,Male,0,0,60,United-States,0
40,Private,119493,Some-college,10,Never-married,Exec-managerial,Own-child,White,Female,0,0,40,United-States,0
21,Private,243842,HS-grad,9,Married-civ-spouse,Farming-fishing,Husband,White,Male,0,0,40,United-States,0
34,Self-emp-not-inc,204375,Prof-school,15,Never-married,Prof-specialty,Not-in-family,White,Female,0,0,60,United-States,1
34,Federal-gov,189944,Some-college,10,Never-married,Adm-clerical,Not-in-family,Black,Female,0,0,72,United-States,0
52,Self-emp-not-inc,140985,Bachelors,13,Married-civ-spouse,Adm-clerical,Wife,White,Female,99999,0,30,United-States,1
53,Private,260106,HS-grad,9,Widowed,Sales,Not-in-family,White,Female,0,0,30,United-States,0
26,Private,380674,HS-grad,9,Never-married,Handlers-cleaners,Own-child,White,Male,0,0,52,United-States,0
23,Private,409230,Bachelors,13,Never-married,Sales,Not-in-family,White,Male,0,0,25,United-States,0
21,Private,155066,Some-college,10,Never-married,Craft-repair,Own-child,White,Male,0,0,40,United-States,0
47,Private,204692,HS-grad,9,Married-civ-spouse,Craft-repair,Husband,White,Male,0,0,40,United-States,0
35,Private,101978,HS-grad,9,Separated,Transport-moving,Not-in-family,White,Male,0,0,50,United-States,0
48,State-gov,183486,Assoc-voc,11,Divorced,Prof-specialty,Unmarried,White,Female,0,0,56,United-States,1
26,Private,279833,Bachelors,13,Never-married,Exec-managerial,Not-in-family,White,Male,0,2258,45,United-States,1
23,Private,91658,Some-college,10,Divorced,Handlers-cleaners,Own-child,White,Male,0,0,40,United-States,0
23,Private,353010,11th,7,Never-married,Craft-repair,Unmarried,White,Male,0,0,35,United-States,0
41,Private,118853,Some-college,10,Married-civ-spouse,Sales,Husband,White,Male,0,0,40,United-States,0
25,Private,113099,HS-grad,9,Separated,Craft-repair,Not-in-family,Black,Male,0,0,40,United-States,0
35,Private,192251,HS-grad,9,Divorced,Adm-clerical,Own-child,White,Female,0,0,40,United-States,0
34,Private,159929,HS-grad,9,Divorced,Handlers-cleaners,Own-child,White,Male,0,0,40,United-States,0
17,Self-emp-inc,254859,11th,7,Never-married,Prof-specialty,Own-child,White,Male,0,0,20,United-States,0
28,Private,269786,HS-grad,9,Married-civ-spouse,Transport-moving,Husband,White,Male,0,0,40,United-States,0
27,Private,279872,Some-college,10,Divorced,Other-service,Not-in-family,White,Male,0,0,40,United-States,0
37,Private,170020,HS-grad,9,Married-civ-spouse,Craft-repair,Husband,White,Male,0,0,40,United-States,0
56,Self-emp-not-inc,50791,Masters,14,Divorced,Sales,Not-in-family,White,Male,0,1876,60,United-States,0
51,Self-emp-not-inc,313702,HS-grad,9,Never-married,Sales,Not-in-family,White,Male,0,0,40,United-States,0
53,Private,111939,Bachelors,13,Married-civ-spouse,Other-service,Husband,White,Male,0,0,35,United-States,0
36,Private,231948,HS-grad,9,Married-civ-spouse,Craft-repair,Husband,White,Male,0,0,64,United-States,1
70,Private,77219,HS-grad,9,Married-civ-spouse,Craft-repair,Husband,White,Male,0,0,37,United-States,0
78,Private,111189,7th-8th,4,Never-married,Machine-op-inspct,Not-in-family,White,Female,0,0,35,Dominican-Republic,0
22,Private,117363,Some-college,10,Never-married,Adm-clerical,Not-in-family,White,Female,0,0,35,United-States,0
35,Private,239755,Bachelors,13,Never-married,Other-service,Not-in-family,White,Male,0,0,38,United-States,0
26,Private,272669,Bachelors,13,Never-married,Sales,Not-in-family,Asian-Pac-Islander,Male,0,0,20,South,0
46,State-gov,222374,HS-grad,9,Married-civ-spouse,Other-service,Husband,White,Male,0,0,43,United-States,1
42,Local-gov,175674,9th,5,Married-civ-spouse,Other-service,Husband,White,Male,0,0,40,United-States,0
37,Private,188774,Bachelors,13,Married-civ-spouse,Adm-clerical,Husband,White,Male,0,0,40,United-States,0
54,Private,150999,Some-college,10,Divorced,Machine-op-inspct,Not-in-family,White,Male,0,0,60,United-States,0
24,State-gov,249385,Bachelors,13,Never-married,Adm-clerical,Other-relative,White,Female,0,0,10,United-States,0
38,Self-emp-not-inc,41591,Bachelors,13,Never-married,Craft-repair,Not-in-family,Amer-Indian-Eskimo,Male,0,0,30,United-States,0
45,Private,129336,Masters,14,Married-civ-spouse,Adm-clerical,Husband,White,Male,0,0,45,United-States,1
24,Private,229393,11th,7,Never-married,Farming-fishing,Unmarried,White,Male,2463,0,40,United-States,0
66,Private,117746,Bachelors,13,Married-civ-spouse,Sales,Husband,White,Male,0,0,50,United-States,1
42,Federal-gov,25240,Assoc-voc,11,Divorced,Prof-specialty,Unmarried,Amer-Indian-Eskimo,Female,0,0,40,United-States,0
24,Federal-gov,29591,Bachelors,13,Never-married,Prof-specialty,Not-in-family,Other,Female,0,0,40,United-States,0
59,Private,271571,Some-college,10,Married-civ-spouse,Craft-repair,Husband,White,Male,15024,0,50,United-States,1
21,Private,191243,Some-college,10,Never-married,Other-service,Own-child,White,Male,0,0,40,United-States,0
52,Self-emp-inc,138497,Bachelors,13,Married-civ-spouse,Exec-managerial,Husband,White,Male,0,0,60,United-States,0
33,Private,191335,Assoc-acdm,12,Married-civ-spouse,Craft-repair,Husband,White,Male,0,1902,50,United-States,1
25,Private,73839,11th,7,Divorced,Sales,Own-child,White,Female,0,0,40,United-States,0
37,Private,127772,Bachelors,13,Never-married,Craft-repair,Not-in-family,White,Male,0,0,40,United-States,0
53,Self-emp-not-inc,101017,HS-grad,9,Married-civ-spouse,Exec-managerial,Husband,White,Male,0,0,35,United-States,0
39,Private,288551,HS-grad,9,Married-civ-spouse,Craft-repair,Husband,Black,Male,0,0,40,United-States,0
32,Private,128016,HS-grad,9,Married-spouse-absent,Other-service,Unmarried,White,Female,0,0,20,United-States,0
42,Private,154374,HS-grad,9,Married-civ-spouse,Transport-moving,Husband,White,Male,0,0,50,United-States,1
26,Local-gov,27834,Bachelors,13,Never-married,Protective-serv,Not-in-family,White,Male,0,0,40,United-States,0
24,Private,329530,9th,5,Married-civ-spouse,Sales,Husband,White,Male,0,0,45,Mexico,0
36,Private,268620,Some-college,10,Married-civ-spouse,Exec-managerial,Wife,White,Female,0,0,33,United-States,0
39,Private,230329,Bachelors,13,Married-civ-spouse,Sales,Husband,White,Male,0,0,40,Canada,1
42,Local-gov,137232,HS-grad,9,Divorced,Protective-serv,Unmarried,White,Female,0,0,50,United-States,0
38,Self-emp-inc,187934,HS-grad,9,Married-civ-spouse,Other-service,Wife,White,Female,0,0,20,Poland,0
41,Private,256647,HS-grad,9,Married-civ-spouse,Machine-op-inspct,Husband,Black,Male,0,0,40,United-States,0
52,Self-emp-inc,101017,HS-grad,9,Divorced,Exec-managerial,Unmarried,White,Male,0,0,38,United-States,0
18,Private,362302,12th,8,Never-married,Other-service,Own-child,White,Male,0,0,15,United-States,0
37,Federal-gov,197284,Some-college,10,Never-married,Adm-clerical,Own-child,White,Male,0,0,40,United-States,0
23,Private,121471,Bachelors,13,Never-married,Adm-clerical,Not-in-family,White,Female,0,0,40,United-States,0
35,Private,38245,Some-college,10,Married-civ-spouse,Craft-repair,Husband,White,Male,0,0,60,United-States,0
22,Private,308334,HS-grad,9,Never-married,Other-service,Own-child,White,Female,0,0,19,United-States,0
21,Private,440969,HS-grad,9,Never-married,Adm-clerical,Own-child,White,Female,0,0,40,United-States,0
43,Private,216697,Some-college,10,Married-civ-spouse,Protective-serv,Husband,Other,Male,0,0,32,United-States,0
23,Private,82393,9th,5,Never-married,Other-service,Own-child,Asian-Pac-Islander,Male,0,0,20,Philippines,0
44,Self-emp-not-inc,172296,Some-college,10,Separated,Sales,Unmarried,White,Male,0,0,60,United-States,0
48,Private,168216,Some-college,10,Married-civ-spouse,Sales,Husband,White,Male,0,0,40,United-States,1
33,State-gov,163110,Bachelors,13,Never-married,Prof-specialty,Not-in-family,White,Male,0,0,20,United-States,0
21,Private,234108,HS-grad,9,Never-married,Sales,Not-in-family,White,Male,0,0,40,United-States,0
25,Private,252752,Some-college,10,Never-married,Prof-specialty,Not-in-family,White,Female,0,0,8,United-States,0
22,Private,71379,Some-college,10,Never-married,Prof-specialty,Not-in-family,White,Female,0,0,35,United-States,0
40,Private,235371,Assoc-voc,11,Divorced,Prof-specialty,Unmarried,White,Male,0,0,40,United-States,0
43,Private,219307,9th,5,Divorced,Transport-moving,Not-in-family,Black,Male,0,0,40,United-States,0
50,Self-emp-not-inc,386397,Bachelors,13,Married-civ-spouse,Sales,Husband,White,Male,0,0,60,United-States,0
26,Private,222539,Some-college,10,Married-civ-spouse,Craft-repair,Husband,White,Male,0,0,40,United-States,1
30,Self-emp-not-inc,85708,HS-grad,9,Married-civ-spouse,Craft-repair,Husband,White,Male,0,0,40,United-States,0
30,Local-gov,257796,Some-college,10,Divorced,Adm-clerical,Not-in-family,White,Female,0,0,40,United-States,0
30,Private,149118,HS-grad,9,Divorced,Craft-repair,Not-in-family,White,Female,0,0,40,United-States,0
19,Private,238969,HS-grad,9,Never-married,Handlers-cleaners,Own-child,White,Male,0,0,10,United-States,0
46,Local-gov,253116,Bachelors,13,Never-married,Prof-specialty,Not-in-family,Black,Female,0,0,40,United-States,0
24,Private,200593,HS-grad,9,Married-civ-spouse,Handlers-cleaners,Husband,White,Male,0,0,50,United-States,0
37,Private,174150,Masters,14,Married-civ-spouse,Exec-managerial,Husband,White,Male,0,0,40,United-States,1
39,Private,140854,HS-grad,9,Never-married,Prof-specialty,Not-in-family,White,Male,0,0,50,United-States,0
64,State-gov,550848,10th,6,Married-civ-spouse,Exec-managerial,Husband,White,Male,0,0,40,United-States,1
33,State-gov,200289,Masters,14,Married-civ-spouse,Prof-specialty,Husband,Asian-Pac-Islander,Male,0,0,19,India,0
51,State-gov,172022,Masters,14,Never-married,Prof-specialty,Not-in-family,White,Male,0,0,40,United-States,1
20,Private,113200,Some-college,10,Never-married,Handlers-cleaners,Own-child,White,Female,0,0,6,United-States,0
30,Self-emp-not-inc,278522,11th,7,Never-married,Farming-fishing,Own-child,Black,Male,0,0,40,United-States,0
39,Private,348521,Some-college,10,Married-civ-spouse,Farming-fishing,Husband,White,Male,0,2415,99,United-States,1
29,Local-gov,142443,Bachelors,13,Married-civ-spouse,Prof-specialty,Husband,White,Male,0,0,60,United-States,0
21,Private,117210,HS-grad,9,Never-married,Machine-op-inspct,Own-child,White,Male,0,0,40,United-States,0
42,Private,152568,HS-grad,9,Widowed,Sales,Unmarried,Amer-Indian-Eskimo,Female,0,0,40,United-States,0
30,Private,285902,Assoc-acdm,12,Married-civ-spouse,Craft-repair,Husband,White,Male,0,0,40,United-States,0
41,Private,180572,Bachelors,13,Divorced,Prof-specialty,Not-in-family,White,Female,0,0,50,United-States,1
37,Private,241998,Bachelors,13,Married-civ-spouse,Tech-support,Husband,White,Male,0,1977,40,United-States,1
48,Private,70668,HS-grad,9,Married-civ-spouse,Machine-op-inspct,Wife,White,Female,0,0,50,United-States,0
17,Private,222618,11th,7,Never-married,Sales,Own-child,Black,Female,0,0,30,United-States,0
68,Private,32779,HS-grad,9,Married-civ-spouse,Transport-moving,Husband,White,Male,0,419,12,United-States,0
35,Private,204590,Assoc-voc,11,Married-civ-spouse,Other-service,Wife,Black,Female,0,0,40,United-States,1
40,Private,124520,Assoc-voc,11,Divorced,Craft-repair,Unmarried,White,Male,0,0,50,United-States,1
28,Private,141350,Bachelors,13,Married-civ-spouse,Exec-managerial,Husband,White,Male,0,0,45,United-States,0
55,Private,195329,HS-grad,9,Widowed,Other-service,Not-in-family,White,Female,2202,0,35,Italy,0
19,Private,219742,Some-college,10,Never-married,Other-service,Own-child,White,Female,0,0,15,United-States,0
56,Private,35520,HS-grad,9,Divorced,Craft-repair,Not-in-family,White,Male,0,0,42,United-States,0
22,Private,103762,Bachelors,13,Never-married,Exec-managerial,Own-child,White,Female,0,0,40,United-States,0
47,Private,189123,11th,7,Married-civ-spouse,Adm-clerical,Husband,White,Male,0,1485,58,United-States,0
23,Private,185452,Bachelors,13,Never-married,Exec-managerial,Not-in-family,White,Female,0,0,35,Canada,0
29,Federal-gov,41013,Prof-school,15,Never-married,Prof-specialty,Not-in-family,White,Female,0,0,55,United-States,0
44,Private,279183,Some-college,10,Married-civ-spouse,Other-service,Own-child,White,Female,0,0,40,United-States,1
34,Private,176117,Some-college,10,Never-married,Sales,Own-child,Black,Female,0,0,35,United-States,0
40,Private,289403,Bachelors,13,Separated,Adm-clerical,Unmarried,Black,Male,0,0,35,United-States,0
26,State-gov,109193,Some-college,10,Never-married,Craft-repair,Not-in-family,White,Female,0,0,40,United-States,0
30,Private,75755,Assoc-voc,11,Married-civ-spouse,Prof-specialty,Husband,White,Male,0,0,40,United-States,0
27,Private,112754,Bachelors,13,Married-civ-spouse,Exec-managerial,Husband,White,Male,0,1485,60,United-States,1
32,Private,42617,Some-college,10,Divorced,Prof-specialty,Not-in-family,White,Female,0,0,30,United-States,0
24,Private,698418,Some-college,10,Never-married,Adm-clerical,Own-child,Black,Female,0,0,25,United-States,0
41,Private,347653,Prof-school,15,Married-civ-spouse,Prof-specialty,Husband,White,Male,0,1977,50,United-States,1
45,Private,161819,11th,7,Separated,Adm-clerical,Unmarried,Black,Female,0,0,25,United-States,0
33,Private,163110,HS-grad,9,Married-civ-spouse,Handlers-cleaners,Husband,White,Male,3781,0,40,United-States,0
19,Private,237455,HS-grad,9,Never-married,Handlers-cleaners,Own-child,White,Female,0,0,25,United-States,0
31,Self-emp-not-inc,348038,Bachelors,13,Married-civ-spouse,Prof-specialty,Husband,White,Male,0,1902,50,Puerto-Rico,1
35,Private,191628,Some-college,10,Married-civ-spouse,Prof-specialty,Husband,White,Male,0,0,40,United-States,0
63,Private,275034,Bachelors,13,Married-civ-spouse,Sales,Husband,White,Male,0,1740,35,United-States,0
26,Private,125680,Bachelors,13,Never-married,Prof-specialty,Not-in-family,Asian-Pac-Islander,Male,0,0,16,Japan,0
66,Self-emp-not-inc,167687,HS-grad,9,Married-civ-spouse,Farming-fishing,Husband,White,Male,1409,0,50,United-States,0
46,State-gov,29696,HS-grad,9,Married-civ-spouse,Transport-moving,Husband,White,Male,0,0,40,United-States,0
58,Self-emp-inc,190541,HS-grad,9,Never-married,Sales,Not-in-family,White,Male,0,0,47,United-States,0
45,Federal-gov,368947,Bachelors,13,Never-married,Protective-serv,Not-in-family,Black,Female,0,0,40,United-States,0
47,Self-emp-not-inc,83064,Bachelors,13,Married-civ-spouse,Farming-fishing,Husband,White,Male,0,0,60,United-States,0
22,Private,287988,Some-college,10,Never-married,Sales,Not-in-family,White,Male,0,0,20,United-States,0
40,Private,146908,HS-grad,9,Married-civ-spouse,Prof-specialty,Husband,White,Male,0,1902,40,United-States,1
46,Private,176814,Prof-school,15,Married-civ-spouse,Prof-specialty,Husband,White,Male,99999,0,50,United-States,1
45,Private,186272,9th,5,Married-civ-spouse,Adm-clerical,Husband,Black,Male,5178,0,40,United-States,1
62,Self-emp-not-inc,159939,HS-grad,9,Married-civ-spouse,Farming-fishing,Husband,White,Male,0,0,35,United-States,0
43,Private,269015,HS-grad,9,Married-civ-spouse,Machine-op-inspct,Husband,Black,Male,0,0,40,Germany,1
29,Self-emp-not-inc,179008,Assoc-acdm,12,Married-civ-spouse,Sales,Husband,White,Male,0,0,50,United-States,0
38,Self-emp-not-inc,190023,HS-grad,9,Married-civ-spouse,Transport-moving,Husband,White,Male,0,0,40,United-States,1
60,State-gov,97030,Bachelors,13,Divorced,Exec-managerial,Not-in-family,White,Female,0,0,35,United-States,0
33,Private,167309,Bachelors,13,Never-married,Adm-clerical,Not-in-family,White,Male,0,0,40,United-States,0
31,Private,131568,9th,5,Never-married,Machine-op-inspct,Not-in-family,White,Male,0,0,40,United-States,0
32,Local-gov,84119,HS-grad,9,Married-civ-spouse,Craft-repair,Husband,White,Male,0,0,40,United-States,0
49,Private,246183,HS-grad,9,Married-civ-spouse,Sales,Husband,White,Male,0,0,40,United-States,1
41,Private,211731,Some-college,10,Never-married,Adm-clerical,Not-in-family,White,Female,0,0,40,Mexico,0
50,Private,34067,Assoc-voc,11,Married-civ-spouse,Exec-managerial,Husband,White,Male,0,0,50,United-States,1
43,Private,191814,Assoc-acdm,12,Married-civ-spouse,Sales,Husband,White,Male,7688,0,50,United-States,1
34,Private,108837,Some-college,10,Married-civ-spouse,Handlers-cleaners,Husband,White,Male,0,0,40,United-States,1
35,Private,178322,Assoc-voc,11,Married-civ-spouse,Sales,Husband,White,Male,0,0,50,Germany,1
22,Private,250647,Some-college,10,Never-married,Adm-clerical,Own-child,White,Male,0,0,12,United-States,0
21,Private,197182,Assoc-acdm,12,Never-married,Prof-specialty,Not-in-family,White,Female,0,0,40,United-States,0
29,Local-gov,220656,Bachelors,13,Married-civ-spouse,Exec-managerial,Husband,Black,Male,0,0,40,United-States,1
21,Private,198431,HS-grad,9,Never-married,Handlers-cleaners,Not-in-family,White,Female,0,0,40,United-States,0
64,Self-emp-not-inc,103643,HS-grad,9,Married-civ-spouse,Sales,Husband,White,Male,0,0,15,United-States,1
28,Local-gov,407672,Bachelors,13,Never-married,Prof-specialty,Not-in-family,White,Female,0,0,40,United-States,0
30,Private,182771,Bachelors,13,Never-married,Other-service,Not-in-family,Asian-Pac-Islander,Male,0,0,15,China,0
33,Private,249716,HS-grad,9,Never-married,Tech-support,Not-in-family,White,Male,0,0,45,United-States,0
37,Local-gov,186035,Some-college,10,Married-civ-spouse,Tech-support,Husband,White,Male,0,0,45,United-States,1
43,Private,117037,11th,7,Married-civ-spouse,Transport-moving,Husband,White,Male,0,2042,40,United-States,0
39,Private,175232,Some-college,10,Married-civ-spouse,Prof-specialty,Husband,White,Male,0,0,50,United-States,0
58,Private,244605,Assoc-voc,11,Married-civ-spouse,Exec-managerial,Husband,White,Male,3908,0,40,United-States,0
33,Private,96245,Assoc-acdm,12,Married-civ-spouse,Prof-specialty,Husband,White,Male,0,0,50,United-States,0
18,Self-emp-not-inc,379242,Some-college,10,Never-married,Exec-managerial,Not-in-family,White,Female,0,0,50,United-States,0
39,Private,204501,Masters,14,Married-civ-spouse,Exec-managerial,Husband,White,Male,0,0,50,United-States,1
51,Self-emp-not-inc,240236,Assoc-acdm,12,Separated,Sales,Not-in-family,Black,Male,0,0,30,United-States,0
63,Private,161563,HS-grad,9,Married-civ-spouse,Craft-repair,Husband,White,Male,0,0,48,United-States,0
45,Private,197240,12th,8,Married-civ-spouse,Sales,Husband,White,Male,7688,0,40,United-States,1
21,Private,152540,HS-grad,9,Never-married,Adm-clerical,Not-in-family,White,Female,0,0,35,United-States,0
29,State-gov,309620,Masters,14,Married-civ-spouse,Prof-specialty,Husband,Asian-Pac-Islander,Male,0,0,20,Taiwan,0
42,Local-gov,281315,Bachelors,13,Never-married,Prof-specialty,Not-in-family,White,Male,0,0,50,United-States,0
63,Self-emp-not-inc,125178,Bachelors,13,Married-civ-spouse,Prof-specialty,Husband,White,Male,0,0,40,United-States,1
28,Federal-gov,381789,Bachelors,13,Never-married,Prof-specialty,Not-in-family,White,Male,0,0,50,United-States,0
28,Private,70034,Bachelors,13,Married-civ-spouse,Sales,Husband,White,Male,0,0,45,United-States,1
43,Self-emp-inc,104892,HS-grad,9,Married-civ-spouse,Farming-fishing,Husband,White,Male,0,0,45,United-States,0
47,Self-emp-inc,215620,Masters,14,Married-civ-spouse,Exec-managerial,Husband,White,Male,15024,0,55,United-States,1
25,Private,198163,HS-grad,9,Never-married,Exec-managerial,Own-child,White,Female,0,0,40,United-States,0
40,Self-emp-not-inc,26892,Bachelors,13,Married-AF-spouse,Prof-specialty,Husband,White,Male,7298,0,50,United-States,1
40,Private,239708,HS-grad,9,Divorced,Craft-repair,Not-in-family,White,Male,0,0,50,United-States,0
33,Private,176992,Masters,14,Married-civ-spouse,Prof-specialty,Husband,White,Male,0,0,40,United-States,1
37,Private,147258,9th,5,Married-civ-spouse,Machine-op-inspct,Husband,White,Male,0,0,50,United-States,1
54,Self-emp-not-inc,179704,Bachelors,13,Married-civ-spouse,Exec-managerial,Husband,White,Male,0,0,45,United-States,1
23,Private,212619,HS-grad,9,Married-civ-spouse,Machine-op-inspct,Husband,White,Male,0,0,50,United-States,0
25,Private,178421,Bachelors,13,Never-married,Other-service,Not-in-family,White,Female,0,0,20,United-States,0
68,Self-emp-not-inc,116903,Assoc-voc,11,Married-civ-spouse,Prof-specialty,Husband,White,Male,0,2149,40,United-States,0
54,Local-gov,166398,Some-college,10,Divorced,Exec-managerial,Unmarried,Black,Female,0,0,35,United-States,0
44,Private,177905,Some-college,10,Divorced,Machine-op-inspct,Unmarried,White,Male,0,0,58,United-States,1
35,Private,89559,Some-college,10,Divorced,Adm-clerical,Unmarried,White,Female,0,0,55,United-States,0
24,Private,41838,Some-college,10,Married-civ-spouse,Craft-repair,Husband,White,Male,2407,0,40,United-States,0
23,Private,141323,Some-college,10,Never-married,Other-service,Own-child,White,Male,0,0,40,United-States,0
49,Self-emp-not-inc,179048,HS-grad,9,Married-civ-spouse,Sales,Husband,White,Male,0,0,60,Greece,0
37,Private,140673,Some-college,10,Married-civ-spouse,Sales,Wife,White,Female,0,0,40,United-States,1
25,Private,159603,HS-grad,9,Never-married,Other-service,Unmarried,White,Female,0,0,34,United-States,0
36,Private,320811,Some-college,10,Married-civ-spouse,Craft-repair,Husband,White,Male,0,0,40,United-States,1
33,Private,229051,Some-college,10,Never-married,Prof-specialty,Not-in-family,White,Male,0,0,52,United-States,0
66,Private,340734,HS-grad,9,Married-civ-spouse,Sales,Husband,White,Male,0,0,40,United-States,0
42,Self-emp-not-inc,133584,Some-college,10,Married-civ-spouse,Craft-repair,Husband,White,Male,0,0,40,El-Salvador,0
41,Private,154076,Some-college,10,Married-civ-spouse,Adm-clerical,Husband,White,Male,0,0,50,United-States,1
32,Private,259719,Some-college,10,Divorced,Handlers-cleaners,Unmarried,Black,Male,0,0,40,Nicaragua,0
55,Private,314592,HS-grad,9,Married-civ-spouse,Craft-repair,Husband,White,Male,0,0,40,United-States,1
51,Private,203435,HS-grad,9,Never-married,Handlers-cleaners,Own-child,White,Female,0,0,40,United-States,0
27,Private,204497,10th,6,Divorced,Transport-moving,Not-in-family,Amer-Indian-Eskimo,Male,0,0,75,United-States,0
32,Private,239150,Some-college,10,Never-married,Craft-repair,Not-in-family,Black,Male,0,0,40,United-States,0
33,Private,117983,10th,6,Divorced,Other-service,Unmarried,White,Female,0,0,45,United-States,0
43,Private,158926,Masters,14,Married-civ-spouse,Prof-specialty,Wife,Asian-Pac-Islander,Female,0,0,50,South,0
35,Private,87556,HS-grad,9,Divorced,Craft-repair,Not-in-family,White,Male,0,0,40,United-States,0
52,Private,169785,Some-college,10,Never-married,Exec-managerial,Not-in-family,White,Female,0,0,50,United-States,0
33,Private,123920,Some-college,10,Never-married,Exec-managerial,Not-in-family,Black,Female,0,0,40,United-States,0
55,State-gov,26290,Assoc-voc,11,Widowed,Exec-managerial,Not-in-family,Amer-Indian-Eskimo,Female,0,0,38,United-States,0
58,Private,238438,Some-college,10,Married-civ-spouse,Prof-specialty,Husband,White,Male,0,0,42,United-States,0
67,Local-gov,233681,Assoc-acdm,12,Married-civ-spouse,Exec-managerial,Husband,White,Male,0,0,35,United-States,0
41,Private,178983,HS-grad,9,Married-civ-spouse,Adm-clerical,Wife,White,Female,0,0,40,United-States,0
26,Private,386585,Some-college,10,Divorced,Tech-support,Not-in-family,White,Male,0,0,60,United-States,0
43,Private,160246,Some-college,10,Divorced,Prof-specialty,Unmarried,Black,Female,0,0,40,United-States,0
36,Private,105021,Bachelors,13,Married-civ-spouse,Prof-specialty,Husband,White,Male,0,0,55,United-States,0
37,Private,187346,5th-6th,3,Never-married,Adm-clerical,Other-relative,White,Female,0,0,40,Mexico,0
49,Self-emp-not-inc,127921,HS-grad,9,Married-civ-spouse,Craft-repair,Husband,White,Male,0,0,40,United-States,0
25,Private,60726,HS-grad,9,Married-civ-spouse,Transport-moving,Husband,Black,Male,0,0,30,United-States,0
40,State-gov,182460,Masters,14,Married-civ-spouse,Prof-specialty,Wife,Asian-Pac-Islander,Female,0,0,38,China,1
45,Local-gov,132563,Prof-school,15,Divorced,Prof-specialty,Unmarried,Black,Female,0,1726,40,United-States,0
30,Private,122889,Masters,14,Married-civ-spouse,Prof-specialty,Husband,Asian-Pac-Islander,Male,0,0,50,India,1
20,Private,159297,Some-college,10,Never-married,Adm-clerical,Own-child,Asian-Pac-Islander,Female,0,0,15,United-States,0
45,Private,101320,HS-grad,9,Divorced,Adm-clerical,Unmarried,White,Female,0,0,40,United-States,0
35,Private,214891,HS-grad,9,Married-civ-spouse,Transport-moving,Husband,Other,Male,0,0,40,Dominican-Republic,0
28,Private,52603,Bachelors,13,Married-civ-spouse,Sales,Husband,White,Male,0,0,50,United-States,1
44,Local-gov,150171,HS-grad,9,Divorced,Adm-clerical,Unmarried,White,Female,0,0,40,United-States,0
24,Private,464103,HS-grad,9,Never-married,Adm-clerical,Not-in-family,White,Male,0,0,50,United-States,0
65,Private,386672,Assoc-voc,11,Married-civ-spouse,Adm-clerical,Husband,White,Male,0,0,15,United-States,0
53,Private,96062,Bachelors,13,Married-civ-spouse,Exec-managerial,Husband,White,Male,0,0,40,Greece,0
21,Private,306114,HS-grad,9,Never-married,Other-service,Not-in-family,White,Male,0,0,35,United-States,0
26,Local-gov,46097,Bachelors,13,Married-civ-spouse,Prof-specialty,Husband,White,Male,0,0,40,United-States,0
51,Self-emp-inc,139127,Some-college,10,Divorced,Exec-managerial,Unmarried,White,Female,0,0,50,United-States,0
50,Private,202044,Bachelors,13,Divorced,Prof-specialty,Unmarried,White,Female,0,0,45,United-States,0
39,Private,136081,HS-grad,9,Married-civ-spouse,Machine-op-inspct,Husband,White,Male,0,2051,40,United-States,0
36,Private,95336,HS-grad,9,Married-civ-spouse,Tech-support,Husband,White,Male,0,0,45,United-States,1
31,Private,159737,HS-grad,9,Never-married,Sales,Unmarried,Black,Female,0,0,58,United-States,0
34,Local-gov,101517,Some-college,10,Divorced,Adm-clerical,Unmarried,White,Female,0,0,35,United-States,0
29,Self-emp-not-inc,160786,10th,6,Married-civ-spouse,Craft-repair,Husband,White,Male,0,0,35,United-States,1
33,State-gov,111994,Some-college,10,Divorced,Adm-clerical,Unmarried,White,Female,0,0,45,United-States,0
39,Private,165215,Masters,14,Married-civ-spouse,Prof-specialty,Wife,White,Female,0,1902,18,United-States,1
37,Private,46385,HS-grad,9,Married-civ-spouse,Machine-op-inspct,Husband,White,Male,0,0,40,United-States,0
51,Self-emp-inc,194995,Some-college,10,Married-civ-spouse,Exec-managerial,Husband,White,Male,0,0,45,United-States,1
50,Private,123429,Some-college,10,Married-civ-spouse,Craft-repair,Husband,White,Male,0,0,40,United-States,1
27,Self-emp-not-inc,411950,Some-college,10,Married-civ-spouse,Other-service,Husband,White,Male,0,0,40,United-States,0
48,Private,121253,Bachelors,13,Married-spouse-absent,Sales,Unmarried,White,Female,0,2472,70,United-States,1
20,Private,117109,Some-college,10,Never-married,Adm-clerical,Other-relative,Black,Female,0,0,24,United-States,0
76,Private,243768,5th-6th,3,Never-married,Handlers-cleaners,Not-in-family,White,Male,0,0,20,United-States,0
22,Private,192455,HS-grad,9,Never-married,Adm-clerical,Unmarried,White,Female,0,0,40,United-States,0
76,Private,239880,HS-grad,9,Divorced,Adm-clerical,Not-in-family,White,Female,0,0,8,United-States,0
41,Private,118619,Bachelors,13,Married-civ-spouse,Exec-managerial,Husband,Black,Male,0,0,50,United-States,0
32,Private,383269,Bachelors,13,Never-married,Exec-managerial,Unmarried,White,Female,0,0,40,United-States,0
40,Private,164647,Some-college,10,Divorced,Prof-specialty,Unmarried,Black,Female,0,0,38,United-States,0
44,Private,203761,Some-college,10,Married-civ-spouse,Exec-managerial,Husband,White,Male,0,0,45,United-States,1
17,Private,260797,10th,6,Never-married,Handlers-cleaners,Own-child,White,Female,0,0,23,United-States,0
44,Private,209174,Bachelors,13,Married-civ-spouse,Exec-managerial,Husband,White,Male,0,0,70,United-States,1
23,Local-gov,304386,HS-grad,9,Never-married,Other-service,Not-in-family,White,Female,0,0,40,United-States,0
23,Private,173851,Some-college,10,Never-married,Craft-repair,Not-in-family,White,Male,0,0,40,United-States,0
61,Private,162432,Some-college,10,Divorced,Other-service,Not-in-family,White,Female,0,0,40,United-States,0
55,Federal-gov,321333,Some-college,10,Married-civ-spouse,Adm-clerical,Husband,White,Male,0,0,40,United-States,1
20,Private,34310,Some-college,10,Never-married,Sales,Own-child,White,Male,0,0,20,United-States,0
50,Local-gov,20795,Some-college,10,Married-civ-spouse,Protective-serv,Husband,White,Male,0,0,40,United-States,1
21,Private,438139,HS-grad,9,Never-married,Sales,Not-in-family,White,Male,0,0,50,United-States,0
22,Private,34918,Bachelors,13,Never-married,Prof-specialty,Not-in-family,White,Female,0,0,15,Germany,0
23,Private,203003,7th-8th,4,Never-married,Craft-repair,Not-in-family,White,Male,0,0,25,Germany,0
40,Private,115331,HS-grad,9,Married-civ-spouse,Transport-moving,Husband,White,Male,0,0,35,United-States,0
53,Private,320510,10th,6,Divorced,Craft-repair,Not-in-family,White,Male,0,0,40,United-States,0
26,Private,163747,Bachelors,13,Never-married,Sales,Not-in-family,White,Female,0,0,55,United-States,0
26,Private,71009,Bachelors,13,Never-married,Prof-specialty,Not-in-family,Asian-Pac-Islander,Female,0,0,40,Philippines,0
54,Private,163671,HS-grad,9,Married-civ-spouse,Transport-moving,Husband,White,Male,0,1887,65,United-States,1
30,Private,33124,HS-grad,9,Separated,Farming-fishing,Unmarried,White,Female,0,0,14,United-States,0
17,Private,184924,9th,5,Never-married,Handlers-cleaners,Own-child,White,Male,0,1719,15,United-States,0
37,Self-emp-not-inc,36214,Bachelors,13,Married-civ-spouse,Craft-repair,Husband,White,Male,0,0,65,United-States,1
68,Local-gov,233954,Masters,14,Widowed,Prof-specialty,Unmarried,Black,Female,0,0,40,United-States,1
51,Private,199688,Some-college,10,Married-civ-spouse,Exec-managerial,Husband,White,Male,0,0,45,United-States,0
73,Private,173047,Bachelors,13,Married-civ-spouse,Prof-specialty,Husband,White,Male,0,0,15,United-States,0
31,Self-emp-not-inc,30290,HS-grad,9,Never-married,Other-service,Unmarried,White,Female,0,0,40,United-States,0
43,Private,241928,HS-grad,9,Separated,Adm-clerical,Not-in-family,Black,Female,0,0,32,United-States,0
20,Private,95918,9th,5,Married-civ-spouse,Machine-op-inspct,Husband,White,Male,0,0,40,United-States,0
56,Private,178202,Some-college,10,Married-civ-spouse,Machine-op-inspct,Husband,White,Male,0,0,40,United-States,0
30,Private,32008,Bachelors,13,Never-married,Tech-support,Not-in-family,White,Female,0,0,72,United-States,0
47,Private,105273,Bachelors,13,Widowed,Craft-repair,Unmarried,Black,Female,6497,0,40,United-States,0
31,Private,454508,11th,7,Never-married,Craft-repair,Not-in-family,White,Male,0,2001,40,United-States,0
46,State-gov,314770,Some-college,10,Divorced,Adm-clerical,Unmarried,White,Female,0,0,48,United-States,0
31,Private,377374,Some-college,10,Divorced,Adm-clerical,Unmarried,Black,Female,0,0,40,Japan,0
53,State-gov,43952,Masters,14,Married-civ-spouse,Exec-managerial,Husband,White,Male,15024,0,38,United-States,1
45,Private,49298,Bachelors,13,Never-married,Tech-support,Own-child,White,Male,0,0,40,United-States,0
31,Private,118551,9th,5,Divorced,Adm-clerical,Not-in-family,White,Female,0,0,40,United-States,0
33,Private,123157,HS-grad,9,Never-married,Other-service,Not-in-family,Black,Male,0,0,38,United-States,0
22,Private,124454,Some-college,10,Never-married,Sales,Not-in-family,White,Male,0,0,30,United-States,0
50,Private,98975,Bachelors,13,Married-civ-spouse,Exec-managerial,Husband,White,Male,15024,0,40,United-States,1
22,Private,197387,Some-college,10,Never-married,Handlers-cleaners,Other-relative,White,Male,0,0,24,Mexico,0
41,Private,132633,11th,7,Divorced,Priv-house-serv,Unmarried,White,Female,0,0,25,Guatemala,0
41,Self-emp-not-inc,112362,HS-grad,9,Married-civ-spouse,Farming-fishing,Husband,White,Male,0,0,38,United-States,0
27,Private,36851,Assoc-voc,11,Married-civ-spouse,Sales,Husband,White,Male,0,0,35,United-States,0
54,Local-gov,196307,10th,6,Married-civ-spouse,Adm-clerical,Husband,White,Male,0,0,40,United-States,0
56,Private,170324,5th-6th,3,Married-civ-spouse,Craft-repair,Husband,Black,Male,0,0,40,Trinadad&Tobago,0
28,Local-gov,332249,HS-grad,9,Separated,Transport-moving,Own-child,White,Male,0,0,45,United-States,0
53,Private,470368,Assoc-acdm,12,Divorced,Adm-clerical,Unmarried,White,Female,0,0,48,United-States,0
51,Private,335997,HS-grad,9,Married-civ-spouse,Exec-managerial,Husband,White,Male,4386,0,55,United-States,1
18,Private,444607,Some-college,10,Never-married,Sales,Own-child,White,Female,0,0,25,United-States,0
55,Private,104996,7th-8th,4,Married-civ-spouse,Transport-moving,Husband,White,Male,0,0,50,United-States,0
48,Private,49278,Assoc-acdm,12,Divorced,Adm-clerical,Unmarried,White,Female,0,0,40,United-States,0
29,Private,114870,Some-college,10,Divorced,Craft-repair,Own-child,White,Male,0,0,40,United-States,0
29,Private,204984,HS-grad,9,Married-civ-spouse,Craft-repair,Husband,White,Male,0,0,40,United-States,1
19,Private,116562,HS-grad,9,Never-married,Other-service,Own-child,White,Female,0,0,40,United-States,0
38,Local-gov,194630,Bachelors,13,Never-married,Protective-serv,Not-in-family,White,Female,4787,0,43,United-States,1
20,Private,250165,HS-grad,9,Married-civ-spouse,Sales,Husband,White,Male,0,0,40,United-States,0
25,Private,171114,HS-grad,9,Never-married,Adm-clerical,Not-in-family,White,Female,0,0,48,United-States,0
56,Private,112840,HS-grad,9,Married-civ-spouse,Exec-managerial,Husband,White,Male,0,0,55,United-States,1
34,Self-emp-inc,314375,Some-college,10,Married-civ-spouse,Sales,Husband,White,Male,0,0,60,United-States,1
28,Private,22422,HS-grad,9,Never-married,Transport-moving,Unmarried,White,Male,0,0,55,United-States,0
26,Private,197967,HS-grad,9,Married-civ-spouse,Sales,Husband,White,Male,0,0,65,United-States,0
56,Private,200316,Some-college,10,Married-civ-spouse,Adm-clerical,Husband,White,Male,0,0,35,United-States,0
27,Self-emp-inc,89718,Some-college,10,Separated,Sales,Own-child,White,Female,0,0,40,United-States,0
46,State-gov,421223,Some-college,10,Never-married,Exec-managerial,Not-in-family,White,Female,0,0,40,United-States,0
18,Self-emp-not-inc,29582,11th,7,Never-married,Craft-repair,Own-child,White,Male,0,0,40,United-States,0
42,Private,403187,HS-grad,9,Divorced,Handlers-cleaners,Unmarried,Black,Female,0,0,40,United-States,0
28,Private,120475,HS-grad,9,Never-married,Other-service,Own-child,White,Male,0,0,20,United-States,0
24,Private,379418,Some-college,10,Never-married,Adm-clerical,Not-in-family,White,Female,0,0,40,United-States,0
44,Private,151294,Some-college,10,Widowed,Sales,Not-in-family,White,Female,0,0,25,United-States,0
41,Private,211253,Masters,14,Married-civ-spouse,Exec-managerial,Wife,White,Female,0,0,40,United-States,1
36,Private,218490,Bachelors,13,Married-civ-spouse,Prof-specialty,Husband,White,Male,0,0,45,Germany,1
28,Private,224629,Masters,14,Never-married,Exec-managerial,Not-in-family,Other,Male,0,0,30,Cuba,0
23,Private,227943,Assoc-acdm,12,Never-married,Sales,Own-child,White,Male,0,0,30,United-States,0
71,Private,216608,Assoc-voc,11,Never-married,Adm-clerical,Not-in-family,White,Female,0,0,40,United-States,0
33,Local-gov,365908,HS-grad,9,Married-civ-spouse,Other-service,Husband,Black,Male,2105,0,40,United-States,0
23,Private,91189,Some-college,10,Married-civ-spouse,Tech-support,Husband,White,Male,0,0,40,United-States,0
29,Private,264961,HS-grad,9,Never-married,Craft-repair,Own-child,White,Male,0,0,45,United-States,0
36,Local-gov,331902,Some-college,10,Divorced,Adm-clerical,Unmarried,White,Female,0,0,35,United-States,0
52,Local-gov,155141,Doctorate,16,Married-civ-spouse,Prof-specialty,Wife,White,Female,0,0,40,United-States,1
59,Private,243226,10th,6,Divorced,Machine-op-inspct,Not-in-family,White,Female,0,0,40,United-States,0
50,State-gov,288353,Bachelors,13,Married-civ-spouse,Protective-serv,Husband,White,Male,0,0,40,United-States,1
65,Self-emp-not-inc,175202,HS-grad,9,Married-civ-spouse,Exec-managerial,Husband,White,Male,0,0,24,United-States,0
24,Private,210781,Bachelors,13,Never-married,Priv-house-serv,Not-in-family,White,Female,0,0,40,France,0
21,Private,239577,Some-college,10,Never-married,Adm-clerical,Own-child,White,Male,0,0,40,United-States,0
50,Local-gov,177705,Some-college,10,Married-civ-spouse,Adm-clerical,Husband,White,Male,0,1740,48,United-States,0
56,Private,346033,9th,5,Divorced,Adm-clerical,Not-in-family,White,Male,0,0,40,United-States,0
23,Federal-gov,163870,Some-college,10,Never-married,Armed-Forces,Other-relative,White,Male,0,0,40,United-States,0
34,Private,191385,HS-grad,9,Married-civ-spouse,Machine-op-inspct,Husband,White,Male,0,0,48,United-States,0
36,Private,102945,Assoc-voc,11,Divorced,Craft-repair,Not-in-family,White,Male,0,0,40,United-States,0
42,State-gov,117583,Doctorate,16,Divorced,Prof-specialty,Not-in-family,White,Female,8614,0,60,United-States,1
19,Private,115248,Some-college,10,Never-married,Adm-clerical,Not-in-family,Asian-Pac-Islander,Male,0,0,40,Vietnam,0
69,Private,229418,HS-grad,9,Married-civ-spouse,Transport-moving,Husband,White,Male,0,0,40,United-States,0
38,Private,204756,HS-grad,9,Never-married,Sales,Own-child,White,Female,0,0,40,United-States,0
40,State-gov,59460,Some-college,10,Divorced,Adm-clerical,Unmarried,White,Female,0,0,38,United-States,0
35,Private,22055,Some-college,10,Married-civ-spouse,Prof-specialty,Husband,Amer-Indian-Eskimo,Male,0,0,60,United-States,0
44,Private,112517,Masters,14,Married-civ-spouse,Tech-support,Husband,White,Male,0,0,20,United-States,1
43,Self-emp-not-inc,75435,HS-grad,9,Divorced,Craft-repair,Unmarried,Amer-Indian-Eskimo,Male,0,0,30,United-States,0
41,Private,217902,HS-grad,9,Married-civ-spouse,Exec-managerial,Husband,White,Male,0,0,40,United-States,1
24,Private,182163,11th,7,Never-married,Adm-clerical,Not-in-family,White,Female,0,0,40,Germany,0
29,Private,134890,Bachelors,13,Married-civ-spouse,Tech-support,Husband,White,Male,0,0,40,United-States,1
41,Private,206066,Some-college,10,Married-civ-spouse,Machine-op-inspct,Husband,White,Male,0,0,40,United-States,0
54,Private,104421,Some-college,10,Divorced,Adm-clerical,Not-in-family,White,Female,0,0,40,United-States,0
40,Private,134026,11th,7,Never-married,Other-service,Other-relative,White,Male,0,0,40,United-States,0
42,Self-emp-inc,27187,Masters,14,Married-civ-spouse,Farming-fishing,Husband,White,Male,0,0,60,United-States,1
55,Private,255364,Some-college,10,Married-civ-spouse,Exec-managerial,Husband,White,Male,0,0,60,United-States,1
18,Private,92864,12th,8,Never-married,Other-service,Own-child,White,Female,0,0,20,United-States,0
23,Private,64292,HS-grad,9,Never-married,Adm-clerical,Not-in-family,White,Female,0,0,40,United-States,0
68,State-gov,235882,Doctorate,16,Married-civ-spouse,Prof-specialty,Husband,White,Male,0,2377,60,United-States,1
57,Self-emp-inc,37345,Prof-school,15,Married-civ-spouse,Prof-specialty,Husband,White,Male,0,0,36,United-States,1
27,Local-gov,138917,Bachelors,13,Never-married,Prof-specialty,Not-in-family,White,Male,0,0,35,United-States,0
38,Private,472604,Bachelors,13,Married-civ-spouse,Other-service,Husband,White,Male,0,0,35,Mexico,0
38,State-gov,143774,Some-college,10,Separated,Exec-managerial,Not-in-family,White,Female,0,0,45,United-States,0
67,Private,118363,Bachelors,13,Divorced,Exec-managerial,Not-in-family,White,Female,0,2206,5,United-States,0
26,Local-gov,103148,HS-grad,9,Never-married,Adm-clerical,Not-in-family,White,Female,0,0,40,United-States,0
57,Self-emp-not-inc,25124,HS-grad,9,Married-civ-spouse,Other-service,Husband,White,Male,0,0,60,United-States,0
34,State-gov,278378,HS-grad,9,Married-civ-spouse,Transport-moving,Husband,Black,Male,0,0,40,United-States,0
62,Self-emp-inc,137354,Masters,14,Married-civ-spouse,Prof-specialty,Husband,Asian-Pac-Islander,Male,0,0,40,South,0
53,Local-gov,20676,HS-grad,9,Married-civ-spouse,Exec-managerial,Husband,Amer-Indian-Eskimo,Male,0,0,48,United-States,0
58,Federal-gov,497253,Bachelors,13,Married-civ-spouse,Exec-managerial,Husband,Black,Male,0,0,40,United-States,1
27,Private,180758,Assoc-acdm,12,Never-married,Sales,Not-in-family,White,Male,0,0,40,United-States,0
35,Private,452283,HS-grad,9,Divorced,Sales,Own-child,White,Female,0,0,40,United-States,0
21,State-gov,129345,Some-college,10,Never-married,Protective-serv,Not-in-family,White,Male,0,0,40,United-States,0
42,Private,153414,Bachelors,13,Married-civ-spouse,Sales,Husband,Black,Male,0,0,40,United-States,1
34,Private,42596,Some-college,10,Married-civ-spouse,Exec-managerial,Husband,White,Male,0,0,45,United-States,0
54,State-gov,188809,Doctorate,16,Never-married,Exec-managerial,Not-in-family,White,Female,0,0,50,United-States,1
54,Self-emp-inc,129432,Bachelors,13,Married-civ-spouse,Exec-managerial,Husband,White,Male,15024,0,40,United-States,1
39,Private,216129,Assoc-acdm,12,Divorced,Exec-managerial,Unmarried,Black,Female,0,0,35,Jamaica,0
31,Private,43819,Bachelors,13,Married-civ-spouse,Prof-specialty,Wife,White,Female,7688,0,43,United-States,1
39,Local-gov,344855,Masters,14,Married-civ-spouse,Prof-specialty,Wife,White,Female,0,1977,20,United-States,1
33,Private,150570,Bachelors,13,Married-civ-spouse,Sales,Husband,White,Male,0,0,40,United-States,0
56,Private,265086,HS-grad,9,Married-civ-spouse,Craft-repair,Husband,White,Male,0,0,50,United-States,1
43,State-gov,255835,Some-college,10,Divorced,Adm-clerical,Other-relative,White,Female,0,0,40,United-States,0
37,Self-emp-not-inc,120130,Masters,14,Married-civ-spouse,Exec-managerial,Husband,White,Male,0,0,60,United-States,1
29,Self-emp-not-inc,266855,Bachelors,13,Separated,Prof-specialty,Own-child,White,Male,0,0,40,United-States,0
26,Private,421561,11th,7,Married-civ-spouse,Other-service,Other-relative,White,Male,0,0,25,United-States,0
63,Self-emp-not-inc,168048,Prof-school,15,Married-civ-spouse,Prof-specialty,Husband,White,Male,0,0,30,United-States,0
45,Private,264526,Assoc-acdm,12,Divorced,Machine-op-inspct,Own-child,White,Male,0,0,40,United-States,0
44,Local-gov,188808,Assoc-voc,11,Married-civ-spouse,Craft-repair,Husband,White,Male,0,0,40,United-States,1
62,Local-gov,113443,Masters,14,Divorced,Prof-specialty,Not-in-family,White,Female,10520,0,33,United-States,1
31,Private,209538,Some-college,10,Married-civ-spouse,Adm-clerical,Husband,White,Male,0,0,55,United-States,0
23,Private,103277,Some-college,10,Divorced,Other-service,Own-child,White,Female,0,0,24,United-States,0
50,Self-emp-inc,190333,Prof-school,15,Married-civ-spouse,Prof-specialty,Husband,White,Male,99999,0,55,United-States,1
40,Local-gov,240504,Assoc-acdm,12,Married-civ-spouse,Exec-managerial,Husband,White,Male,0,0,40,United-States,1
63,Private,213095,Bachelors,13,Married-civ-spouse,Exec-managerial,Husband,White,Male,0,0,50,United-States,1
19,Private,331556,10th,6,Never-married,Other-service,Not-in-family,White,Female,0,0,40,United-States,0
66,Private,284021,HS-grad,9,Widowed,Sales,Not-in-family,White,Female,0,0,40,United-States,0
20,Self-emp-inc,95997,HS-grad,9,Never-married,Farming-fishing,Own-child,White,Male,0,0,70,United-States,0
28,Private,288598,HS-grad,9,Married-civ-spouse,Craft-repair,Husband,White,Male,0,0,35,United-States,0
53,Private,263729,Some-college,10,Separated,Adm-clerical,Not-in-family,White,Female,0,0,40,United-States,0
36,Private,386726,Masters,14,Married-civ-spouse,Prof-specialty,Wife,White,Female,0,1977,44,United-States,1
51,Private,138514,Assoc-voc,11,Divorced,Tech-support,Unmarried,Black,Female,0,0,48,United-States,0
45,Local-gov,167334,Masters,14,Never-married,Prof-specialty,Not-in-family,White,Male,0,0,50,United-States,1
47,State-gov,187581,Assoc-voc,11,Married-civ-spouse,Tech-support,Husband,White,Male,0,0,48,United-States,1
36,Private,272950,Some-college,10,Never-married,Sales,Not-in-family,White,Male,0,0,50,United-States,0
40,Private,478205,Bachelors,13,Never-married,Prof-specialty,Other-relative,White,Female,0,0,40,United-States,0
42,Private,318947,HS-grad,9,Divorced,Machine-op-inspct,Not-in-family,White,Female,0,0,40,United-States,0
46,Self-emp-not-inc,80914,Masters,14,Divorced,Exec-managerial,Not-in-family,White,Male,0,0,30,United-States,0
23,Private,325921,Assoc-voc,11,Never-married,Prof-specialty,Not-in-family,White,Female,0,0,36,United-States,0
18,Private,167979,11th,7,Never-married,Sales,Own-child,White,Male,0,0,15,United-States,0
17,Private,96282,10th,6,Never-married,Other-service,Own-child,White,Male,0,0,14,United-States,0
29,Private,49087,Bachelors,13,Never-married,Prof-specialty,Not-in-family,White,Male,0,0,50,United-States,0
37,Private,280500,Some-college,10,Never-married,Tech-support,Own-child,Black,Female,0,0,40,United-States,0
24,Private,229773,Some-college,10,Married-civ-spouse,Craft-repair,Husband,White,Male,0,0,35,United-States,0
21,Private,189203,Assoc-voc,11,Never-married,Protective-serv,Not-in-family,White,Male,0,0,40,United-States,0
38,Private,348739,Prof-school,15,Married-civ-spouse,Prof-specialty,Husband,White,Male,0,0,60,United-States,0
42,Private,268183,Bachelors,13,Married-civ-spouse,Exec-managerial,Husband,White,Male,0,1485,60,United-States,0
29,State-gov,409201,Some-college,10,Married-civ-spouse,Adm-clerical,Husband,White,Male,0,0,40,United-States,0
28,Private,224964,HS-grad,9,Never-married,Other-service,Own-child,White,Female,0,0,25,United-States,0
62,Private,174355,HS-grad,9,Widowed,Other-service,Not-in-family,White,Female,0,0,40,United-States,0
51,Self-emp-inc,210736,HS-grad,9,Never-married,Exec-managerial,Not-in-family,White,Male,10520,0,40,United-States,1
63,Local-gov,109849,Bachelors,13,Never-married,Prof-specialty,Not-in-family,Black,Female,0,0,21,United-States,0
46,Federal-gov,167381,HS-grad,9,Married-civ-spouse,Adm-clerical,Wife,White,Female,0,0,40,United-States,1
60,Private,148522,Some-college,10,Married-civ-spouse,Craft-repair,Husband,Amer-Indian-Eskimo,Male,0,0,40,United-States,0
42,Private,341638,11th,7,Divorced,Craft-repair,Not-in-family,White,Male,0,0,40,United-States,0
47,Private,178341,Bachelors,13,Married-civ-spouse,Sales,Husband,White,Male,4064,0,60,United-States,0
51,Private,95329,Masters,14,Divorced,Protective-serv,Unmarried,White,Male,0,0,40,United-States,0
37,Self-emp-not-inc,301568,HS-grad,9,Married-civ-spouse,Prof-specialty,Wife,White,Female,0,0,35,United-States,1
23,Private,235722,Some-college,10,Never-married,Other-service,Not-in-family,White,Male,0,0,20,United-States,0
43,Private,160815,Assoc-voc,11,Divorced,Prof-specialty,Unmarried,White,Female,0,0,40,United-States,0
49,Self-emp-inc,197038,Bachelors,13,Married-civ-spouse,Exec-managerial,Husband,White,Male,0,0,50,United-States,1
46,Private,171095,Assoc-acdm,12,Divorced,Sales,Unmarried,White,Female,0,0,38,United-States,0
43,Private,266439,Bachelors,13,Married-civ-spouse,Machine-op-inspct,Husband,White,Male,0,1887,40,United-States,1
41,Private,40151,Some-college,10,Divorced,Craft-repair,Not-in-family,White,Male,0,0,40,United-States,1
42,Federal-gov,557644,HS-grad,9,Never-married,Adm-clerical,Unmarried,White,Female,0,0,40,United-States,0
36,Private,146412,Some-college,10,Divorced,Adm-clerical,Unmarried,White,Female,0,0,40,United-States,0
45,Private,185437,Assoc-acdm,12,Divorced,Craft-repair,Not-in-family,White,Female,0,0,55,United-States,0
21,Private,63899,11th,7,Never-married,Adm-clerical,Other-relative,White,Female,0,0,40,United-States,0
27,Private,187392,HS-grad,9,Never-married,Other-service,Not-in-family,White,Female,0,0,40,United-States,0
40,Private,34113,HS-grad,9,Never-married,Exec-managerial,Not-in-family,Amer-Indian-Eskimo,Male,6849,0,43,United-States,0
37,Private,231180,HS-grad,9,Married-civ-spouse,Machine-op-inspct,Husband,White,Male,0,0,40,United-States,0
24,Private,179203,12th,8,Never-married,Sales,Other-relative,White,Male,0,0,55,United-States,0
45,Federal-gov,170915,HS-grad,9,Divorced,Tech-support,Not-in-family,White,Female,4865,0,40,United-States,0
30,Private,327202,12th,8,Never-married,Craft-repair,Not-in-family,Black,Male,0,0,40,United-States,0
59,State-gov,105363,HS-grad,9,Never-married,Adm-clerical,Own-child,White,Male,0,0,40,United-States,0
22,Private,239954,Some-college,10,Never-married,Adm-clerical,Other-relative,White,Male,0,0,40,United-States,0
27,Private,300783,Some-college,10,Married-civ-spouse,Sales,Wife,White,Female,0,0,42,United-States,1
44,Private,210534,5th-6th,3,Married-civ-spouse,Handlers-cleaners,Husband,White,Male,0,0,40,Mexico,0
27,Private,202206,11th,7,Separated,Farming-fishing,Other-relative,White,Male,0,0,40,Puerto-Rico,0
37,Private,238311,HS-grad,9,Married-civ-spouse,Machine-op-inspct,Husband,Black,Male,0,0,36,United-States,1
33,Private,241885,Some-college,10,Separated,Machine-op-inspct,Not-in-family,White,Male,0,0,40,United-States,0
25,Private,218667,HS-grad,9,Married-civ-spouse,Handlers-cleaners,Husband,White,Male,0,0,40,United-States,0
44,Private,379919,Assoc-acdm,12,Married-civ-spouse,Farming-fishing,Husband,White,Male,0,0,60,United-States,1
18,Private,159561,11th,7,Never-married,Transport-moving,Own-child,White,Male,0,0,20,United-States,0
28,Self-emp-not-inc,123983,Some-college,10,Married-civ-spouse,Sales,Own-child,Asian-Pac-Islander,Male,0,0,63,South,0
28,Self-emp-not-inc,149324,Some-college,10,Married-civ-spouse,Prof-specialty,Husband,White,Male,0,0,7,United-States,0
28,Private,314649,Some-college,10,Married-civ-spouse,Sales,Husband,Amer-Indian-Eskimo,Male,0,0,60,United-States,0
38,Self-emp-inc,112847,Prof-school,15,Married-civ-spouse,Prof-specialty,Husband,Asian-Pac-Islander,Male,0,0,40,United-States,1
32,Private,172415,HS-grad,9,Never-married,Other-service,Unmarried,Black,Female,0,0,40,United-States,0
58,Self-emp-not-inc,248841,HS-grad,9,Married-civ-spouse,Sales,Husband,White,Male,15024,0,40,United-States,1
35,Private,70447,Some-college,10,Never-married,Prof-specialty,Unmarried,Asian-Pac-Islander,Male,4650,0,20,United-States,0
37,Private,267085,Some-college,10,Married-civ-spouse,Adm-clerical,Husband,White,Male,0,0,40,United-States,0
26,Private,167350,Some-college,10,Married-civ-spouse,Tech-support,Husband,White,Male,3103,0,40,United-States,1
34,Private,158420,Bachelors,13,Married-civ-spouse,Exec-managerial,Husband,White,Male,0,0,70,United-States,0
34,Private,206297,Bachelors,13,Married-civ-spouse,Exec-managerial,Husband,White,Male,0,0,48,United-States,1
38,Private,133586,HS-grad,9,Married-civ-spouse,Protective-serv,Own-child,White,Male,0,0,45,United-States,0
19,Private,406078,Some-college,10,Never-married,Adm-clerical,Own-child,White,Female,0,0,25,United-States,0
43,Private,144778,Bachelors,13,Married-civ-spouse,Prof-specialty,Husband,White,Male,0,0,55,Italy,1
40,Private,72791,Some-college,10,Never-married,Craft-repair,Own-child,Black,Male,0,0,40,United-States,0
46,Self-emp-not-inc,233974,HS-grad,9,Married-civ-spouse,Farming-fishing,Husband,White,Male,0,0,35,United-States,0
53,Private,68684,HS-grad,9,Married-civ-spouse,Transport-moving,Husband,White,Male,0,0,40,United-States,0
35,Private,166193,HS-grad,9,Divorced,Machine-op-inspct,Own-child,White,Male,0,0,40,United-States,0
51,Private,96062,Some-college,10,Married-civ-spouse,Sales,Husband,White,Male,0,1977,40,United-States,1
59,Private,244554,11th,7,Divorced,Other-service,Not-in-family,Black,Female,0,0,35,United-States,0
50,Private,233369,Some-college,10,Divorced,Prof-specialty,Unmarried,White,Female,0,0,40,United-States,0
18,Self-emp-not-inc,258474,10th,6,Never-married,Farming-fishing,Own-child,White,Male,0,0,40,United-States,0
33,Private,216145,HS-grad,9,Married-civ-spouse,Craft-repair,Husband,White,Male,0,0,40,United-States,0
31,Self-emp-not-inc,349148,Some-college,10,Married-civ-spouse,Machine-op-inspct,Husband,White,Male,0,0,48,United-States,0
42,Private,236323,HS-grad,9,Divorced,Craft-repair,Unmarried,White,Female,0,0,40,United-States,0
26,Private,116991,HS-grad,9,Married-civ-spouse,Craft-repair,Husband,White,Male,0,0,40,United-States,1
19,Private,446219,10th,6,Never-married,Sales,Unmarried,Black,Female,0,0,40,United-States,0
31,Private,156493,HS-grad,9,Never-married,Prof-specialty,Own-child,White,Male,0,0,40,United-States,0
55,Private,125000,Prof-school,15,Married-civ-spouse,Exec-managerial,Husband,White,Male,0,0,60,United-States,1
41,Private,210844,Some-college,10,Married-spouse-absent,Sales,Unmarried,Black,Female,0,0,40,United-States,0
32,Private,186824,Bachelors,13,Married-civ-spouse,Craft-repair,Husband,White,Male,0,0,40,United-States,1
38,Private,161141,Some-college,10,Married-civ-spouse,Tech-support,Husband,White,Male,0,0,45,United-States,0
54,Federal-gov,230387,HS-grad,9,Widowed,Adm-clerical,Unmarried,White,Female,0,0,35,United-States,0
31,Private,195750,1st-4th,2,Married-civ-spouse,Prof-specialty,Husband,White,Male,0,0,45,United-States,0
40,Private,182268,Preschool,1,Married-spouse-absent,Adm-clerical,Own-child,White,Male,0,0,40,United-States,0
44,Private,151985,Masters,14,Married-civ-spouse,Exec-managerial,Wife,White,Female,0,0,24,United-States,1
35,Private,465326,Bachelors,13,Married-civ-spouse,Sales,Husband,White,Male,0,0,40,United-States,0
32,Private,36467,Assoc-acdm,12,Married-civ-spouse,Adm-clerical,Husband,White,Male,0,0,45,United-States,1
33,Private,129707,Bachelors,13,Never-married,Adm-clerical,Not-in-family,White,Male,0,0,60,United-States,1
23,Private,363219,Some-college,10,Never-married,Priv-house-serv,Not-in-family,White,Female,0,0,6,United-States,0
31,Self-emp-not-inc,286282,Bachelors,13,Married-civ-spouse,Adm-clerical,Wife,White,Female,0,0,20,United-States,0
44,Local-gov,189956,Bachelors,13,Married-civ-spouse,Protective-serv,Wife,Black,Female,15024,0,40,United-States,1
40,Local-gov,163725,Bachelors,13,Married-civ-spouse,Prof-specialty,Husband,White,Male,7688,0,40,United-States,1
37,Private,160920,Some-college,10,Married-civ-spouse,Sales,Husband,White,Male,0,0,45,United-States,0
31,Private,44464,Bachelors,13,Never-married,Exec-managerial,Not-in-family,White,Female,0,1564,60,United-States,1
44,Private,44006,Assoc-voc,11,Divorced,Transport-moving,Not-in-family,White,Male,0,0,40,United-States,0
29,Private,169815,Assoc-acdm,12,Married-civ-spouse,Sales,Husband,White,Male,0,0,50,United-States,1
48,Private,36503,Some-college,10,Married-civ-spouse,Exec-managerial,Husband,White,Male,0,0,40,United-States,1
37,Private,190964,HS-grad,9,Separated,Exec-managerial,Own-child,White,Male,0,0,40,United-States,0
27,Self-emp-not-inc,207948,Some-college,10,Never-married,Other-service,Not-in-family,Black,Male,0,0,40,United-States,0
33,Local-gov,194901,Bachelors,13,Married-civ-spouse,Prof-specialty,Husband,White,Male,0,0,40,United-States,1
25,Private,190418,Some-college,10,Never-married,Other-service,Own-child,White,Male,0,0,30,Canada,0
45,Federal-gov,183804,Some-college,10,Never-married,Adm-clerical,Own-child,White,Male,0,0,40,United-States,0
49,Private,39986,9th,5,Married-civ-spouse,Craft-repair,Husband,White,Male,0,0,40,United-States,0
35,Private,114605,HS-grad,9,Divorced,Handlers-cleaners,Not-in-family,White,Male,0,0,25,United-States,0
55,Private,154580,10th,6,Married-civ-spouse,Other-service,Husband,Black,Male,2580,0,40,United-States,0
21,Private,301408,Some-college,10,Never-married,Sales,Own-child,White,Female,0,1602,22,United-States,0
50,Local-gov,191025,Masters,14,Divorced,Exec-managerial,Not-in-family,White,Female,4650,0,70,United-States,0
41,Private,144778,HS-grad,9,Married-civ-spouse,Craft-repair,Husband,White,Male,0,0,40,United-States,0
40,Private,233130,7th-8th,4,Married-civ-spouse,Craft-repair,Husband,White,Male,0,0,40,El-Salvador,0
35,Private,101709,HS-grad,9,Never-married,Transport-moving,Own-child,Asian-Pac-Islander,Male,0,0,60,United-States,0
33,Private,233107,9th,5,Married-civ-spouse,Craft-repair,Husband,White,Male,0,0,33,Mexico,0
49,Private,261688,HS-grad,9,Married-civ-spouse,Craft-repair,Husband,White,Male,5013,0,60,United-States,0
29,Private,201155,9th,5,Never-married,Sales,Not-in-family,White,Female,0,0,48,United-States,0
53,Private,89400,Some-college,10,Widowed,Exec-managerial,Unmarried,White,Female,0,0,40,United-States,0
33,State-gov,425785,Assoc-voc,11,Married-civ-spouse,Prof-specialty,Husband,White,Male,0,0,40,United-States,0
27,Private,37599,Some-college,10,Never-married,Other-service,Not-in-family,White,Male,0,0,24,United-States,0
37,Local-gov,117760,Assoc-voc,11,Never-married,Protective-serv,Not-in-family,White,Male,4650,0,40,United-States,0
26,Private,31143,Some-college,10,Never-married,Craft-repair,Not-in-family,White,Male,0,0,40,United-States,0
48,State-gov,120131,HS-grad,9,Divorced,Craft-repair,Own-child,White,Male,8614,0,40,United-States,1
63,Self-emp-not-inc,289741,Masters,14,Married-civ-spouse,Farming-fishing,Husband,White,Male,41310,0,50,United-States,0
29,Private,286634,Bachelors,13,Married-civ-spouse,Prof-specialty,Wife,White,Female,0,0,50,United-States,1
42,Private,118652,Assoc-acdm,12,Married-civ-spouse,Tech-support,Husband,White,Male,0,0,40,United-States,0
54,Private,88019,HS-grad,9,Divorced,Other-service,Unmarried,White,Male,0,0,32,United-States,0
67,Local-gov,181220,Some-college,10,Divorced,Adm-clerical,Not-in-family,Black,Female,0,0,20,United-States,0
44,Self-emp-not-inc,90021,HS-grad,9,Married-civ-spouse,Craft-repair,Husband,White,Male,0,0,30,United-States,0
25,Private,195914,Some-college,10,Never-married,Sales,Own-child,Black,Female,3418,0,30,United-States,0
62,Private,121319,Bachelors,13,Married-civ-spouse,Prof-specialty,Husband,White,Male,3103,0,40,United-States,1
23,Private,182615,Some-college,10,Never-married,Adm-clerical,Own-child,White,Male,0,0,40,United-States,0
23,Private,202989,HS-grad,9,Never-married,Prof-specialty,Not-in-family,White,Male,0,0,40,Canada,0
54,Private,181132,HS-grad,9,Married-civ-spouse,Machine-op-inspct,Husband,White,Male,0,0,40,England,1
63,Private,203783,HS-grad,9,Divorced,Prof-specialty,Not-in-family,White,Female,0,0,72,United-States,0
46,Private,471990,HS-grad,9,Married-civ-spouse,Transport-moving,Husband,Black,Male,0,0,46,United-States,1
51,Private,228516,HS-grad,9,Married-spouse-absent,Craft-repair,Not-in-family,White,Male,0,0,45,Columbia,0
56,Federal-gov,101338,Bachelors,13,Married-civ-spouse,Sales,Husband,White,Male,0,0,40,United-States,0
29,Private,356133,Some-college,10,Never-married,Prof-specialty,Other-relative,White,Female,0,0,40,United-States,0
28,Private,222442,HS-grad,9,Married-civ-spouse,Sales,Husband,White,Male,0,0,51,Cuba,0
60,Private,140544,HS-grad,9,Never-married,Handlers-cleaners,Not-in-family,White,Male,0,0,40,United-States,0
26,Private,515025,10th,6,Married-civ-spouse,Handlers-cleaners,Wife,White,Female,0,0,40,United-States,0
64,Self-emp-not-inc,178472,9th,5,Separated,Transport-moving,Not-in-family,White,Male,0,0,45,United-States,0
55,Private,127014,HS-grad,9,Married-civ-spouse,Other-service,Husband,White,Male,0,0,60,United-States,0
47,Local-gov,165822,Some-college,10,Divorced,Transport-moving,Unmarried,White,Male,0,0,40,United-States,0
58,Private,111394,Bachelors,13,Married-civ-spouse,Prof-specialty,Husband,White,Male,0,0,40,United-States,1
54,Private,457237,Masters,14,Married-civ-spouse,Sales,Husband,White,Male,0,0,40,United-States,0
35,Private,85399,HS-grad,9,Never-married,Machine-op-inspct,Not-in-family,White,Female,0,0,40,United-States,0
32,Private,188048,Bachelors,13,Never-married,Adm-clerical,Own-child,White,Female,0,0,40,United-States,0
18,Private,312353,12th,8,Never-married,Other-service,Own-child,Black,Male,0,0,20,United-States,0
21,Private,213341,11th,7,Married-spouse-absent,Handlers-cleaners,Own-child,White,Male,0,1762,40,Dominican-Republic,0
46,Self-emp-inc,181413,Assoc-acdm,12,Married-civ-spouse,Exec-managerial,Wife,White,Female,0,0,40,United-States,0
30,Self-emp-not-inc,79303,Assoc-voc,11,Married-civ-spouse,Farming-fishing,Husband,White,Male,0,0,60,United-States,0
26,Private,213412,11th,7,Married-civ-spouse,Craft-repair,Husband,White,Male,0,0,40,United-States,0
62,Private,167652,Assoc-voc,11,Divorced,Sales,Not-in-family,White,Female,0,0,40,United-States,0
20,Private,47791,12th,8,Divorced,Other-service,Not-in-family,White,Female,0,0,10,United-States,0
47,Private,168195,HS-grad,9,Married-civ-spouse,Sales,Husband,White,Male,0,0,55,United-States,0
25,Private,120535,HS-grad,9,Divorced,Sales,Unmarried,White,Female,0,0,40,United-States,0
42,Private,102606,Bachelors,13,Married-civ-spouse,Tech-support,Husband,White,Male,0,0,40,United-States,1
27,Private,167737,Some-college,10,Never-married,Handlers-cleaners,Not-in-family,White,Male,0,0,48,United-States,0
33,Private,125249,HS-grad,9,Separated,Protective-serv,Own-child,White,Female,0,0,40,United-States,0
60,Private,185836,Prof-school,15,Married-civ-spouse,Exec-managerial,Husband,White,Male,0,0,40,United-States,1
40,Private,520586,Some-college,10,Divorced,Adm-clerical,Unmarried,White,Female,0,0,39,United-States,0
51,Private,306785,HS-grad,9,Divorced,Adm-clerical,Not-in-family,White,Female,0,0,40,United-States,0
45,Private,167187,Bachelors,13,Never-married,Prof-specialty,Not-in-family,White,Female,0,0,40,United-States,1
52,Private,145155,HS-grad,9,Widowed,Adm-clerical,Not-in-family,White,Female,0,0,40,United-States,0
26,Private,167848,HS-grad,9,Never-married,Machine-op-inspct,Not-in-family,Black,Male,0,0,40,United-States,0
72,Private,192732,HS-grad,9,Married-civ-spouse,Handlers-cleaners,Husband,White,Male,0,0,20,United-States,0
26,Private,206199,HS-grad,9,Never-married,Adm-clerical,Own-child,Black,Male,0,0,40,United-States,0
22,Private,403519,HS-grad,9,Married-civ-spouse,Machine-op-inspct,Husband,White,Male,0,0,40,United-States,0
36,Self-emp-not-inc,219611,Bachelors,13,Never-married,Sales,Not-in-family,Black,Female,2174,0,50,United-States,0
36,State-gov,96468,Masters,14,Never-married,Prof-specialty,Own-child,White,Female,0,0,40,United-States,0
67,Private,105216,Some-college,10,Widowed,Adm-clerical,Not-in-family,White,Female,0,0,25,United-States,0
90,Private,88991,Bachelors,13,Married-civ-spouse,Exec-managerial,Wife,White,Female,0,0,40,England,1
29,Private,101597,Some-college,10,Divorced,Sales,Unmarried,White,Female,0,0,54,United-States,0
31,Private,73796,Some-college,10,Widowed,Exec-managerial,Unmarried,White,Female,0,0,30,United-States,0
66,Private,216856,Masters,14,Married-civ-spouse,Sales,Husband,White,Male,0,0,50,United-States,0
49,Private,197418,HS-grad,9,Widowed,Adm-clerical,Unmarried,White,Female,0,0,20,United-States,0
36,Private,128516,HS-grad,9,Married-civ-spouse,Adm-clerical,Wife,White,Female,0,0,40,United-States,1
38,Local-gov,256864,Assoc-voc,11,Married-civ-spouse,Exec-managerial,Husband,White,Male,0,0,40,United-States,0
54,Local-gov,169785,Masters,14,Widowed,Prof-specialty,Unmarried,White,Female,0,0,38,United-States,0
32,Local-gov,186784,Bachelors,13,Married-civ-spouse,Prof-specialty,Wife,White,Female,5013,0,45,United-States,0
24,Private,235894,HS-grad,9,Married-civ-spouse,Craft-repair,Husband,White,Male,0,0,38,United-States,0
25,Private,339324,Bachelors,13,Never-married,Tech-support,Not-in-family,White,Male,0,0,40,United-States,0
33,Private,107248,Assoc-voc,11,Never-married,Adm-clerical,Not-in-family,White,Male,0,0,45,United-States,0
34,Private,130369,HS-grad,9,Divorced,Transport-moving,Unmarried,White,Female,1151,0,48,Germany,0
19,Private,323421,Some-college,10,Never-married,Handlers-cleaners,Own-child,White,Male,0,0,20,United-States,0
36,Private,280169,Masters,14,Married-civ-spouse,Exec-managerial,Husband,White,Male,0,0,50,United-States,1
36,Local-gov,116892,Some-college,10,Married-civ-spouse,Craft-repair,Husband,White,Male,0,0,40,United-States,0
39,State-gov,142897,Assoc-voc,11,Never-married,Exec-managerial,Unmarried,White,Female,0,0,50,United-States,0
25,Private,254746,Assoc-voc,11,Never-married,Adm-clerical,Not-in-family,White,Female,0,0,40,United-States,0
32,Private,153588,HS-grad,9,Divorced,Craft-repair,Not-in-family,White,Male,0,0,40,United-States,0
34,Private,98656,Some-college,10,Never-married,Prof-specialty,Not-in-family,White,Female,0,0,40,United-States,0
51,Private,148431,HS-grad,9,Married-civ-spouse,Craft-repair,Husband,White,Male,0,0,40,United-States,0
40,Private,89226,Bachelors,13,Married-civ-spouse,Sales,Husband,White,Male,0,0,40,United-States,1
55,Federal-gov,169133,Bachelors,13,Divorced,Prof-specialty,Unmarried,White,Male,0,0,40,United-States,0
51,Private,174754,HS-grad,9,Never-married,Other-service,Not-in-family,Black,Female,0,0,38,United-States,0
35,Local-gov,79649,Bachelors,13,Married-civ-spouse,Prof-specialty,Husband,White,Male,0,0,50,United-States,0
29,State-gov,95423,Masters,14,Married-civ-spouse,Adm-clerical,Husband,White,Male,0,0,36,United-States,0
51,Local-gov,74784,Some-college,10,Widowed,Adm-clerical,Not-in-family,White,Female,0,0,40,United-States,0
21,Private,312017,Some-college,10,Never-married,Craft-repair,Not-in-family,White,Male,0,0,40,United-States,0
26,Private,114483,HS-grad,9,Married-civ-spouse,Machine-op-inspct,Husband,White,Male,0,0,40,United-States,0
25,Private,512771,9th,5,Married-civ-spouse,Transport-moving,Husband,White,Male,0,0,45,United-States,0
34,Self-emp-not-inc,56964,HS-grad,9,Married-civ-spouse,Transport-moving,Husband,White,Male,0,0,35,United-States,0
35,Private,225330,Bachelors,13,Never-married,Adm-clerical,Not-in-family,White,Female,0,0,40,United-States,0
25,Private,248313,Assoc-voc,11,Never-married,Adm-clerical,Not-in-family,White,Female,0,0,40,United-States,0
42,Private,236110,5th-6th,3,Married-spouse-absent,Craft-repair,Not-in-family,White,Male,0,0,40,Puerto-Rico,0
37,Private,60313,HS-grad,9,Never-married,Craft-repair,Unmarried,White,Male,0,0,40,United-States,0
37,Private,468713,Some-college,10,Married-civ-spouse,Adm-clerical,Husband,White,Male,0,0,40,United-States,0
73,Private,220019,9th,5,Widowed,Other-service,Unmarried,White,Female,0,0,9,United-States,0
45,Private,61751,HS-grad,9,Married-civ-spouse,Other-service,Wife,White,Female,0,0,35,United-States,0
31,Private,159979,Some-college,10,Never-married,Sales,Not-in-family,Asian-Pac-Islander,Female,0,0,50,United-States,0
35,Private,139647,Some-college,10,Divorced,Exec-managerial,Not-in-family,White,Female,0,0,40,United-States,1
44,Private,192976,HS-grad,9,Married-civ-spouse,Transport-moving,Husband,Amer-Indian-Eskimo,Male,0,0,40,United-States,0
25,Private,258276,Some-college,10,Never-married,Handlers-cleaners,Not-in-family,Amer-Indian-Eskimo,Male,0,0,40,United-States,0
30,Private,219838,12th,8,Divorced,Machine-op-inspct,Not-in-family,White,Male,0,0,40,United-States,0
41,Private,101739,Assoc-acdm,12,Married-civ-spouse,Exec-managerial,Wife,White,Female,0,0,50,United-States,1
29,Private,113464,HS-grad,9,Never-married,Transport-moving,Other-relative,Other,Male,0,0,40,Dominican-Republic,0
48,Self-emp-inc,382242,Doctorate,16,Married-civ-spouse,Exec-managerial,Wife,White,Female,0,0,40,United-States,1
47,Private,47247,Some-college,10,Married-civ-spouse,Adm-clerical,Wife,White,Female,0,0,40,United-States,0
25,Private,145434,Some-college,10,Never-married,Machine-op-inspct,Not-in-family,White,Female,0,0,25,United-States,0
36,Private,107410,HS-grad,9,Married-civ-spouse,Sales,Husband,White,Male,0,0,40,United-States,0
51,Self-emp-not-inc,291755,7th-8th,4,Married-civ-spouse,Exec-managerial,Husband,White,Male,0,0,42,United-States,0
28,Private,208249,Some-college,10,Divorced,Tech-support,Not-in-family,White,Male,0,0,24,United-States,0
61,Federal-gov,181081,HS-grad,9,Divorced,Adm-clerical,Own-child,Black,Female,0,0,20,United-States,0
56,Private,133819,HS-grad,9,Separated,Craft-repair,Not-in-family,White,Female,0,0,40,United-States,0
23,Private,245147,Some-college,10,Never-married,Handlers-cleaners,Own-child,Black,Male,0,0,40,United-States,0
33,State-gov,296282,HS-grad,9,Married-civ-spouse,Craft-repair,Husband,White,Male,0,0,40,United-States,0
36,State-gov,180752,Bachelors,13,Never-married,Protective-serv,Unmarried,Black,Female,0,0,40,United-States,0
37,Local-gov,160910,Bachelors,13,Married-civ-spouse,Adm-clerical,Husband,White,Male,7298,0,40,United-States,1
23,Private,233626,Bachelors,13,Never-married,Sales,Not-in-family,White,Male,0,0,25,United-States,0
43,Private,118536,HS-grad,9,Divorced,Machine-op-inspct,Other-relative,Black,Male,0,0,40,United-States,0
34,Private,483777,HS-grad,9,Never-married,Handlers-cleaners,Not-in-family,Black,Male,0,0,40,United-States,0
36,Private,257942,HS-grad,9,Married-civ-spouse,Sales,Husband,White,Male,0,0,40,United-States,0
45,Private,201699,Assoc-voc,11,Married-civ-spouse,Machine-op-inspct,Husband,White,Male,0,0,40,United-States,1
36,Local-gov,61778,HS-grad,9,Married-civ-spouse,Prof-specialty,Husband,White,Male,15024,0,40,United-States,1
20,Private,203263,12th,8,Never-married,Other-service,Own-child,White,Male,0,0,35,United-States,0
51,Private,24185,Bachelors,13,Married-civ-spouse,Craft-repair,Husband,White,Male,0,0,40,United-States,1
57,Private,175942,Some-college,10,Divorced,Exec-managerial,Not-in-family,White,Female,0,0,50,United-States,1
47,Private,24723,10th,6,Divorced,Exec-managerial,Not-in-family,Amer-Indian-Eskimo,Female,0,0,45,United-States,0
58,Self-emp-inc,143266,Bachelors,13,Married-civ-spouse,Prof-specialty,Husband,White,Male,0,0,40,United-States,0
20,Private,282579,Some-college,10,Never-married,Other-service,Not-in-family,White,Male,0,0,40,United-States,0
30,Private,177675,Some-college,10,Never-married,Craft-repair,Not-in-family,White,Male,0,0,40,United-States,1
51,Private,136913,HS-grad,9,Married-civ-spouse,Machine-op-inspct,Husband,White,Male,0,0,40,United-States,0
41,Self-emp-not-inc,229148,HS-grad,9,Never-married,Other-service,Not-in-family,Black,Male,0,0,60,Jamaica,0
30,Private,23778,7th-8th,4,Separated,Handlers-cleaners,Not-in-family,White,Male,0,0,40,United-States,0
54,Private,53833,HS-grad,9,Married-civ-spouse,Machine-op-inspct,Husband,White,Male,0,0,40,United-States,1
51,Private,195105,HS-grad,9,Divorced,Priv-house-serv,Own-child,White,Female,0,0,40,United-States,0
64,Private,174826,HS-grad,9,Divorced,Machine-op-inspct,Not-in-family,White,Female,0,0,40,United-States,0
24,Private,278155,Some-college,10,Never-married,Machine-op-inspct,Not-in-family,White,Male,0,0,30,United-States,0
41,Private,648223,1st-4th,2,Married-spouse-absent,Farming-fishing,Unmarried,White,Male,0,0,40,Mexico,0
55,Private,102058,Bachelors,13,Married-civ-spouse,Exec-managerial,Husband,White,Male,0,0,50,United-States,1
20,Private,32732,Some-college,10,Never-married,Other-service,Not-in-family,White,Male,0,0,45,United-States,0
36,Private,231037,7th-8th,4,Married-civ-spouse,Machine-op-inspct,Husband,White,Male,0,0,40,United-States,0
27,Private,193898,Bachelors,13,Married-civ-spouse,Sales,Husband,White,Male,0,0,45,United-States,1
71,Self-emp-inc,133821,HS-grad,9,Married-civ-spouse,Adm-clerical,Wife,White,Female,0,0,20,United-States,1
45,Local-gov,287920,Masters,14,Married-civ-spouse,Prof-specialty,Husband,White,Male,0,0,50,United-States,1
25,Local-gov,176162,Assoc-voc,11,Never-married,Protective-serv,Own-child,White,Male,0,0,30,United-States,0
18,Private,43272,Some-college,10,Never-married,Other-service,Own-child,White,Male,0,0,20,United-States,0
60,Private,238913,Bachelors,13,Married-civ-spouse,Sales,Husband,White,Male,0,0,46,United-States,1
22,Private,99199,HS-grad,9,Married-civ-spouse,Exec-managerial,Husband,White,Male,0,0,48,United-States,0
41,Private,154194,HS-grad,9,Never-married,Sales,Own-child,White,Female,0,0,40,United-States,0
35,Private,340260,HS-grad,9,Divorced,Craft-repair,Unmarried,White,Female,0,0,48,United-States,0
64,State-gov,104361,Some-college,10,Separated,Adm-clerical,Not-in-family,White,Female,0,0,65,United-States,0
34,Federal-gov,419691,Bachelors,13,Married-civ-spouse,Protective-serv,Husband,White,Male,7298,0,54,United-States,1
28,Private,209801,9th,5,Married-civ-spouse,Machine-op-inspct,Wife,White,Female,0,0,40,United-States,0
33,Private,134886,Some-college,10,Never-married,Adm-clerical,Own-child,White,Female,99999,0,30,United-States,1
21,Private,119704,Some-college,10,Never-married,Sales,Unmarried,White,Female,0,0,35,United-States,0
35,Private,201328,HS-grad,9,Married-civ-spouse,Transport-moving,Husband,White,Male,0,0,50,United-States,0
57,Self-emp-inc,172654,Prof-school,15,Married-civ-spouse,Transport-moving,Husband,White,Male,15024,0,50,United-States,1
18,Private,128086,12th,8,Never-married,Handlers-cleaners,Own-child,White,Male,0,0,18,United-States,0
53,Private,23698,HS-grad,9,Married-civ-spouse,Craft-repair,Husband,White,Male,0,0,46,United-States,1
43,Private,117627,Some-college,10,Divorced,Exec-managerial,Not-in-family,Black,Female,0,0,40,United-States,0
45,Self-emp-not-inc,67716,Some-college,10,Married-civ-spouse,Exec-managerial,Husband,White,Male,0,0,60,United-States,0
17,Private,63734,10th,6,Never-married,Handlers-cleaners,Own-child,White,Male,0,0,20,United-States,0
50,Private,305147,Bachelors,13,Married-civ-spouse,Craft-repair,Husband,White,Male,0,0,40,United-States,0
24,Private,196269,11th,7,Married-civ-spouse,Handlers-cleaners,Husband,Other,Male,0,0,40,United-States,0
20,Private,117244,HS-grad,9,Never-married,Machine-op-inspct,Unmarried,White,Female,0,0,45,United-States,0
22,Private,210781,Bachelors,13,Never-married,Adm-clerical,Own-child,White,Female,0,0,35,United-States,0
36,Private,228157,Some-college,10,Never-married,Craft-repair,Not-in-family,Asian-Pac-Islander,Male,0,0,40,Laos,0
34,Private,261023,Some-college,10,Married-civ-spouse,Craft-repair,Husband,White,Male,0,1651,38,United-States,0
36,Local-gov,241998,Bachelors,13,Married-civ-spouse,Prof-specialty,Husband,White,Male,0,1672,50,United-States,0
36,Private,258102,HS-grad,9,Never-married,Handlers-cleaners,Not-in-family,White,Male,0,0,40,United-States,0
48,Local-gov,219962,Assoc-voc,11,Married-civ-spouse,Craft-repair,Husband,White,Male,0,0,40,United-States,0
52,Private,74024,Masters,14,Married-civ-spouse,Prof-specialty,Husband,White,Male,0,0,45,United-States,1
47,Local-gov,154940,Masters,14,Never-married,Prof-specialty,Not-in-family,White,Female,0,0,45,United-States,1
29,Private,162002,HS-grad,9,Never-married,Other-service,Own-child,White,Female,0,0,35,United-States,0
35,Self-emp-not-inc,169426,Assoc-acdm,12,Married-civ-spouse,Craft-repair,Husband,White,Male,0,0,40,United-States,0
40,Private,63503,Bachelors,13,Married-civ-spouse,Exec-managerial,Husband,White,Male,0,0,40,United-States,1
22,Private,46645,Bachelors,13,Never-married,Prof-specialty,Not-in-family,White,Female,0,0,9,United-States,0
27,Self-emp-not-inc,66473,Bachelors,13,Married-civ-spouse,Exec-managerial,Husband,White,Male,0,0,50,United-States,0
45,Private,207540,Doctorate,16,Separated,Exec-managerial,Unmarried,White,Male,0,0,40,United-States,1
33,Private,92865,Some-college,10,Never-married,Adm-clerical,Own-child,White,Female,0,0,40,United-States,0
18,Private,118376,Some-college,10,Never-married,Other-service,Own-child,White,Female,0,0,15,United-States,0
30,Private,109282,Some-college,10,Never-married,Sales,Own-child,White,Male,0,0,20,United-States,0
20,Private,184779,Some-college,10,Never-married,Tech-support,Own-child,White,Female,0,0,20,United-States,0
48,Private,173938,HS-grad,9,Married-civ-spouse,Exec-managerial,Husband,White,Male,0,0,60,United-States,0
37,Self-emp-not-inc,415847,Bachelors,13,Married-civ-spouse,Prof-specialty,Husband,White,Male,0,0,40,United-States,1
26,Private,161007,Assoc-voc,11,Married-civ-spouse,Handlers-cleaners,Husband,White,Male,0,0,80,United-States,0
23,Private,178272,Bachelors,13,Never-married,Prof-specialty,Not-in-family,White,Female,0,0,40,United-States,0
46,Private,184883,9th,5,Married-civ-spouse,Machine-op-inspct,Wife,White,Female,0,0,40,United-States,0
32,Private,147284,Assoc-voc,11,Married-civ-spouse,Sales,Husband,White,Male,0,0,50,United-States,1
18,Private,78181,11th,7,Never-married,Other-service,Own-child,White,Female,0,0,30,United-States,0
46,Private,185673,HS-grad,9,Divorced,Transport-moving,Not-in-family,White,Male,0,0,40,United-States,0
50,Self-emp-not-inc,30653,Masters,14,Married-civ-spouse,Farming-fishing,Husband,White,Male,2407,0,98,United-States,0
21,Private,118186,Some-college,10,Never-married,Sales,Own-child,Black,Female,0,0,20,United-States,0
33,Private,204752,HS-grad,9,Never-married,Other-service,Own-child,White,Male,0,0,40,United-States,0
49,Private,199058,HS-grad,9,Married-civ-spouse,Adm-clerical,Husband,White,Male,0,0,38,United-States,0
29,Private,173611,Some-college,10,Never-married,Sales,Own-child,White,Female,0,0,40,United-States,0
26,Private,294493,Bachelors,13,Never-married,Craft-repair,Other-relative,White,Male,0,0,40,United-States,0
43,Private,195258,HS-grad,9,Married-civ-spouse,Adm-clerical,Husband,White,Male,0,0,40,United-States,1
47,Private,503454,12th,8,Never-married,Adm-clerical,Other-relative,Black,Female,0,0,40,United-States,0
23,Private,53306,HS-grad,9,Never-married,Craft-repair,Not-in-family,White,Male,0,0,30,United-States,0
54,Private,50385,Bachelors,13,Divorced,Exec-managerial,Not-in-family,Black,Female,0,0,45,United-States,1
35,Private,196491,Bachelors,13,Never-married,Sales,Not-in-family,White,Male,0,0,50,United-States,0
57,Private,226875,7th-8th,4,Married-civ-spouse,Sales,Husband,White,Male,0,0,50,United-States,0
46,Private,191204,Assoc-voc,11,Never-married,Exec-managerial,Own-child,White,Female,0,0,40,United-States,0
50,Private,33304,HS-grad,9,Married-civ-spouse,Craft-repair,Husband,White,Male,0,0,40,United-States,1
38,Self-emp-not-inc,423616,HS-grad,9,Married-civ-spouse,Sales,Wife,White,Female,0,0,24,United-States,1
51,Private,355551,HS-grad,9,Never-married,Craft-repair,Unmarried,White,Female,0,0,45,Mexico,0
30,Self-emp-not-inc,117944,HS-grad,9,Married-civ-spouse,Prof-specialty,Husband,White,Male,0,0,25,United-States,0
17,Private,132755,11th,7,Never-married,Sales,Own-child,White,Male,0,0,15,United-States,0
24,Private,134787,Some-college,10,Never-married,Sales,Own-child,White,Female,0,0,40,United-States,0
22,Private,254293,12th,8,Never-married,Handlers-cleaners,Not-in-family,White,Male,0,0,40,United-States,0
30,Private,272669,Some-college,10,Never-married,Tech-support,Not-in-family,Asian-Pac-Islander,Male,0,0,40,United-States,0
54,Local-gov,279881,Assoc-voc,11,Married-civ-spouse,Transport-moving,Husband,Black,Male,0,0,40,United-States,0
48,Local-gov,317360,Masters,14,Married-civ-spouse,Prof-specialty,Wife,White,Female,0,0,40,United-States,1
25,Private,200408,Assoc-acdm,12,Never-married,Craft-repair,Own-child,White,Male,0,0,40,United-States,0
31,Private,242984,Some-college,10,Separated,Handlers-cleaners,Not-in-family,White,Male,0,0,40,United-States,0
22,Private,244366,Bachelors,13,Never-married,Prof-specialty,Own-child,White,Male,0,0,40,United-States,0
34,Private,199864,Some-college,10,Married-civ-spouse,Adm-clerical,Wife,White,Female,0,2057,40,United-States,0
62,Private,98076,Bachelors,13,Married-civ-spouse,Exec-managerial,Husband,White,Male,0,0,40,United-States,1
22,Private,187052,11th,7,Never-married,Sales,Unmarried,White,Female,0,0,30,United-States,0
23,Local-gov,203353,Bachelors,13,Never-married,Exec-managerial,Own-child,White,Female,0,0,12,United-States,0
19,Local-gov,354104,HS-grad,9,Never-married,Adm-clerical,Own-child,White,Male,0,0,35,United-States,0
41,Local-gov,195897,Masters,14,Married-civ-spouse,Prof-specialty,Husband,White,Male,0,0,60,United-States,0
38,Private,204556,HS-grad,9,Divorced,Craft-repair,Not-in-family,Black,Male,0,0,40,United-States,0
46,Private,164733,Masters,14,Married-civ-spouse,Prof-specialty,Husband,White,Male,0,0,41,United-States,0
25,Private,114150,HS-grad,9,Never-married,Handlers-cleaners,Other-relative,White,Male,0,0,40,United-States,0
25,Private,150553,9th,5,Married-spouse-absent,Adm-clerical,Unmarried,Asian-Pac-Islander,Female,0,0,40,Vietnam,0
45,Private,225456,Bachelors,13,Married-civ-spouse,Prof-specialty,Husband,White,Male,0,1977,40,United-States,1
20,Private,107658,Some-college,10,Never-married,Tech-support,Not-in-family,White,Female,0,0,10,Canada,0
38,Private,33983,Some-college,10,Married-civ-spouse,Transport-moving,Husband,White,Male,0,0,40,United-States,0
47,Private,199058,Some-college,10,Married-civ-spouse,Prof-specialty,Husband,White,Male,0,0,40,United-States,1
35,Private,175232,HS-grad,9,Divorced,Handlers-cleaners,Other-relative,White,Male,0,0,40,United-States,0
41,Private,153031,Some-college,10,Married-civ-spouse,Sales,Husband,White,Male,0,0,65,United-States,1
28,State-gov,37250,Bachelors,13,Never-married,Prof-specialty,Own-child,White,Male,0,0,16,United-States,0
30,Private,218551,Assoc-voc,11,Married-civ-spouse,Sales,Husband,White,Male,0,0,45,United-States,1
62,Without-pay,159908,Some-college,10,Married-civ-spouse,Adm-clerical,Wife,White,Female,0,0,16,United-States,0
28,Local-gov,213195,Assoc-acdm,12,Married-civ-spouse,Adm-clerical,Wife,White,Female,0,0,40,United-States,1
30,Local-gov,181372,Bachelors,13,Married-civ-spouse,Prof-specialty,Wife,White,Female,0,0,33,United-States,1
24,Private,230229,5th-6th,3,Never-married,Machine-op-inspct,Other-relative,White,Male,0,0,40,Mexico,0
24,Private,214542,Some-college,10,Never-married,Craft-repair,Own-child,White,Male,0,0,60,Canada,0
20,Private,262749,Some-college,10,Never-married,Machine-op-inspct,Own-child,White,Male,0,0,40,United-States,0
24,Self-emp-not-inc,37440,Bachelors,13,Never-married,Farming-fishing,Unmarried,White,Male,0,0,50,United-States,0
26,Private,102420,Bachelors,13,Never-married,Sales,Not-in-family,Asian-Pac-Islander,Female,0,0,40,South,0
29,Local-gov,190330,Some-college,10,Never-married,Other-service,Own-child,White,Female,0,0,10,United-States,0
24,Private,220426,HS-grad,9,Never-married,Handlers-cleaners,Not-in-family,White,Male,0,0,40,United-States,0
37,Private,218955,HS-grad,9,Married-civ-spouse,Other-service,Husband,White,Male,0,0,40,United-States,0
53,Private,324568,11th,7,Married-civ-spouse,Craft-repair,Husband,White,Male,0,0,45,United-States,0
44,Self-emp-not-inc,26669,Assoc-acdm,12,Married-civ-spouse,Other-service,Wife,White,Female,0,0,99,United-States,0
43,Local-gov,147328,Masters,14,Married-civ-spouse,Exec-managerial,Husband,White,Male,0,1977,60,United-States,1
34,Self-emp-not-inc,101266,Bachelors,13,Never-married,Sales,Not-in-family,White,Male,0,0,62,United-States,0
43,Private,69758,Assoc-acdm,12,Married-civ-spouse,Tech-support,Husband,Asian-Pac-Islander,Male,0,0,40,United-States,0
34,Private,141058,Some-college,10,Married-civ-spouse,Other-service,Husband,White,Male,0,0,62,Mexico,0
32,Private,229732,Bachelors,13,Married-civ-spouse,Sales,Husband,White,Male,0,0,45,United-States,0
25,Private,101812,Assoc-voc,11,Married-civ-spouse,Sales,Husband,White,Male,0,0,41,United-States,0
47,Private,280798,Some-college,10,Married-civ-spouse,Exec-managerial,Husband,White,Male,0,0,40,United-States,1
21,Private,221661,HS-grad,9,Never-married,Sales,Own-child,White,Female,0,0,35,United-States,0
43,State-gov,52849,Bachelors,13,Married-civ-spouse,Prof-specialty,Husband,White,Male,0,0,40,United-States,0
28,Private,293398,HS-grad,9,Separated,Sales,Unmarried,Black,Female,0,0,40,United-States,0
34,Self-emp-not-inc,306982,Bachelors,13,Married-civ-spouse,Sales,Husband,Asian-Pac-Islander,Male,0,0,60,South,0
22,Private,50136,5th-6th,3,Married-civ-spouse,Other-service,Husband,White,Male,0,0,40,El-Salvador,0
33,Private,163003,Bachelors,13,Never-married,Exec-managerial,Other-relative,Asian-Pac-Islander,Female,0,0,40,Philippines,0
36,Private,179358,HS-grad,9,Widowed,Handlers-cleaners,Unmarried,White,Female,0,0,30,United-States,0
20,Private,218962,HS-grad,9,Never-married,Machine-op-inspct,Not-in-family,White,Male,0,0,40,United-States,0
52,Private,146567,HS-grad,9,Divorced,Machine-op-inspct,Not-in-family,Black,Male,14344,0,40,United-States,1
52,Local-gov,392668,Assoc-voc,11,Married-civ-spouse,Protective-serv,Husband,White,Male,0,0,40,United-States,1
35,Self-emp-not-inc,188563,HS-grad,9,Divorced,Farming-fishing,Own-child,White,Male,0,0,50,United-States,0
19,Private,219867,HS-grad,9,Never-married,Adm-clerical,Other-relative,White,Female,0,0,35,United-States,0
45,Federal-gov,162410,Some-college,10,Widowed,Tech-support,Not-in-family,White,Female,0,0,45,United-States,1
32,Private,194426,Bachelors,13,Married-civ-spouse,Tech-support,Husband,White,Male,15024,0,40,United-States,1
30,Private,117393,HS-grad,9,Never-married,Sales,Not-in-family,White,Female,0,0,40,United-States,0
25,Private,95691,HS-grad,9,Never-married,Other-service,Unmarried,White,Female,0,0,30,Columbia,0
46,Private,394860,HS-grad,9,Married-civ-spouse,Other-service,Husband,White,Male,0,0,40,United-States,0
30,Private,207668,Bachelors,13,Never-married,Tech-support,Not-in-family,White,Male,0,0,60,Hungary,0
29,Private,244566,HS-grad,9,Divorced,Machine-op-inspct,Unmarried,White,Male,0,0,40,United-States,0
40,Private,130760,Assoc-voc,11,Married-civ-spouse,Exec-managerial,Husband,White,Male,0,0,50,United-States,1
41,Private,32878,Bachelors,13,Married-civ-spouse,Prof-specialty,Husband,White,Male,0,0,45,United-States,1
39,Local-gov,357173,Assoc-acdm,12,Divorced,Prof-specialty,Not-in-family,White,Male,0,0,59,United-States,0
31,Private,73514,HS-grad,9,Never-married,Sales,Own-child,Asian-Pac-Islander,Female,0,0,40,United-States,0
56,State-gov,143931,Bachelors,13,Widowed,Prof-specialty,Not-in-family,White,Female,0,0,40,United-States,0
35,Private,240389,Some-college,10,Married-civ-spouse,Sales,Husband,White,Male,0,0,43,United-States,1
60,Private,54800,HS-grad,9,Married-civ-spouse,Other-service,Wife,White,Female,0,0,40,United-States,0
37,Private,98776,HS-grad,9,Married-civ-spouse,Farming-fishing,Husband,White,Male,0,0,15,United-States,0
41,Private,77373,Some-college,10,Married-civ-spouse,Transport-moving,Husband,White,Male,0,1848,65,United-States,1
31,Private,74501,HS-grad,9,Divorced,Other-service,Unmarried,White,Female,0,0,30,United-States,0
29,Private,350162,Bachelors,13,Married-civ-spouse,Exec-managerial,Wife,White,Male,0,0,40,United-States,1
30,Private,70377,HS-grad,9,Divorced,Prof-specialty,Own-child,White,Female,0,0,40,United-States,0
43,Private,228320,HS-grad,9,Married-civ-spouse,Exec-managerial,Husband,White,Male,0,0,40,United-States,0
34,Private,159442,HS-grad,9,Never-married,Prof-specialty,Not-in-family,White,Female,0,0,30,United-States,0
34,Private,302770,Some-college,10,Married-civ-spouse,Sales,Husband,White,Male,0,0,60,United-States,0
73,Private,139978,11th,7,Married-civ-spouse,Machine-op-inspct,Husband,White,Male,0,0,40,United-States,0
26,Private,91683,10th,6,Married-civ-spouse,Transport-moving,Husband,White,Male,0,0,35,United-States,0
31,Self-emp-not-inc,176862,Some-college,10,Married-civ-spouse,Craft-repair,Husband,White,Male,0,0,40,United-States,0
47,Private,326857,Assoc-voc,11,Married-civ-spouse,Craft-repair,Husband,White,Male,5013,0,40,United-States,0
36,Private,263130,Masters,14,Never-married,Prof-specialty,Not-in-family,White,Female,0,0,40,United-States,0
41,State-gov,132551,Masters,14,Divorced,Prof-specialty,Unmarried,White,Female,0,0,35,United-States,0
46,Private,159869,Bachelors,13,Married-civ-spouse,Exec-managerial,Husband,White,Male,0,0,40,United-States,1
30,Private,226396,HS-grad,9,Married-civ-spouse,Other-service,Wife,White,Female,0,0,30,United-States,0
24,Private,262570,HS-grad,9,Never-married,Machine-op-inspct,Not-in-family,White,Male,0,0,40,United-States,0
26,Private,226288,Bachelors,13,Never-married,Adm-clerical,Not-in-family,White,Male,0,0,40,United-States,0
34,Self-emp-not-inc,175697,Assoc-voc,11,Married-civ-spouse,Craft-repair,Husband,White,Male,0,0,75,United-States,0
69,Self-emp-inc,182451,Bachelors,13,Separated,Exec-managerial,Not-in-family,White,Male,0,0,40,United-States,0
49,Private,122177,HS-grad,9,Never-married,Handlers-cleaners,Own-child,White,Male,0,0,80,United-States,0
41,Private,280167,Masters,14,Married-civ-spouse,Exec-managerial,Husband,White,Male,15024,0,70,United-States,1
67,Private,212705,Masters,14,Married-spouse-absent,Exec-managerial,Not-in-family,White,Male,0,0,55,United-States,1
20,Private,148409,Some-college,10,Never-married,Sales,Other-relative,White,Male,1055,0,20,United-States,0
25,Private,66935,HS-grad,9,Never-married,Craft-repair,Not-in-family,White,Male,0,0,35,United-States,0
57,Private,188330,HS-grad,9,Married-civ-spouse,Other-service,Husband,White,Male,0,0,78,United-States,0
32,Private,176998,Bachelors,13,Married-civ-spouse,Exec-managerial,Husband,White,Male,0,0,40,United-States,0
38,Private,234298,Bachelors,13,Divorced,Exec-managerial,Not-in-family,White,Male,6849,0,60,United-States,0
44,Private,160574,HS-grad,9,Married-civ-spouse,Craft-repair,Husband,White,Male,0,0,65,United-States,1
28,Private,360527,Some-college,10,Never-married,Sales,Not-in-family,White,Male,0,0,45,United-States,0
29,Private,164711,Some-college,10,Never-married,Handlers-cleaners,Other-relative,White,Male,0,0,40,United-States,0
49,State-gov,336509,10th,6,Married-civ-spouse,Other-service,Husband,White,Male,0,0,40,United-States,0
32,Private,553405,Bachelors,13,Married-civ-spouse,Sales,Husband,White,Male,99999,0,50,United-States,1
46,Private,224559,HS-grad,9,Married-civ-spouse,Transport-moving,Husband,Black,Male,0,0,40,United-States,0
29,Private,52636,HS-grad,9,Married-civ-spouse,Transport-moving,Husband,White,Male,0,0,40,United-States,0
42,Private,121055,Some-college,10,Never-married,Sales,Not-in-family,White,Male,0,0,45,United-States,0
32,Private,132601,Prof-school,15,Married-civ-spouse,Prof-specialty,Husband,White,Male,0,0,40,United-States,1
24,Federal-gov,314525,Bachelors,13,Never-married,Prof-specialty,Not-in-family,White,Male,0,1741,45,United-States,0
69,Local-gov,179813,10th,6,Married-civ-spouse,Transport-moving,Husband,White,Male,0,0,10,United-States,0
25,Private,267284,HS-grad,9,Never-married,Handlers-cleaners,Other-relative,White,Male,0,0,40,United-States,0
31,Private,152940,Some-college,10,Married-civ-spouse,Craft-repair,Husband,White,Male,0,0,40,United-States,0
45,Private,96798,5th-6th,3,Divorced,Transport-moving,Unmarried,White,Male,0,0,40,United-States,0
33,Private,169496,HS-grad,9,Married-civ-spouse,Handlers-cleaners,Husband,White,Male,0,0,40,United-States,0
42,Self-emp-not-inc,221172,HS-grad,9,Divorced,Craft-repair,Not-in-family,White,Male,0,0,40,United-States,0
32,Private,509350,Some-college,10,Married-civ-spouse,Handlers-cleaners,Husband,White,Male,0,0,50,Canada,1
18,Private,34125,10th,6,Never-married,Other-service,Own-child,White,Female,0,0,28,United-States,0
38,Federal-gov,207066,HS-grad,9,Married-civ-spouse,Exec-managerial,Husband,White,Male,0,0,42,United-States,1
41,Private,115562,HS-grad,9,Divorced,Protective-serv,Own-child,White,Male,0,0,40,United-States,0
25,Private,63062,Some-college,10,Never-married,Farming-fishing,Own-child,White,Male,0,0,60,United-States,0
21,Private,265434,Some-college,10,Never-married,Prof-specialty,Own-child,White,Female,0,0,30,United-States,0
32,Private,127384,Assoc-voc,11,Married-civ-spouse,Craft-repair,Husband,White,Male,0,0,55,United-States,1
30,Private,101283,Some-college,10,Never-married,Other-service,Not-in-family,White,Female,0,0,40,United-States,0
24,Private,142528,Some-college,10,Never-married,Sales,Own-child,White,Male,0,0,20,United-States,0
20,Private,353195,HS-grad,9,Never-married,Craft-repair,Not-in-family,White,Male,0,0,35,United-States,0
25,Private,120450,HS-grad,9,Never-married,Other-service,Not-in-family,White,Male,0,0,40,United-States,0
31,Private,178370,HS-grad,9,Divorced,Other-service,Unmarried,White,Female,0,0,99,United-States,1
37,Local-gov,31023,Some-college,10,Married-civ-spouse,Other-service,Husband,White,Male,0,0,40,United-States,0
36,Private,162312,HS-grad,9,Never-married,Craft-repair,Not-in-family,Asian-Pac-Islander,Male,0,0,70,South,0
60,Private,166330,HS-grad,9,Married-civ-spouse,Adm-clerical,Wife,White,Female,0,0,40,United-States,0
27,Private,189462,Masters,14,Never-married,Prof-specialty,Not-in-family,White,Female,0,1504,45,United-States,0
24,Private,300584,HS-grad,9,Never-married,Handlers-cleaners,Unmarried,White,Male,0,0,40,United-States,0
33,Private,186824,Assoc-voc,11,Married-civ-spouse,Sales,Husband,White,Male,0,0,40,United-States,0
52,Private,163027,HS-grad,9,Divorced,Craft-repair,Unmarried,White,Female,0,0,50,United-States,0
51,Private,158508,Some-college,10,Divorced,Exec-managerial,Not-in-family,White,Female,0,0,36,United-States,0
82,Self-emp-inc,120408,Some-college,10,Widowed,Sales,Not-in-family,White,Male,0,0,20,United-States,0
27,Private,130807,Assoc-acdm,12,Married-civ-spouse,Tech-support,Husband,White,Male,0,0,40,United-States,0
25,Private,203570,HS-grad,9,Separated,Other-service,Unmarried,Black,Male,0,0,40,United-States,0
25,Private,182227,Some-college,10,Never-married,Adm-clerical,Not-in-family,White,Male,0,0,30,United-States,0
28,Local-gov,419740,Bachelors,13,Never-married,Prof-specialty,Not-in-family,White,Male,0,0,52,United-States,0
45,Private,166636,HS-grad,9,Divorced,Other-service,Other-relative,Black,Female,0,0,35,United-States,0
40,Private,270147,Masters,14,Never-married,Exec-managerial,Not-in-family,White,Female,0,0,40,United-States,1
20,Private,293297,Some-college,10,Never-married,Other-service,Own-child,White,Male,0,0,35,United-States,0
41,Local-gov,34987,Bachelors,13,Married-civ-spouse,Prof-specialty,Husband,White,Male,0,0,35,United-States,1
23,Private,151888,HS-grad,9,Divorced,Craft-repair,Not-in-family,White,Male,4650,0,50,Ireland,0
55,Private,110871,Bachelors,13,Married-civ-spouse,Sales,Husband,White,Male,0,0,40,United-States,0
30,Private,467108,Bachelors,13,Never-married,Prof-specialty,Not-in-family,White,Male,0,0,45,United-States,0
62,State-gov,198686,HS-grad,9,Married-civ-spouse,Other-service,Husband,White,Male,0,0,40,United-States,0
39,Private,117381,HS-grad,9,Never-married,Tech-support,Not-in-family,White,Male,0,0,62,England,0
50,Self-emp-inc,104849,Prof-school,15,Married-civ-spouse,Prof-specialty,Husband,Asian-Pac-Islander,Male,0,0,40,India,0
54,Private,141663,HS-grad,9,Married-civ-spouse,Adm-clerical,Husband,White,Male,0,0,40,United-States,1
47,Private,185465,HS-grad,9,Married-civ-spouse,Craft-repair,Husband,Black,Male,0,0,40,United-States,0
21,Private,210355,11th,7,Never-married,Prof-specialty,Not-in-family,White,Female,0,0,24,United-States,0
19,Private,178811,HS-grad,9,Never-married,Machine-op-inspct,Own-child,Black,Female,0,0,40,United-States,0
51,Private,221672,Masters,14,Married-civ-spouse,Sales,Husband,White,Male,15024,0,50,United-States,1
55,Self-emp-not-inc,422249,HS-grad,9,Married-civ-spouse,Craft-repair,Husband,White,Male,0,0,50,United-States,0
51,Private,160703,12th,8,Married-civ-spouse,Craft-repair,Husband,White,Male,0,0,45,United-States,0
26,Private,112847,Assoc-voc,11,Never-married,Tech-support,Own-child,White,Male,0,0,40,United-States,0
44,State-gov,144125,Bachelors,13,Divorced,Prof-specialty,Not-in-family,White,Female,0,0,40,United-States,0
34,Private,98283,Prof-school,15,Never-married,Tech-support,Not-in-family,Asian-Pac-Islander,Male,0,1564,40,India,1
18,Private,186909,HS-grad,9,Never-married,Sales,Other-relative,White,Female,1055,0,30,United-States,0
39,State-gov,85566,Bachelors,13,Married-civ-spouse,Prof-specialty,Husband,White,Male,0,0,40,United-States,0
62,Private,135480,HS-grad,9,Married-civ-spouse,Sales,Husband,White,Male,0,0,16,United-States,0
43,Private,33126,Some-college,10,Married-civ-spouse,Exec-managerial,Husband,White,Male,0,0,50,United-States,0
36,Private,98515,Assoc-voc,11,Divorced,Tech-support,Unmarried,White,Female,0,0,40,United-States,0
53,Private,394474,Assoc-acdm,12,Never-married,Adm-clerical,Unmarried,Black,Female,0,0,40,United-States,0
28,Self-emp-not-inc,33363,HS-grad,9,Married-civ-spouse,Farming-fishing,Husband,White,Male,0,0,70,United-States,1
34,Private,133122,Bachelors,13,Married-civ-spouse,Exec-managerial,Husband,White,Male,0,0,40,United-States,0
33,Private,143851,Bachelors,13,Never-married,Prof-specialty,Not-in-family,White,Female,0,0,40,United-States,0
27,State-gov,431637,Prof-school,15,Never-married,Prof-specialty,Not-in-family,White,Male,0,0,70,United-States,0
49,Private,195612,Some-college,10,Married-civ-spouse,Exec-managerial,Husband,White,Male,7298,0,40,United-States,1
40,Self-emp-not-inc,277488,HS-grad,9,Divorced,Transport-moving,Not-in-family,White,Male,0,0,84,United-States,0
40,Private,225823,Some-college,10,Divorced,Craft-repair,Not-in-family,White,Male,0,0,60,United-States,0
53,Private,290640,HS-grad,9,Married-civ-spouse,Other-service,Husband,White,Male,0,0,50,Germany,1
52,Self-emp-inc,77392,HS-grad,9,Married-civ-spouse,Farming-fishing,Husband,White,Male,0,0,60,United-States,0
28,Private,119793,Assoc-voc,11,Divorced,Exec-managerial,Not-in-family,White,Male,10520,0,50,United-States,1
49,Private,44434,Some-college,10,Divorced,Tech-support,Other-relative,White,Male,0,0,35,United-States,0
20,Private,122215,HS-grad,9,Never-married,Other-service,Own-child,Black,Male,0,0,52,United-States,0
36,Private,262688,Some-college,10,Married-civ-spouse,Sales,Husband,Black,Male,7688,0,50,United-States,1
36,Self-emp-not-inc,340001,HS-grad,9,Married-civ-spouse,Craft-repair,Husband,White,Male,0,0,40,United-States,0
38,Private,196554,Prof-school,15,Separated,Prof-specialty,Not-in-family,White,Male,0,0,35,United-States,1
34,State-gov,98995,Assoc-voc,11,Never-married,Prof-specialty,Not-in-family,White,Female,0,0,40,United-States,0
31,Self-emp-not-inc,119411,Bachelors,13,Divorced,Exec-managerial,Unmarried,White,Male,0,0,60,United-States,1
32,Private,175856,Some-college,10,Married-civ-spouse,Sales,Husband,White,Male,0,0,40,United-States,0
30,Private,177216,Prof-school,15,Married-civ-spouse,Prof-specialty,Husband,Black,Male,0,1740,40,Haiti,0
37,Private,64922,Bachelors,13,Separated,Other-service,Not-in-family,White,Male,0,0,70,England,0
58,Private,104945,9th,5,Married-civ-spouse,Handlers-cleaners,Husband,Black,Male,0,0,60,United-States,0
30,Private,180374,HS-grad,9,Married-civ-spouse,Exec-managerial,Wife,White,Female,0,0,40,United-States,0
21,Private,214387,Some-college,10,Never-married,Sales,Other-relative,White,Male,0,0,64,United-States,0
38,Self-emp-not-inc,261382,Some-college,10,Married-civ-spouse,Transport-moving,Husband,White,Male,0,0,40,United-States,0
48,Private,28497,HS-grad,9,Married-civ-spouse,Craft-repair,Husband,White,Male,0,0,40,United-States,0
29,Private,87507,Doctorate,16,Married-civ-spouse,Prof-specialty,Husband,Asian-Pac-Islander,Male,0,0,60,India,0
51,Private,221532,Bachelors,13,Divorced,Exec-managerial,Unmarried,White,Male,0,0,40,United-States,1
36,Private,187983,Bachelors,13,Married-civ-spouse,Prof-specialty,Wife,White,Female,0,0,40,United-States,0
40,Private,186916,Bachelors,13,Married-civ-spouse,Prof-specialty,Husband,White,Male,0,0,40,United-States,0
43,Private,168071,HS-grad,9,Married-civ-spouse,Exec-managerial,Husband,White,Male,0,0,44,United-States,0
33,Private,176711,Assoc-acdm,12,Never-married,Adm-clerical,Not-in-family,White,Male,0,0,50,United-States,0
44,Private,115562,Some-college,10,Married-civ-spouse,Tech-support,Husband,White,Male,0,0,40,United-States,0
26,Private,90915,Assoc-acdm,12,Never-married,Other-service,Own-child,Black,Female,0,0,15,United-States,0
20,Private,116791,HS-grad,9,Never-married,Machine-op-inspct,Other-relative,White,Female,0,0,40,United-States,0
31,Private,117028,HS-grad,9,Married-civ-spouse,Machine-op-inspct,Husband,White,Male,0,0,40,United-States,0
35,Self-emp-not-inc,256992,5th-6th,3,Married-civ-spouse,Other-service,Wife,White,Female,0,0,15,Mexico,0
33,Private,106670,Bachelors,13,Married-civ-spouse,Prof-specialty,Wife,White,Female,0,0,40,United-States,1
21,Private,165107,Some-college,10,Never-married,Priv-house-serv,Own-child,White,Female,0,0,40,United-States,0
37,Private,31023,HS-grad,9,Married-civ-spouse,Craft-repair,Husband,White,Male,0,0,51,United-States,0
28,Private,314659,Some-college,10,Never-married,Machine-op-inspct,Not-in-family,White,Male,0,0,42,United-States,0
50,State-gov,24647,Some-college,10,Married-civ-spouse,Adm-clerical,Husband,White,Male,0,0,40,United-States,1
29,Private,206250,HS-grad,9,Married-civ-spouse,Craft-repair,Husband,White,Male,0,0,45,United-States,0
28,Private,239130,Some-college,10,Never-married,Exec-managerial,Not-in-family,White,Male,0,0,50,United-States,0
34,Private,221167,Assoc-acdm,12,Married-civ-spouse,Adm-clerical,Wife,White,Female,0,0,40,United-States,1
24,Private,216181,Assoc-voc,11,Never-married,Machine-op-inspct,Own-child,White,Male,0,0,40,United-States,0
25,Private,238964,Some-college,10,Married-civ-spouse,Craft-repair,Husband,White,Male,0,0,60,United-States,1
52,Private,160703,Doctorate,16,Married-civ-spouse,Prof-specialty,Husband,White,Male,0,0,65,United-States,1
32,Private,101283,HS-grad,9,Never-married,Handlers-cleaners,Not-in-family,White,Female,0,0,35,United-States,0
32,Private,151053,Some-college,10,Never-married,Craft-repair,Unmarried,White,Male,0,0,40,United-States,0
50,Private,204447,Masters,14,Married-civ-spouse,Exec-managerial,Husband,White,Male,15024,0,65,United-States,1
44,Private,192878,HS-grad,9,Divorced,Prof-specialty,Not-in-family,White,Male,0,0,40,United-States,0
22,Private,199266,Bachelors,13,Never-married,Exec-managerial,Not-in-family,White,Female,0,0,30,United-States,0
26,Private,198801,HS-grad,9,Married-civ-spouse,Craft-repair,Husband,White,Male,0,0,45,United-States,0
63,Private,174826,HS-grad,9,Divorced,Other-service,Not-in-family,White,Female,0,0,40,United-States,0
26,Private,120268,HS-grad,9,Married-civ-spouse,Other-service,Husband,White,Male,0,0,50,United-States,0
45,Self-emp-not-inc,58683,Some-college,10,Married-civ-spouse,Transport-moving,Husband,White,Male,0,0,40,United-States,0
54,Local-gov,168553,Bachelors,13,Married-civ-spouse,Exec-managerial,Husband,White,Male,0,0,40,United-States,0
44,Self-emp-not-inc,361280,Some-college,10,Married-civ-spouse,Sales,Husband,Asian-Pac-Islander,Male,0,0,80,Philippines,1
33,Private,284531,Bachelors,13,Never-married,Sales,Not-in-family,White,Female,0,0,40,United-States,0
52,Private,374883,Assoc-voc,11,Never-married,Farming-fishing,Not-in-family,White,Male,0,0,50,United-States,0
28,Local-gov,179759,Some-college,10,Married-spouse-absent,Adm-clerical,Unmarried,White,Female,0,0,40,United-States,0
34,Private,287737,Bachelors,13,Never-married,Sales,Not-in-family,White,Female,0,0,40,United-States,0
30,Private,155659,HS-grad,9,Divorced,Other-service,Unmarried,White,Female,0,0,36,United-States,0
38,Private,40077,HS-grad,9,Married-civ-spouse,Craft-repair,Husband,White,Male,0,0,50,United-States,1
52,Private,213209,Some-college,10,Married-civ-spouse,Craft-repair,Husband,White,Male,0,0,40,United-States,1
32,Private,245378,HS-grad,9,Married-civ-spouse,Sales,Husband,White,Male,0,0,60,United-States,0
20,Private,381357,9th,5,Never-married,Handlers-cleaners,Own-child,White,Male,0,0,28,United-States,0
57,Private,188872,5th-6th,3,Divorced,Transport-moving,Unmarried,White,Male,6497,0,40,United-States,0
31,Private,342019,Assoc-acdm,12,Married-civ-spouse,Prof-specialty,Husband,White,Male,0,0,40,United-States,0
45,Self-emp-not-inc,246891,Masters,14,Divorced,Craft-repair,Not-in-family,White,Male,0,0,40,United-States,0
20,Private,214387,HS-grad,9,Never-married,Machine-op-inspct,Own-child,White,Male,0,0,40,United-States,0
41,Private,223062,Some-college,10,Separated,Other-service,Not-in-family,Black,Male,0,0,40,United-States,0
35,Private,207676,Some-college,10,Never-married,Handlers-cleaners,Own-child,Black,Male,0,0,40,United-States,0
59,Local-gov,93211,Bachelors,13,Married-civ-spouse,Exec-managerial,Wife,White,Female,0,0,22,United-States,1
58,Private,209438,Some-college,10,Divorced,Other-service,Unmarried,Black,Female,0,0,40,United-States,0
27,Private,301654,HS-grad,9,Never-married,Exec-managerial,Own-child,White,Female,0,0,40,United-States,0
37,Private,348739,Bachelors,13,Married-civ-spouse,Prof-specialty,Husband,White,Male,0,0,45,United-States,1
47,Private,102308,Masters,14,Married-civ-spouse,Sales,Husband,White,Male,0,0,40,United-States,1
23,Private,193090,Some-college,10,Never-married,Adm-clerical,Not-in-family,White,Female,3674,0,40,United-States,0
52,Private,74660,Masters,14,Married-civ-spouse,Exec-managerial,Husband,White,Male,0,0,40,United-States,0
47,State-gov,72333,HS-grad,9,Divorced,Adm-clerical,Unmarried,Asian-Pac-Islander,Female,0,0,40,United-States,0
27,Private,127796,5th-6th,3,Never-married,Farming-fishing,Not-in-family,White,Male,0,0,35,Mexico,0
18,Private,452452,10th,6,Never-married,Priv-house-serv,Own-child,Black,Female,0,0,20,United-States,0
25,Private,266820,Preschool,1,Never-married,Farming-fishing,Not-in-family,White,Male,0,0,35,Mexico,0
50,Private,138179,Assoc-acdm,12,Married-civ-spouse,Craft-repair,Husband,White,Male,0,1902,40,United-States,1
40,Local-gov,33155,HS-grad,9,Never-married,Other-service,Own-child,White,Male,0,0,40,United-States,0
30,Private,156025,HS-grad,9,Divorced,Exec-managerial,Unmarried,White,Female,0,0,40,United-States,0
54,Private,391016,Bachelors,13,Married-civ-spouse,Sales,Husband,White,Male,0,0,40,United-States,1
51,Private,241745,5th-6th,3,Separated,Machine-op-inspct,Unmarried,White,Female,0,0,40,Mexico,0
26,Private,208122,Some-college,10,Divorced,Handlers-cleaners,Not-in-family,White,Male,0,0,45,United-States,0
30,Private,190511,HS-grad,9,Married-civ-spouse,Machine-op-inspct,Husband,White,Male,0,0,40,United-States,1
25,Private,345121,10th,6,Separated,Other-service,Own-child,White,Female,0,0,25,United-States,0
26,Private,267431,Bachelors,13,Never-married,Sales,Own-child,Black,Female,0,0,20,United-States,0
35,Private,25803,HS-grad,9,Married-civ-spouse,Craft-repair,Husband,White,Male,0,0,40,United-States,0
61,Private,208919,Masters,14,Married-civ-spouse,Sales,Husband,White,Male,0,0,60,United-States,1
22,Private,270436,HS-grad,9,Never-married,Other-service,Own-child,White,Male,0,0,40,United-States,0
37,Private,203070,Some-college,10,Separated,Adm-clerical,Own-child,White,Male,0,0,62,United-States,0
36,Private,184498,11th,7,Married-civ-spouse,Craft-repair,Husband,White,Male,0,0,40,United-States,0
38,Private,126675,HS-grad,9,Divorced,Craft-repair,Not-in-family,White,Male,0,2205,40,United-States,0
59,Private,126668,Assoc-voc,11,Married-civ-spouse,Prof-specialty,Husband,White,Male,5178,0,50,United-States,1
33,Private,283921,Some-college,10,Married-civ-spouse,Craft-repair,Husband,White,Male,0,0,40,United-States,0
40,Private,198452,11th,7,Married-civ-spouse,Farming-fishing,Husband,White,Male,0,0,40,United-States,0
65,Private,174056,7th-8th,4,Married-civ-spouse,Machine-op-inspct,Husband,White,Male,0,0,40,United-States,0
53,Private,90624,11th,7,Married-civ-spouse,Craft-repair,Husband,Black,Male,0,0,40,United-States,0
34,Private,226872,Bachelors,13,Divorced,Sales,Not-in-family,White,Female,0,0,40,United-States,0
26,Private,172063,Some-college,10,Never-married,Sales,Own-child,White,Female,0,0,24,United-States,0
67,Self-emp-inc,411007,HS-grad,9,Widowed,Exec-managerial,Not-in-family,White,Female,15831,0,40,United-States,1
50,Private,237735,5th-6th,3,Married-civ-spouse,Transport-moving,Husband,White,Male,0,0,37,Mexico,0
51,Private,53833,HS-grad,9,Married-civ-spouse,Prof-specialty,Husband,White,Male,0,0,46,United-States,1
30,Private,467108,Masters,14,Married-civ-spouse,Prof-specialty,Husband,White,Male,0,0,44,United-States,1
55,Private,24694,Some-college,10,Divorced,Prof-specialty,Not-in-family,White,Female,0,0,40,United-States,0
30,Private,226943,HS-grad,9,Divorced,Adm-clerical,Unmarried,White,Female,0,0,35,United-States,0
42,Private,220776,HS-grad,9,Separated,Handlers-cleaners,Unmarried,White,Male,0,0,40,Poland,0
51,Private,284211,HS-grad,9,Widowed,Prof-specialty,Unmarried,White,Female,0,0,35,United-States,0
40,Private,130760,Doctorate,16,Married-civ-spouse,Prof-specialty,Husband,White,Male,0,0,45,United-States,0
54,Local-gov,129972,Assoc-voc,11,Married-civ-spouse,Protective-serv,Husband,White,Male,0,0,38,United-States,1
27,Private,119170,11th,7,Never-married,Exec-managerial,Unmarried,White,Female,0,0,45,United-States,0
28,Private,309566,HS-grad,9,Never-married,Adm-clerical,Unmarried,White,Female,0,0,20,United-States,0
24,Private,215712,Some-college,10,Never-married,Other-service,Not-in-family,White,Male,0,0,35,United-States,0
21,Private,411068,Some-college,10,Never-married,Adm-clerical,Own-child,White,Female,0,0,35,United-States,0
58,Local-gov,44246,9th,5,Married-civ-spouse,Transport-moving,Husband,White,Male,0,0,40,United-States,0
43,Self-emp-not-inc,48087,HS-grad,9,Never-married,Farming-fishing,Not-in-family,White,Male,0,0,60,United-States,0
44,Private,188331,Some-college,10,Separated,Tech-support,Not-in-family,White,Female,0,0,38,United-States,0
62,Private,174201,9th,5,Widowed,Other-service,Unmarried,Black,Female,0,0,25,United-States,0
45,Private,155659,Bachelors,13,Married-civ-spouse,Prof-specialty,Husband,White,Male,0,0,60,United-States,1
64,Private,181232,11th,7,Married-civ-spouse,Craft-repair,Husband,White,Male,0,2179,40,United-States,0
42,Private,87284,Prof-school,15,Married-civ-spouse,Prof-specialty,Husband,White,Male,7298,0,35,United-States,1
23,Private,529223,Bachelors,13,Never-married,Sales,Own-child,Black,Male,0,0,10,United-States,0
38,Private,301743,HS-grad,9,Divorced,Other-service,Not-in-family,White,Female,0,0,35,United-States,0
48,Private,120131,HS-grad,9,Married-civ-spouse,Adm-clerical,Husband,White,Male,0,0,70,United-States,1
34,Private,31740,7th-8th,4,Married-civ-spouse,Transport-moving,Husband,White,Male,0,0,40,United-States,0
25,Private,173062,Bachelors,13,Never-married,Handlers-cleaners,Unmarried,Black,Male,0,0,40,United-States,0
21,Private,277408,Some-college,10,Never-married,Other-service,Unmarried,White,Female,0,0,35,United-States,0
54,Private,88278,Doctorate,16,Married-civ-spouse,Prof-specialty,Husband,White,Male,0,1977,50,United-States,1
45,Private,146497,Some-college,10,Widowed,Exec-managerial,Unmarried,White,Female,0,0,55,United-States,0
52,Private,145271,Bachelors,13,Married-civ-spouse,Craft-repair,Husband,Asian-Pac-Islander,Male,0,0,40,United-States,0
29,Private,244473,Assoc-voc,11,Married-civ-spouse,Tech-support,Husband,White,Male,0,2051,40,United-States,0
23,Private,233472,Bachelors,13,Never-married,Exec-managerial,Not-in-family,White,Male,0,0,40,United-States,0
36,Local-gov,224947,Bachelors,13,Never-married,Prof-specialty,Unmarried,White,Male,0,0,40,United-States,0
41,State-gov,170924,Masters,14,Married-civ-spouse,Prof-specialty,Husband,White,Male,0,0,40,United-States,0
46,Local-gov,197988,1st-4th,2,Never-married,Other-service,Not-in-family,Amer-Indian-Eskimo,Female,0,0,20,United-States,0
53,Private,126592,Some-college,10,Married-civ-spouse,Craft-repair,Husband,Black,Male,7688,0,40,United-States,1
42,Local-gov,142756,Bachelors,13,Divorced,Prof-specialty,Not-in-family,White,Female,0,0,50,United-States,0
41,Private,31221,HS-grad,9,Divorced,Other-service,Unmarried,White,Female,0,0,30,United-States,0
25,Private,170786,9th,5,Never-married,Transport-moving,Other-relative,White,Male,0,0,40,United-States,0
31,Private,113838,HS-grad,9,Married-civ-spouse,Machine-op-inspct,Husband,White,Male,0,0,45,United-States,0
69,Self-emp-not-inc,89477,Some-college,10,Widowed,Farming-fishing,Not-in-family,White,Female,0,0,14,United-States,0
50,Local-gov,220640,Masters,14,Divorced,Prof-specialty,Not-in-family,Amer-Indian-Eskimo,Female,0,0,50,United-States,1
46,Private,148254,HS-grad,9,Divorced,Exec-managerial,Not-in-family,White,Female,0,0,60,United-States,0
40,Private,173607,10th,6,Married-civ-spouse,Transport-moving,Husband,White,Male,0,0,40,United-States,0
34,Private,30433,Bachelors,13,Never-married,Sales,Not-in-family,White,Female,0,0,35,United-States,0
18,Private,111256,HS-grad,9,Never-married,Adm-clerical,Own-child,White,Female,0,0,20,United-States,0
56,Self-emp-inc,35723,7th-8th,4,Married-civ-spouse,Craft-repair,Husband,White,Male,0,0,50,United-States,1
30,Private,227886,HS-grad,9,Never-married,Exec-managerial,Own-child,Black,Female,0,0,35,Jamaica,0
18,Private,240543,11th,7,Never-married,Other-service,Own-child,White,Female,0,0,20,United-States,0
32,Private,240888,Assoc-acdm,12,Divorced,Adm-clerical,Unmarried,White,Female,0,0,40,United-States,0
40,Private,110622,Prof-school,15,Married-civ-spouse,Adm-clerical,Other-relative,Asian-Pac-Islander,Female,0,0,40,Philippines,0
24,Private,137591,Some-college,10,Never-married,Sales,Own-child,White,Male,0,0,10,Greece,0
41,Private,170299,Assoc-voc,11,Divorced,Prof-specialty,Unmarried,White,Female,0,0,43,United-States,0
18,Private,186909,Some-college,10,Never-married,Other-service,Own-child,White,Female,0,0,16,United-States,0
38,Private,99388,Assoc-acdm,12,Married-civ-spouse,Other-service,Husband,White,Male,0,0,40,El-Salvador,0
26,Private,160445,HS-grad,9,Divorced,Craft-repair,Not-in-family,White,Male,0,0,40,United-States,0
55,Private,143266,Assoc-voc,11,Married-civ-spouse,Craft-repair,Husband,White,Male,0,0,50,Hungary,1
20,Private,385077,12th,8,Never-married,Machine-op-inspct,Own-child,White,Male,0,0,40,United-States,0
33,Local-gov,182971,Some-college,10,Married-civ-spouse,Protective-serv,Husband,White,Male,0,1887,40,United-States,1
29,Private,22641,HS-grad,9,Married-civ-spouse,Machine-op-inspct,Husband,Amer-Indian-Eskimo,Male,0,0,45,United-States,0
38,Private,229700,Masters,14,Married-civ-spouse,Prof-specialty,Husband,Black,Male,0,0,40,United-States,1
25,Private,97789,Bachelors,13,Never-married,Sales,Own-child,White,Male,0,0,50,United-States,0
23,Private,37783,Some-college,10,Never-married,Sales,Own-child,White,Female,0,0,40,United-States,0
40,Private,116632,Bachelors,13,Never-married,Sales,Own-child,White,Male,0,0,40,United-States,0
25,Private,410240,HS-grad,9,Never-married,Craft-repair,Own-child,White,Male,0,0,40,United-States,0
34,Private,223212,Bachelors,13,Married-civ-spouse,Prof-specialty,Husband,White,Male,0,1848,40,Peru,1
20,Private,122971,Some-college,10,Never-married,Sales,Own-child,White,Male,0,0,35,United-States,0
33,Private,104509,HS-grad,9,Divorced,Adm-clerical,Own-child,White,Female,0,0,40,United-States,0
46,Private,139268,Masters,14,Married-civ-spouse,Exec-managerial,Husband,White,Male,0,0,45,United-States,1
44,Private,167005,HS-grad,9,Married-civ-spouse,Adm-clerical,Husband,White,Male,0,0,48,United-States,1
40,Private,223548,HS-grad,9,Married-civ-spouse,Adm-clerical,Husband,White,Male,0,0,40,Mexico,0
57,Self-emp-inc,127728,Prof-school,15,Married-civ-spouse,Prof-specialty,Husband,White,Male,15024,0,60,United-States,1
36,Private,109133,HS-grad,9,Married-civ-spouse,Craft-repair,Husband,White,Male,0,0,40,United-States,0
40,Private,33331,Some-college,10,Married-civ-spouse,Transport-moving,Husband,White,Male,0,0,50,United-States,0
26,Private,283715,HS-grad,9,Never-married,Craft-repair,Own-child,White,Male,0,0,40,United-States,0
47,Local-gov,166863,HS-grad,9,Married-civ-spouse,Exec-managerial,Husband,White,Male,0,0,40,United-States,1
68,Private,191581,Masters,14,Never-married,Prof-specialty,Not-in-family,White,Female,3273,0,40,United-States,0
37,Private,359001,Assoc-voc,11,Married-civ-spouse,Transport-moving,Husband,White,Male,15024,0,50,United-States,1
23,Private,313573,Bachelors,13,Never-married,Sales,Own-child,Black,Female,0,0,25,United-States,0
26,Private,214069,HS-grad,9,Separated,Farming-fishing,Not-in-family,White,Male,0,0,40,United-States,0
43,Self-emp-not-inc,35034,Bachelors,13,Married-civ-spouse,Prof-specialty,Husband,White,Male,0,0,21,United-States,0
56,State-gov,671292,HS-grad,9,Married-civ-spouse,Transport-moving,Husband,White,Male,0,0,38,United-States,1
26,Private,53833,HS-grad,9,Never-married,Other-service,Unmarried,White,Male,0,0,40,United-States,0
63,Private,43313,10th,6,Married-civ-spouse,Craft-repair,Husband,White,Male,0,0,40,United-States,0
63,Self-emp-not-inc,217715,5th-6th,3,Never-married,Sales,Not-in-family,White,Female,0,0,3,United-States,0
78,Self-emp-inc,237294,HS-grad,9,Widowed,Sales,Not-in-family,White,Male,0,0,45,United-States,1
50,Self-emp-inc,195322,Doctorate,16,Separated,Prof-specialty,Not-in-family,White,Male,0,0,40,United-States,1
57,Private,182028,Assoc-acdm,12,Widowed,Adm-clerical,Not-in-family,White,Female,0,0,35,United-States,0
20,Private,227411,Some-college,10,Never-married,Other-service,Own-child,White,Female,0,0,20,United-States,0
53,Private,233165,HS-grad,9,Married-civ-spouse,Exec-managerial,Husband,White,Male,0,0,60,United-States,1
47,Private,34248,Assoc-voc,11,Married-civ-spouse,Sales,Husband,White,Male,0,0,40,United-States,1
27,Federal-gov,46442,Bachelors,13,Never-married,Protective-serv,Not-in-family,White,Female,0,0,35,United-States,0
30,Private,165503,Bachelors,13,Never-married,Sales,Own-child,White,Female,0,0,65,United-States,0
40,Private,193882,HS-grad,9,Married-civ-spouse,Exec-managerial,Husband,White,Male,0,0,45,United-States,1
68,Private,168794,7th-8th,4,Married-civ-spouse,Other-service,Husband,White,Male,0,0,30,United-States,0
21,Private,195199,HS-grad,9,Never-married,Prof-specialty,Own-child,White,Female,0,0,30,United-States,0
42,Private,68729,Some-college,10,Never-married,Craft-repair,Not-in-family,Asian-Pac-Islander,Male,0,0,40,United-States,0
33,Private,100135,HS-grad,9,Married-civ-spouse,Adm-clerical,Wife,White,Female,0,1740,25,United-States,0
54,Private,203635,HS-grad,9,Married-civ-spouse,Adm-clerical,Husband,White,Male,7298,0,60,United-States,1
51,Private,320513,7th-8th,4,Married-spouse-absent,Craft-repair,Not-in-family,Black,Male,0,0,50,Dominican-Republic,0
32,Private,170154,Assoc-acdm,12,Separated,Exec-managerial,Unmarried,White,Female,25236,0,50,United-States,1
36,Private,93225,HS-grad,9,Divorced,Craft-repair,Not-in-family,White,Male,0,0,40,United-States,0
30,Private,174215,Doctorate,16,Never-married,Prof-specialty,Not-in-family,White,Female,0,0,15,United-States,0
30,Private,219110,HS-grad,9,Married-civ-spouse,Craft-repair,Husband,White,Male,0,0,46,United-States,0
65,Private,93318,Some-college,10,Married-civ-spouse,Exec-managerial,Wife,White,Female,0,0,45,United-States,0
47,Self-emp-inc,101926,Bachelors,13,Divorced,Exec-managerial,Not-in-family,White,Male,0,0,70,United-States,1
32,Private,128002,Assoc-voc,11,Married-civ-spouse,Adm-clerical,Wife,White,Female,0,0,45,United-States,0
30,Private,252646,Some-college,10,Separated,Transport-moving,Not-in-family,White,Male,0,0,20,United-States,0
55,State-gov,294395,Assoc-voc,11,Widowed,Prof-specialty,Unmarried,White,Female,6849,0,40,United-States,0
48,Private,193553,HS-grad,9,Divorced,Other-service,Not-in-family,Black,Female,0,0,20,United-States,0
26,Private,245628,Some-college,10,Never-married,Adm-clerical,Other-relative,White,Male,0,0,40,Mexico,0
17,Private,309504,10th,6,Never-married,Sales,Unmarried,White,Female,0,0,24,United-States,0
31,Private,201122,Some-college,10,Married-civ-spouse,Exec-managerial,Husband,White,Male,0,0,40,United-States,1
48,Private,164423,HS-grad,9,Divorced,Machine-op-inspct,Unmarried,White,Female,0,0,40,United-States,0
37,Private,356824,HS-grad,9,Separated,Tech-support,Unmarried,White,Female,0,0,40,United-States,0
41,Private,191451,Masters,14,Divorced,Exec-managerial,Unmarried,Black,Female,0,0,60,United-States,1
60,Self-emp-not-inc,187794,HS-grad,9,Married-civ-spouse,Transport-moving,Husband,White,Male,3103,0,60,United-States,1
55,Private,282753,5th-6th,3,Divorced,Other-service,Unmarried,Black,Male,0,0,25,United-States,0
51,Private,154342,7th-8th,4,Married-civ-spouse,Protective-serv,Husband,White,Male,0,0,40,United-States,0
34,Private,99872,Masters,14,Married-civ-spouse,Exec-managerial,Husband,Asian-Pac-Islander,Male,3103,0,40,India,1
73,Private,333676,HS-grad,9,Married-civ-spouse,Farming-fishing,Husband,White,Male,0,0,50,United-States,0
31,Private,115488,HS-grad,9,Married-civ-spouse,Farming-fishing,Husband,White,Male,0,0,40,United-States,0
64,Private,216208,Some-college,10,Widowed,Sales,Not-in-family,White,Female,0,0,40,United-States,0
39,Private,188038,Some-college,10,Divorced,Handlers-cleaners,Not-in-family,White,Male,0,0,40,United-States,0
61,Self-emp-not-inc,392694,Some-college,10,Divorced,Exec-managerial,Not-in-family,White,Male,0,0,50,United-States,1
61,Local-gov,177189,Bachelors,13,Married-civ-spouse,Prof-specialty,Husband,White,Male,0,0,42,United-States,0
43,Private,99185,HS-grad,9,Divorced,Adm-clerical,Unmarried,White,Female,0,0,58,United-States,0
42,Private,210275,Masters,14,Divorced,Tech-support,Unmarried,Black,Female,4687,0,35,United-States,1
56,Private,261232,HS-grad,9,Never-married,Craft-repair,Not-in-family,White,Male,0,0,40,United-States,0
50,Private,280278,HS-grad,9,Widowed,Prof-specialty,Unmarried,Black,Female,0,0,40,United-States,0
58,Self-emp-inc,78634,11th,7,Married-civ-spouse,Transport-moving,Husband,White,Male,0,0,60,United-States,0
44,Private,155701,7th-8th,4,Separated,Other-service,Unmarried,White,Female,0,0,38,Peru,0
25,Private,404616,Bachelors,13,Married-civ-spouse,Exec-managerial,Husband,White,Male,0,0,40,United-States,1
41,Self-emp-not-inc,126094,HS-grad,9,Married-civ-spouse,Exec-managerial,Husband,White,Male,0,0,38,United-States,0
66,Private,192504,Masters,14,Married-civ-spouse,Sales,Husband,White,Male,0,0,40,United-States,0
33,Self-emp-not-inc,80933,HS-grad,9,Married-civ-spouse,Transport-moving,Husband,White,Male,0,0,60,United-States,0
30,Self-emp-inc,127651,HS-grad,9,Married-civ-spouse,Craft-repair,Husband,White,Male,0,1887,48,United-States,1
25,Private,173212,Assoc-acdm,12,Never-married,Farming-fishing,Not-in-family,White,Male,2354,0,45,United-States,0
29,Local-gov,214385,11th,7,Divorced,Other-service,Unmarried,Black,Female,0,0,20,United-States,0
27,Private,369522,HS-grad,9,Never-married,Machine-op-inspct,Own-child,White,Male,0,0,45,United-States,0
64,Private,92115,Some-college,10,Married-civ-spouse,Adm-clerical,Husband,White,Male,0,0,40,United-States,0
34,Private,216864,HS-grad,9,Divorced,Other-service,Unmarried,White,Female,0,3770,45,United-States,0
60,Private,27886,7th-8th,4,Divorced,Other-service,Not-in-family,White,Male,0,0,40,United-States,0
46,Federal-gov,190729,Some-college,10,Married-civ-spouse,Other-service,Husband,White,Male,0,0,40,United-States,0
51,Local-gov,184542,HS-grad,9,Married-civ-spouse,Machine-op-inspct,Husband,White,Male,0,0,40,United-States,0
30,Private,275632,HS-grad,9,Married-civ-spouse,Machine-op-inspct,Husband,White,Male,0,0,45,United-States,0
53,Private,113176,HS-grad,9,Divorced,Sales,Not-in-family,White,Female,2597,0,40,United-States,0
33,Private,159929,HS-grad,9,Married-civ-spouse,Craft-repair,Husband,White,Male,0,0,40,United-States,0
35,Private,202027,Bachelors,13,Married-civ-spouse,Handlers-cleaners,Husband,White,Male,7298,0,35,United-States,1
33,Private,322873,HS-grad,9,Divorced,Sales,Not-in-family,White,Female,0,0,50,United-States,0
23,Private,101885,10th,6,Never-married,Craft-repair,Not-in-family,White,Female,0,0,40,United-States,0
57,Private,211804,Bachelors,13,Married-civ-spouse,Prof-specialty,Husband,White,Male,3103,0,50,United-States,1
39,Private,365739,HS-grad,9,Married-civ-spouse,Craft-repair,Husband,White,Male,0,0,40,United-States,1
40,Private,360884,Some-college,10,Married-civ-spouse,Adm-clerical,Wife,White,Female,7298,0,40,United-States,1
24,State-gov,61737,Bachelors,13,Never-married,Prof-specialty,Not-in-family,White,Male,0,0,40,United-States,0
31,Private,145935,HS-grad,9,Never-married,Exec-managerial,Own-child,Black,Male,0,0,40,United-States,0
27,Private,101364,HS-grad,9,Married-civ-spouse,Handlers-cleaners,Husband,White,Male,0,0,40,Mexico,0
76,Private,278938,Bachelors,13,Widowed,Prof-specialty,Not-in-family,White,Female,0,0,20,United-States,0
42,Private,144002,HS-grad,9,Divorced,Transport-moving,Not-in-family,White,Male,0,0,50,United-States,0
26,Private,275703,Some-college,10,Married-civ-spouse,Sales,Husband,White,Male,0,0,40,United-States,0
19,Private,286435,Some-college,10,Never-married,Craft-repair,Own-child,White,Male,594,0,40,United-States,0
32,Private,52537,Some-college,10,Never-married,Tech-support,Not-in-family,Black,Male,0,0,38,United-States,0
23,Private,324960,HS-grad,9,Never-married,Craft-repair,Other-relative,White,Male,0,0,40,United-States,0
49,Private,305657,7th-8th,4,Married-civ-spouse,Machine-op-inspct,Husband,White,Male,0,0,40,United-States,0
42,Private,366180,Some-college,10,Married-civ-spouse,Exec-managerial,Husband,White,Male,0,0,55,United-States,1
36,Private,111128,HS-grad,9,Separated,Craft-repair,Own-child,White,Male,0,0,40,United-States,0
36,Private,182013,Some-college,10,Divorced,Tech-support,Unmarried,White,Female,0,0,40,United-States,0
51,Local-gov,170579,HS-grad,9,Married-civ-spouse,Transport-moving,Husband,White,Male,0,0,40,United-States,1
28,Private,171067,HS-grad,9,Never-married,Handlers-cleaners,Own-child,White,Female,0,0,40,United-States,0
31,Private,159737,10th,6,Never-married,Adm-clerical,Unmarried,Black,Female,0,0,40,United-States,0
21,Private,117606,Some-college,10,Never-married,Prof-specialty,Not-in-family,White,Female,0,0,40,United-States,0
22,Private,390817,5th-6th,3,Married-civ-spouse,Craft-repair,Other-relative,White,Male,0,0,40,Mexico,0
37,Self-emp-inc,291518,Bachelors,13,Married-civ-spouse,Craft-repair,Husband,White,Male,15024,0,55,United-States,1
35,Self-emp-not-inc,198841,Prof-school,15,Married-civ-spouse,Prof-specialty,Husband,White,Male,0,0,50,United-States,1
41,Private,59938,HS-grad,9,Divorced,Adm-clerical,Unmarried,White,Female,0,0,43,United-States,0
31,Local-gov,158092,Some-college,10,Never-married,Adm-clerical,Own-child,White,Female,0,0,35,United-States,0
30,Private,235271,Bachelors,13,Married-civ-spouse,Sales,Husband,White,Male,0,0,40,United-States,1
22,State-gov,347803,Some-college,10,Never-married,Adm-clerical,Not-in-family,Other,Male,0,0,20,United-States,0
29,Private,237865,Masters,14,Never-married,Transport-moving,Own-child,Black,Male,0,0,40,United-States,0
37,Private,209214,5th-6th,3,Never-married,Machine-op-inspct,Unmarried,White,Female,0,0,40,Mexico,0
19,Private,47577,Some-college,10,Never-married,Transport-moving,Not-in-family,White,Male,0,0,50,United-States,0
64,Private,312242,Some-college,10,Widowed,Exec-managerial,Not-in-family,White,Female,0,0,3,United-States,0
38,Private,278924,Some-college,10,Divorced,Craft-repair,Not-in-family,White,Male,0,0,44,United-States,0
64,Self-emp-not-inc,36960,HS-grad,9,Married-civ-spouse,Farming-fishing,Husband,White,Male,0,0,40,United-States,1
72,Private,426562,11th,7,Divorced,Other-service,Not-in-family,Black,Female,0,0,35,United-States,0
41,Federal-gov,207685,Bachelors,13,Never-married,Exec-managerial,Not-in-family,White,Male,0,0,40,United-States,1
59,Private,171355,Doctorate,16,Married-civ-spouse,Exec-managerial,Husband,White,Male,0,0,40,United-States,1
40,Private,119101,Some-college,10,Married-civ-spouse,Craft-repair,Husband,White,Male,0,1887,68,United-States,1
23,Private,216889,HS-grad,9,Never-married,Handlers-cleaners,Not-in-family,White,Male,0,0,40,United-States,0
21,Private,56520,Some-college,10,Never-married,Adm-clerical,Own-child,White,Male,0,0,40,United-States,0
41,Local-gov,107327,Assoc-voc,11,Divorced,Prof-specialty,Unmarried,White,Female,0,0,40,United-States,0
25,Private,74883,Bachelors,13,Never-married,Tech-support,Not-in-family,Asian-Pac-Islander,Female,0,1092,40,Philippines,0
31,Private,344200,HS-grad,9,Married-civ-spouse,Exec-managerial,Husband,White,Male,0,0,40,United-States,1
34,Private,228881,Some-college,10,Separated,Machine-op-inspct,Not-in-family,Other,Male,0,0,40,United-States,0
34,Private,55176,Some-college,10,Married-civ-spouse,Tech-support,Husband,White,Male,0,0,40,United-States,1
47,Private,266281,11th,7,Never-married,Machine-op-inspct,Unmarried,Black,Female,6849,0,40,United-States,0
33,State-gov,220066,Doctorate,16,Married-civ-spouse,Prof-specialty,Wife,White,Female,0,0,48,United-States,1
63,Private,174018,Some-college,10,Married-civ-spouse,Sales,Husband,Black,Male,0,0,40,United-States,1
45,Private,275517,HS-grad,9,Divorced,Craft-repair,Unmarried,White,Female,0,0,40,United-States,0
31,Private,197860,HS-grad,9,Never-married,Other-service,Not-in-family,White,Male,0,0,40,United-States,0
21,Private,129232,Some-college,10,Never-married,Craft-repair,Own-child,White,Male,0,0,40,United-States,0
28,Private,212640,Prof-school,15,Never-married,Prof-specialty,Not-in-family,White,Female,0,0,85,United-States,0
35,Self-emp-not-inc,278632,HS-grad,9,Married-civ-spouse,Craft-repair,Husband,White,Male,0,0,40,United-States,0
36,Private,89508,Some-college,10,Divorced,Prof-specialty,Not-in-family,White,Male,0,0,50,United-States,0
34,Private,249948,Some-college,10,Divorced,Other-service,Not-in-family,White,Female,0,0,34,United-States,0
31,Self-emp-not-inc,182177,HS-grad,9,Married-civ-spouse,Craft-repair,Husband,White,Male,0,1902,40,United-States,1
64,Private,236341,5th-6th,3,Widowed,Other-service,Not-in-family,Black,Female,0,0,16,United-States,0
25,Private,258379,Bachelors,13,Married-civ-spouse,Prof-specialty,Wife,White,Female,0,0,32,United-States,0
43,Federal-gov,369468,Bachelors,13,Married-civ-spouse,Prof-specialty,Husband,White,Male,0,0,40,United-States,1
51,Private,310774,Prof-school,15,Married-civ-spouse,Prof-specialty,Husband,White,Male,0,0,50,United-States,1
19,Private,415354,10th,6,Divorced,Other-service,Not-in-family,White,Female,0,0,40,United-States,0
39,Private,164712,Some-college,10,Never-married,Transport-moving,Unmarried,White,Male,0,0,40,United-States,0
22,Private,305781,HS-grad,9,Never-married,Sales,Not-in-family,White,Male,0,0,45,Canada,0
43,Private,216497,Bachelors,13,Divorced,Adm-clerical,Unmarried,White,Female,0,0,40,Germany,0
48,Private,54759,HS-grad,9,Divorced,Prof-specialty,Unmarried,White,Female,0,0,38,United-States,0
61,Private,213321,HS-grad,9,Married-civ-spouse,Protective-serv,Husband,White,Male,0,0,40,United-States,0
31,Private,104509,Bachelors,13,Never-married,Sales,Not-in-family,White,Female,0,0,65,United-States,1
25,Private,91709,Assoc-acdm,12,Never-married,Tech-support,Not-in-family,White,Female,0,0,45,United-States,0
59,Private,96840,HS-grad,9,Divorced,Other-service,Unmarried,White,Female,0,0,40,United-States,0
62,Local-gov,180162,9th,5,Divorced,Protective-serv,Not-in-family,Black,Male,0,0,24,United-States,0
31,Private,373185,Some-college,10,Never-married,Craft-repair,Unmarried,White,Male,0,0,42,Mexico,0
43,Self-emp-not-inc,225165,11th,7,Married-civ-spouse,Craft-repair,Husband,White,Male,0,0,55,United-States,0
21,Private,143582,Bachelors,13,Never-married,Prof-specialty,Own-child,Asian-Pac-Islander,Female,0,0,45,United-States,0
19,Private,138760,HS-grad,9,Never-married,Machine-op-inspct,Own-child,White,Male,0,0,40,United-States,0
28,Private,201954,Assoc-acdm,12,Never-married,Exec-managerial,Not-in-family,White,Male,0,0,65,United-States,1
33,Private,213226,HS-grad,9,Married-civ-spouse,Craft-repair,Husband,White,Male,0,0,60,United-States,0
42,Private,202188,Some-college,10,Divorced,Exec-managerial,Not-in-family,White,Female,0,1741,50,United-States,0
43,State-gov,424094,Doctorate,16,Never-married,Prof-specialty,Not-in-family,White,Female,0,0,40,United-States,0
51,Self-emp-not-inc,205100,Masters,14,Married-civ-spouse,Prof-specialty,Wife,White,Female,0,0,30,United-States,1
36,Private,143123,Prof-school,15,Married-civ-spouse,Prof-specialty,Husband,White,Male,0,0,50,United-States,1
39,Private,187847,HS-grad,9,Divorced,Machine-op-inspct,Own-child,White,Male,0,0,50,United-States,0
37,Private,148581,HS-grad,9,Married-civ-spouse,Transport-moving,Husband,White,Male,0,0,50,United-States,1
51,Local-gov,116286,Masters,14,Married-civ-spouse,Prof-specialty,Husband,White,Male,0,0,60,United-States,1
34,Private,554206,HS-grad,9,Separated,Transport-moving,Not-in-family,Black,Male,0,0,20,United-States,0
27,Private,240809,Some-college,10,Never-married,Adm-clerical,Not-in-family,White,Female,0,0,56,United-States,0
33,Private,102821,12th,8,Married-civ-spouse,Protective-serv,Husband,White,Male,0,0,40,United-States,0
45,Private,140581,Some-college,10,Widowed,Other-service,Unmarried,Black,Female,0,0,40,United-States,0
18,Private,80163,Some-college,10,Never-married,Sales,Own-child,White,Female,0,0,20,United-States,0
35,Self-emp-inc,202027,Some-college,10,Divorced,Exec-managerial,Not-in-family,White,Male,0,0,60,United-States,0
28,Private,183155,Bachelors,13,Married-civ-spouse,Prof-specialty,Husband,White,Male,0,0,55,United-States,0
42,Private,245565,Bachelors,13,Never-married,Prof-specialty,Own-child,White,Female,0,0,12,England,0
21,Private,191497,Some-college,10,Never-married,Sales,Own-child,White,Female,0,0,20,United-States,0
44,Local-gov,290403,Assoc-voc,11,Divorced,Protective-serv,Own-child,White,Female,0,0,40,Cuba,0
32,Private,97723,HS-grad,9,Married-civ-spouse,Craft-repair,Husband,White,Male,0,1672,40,United-States,0
45,Private,155659,HS-grad,9,Married-civ-spouse,Craft-repair,Husband,White,Male,0,0,40,United-States,1
30,Federal-gov,295010,Bachelors,13,Never-married,Protective-serv,Not-in-family,White,Female,0,0,60,United-States,1
32,Private,164507,HS-grad,9,Never-married,Handlers-cleaners,Not-in-family,White,Male,0,0,40,Columbia,0
36,Private,46706,HS-grad,9,Never-married,Other-service,Own-child,White,Male,0,0,40,United-States,0
30,Private,161815,Some-college,10,Divorced,Other-service,Unmarried,White,Female,0,0,35,United-States,0
36,Private,103323,Assoc-acdm,12,Married-civ-spouse,Machine-op-inspct,Husband,White,Male,2829,0,40,United-States,0
35,Self-emp-not-inc,108808,HS-grad,9,Divorced,Craft-repair,Not-in-family,White,Male,0,0,50,United-States,0
31,Private,161765,Some-college,10,Married-civ-spouse,Sales,Husband,White,Male,0,2051,57,United-States,0
24,Private,47791,HS-grad,9,Never-married,Other-service,Unmarried,White,Female,0,0,32,United-States,0
34,Private,193285,HS-grad,9,Married-civ-spouse,Handlers-cleaners,Husband,White,Male,0,0,40,United-States,0
45,Private,151267,Bachelors,13,Never-married,Adm-clerical,Not-in-family,Black,Female,0,0,40,United-States,1
60,Private,399387,7th-8th,4,Separated,Priv-house-serv,Unmarried,Black,Female,0,0,15,United-States,0
29,Private,157308,11th,7,Married-civ-spouse,Handlers-cleaners,Wife,Asian-Pac-Islander,Female,2829,0,14,Philippines,0
49,Private,259087,Some-college,10,Divorced,Craft-repair,Not-in-family,White,Female,0,0,40,United-States,0
32,Federal-gov,42900,Prof-school,15,Married-civ-spouse,Prof-specialty,Husband,White,Male,15024,0,50,United-States,1
28,Private,319768,Masters,14,Married-civ-spouse,Sales,Husband,White,Male,0,0,45,France,1
36,Self-emp-not-inc,153976,HS-grad,9,Married-civ-spouse,Transport-moving,Husband,White,Male,0,0,50,United-States,0
56,Private,147989,Some-college,10,Married-spouse-absent,Transport-moving,Not-in-family,White,Male,0,0,40,United-States,0
21,Private,131230,HS-grad,9,Married-civ-spouse,Craft-repair,Husband,White,Male,0,0,37,United-States,0
31,Private,318647,11th,7,Never-married,Craft-repair,Not-in-family,White,Male,0,0,40,United-States,0
42,Private,121264,Assoc-voc,11,Married-civ-spouse,Prof-specialty,Husband,White,Male,0,0,40,United-States,1
40,Private,136986,Some-college,10,Married-civ-spouse,Machine-op-inspct,Husband,White,Male,0,0,50,United-States,1
48,Private,152953,7th-8th,4,Married-civ-spouse,Craft-repair,Husband,White,Male,0,0,32,Dominican-Republic,0
53,Federal-gov,276868,Masters,14,Married-civ-spouse,Adm-clerical,Husband,White,Male,0,0,40,United-States,1
39,Private,47871,Bachelors,13,Divorced,Exec-managerial,Unmarried,White,Female,0,0,50,United-States,1
35,Private,206951,Masters,14,Married-civ-spouse,Sales,Husband,White,Male,0,0,40,United-States,1
34,Private,234537,Assoc-acdm,12,Divorced,Sales,Not-in-family,White,Male,0,0,40,United-States,0
39,Private,325374,Some-college,10,Never-married,Adm-clerical,Not-in-family,White,Male,0,0,40,United-States,0
22,Local-gov,399020,Some-college,10,Never-married,Adm-clerical,Not-in-family,White,Female,0,0,55,United-States,0
90,Private,141758,9th,5,Never-married,Adm-clerical,Not-in-family,White,Female,0,0,40,United-States,0
56,Private,161662,Bachelors,13,Married-civ-spouse,Exec-managerial,Husband,White,Male,0,0,42,United-States,1
22,Private,263670,HS-grad,9,Never-married,Other-service,Own-child,Black,Male,0,0,80,United-States,0
21,Private,48301,Some-college,10,Never-married,Handlers-cleaners,Own-child,White,Male,0,0,40,United-States,0
50,Local-gov,339547,Prof-school,15,Married-civ-spouse,Adm-clerical,Husband,Asian-Pac-Islander,Male,0,0,40,Laos,1
51,Private,339905,HS-grad,9,Married-civ-spouse,Sales,Husband,White,Male,7688,0,40,United-States,1
46,Private,106092,HS-grad,9,Married-civ-spouse,Exec-managerial,Husband,White,Male,0,0,45,United-States,1
36,Private,183081,Some-college,10,Never-married,Exec-managerial,Not-in-family,White,Male,0,0,40,United-States,0
38,Self-emp-inc,269318,Some-college,10,Married-civ-spouse,Exec-managerial,Husband,White,Male,7298,0,40,United-States,1
29,Private,363963,HS-grad,9,Divorced,Other-service,Not-in-family,White,Female,0,0,40,United-States,0
22,Private,160398,Some-college,10,Never-married,Sales,Other-relative,White,Male,0,0,38,United-States,0
23,Local-gov,496382,Some-college,10,Married-spouse-absent,Adm-clerical,Own-child,White,Female,0,0,40,Guatemala,0
19,Private,418324,Some-college,10,Never-married,Sales,Own-child,White,Male,0,0,36,United-States,0
54,Private,185042,1st-4th,2,Separated,Priv-house-serv,Other-relative,White,Female,0,0,40,Mexico,0
49,Local-gov,174981,Masters,14,Married-civ-spouse,Exec-managerial,Husband,Black,Male,0,0,47,United-States,1
20,Private,105686,HS-grad,9,Never-married,Machine-op-inspct,Not-in-family,White,Male,0,0,40,United-States,0
33,Private,235109,HS-grad,9,Never-married,Adm-clerical,Unmarried,White,Female,0,0,40,United-States,0
25,Private,183575,11th,7,Never-married,Craft-repair,Own-child,White,Male,0,0,40,United-States,0
32,Private,228265,HS-grad,9,Never-married,Handlers-cleaners,Own-child,White,Female,0,0,30,United-States,0
33,Federal-gov,29617,Some-college,10,Divorced,Other-service,Not-in-family,Black,Male,0,0,40,United-States,0
31,Private,221167,Bachelors,13,Widowed,Other-service,Not-in-family,White,Female,0,0,30,United-States,0
47,Private,170846,Assoc-acdm,12,Married-civ-spouse,Adm-clerical,Wife,White,Female,0,0,40,Italy,1
49,Private,133969,Doctorate,16,Married-civ-spouse,Prof-specialty,Husband,Other,Male,0,0,50,United-States,1
61,Local-gov,176753,HS-grad,9,Married-civ-spouse,Farming-fishing,Husband,White,Male,0,0,48,United-States,0
23,Private,146499,HS-grad,9,Separated,Machine-op-inspct,Unmarried,White,Female,0,0,48,United-States,0
24,Private,235722,HS-grad,9,Never-married,Other-service,Not-in-family,White,Male,0,0,40,United-States,0
22,Private,65225,10th,6,Never-married,Other-service,Own-child,White,Female,0,0,40,United-States,0
32,Private,222221,Assoc-voc,11,Married-civ-spouse,Prof-specialty,Husband,White,Male,7298,0,42,United-States,1
19,Private,216804,7th-8th,4,Never-married,Other-service,Own-child,White,Male,0,0,33,United-States,0
35,Private,356238,Assoc-acdm,12,Never-married,Other-service,Not-in-family,White,Female,0,0,80,United-States,1
19,Private,73190,Some-college,10,Never-married,Handlers-cleaners,Own-child,White,Male,0,0,20,United-States,0
58,Private,188982,HS-grad,9,Married-civ-spouse,Handlers-cleaners,Husband,Black,Male,0,0,20,United-States,1
54,Federal-gov,128378,Bachelors,13,Divorced,Exec-managerial,Not-in-family,White,Male,0,0,40,United-States,0
28,Private,56340,Bachelors,13,Never-married,Prof-specialty,Not-in-family,White,Female,0,0,20,United-States,0
19,Private,186159,Some-college,10,Never-married,Sales,Not-in-family,White,Female,0,0,40,United-States,0
36,Private,33887,Some-college,10,Divorced,Prof-specialty,Not-in-family,White,Male,0,0,40,United-States,0
29,Private,85572,Bachelors,13,Married-civ-spouse,Exec-managerial,Wife,White,Female,0,0,42,United-States,1
62,Local-gov,76720,Bachelors,13,Married-civ-spouse,Prof-specialty,Wife,White,Female,0,0,40,United-States,0
26,Private,299810,HS-grad,9,Never-married,Sales,Not-in-family,White,Female,0,0,50,United-States,0
23,Private,172232,HS-grad,9,Never-married,Tech-support,Own-child,White,Male,0,0,50,United-States,0
69,State-gov,203072,Doctorate,16,Married-civ-spouse,Prof-specialty,Husband,White,Male,0,0,50,United-States,1
34,Private,581071,HS-grad,9,Separated,Adm-clerical,Not-in-family,White,Male,0,0,48,United-States,1
30,Private,488720,Assoc-voc,11,Married-civ-spouse,Handlers-cleaners,Husband,White,Male,0,0,40,Mexico,0
30,Private,220939,Assoc-voc,11,Divorced,Exec-managerial,Not-in-family,White,Male,0,0,40,United-States,0
35,Private,356838,Some-college,10,Married-civ-spouse,Tech-support,Husband,White,Male,2829,0,55,Poland,0
43,Private,104660,Masters,14,Widowed,Exec-managerial,Unmarried,White,Male,4934,0,40,United-States,1
61,Self-emp-not-inc,115882,1st-4th,2,Married-civ-spouse,Craft-repair,Husband,White,Male,0,0,20,United-States,0
35,Private,27408,HS-grad,9,Married-civ-spouse,Sales,Husband,White,Male,0,0,50,United-States,0
26,Local-gov,208122,Bachelors,13,Never-married,Prof-specialty,Own-child,White,Male,1055,0,40,United-States,0
47,Private,188081,HS-grad,9,Married-civ-spouse,Machine-op-inspct,Husband,White,Male,0,0,40,United-States,1
34,Private,345705,HS-grad,9,Divorced,Craft-repair,Not-in-family,White,Male,0,1408,38,United-States,0
34,Private,93169,Some-college,10,Divorced,Other-service,Unmarried,Black,Female,0,0,40,United-States,0
25,Private,181666,Assoc-acdm,12,Never-married,Tech-support,Own-child,White,Female,0,0,40,United-States,0
32,Private,99646,HS-grad,9,Married-civ-spouse,Transport-moving,Husband,White,Male,0,0,50,United-States,0
20,Private,245297,Some-college,10,Never-married,Other-service,Not-in-family,White,Female,0,0,20,United-States,0
27,Private,135308,Bachelors,13,Never-married,Sales,Not-in-family,Black,Female,0,0,40,United-States,0
30,Private,72630,Bachelors,13,Never-married,Prof-specialty,Not-in-family,White,Male,0,0,50,United-States,0
23,Private,195411,HS-grad,9,Never-married,Adm-clerical,Unmarried,Black,Female,0,0,40,United-States,0
17,Private,163494,10th,6,Never-married,Sales,Own-child,White,Male,0,0,30,United-States,0
37,Private,267086,Assoc-voc,11,Divorced,Tech-support,Unmarried,White,Female,0,0,52,United-States,0
53,Private,215572,HS-grad,9,Never-married,Craft-repair,Not-in-family,White,Male,0,0,40,United-States,0
35,Private,282979,HS-grad,9,Married-civ-spouse,Sales,Husband,White,Male,5178,0,50,United-States,1
18,Private,57108,11th,7,Never-married,Sales,Own-child,White,Male,0,0,16,United-States,0
53,State-gov,281074,HS-grad,9,Divorced,Exec-managerial,Not-in-family,White,Male,0,1092,40,United-States,0
35,Private,119992,Assoc-acdm,12,Married-civ-spouse,Craft-repair,Husband,White,Male,0,0,45,United-States,0
38,Self-emp-not-inc,115215,10th,6,Separated,Machine-op-inspct,Not-in-family,White,Male,0,0,40,United-States,0
73,Private,148003,Some-college,10,Married-civ-spouse,Adm-clerical,Wife,White,Female,20051,0,36,United-States,1
22,Private,41837,Some-college,10,Never-married,Transport-moving,Own-child,White,Male,0,0,25,United-States,0
39,Local-gov,112284,Masters,14,Divorced,Prof-specialty,Not-in-family,White,Female,0,0,40,United-States,0
28,Private,122922,HS-grad,9,Never-married,Exec-managerial,Not-in-family,White,Female,0,0,50,United-States,0
31,State-gov,151763,Masters,14,Never-married,Adm-clerical,Not-in-family,White,Male,0,0,25,United-States,0
63,Self-emp-not-inc,344128,Bachelors,13,Married-civ-spouse,Sales,Husband,White,Male,0,0,50,United-States,1
17,Private,198606,11th,7,Never-married,Handlers-cleaners,Own-child,White,Female,0,0,16,United-States,0
37,Private,194004,11th,7,Married-civ-spouse,Craft-repair,Husband,White,Male,0,0,25,United-States,0
32,Self-emp-not-inc,56328,Bachelors,13,Married-civ-spouse,Prof-specialty,Wife,White,Female,0,0,8,United-States,1
60,Private,223696,1st-4th,2,Divorced,Craft-repair,Not-in-family,Other,Male,0,0,38,Dominican-Republic,0
27,Private,246440,11th,7,Divorced,Machine-op-inspct,Unmarried,White,Female,0,0,40,United-States,0
47,State-gov,224149,Bachelors,13,Divorced,Exec-managerial,Not-in-family,White,Female,0,0,40,United-States,1
43,Private,96249,HS-grad,9,Married-civ-spouse,Machine-op-inspct,Husband,White,Male,0,0,42,United-States,1
34,Private,205733,HS-grad,9,Never-married,Adm-clerical,Not-in-family,White,Female,0,0,40,United-States,0
19,Private,165310,HS-grad,9,Married-civ-spouse,Machine-op-inspct,Other-relative,White,Male,0,0,20,United-States,0
21,Private,260847,Some-college,10,Never-married,Sales,Own-child,White,Male,0,0,30,United-States,0
83,Self-emp-inc,272248,HS-grad,9,Divorced,Sales,Not-in-family,White,Male,0,0,20,United-States,0
37,Private,105803,HS-grad,9,Married-civ-spouse,Handlers-cleaners,Husband,White,Male,0,0,40,United-States,0
45,Private,473171,HS-grad,9,Married-civ-spouse,Craft-repair,Husband,White,Male,0,0,40,United-States,0
37,State-gov,354929,Assoc-acdm,12,Divorced,Protective-serv,Not-in-family,Black,Male,0,0,38,United-States,0
31,Local-gov,50649,Masters,14,Never-married,Prof-specialty,Not-in-family,White,Female,0,0,50,United-States,0
41,Private,327723,HS-grad,9,Divorced,Exec-managerial,Not-in-family,White,Male,0,0,40,United-States,0
46,Private,121124,Assoc-acdm,12,Married-civ-spouse,Exec-managerial,Husband,White,Male,15024,0,50,United-States,1
36,Federal-gov,44364,HS-grad,9,Never-married,Adm-clerical,Own-child,Black,Female,0,0,36,United-States,0
41,Federal-gov,356934,Some-college,10,Married-civ-spouse,Prof-specialty,Husband,White,Male,0,0,44,United-States,1
42,Private,132222,Bachelors,13,Never-married,Sales,Own-child,White,Male,0,0,60,United-States,0
48,Private,300168,12th,8,Separated,Adm-clerical,Own-child,Black,Female,0,0,40,United-States,0
26,Private,61270,HS-grad,9,Never-married,Machine-op-inspct,Unmarried,Other,Female,0,0,40,Columbia,0
18,Private,170544,11th,7,Never-married,Sales,Own-child,White,Male,0,0,20,United-States,0
41,State-gov,210094,HS-grad,9,Never-married,Other-service,Not-in-family,White,Female,0,0,40,United-States,0
44,State-gov,244974,Bachelors,13,Married-civ-spouse,Protective-serv,Husband,White,Male,0,0,44,United-States,1
19,Private,164395,HS-grad,9,Never-married,Adm-clerical,Own-child,White,Female,0,0,25,United-States,0
44,Self-emp-not-inc,38876,HS-grad,9,Married-civ-spouse,Farming-fishing,Husband,White,Male,0,0,40,United-States,0
31,Private,36302,Bachelors,13,Married-civ-spouse,Machine-op-inspct,Husband,White,Male,0,0,50,United-States,0
24,Private,182504,Some-college,10,Never-married,Other-service,Own-child,White,Female,0,0,25,United-States,0
54,State-gov,103179,Doctorate,16,Married-civ-spouse,Exec-managerial,Husband,White,Male,0,1902,50,United-States,1
30,State-gov,169496,Bachelors,13,Married-civ-spouse,Tech-support,Husband,White,Male,0,0,40,United-States,1
22,Private,174043,HS-grad,9,Never-married,Craft-repair,Not-in-family,White,Male,0,0,50,United-States,0
47,Private,125892,Some-college,10,Married-civ-spouse,Craft-repair,Husband,White,Male,0,0,75,United-States,1
52,Private,117674,Some-college,10,Married-civ-spouse,Exec-managerial,Husband,White,Male,0,0,40,United-States,1
27,Private,292472,Some-college,10,Married-civ-spouse,Prof-specialty,Husband,Asian-Pac-Islander,Male,0,0,40,Cambodia,1
48,Federal-gov,88564,7th-8th,4,Married-spouse-absent,Handlers-cleaners,Unmarried,White,Male,0,0,40,United-States,0
40,Private,193494,HS-grad,9,Married-civ-spouse,Handlers-cleaners,Husband,White,Male,0,0,46,United-States,0
34,Private,195860,HS-grad,9,Married-civ-spouse,Craft-repair,Husband,White,Male,0,0,40,United-States,0
34,Private,100669,Bachelors,13,Married-civ-spouse,Transport-moving,Husband,Asian-Pac-Islander,Male,0,0,40,United-States,1
36,State-gov,47570,Masters,14,Never-married,Prof-specialty,Not-in-family,White,Female,0,0,40,United-States,0
44,Private,96249,Some-college,10,Married-civ-spouse,Sales,Husband,White,Male,0,0,60,United-States,1
36,Private,33394,Bachelors,13,Married-civ-spouse,Sales,Husband,White,Male,0,1887,35,United-States,1
39,Private,202027,Bachelors,13,Married-civ-spouse,Exec-managerial,Husband,White,Male,15024,0,45,United-States,1
46,Local-gov,226871,Bachelors,13,Divorced,Protective-serv,Not-in-family,Black,Male,0,0,50,United-States,1
37,Private,545483,Assoc-acdm,12,Married-civ-spouse,Farming-fishing,Husband,White,Male,0,0,40,United-States,0
24,Private,211527,Bachelors,13,Never-married,Adm-clerical,Not-in-family,White,Male,0,0,30,United-States,0
36,Self-emp-not-inc,167691,Some-college,10,Never-married,Other-service,Unmarried,White,Female,0,0,50,United-States,0
50,Self-emp-not-inc,240922,Assoc-acdm,12,Never-married,Sales,Not-in-family,White,Female,0,1408,5,United-States,0
63,Private,246841,HS-grad,9,Married-civ-spouse,Handlers-cleaners,Husband,White,Male,0,0,40,United-States,0
34,Private,384150,Bachelors,13,Married-civ-spouse,Exec-managerial,Husband,White,Male,0,0,40,United-States,1
29,Private,161857,HS-grad,9,Married-spouse-absent,Other-service,Not-in-family,Other,Female,0,0,40,Columbia,0
41,Private,122215,Masters,14,Married-civ-spouse,Prof-specialty,Husband,White,Male,15024,0,40,United-States,1
44,Private,353396,Bachelors,13,Married-civ-spouse,Prof-specialty,Husband,White,Male,0,0,45,United-States,0
32,Private,313729,HS-grad,9,Married-civ-spouse,Adm-clerical,Husband,White,Male,0,0,40,United-States,0
31,Private,351187,HS-grad,9,Divorced,Other-service,Unmarried,White,Male,0,0,40,United-States,0
41,Private,175674,Some-college,10,Married-civ-spouse,Sales,Husband,White,Male,0,0,40,United-States,1
52,Private,95704,9th,5,Married-civ-spouse,Handlers-cleaners,Husband,White,Male,0,0,40,United-States,0
41,Private,242586,HS-grad,9,Married-civ-spouse,Machine-op-inspct,Husband,White,Male,0,0,40,United-States,0
39,Private,216552,Masters,14,Married-civ-spouse,Adm-clerical,Husband,White,Male,0,0,40,United-States,0
58,Local-gov,318537,12th,8,Married-civ-spouse,Farming-fishing,Husband,White,Male,0,0,40,United-States,0
19,Private,183041,HS-grad,9,Never-married,Other-service,Own-child,White,Male,0,0,20,United-States,0
38,Private,63509,Assoc-voc,11,Married-civ-spouse,Craft-repair,Husband,White,Male,0,0,50,United-States,0
31,Self-emp-inc,256362,Bachelors,13,Married-civ-spouse,Sales,Husband,White,Male,3908,0,50,United-States,0
66,Private,116468,Masters,14,Married-civ-spouse,Prof-specialty,Husband,White,Male,2936,0,20,United-States,0
50,Private,177927,HS-grad,9,Divorced,Protective-serv,Not-in-family,White,Male,0,0,40,United-States,0
32,Private,136204,Masters,14,Separated,Exec-managerial,Not-in-family,White,Male,0,2824,55,United-States,1
31,Private,209276,HS-grad,9,Married-civ-spouse,Other-service,Husband,Other,Male,0,0,40,United-States,0
30,Private,231826,Some-college,10,Married-civ-spouse,Sales,Husband,White,Male,0,0,40,United-States,1
30,Private,149368,HS-grad,9,Divorced,Sales,Unmarried,White,Male,1151,0,30,United-States,0
48,Private,41504,HS-grad,9,Married-civ-spouse,Transport-moving,Husband,White,Male,0,0,40,United-States,1
56,Private,100776,HS-grad,9,Married-civ-spouse,Sales,Wife,White,Female,0,0,50,United-States,0
51,Private,147200,HS-grad,9,Never-married,Adm-clerical,Not-in-family,Black,Female,0,0,40,United-States,0
42,Private,141558,Masters,14,Married-civ-spouse,Prof-specialty,Husband,White,Male,0,0,60,United-States,0
25,Private,174545,HS-grad,9,Never-married,Adm-clerical,Unmarried,White,Female,0,0,46,United-States,0
26,Private,143068,Some-college,10,Married-civ-spouse,Exec-managerial,Husband,White,Male,2407,0,50,United-States,0
61,Private,210464,HS-grad,9,Divorced,Adm-clerical,Other-relative,Black,Female,0,0,35,United-States,0
43,Private,142444,Some-college,10,Divorced,Sales,Unmarried,White,Female,0,0,55,United-States,1
19,Self-emp-not-inc,116385,11th,7,Never-married,Adm-clerical,Not-in-family,White,Female,0,0,40,United-States,0
41,Private,173682,Assoc-voc,11,Married-civ-spouse,Craft-repair,Husband,White,Male,0,0,43,United-States,1
40,Local-gov,333530,Masters,14,Married-civ-spouse,Prof-specialty,Wife,White,Female,0,0,40,United-States,1
27,Private,244402,Assoc-acdm,12,Never-married,Exec-managerial,Not-in-family,White,Female,0,0,40,United-States,1
30,Self-emp-inc,224498,HS-grad,9,Divorced,Adm-clerical,Unmarried,White,Female,0,0,40,United-States,0
44,Private,210525,Some-college,10,Married-civ-spouse,Transport-moving,Husband,White,Male,0,0,40,United-States,0
24,Private,199883,Some-college,10,Married-civ-spouse,Craft-repair,Husband,White,Male,0,0,60,United-States,0
21,Private,211968,Some-college,10,Never-married,Sales,Own-child,White,Female,0,1762,28,United-States,0
34,Private,112139,HS-grad,9,Married-civ-spouse,Craft-repair,Husband,White,Male,0,0,40,United-States,0
17,Private,110798,11th,7,Never-married,Sales,Own-child,White,Female,0,0,20,United-States,0
44,Self-emp-inc,153132,Bachelors,13,Married-civ-spouse,Exec-managerial,Husband,White,Male,7688,0,52,United-States,1
42,Private,313945,Masters,14,Married-civ-spouse,Sales,Husband,White,Male,0,0,40,Ecuador,0
64,Self-emp-not-inc,352712,Assoc-voc,11,Married-civ-spouse,Farming-fishing,Husband,White,Male,0,0,55,United-States,0
42,Private,37869,Some-college,10,Married-civ-spouse,Craft-repair,Husband,White,Male,0,0,40,United-States,0
45,Private,162187,Bachelors,13,Married-civ-spouse,Sales,Husband,White,Male,0,0,52,United-States,1
22,Self-emp-not-inc,269474,HS-grad,9,Never-married,Farming-fishing,Own-child,White,Male,0,0,40,United-States,0
19,Private,183589,Some-college,10,Never-married,Transport-moving,Own-child,White,Male,0,0,25,United-States,0
27,Private,252506,Some-college,10,Divorced,Exec-managerial,Own-child,White,Female,0,0,40,United-States,0
25,Private,69413,Some-college,10,Never-married,Sales,Own-child,White,Female,0,0,40,United-States,0
35,Private,111128,10th,6,Never-married,Adm-clerical,Own-child,White,Male,0,0,40,United-States,0
31,Private,264936,Some-college,10,Never-married,Other-service,Not-in-family,White,Female,0,0,40,United-States,0
43,Local-gov,188280,Masters,14,Divorced,Prof-specialty,Unmarried,White,Female,914,0,40,United-States,0
27,State-gov,271328,Bachelors,13,Never-married,Prof-specialty,Not-in-family,White,Male,0,0,60,United-States,0
37,Private,224541,Some-college,10,Married-civ-spouse,Transport-moving,Husband,White,Male,0,0,40,United-States,0
18,Private,37720,10th,6,Never-married,Machine-op-inspct,Own-child,White,Male,0,0,40,United-States,0
41,Private,317539,Some-college,10,Married-civ-spouse,Craft-repair,Husband,Black,Male,0,0,40,United-States,0
34,Private,140571,Assoc-voc,11,Divorced,Tech-support,Unmarried,Black,Female,0,0,40,United-States,0
27,Private,258768,Bachelors,13,Never-married,Handlers-cleaners,Not-in-family,Black,Male,0,0,40,United-States,0
19,Private,418176,HS-grad,9,Never-married,Exec-managerial,Not-in-family,Black,Male,0,0,32,United-States,0
31,Private,204752,Bachelors,13,Never-married,Exec-managerial,Not-in-family,White,Male,0,0,50,United-States,0
40,Local-gov,99185,Assoc-acdm,12,Married-civ-spouse,Protective-serv,Husband,White,Male,0,0,40,United-States,0
52,Private,99184,HS-grad,9,Divorced,Transport-moving,Not-in-family,White,Male,0,0,40,United-States,0
33,Private,357954,HS-grad,9,Married-civ-spouse,Handlers-cleaners,Husband,White,Male,0,0,35,India,0
35,Private,54595,12th,8,Never-married,Sales,Not-in-family,Black,Female,0,0,40,United-States,0
60,Private,532845,1st-4th,2,Married-civ-spouse,Craft-repair,Husband,White,Male,0,0,40,Mexico,1
48,Private,246891,Some-college,10,Widowed,Sales,Unmarried,White,Male,0,0,50,United-States,1
44,Self-emp-inc,320984,Some-college,10,Married-civ-spouse,Sales,Husband,White,Male,5178,0,60,United-States,1
50,Private,151580,Assoc-acdm,12,Married-civ-spouse,Craft-repair,Husband,White,Male,0,0,45,United-States,0
44,Private,230684,HS-grad,9,Married-civ-spouse,Transport-moving,Husband,White,Male,0,0,45,United-States,0
62,Self-emp-inc,200577,Masters,14,Married-civ-spouse,Sales,Husband,White,Male,0,0,45,United-States,1
43,Private,222971,5th-6th,3,Never-married,Machine-op-inspct,Unmarried,White,Female,0,0,40,Mexico,0
39,Private,746786,Bachelors,13,Married-civ-spouse,Prof-specialty,Husband,White,Male,0,0,55,United-States,1
30,Private,36383,Bachelors,13,Married-civ-spouse,Sales,Husband,White,Male,0,0,40,Mexico,1
20,Private,303565,Some-college,10,Never-married,Handlers-cleaners,Own-child,Black,Male,0,0,40,Germany,0
35,Private,412379,HS-grad,9,Never-married,Other-service,Not-in-family,White,Female,0,0,40,United-States,0
21,Private,124589,HS-grad,9,Never-married,Sales,Own-child,White,Female,0,0,40,United-States,0
21,Private,178255,Some-college,10,Never-married,Adm-clerical,Not-in-family,White,Female,0,0,30,Columbia,0
37,Private,387430,Some-college,10,Married-civ-spouse,Adm-clerical,Husband,White,Male,0,0,37,United-States,0
46,Private,264210,Some-college,10,Married-civ-spouse,Farming-fishing,Wife,White,Female,0,0,20,United-States,0
45,Private,151518,HS-grad,9,Married-civ-spouse,Exec-managerial,Husband,White,Male,0,0,45,United-States,0
21,Private,185357,HS-grad,9,Never-married,Adm-clerical,Not-in-family,White,Male,0,0,50,United-States,0
21,Private,103205,HS-grad,9,Married-civ-spouse,Machine-op-inspct,Husband,White,Male,0,0,40,United-States,0
29,Private,37933,Bachelors,13,Never-married,Exec-managerial,Unmarried,Black,Female,0,0,40,United-States,0
29,Private,338270,HS-grad,9,Separated,Adm-clerical,Unmarried,White,Female,0,0,40,United-States,0
40,Private,229148,12th,8,Married-civ-spouse,Transport-moving,Husband,Black,Male,0,0,40,Jamaica,0
27,Private,163127,Assoc-voc,11,Married-civ-spouse,Adm-clerical,Wife,White,Female,0,0,35,United-States,0
42,Private,192381,HS-grad,9,Married-civ-spouse,Craft-repair,Husband,White,Male,0,0,40,United-States,1
23,Private,32732,Bachelors,13,Never-married,Prof-specialty,Not-in-family,White,Male,0,0,15,United-States,0
26,State-gov,53903,HS-grad,9,Never-married,Craft-repair,Unmarried,White,Male,0,0,50,United-States,0
28,Self-emp-not-inc,38079,Some-college,10,Married-civ-spouse,Farming-fishing,Husband,White,Male,0,0,55,United-States,0
27,Private,191177,Some-college,10,Never-married,Adm-clerical,Own-child,White,Female,0,0,40,United-States,0
34,State-gov,240283,HS-grad,9,Divorced,Transport-moving,Unmarried,White,Female,0,0,40,United-States,0
60,Private,167670,Bachelors,13,Married-civ-spouse,Prof-specialty,Husband,White,Male,0,0,35,United-States,0
39,Local-gov,89508,HS-grad,9,Married-civ-spouse,Craft-repair,Husband,White,Male,0,0,40,United-States,1
33,Private,82393,HS-grad,9,Never-married,Craft-repair,Own-child,Asian-Pac-Islander,Male,0,0,40,United-States,0
41,Private,116391,Bachelors,13,Married-civ-spouse,Exec-managerial,Husband,White,Male,0,0,40,United-States,1
34,Private,36069,HS-grad,9,Married-civ-spouse,Craft-repair,Husband,White,Male,3908,0,46,United-States,0
29,Private,183627,11th,7,Divorced,Craft-repair,Not-in-family,White,Male,0,0,40,United-States,0
48,Private,175925,HS-grad,9,Married-civ-spouse,Machine-op-inspct,Husband,White,Male,0,0,48,United-States,0
41,Private,202980,HS-grad,9,Married-civ-spouse,Craft-repair,Husband,White,Male,0,0,4,Peru,0
45,Private,232586,Some-college,10,Married-civ-spouse,Craft-repair,Husband,White,Male,0,0,50,United-States,1
49,Self-emp-not-inc,99335,Some-college,10,Married-civ-spouse,Sales,Husband,White,Male,0,0,50,United-States,0
56,Self-emp-inc,258883,Some-college,10,Married-civ-spouse,Craft-repair,Husband,White,Male,0,0,40,United-States,0
22,Private,184543,Some-college,10,Divorced,Adm-clerical,Unmarried,White,Female,0,0,40,United-States,0
47,Private,171807,HS-grad,9,Divorced,Sales,Unmarried,White,Female,0,0,45,United-States,0
33,Private,177675,Bachelors,13,Married-civ-spouse,Exec-managerial,Husband,White,Male,0,0,50,Germany,1
30,Private,189620,Bachelors,13,Never-married,Prof-specialty,Own-child,White,Female,0,0,40,Poland,0
36,Local-gov,359001,Some-college,10,Married-civ-spouse,Protective-serv,Husband,White,Male,0,0,48,United-States,0
26,Self-emp-inc,366662,HS-grad,9,Never-married,Sales,Own-child,White,Male,0,0,50,United-States,0
18,Private,51255,11th,7,Never-married,Handlers-cleaners,Own-child,White,Male,0,0,15,United-States,0
45,Private,350440,HS-grad,9,Married-civ-spouse,Exec-managerial,Husband,Asian-Pac-Islander,Male,0,0,40,United-States,1
26,Private,244372,HS-grad,9,Married-civ-spouse,Adm-clerical,Wife,White,Female,0,0,52,United-States,1
57,Local-gov,215175,Masters,14,Married-civ-spouse,Prof-specialty,Husband,White,Male,0,0,60,United-States,0
18,Private,298860,12th,8,Never-married,Handlers-cleaners,Own-child,White,Male,0,0,20,United-States,0
23,Private,447488,9th,5,Never-married,Machine-op-inspct,Other-relative,White,Male,0,0,35,Mexico,0
28,Private,191088,Bachelors,13,Married-civ-spouse,Exec-managerial,Wife,White,Female,0,0,40,United-States,1
21,Private,160968,Some-college,10,Never-married,Handlers-cleaners,Own-child,White,Male,0,0,40,United-States,0
48,Private,355320,Bachelors,13,Married-civ-spouse,Prof-specialty,Husband,White,Male,0,0,45,Canada,1
44,Private,244974,HS-grad,9,Married-civ-spouse,Sales,Husband,White,Male,0,0,60,United-States,0
37,Private,132879,HS-grad,9,Married-civ-spouse,Exec-managerial,Husband,White,Male,0,0,40,United-States,1
49,Private,195554,HS-grad,9,Married-civ-spouse,Transport-moving,Husband,White,Male,0,0,44,United-States,0
29,State-gov,71592,Some-college,10,Never-married,Adm-clerical,Unmarried,Asian-Pac-Islander,Female,0,0,40,Philippines,0
31,Private,193231,Bachelors,13,Never-married,Tech-support,Not-in-family,White,Male,3325,0,60,United-States,0
42,Self-emp-inc,23813,Some-college,10,Married-civ-spouse,Prof-specialty,Husband,Amer-Indian-Eskimo,Male,2885,0,30,United-States,0
42,Local-gov,138077,Masters,14,Married-civ-spouse,Prof-specialty,Wife,White,Female,0,0,38,United-States,1
42,Private,31251,Assoc-voc,11,Married-civ-spouse,Sales,Husband,White,Male,0,0,37,United-States,0
39,Private,286789,Bachelors,13,Married-civ-spouse,Exec-managerial,Husband,White,Male,0,0,40,United-States,1
46,Private,144351,Masters,14,Married-civ-spouse,Prof-specialty,Husband,White,Male,0,0,40,United-States,1
37,Private,265038,Some-college,10,Married-civ-spouse,Transport-moving,Husband,White,Male,0,0,50,United-States,0
35,Local-gov,211073,Some-college,10,Married-civ-spouse,Protective-serv,Husband,White,Male,0,0,61,United-States,1
26,Private,310907,Some-college,10,Married-civ-spouse,Exec-managerial,Wife,White,Female,0,0,35,United-States,0
42,Local-gov,267252,Masters,14,Separated,Exec-managerial,Unmarried,Black,Male,0,0,45,United-States,1
63,Self-emp-not-inc,106648,HS-grad,9,Married-civ-spouse,Other-service,Husband,White,Male,0,0,12,United-States,0
55,Private,80167,Bachelors,13,Divorced,Prof-specialty,Unmarried,White,Female,0,0,40,United-States,0
38,Private,342448,Some-college,10,Married-civ-spouse,Exec-managerial,Husband,White,Male,0,0,55,United-States,1
34,Private,186346,HS-grad,9,Separated,Other-service,Not-in-family,White,Female,0,0,40,United-States,0
41,State-gov,48997,HS-grad,9,Married-civ-spouse,Transport-moving,Husband,Black,Male,0,0,40,United-States,0
25,Private,144478,Some-college,10,Never-married,Other-service,Own-child,White,Male,0,0,40,Poland,0
28,Local-gov,86615,HS-grad,9,Never-married,Other-service,Own-child,Black,Male,0,0,30,United-States,0
62,Local-gov,33365,HS-grad,9,Widowed,Other-service,Not-in-family,White,Female,0,0,40,Canada,0
21,Self-emp-not-inc,74538,Some-college,10,Never-married,Tech-support,Not-in-family,White,Male,0,0,25,United-States,0
45,Private,213140,10th,6,Married-civ-spouse,Craft-repair,Husband,White,Male,2829,0,40,United-States,0
27,Federal-gov,128059,Some-college,10,Married-civ-spouse,Craft-repair,Husband,White,Male,0,0,50,United-States,0
47,Private,47496,HS-grad,9,Divorced,Craft-repair,Not-in-family,White,Male,0,0,42,United-States,0
45,Self-emp-not-inc,275445,Bachelors,13,Divorced,Exec-managerial,Unmarried,White,Male,0,0,50,United-States,0
48,Private,188432,HS-grad,9,Married-civ-spouse,Machine-op-inspct,Husband,White,Male,3103,0,46,United-States,1
36,Private,34744,Assoc-acdm,12,Divorced,Other-service,Unmarried,White,Female,0,0,37,United-States,0
56,Private,189975,Some-college,10,Married-civ-spouse,Craft-repair,Husband,White,Male,0,1902,60,United-States,1
25,Private,181598,11th,7,Married-civ-spouse,Tech-support,Husband,White,Male,0,0,40,United-States,0
44,Local-gov,100479,Assoc-acdm,12,Married-civ-spouse,Prof-specialty,Husband,White,Male,0,0,48,United-States,0
44,Private,222703,7th-8th,4,Married-civ-spouse,Machine-op-inspct,Husband,Other,Male,0,0,40,Nicaragua,0
27,Private,110622,5th-6th,3,Never-married,Sales,Own-child,Asian-Pac-Islander,Female,0,0,20,Vietnam,0
49,Private,298659,HS-grad,9,Married-civ-spouse,Sales,Husband,White,Male,0,0,15,Mexico,0
41,Private,107584,Some-college,10,Separated,Transport-moving,Not-in-family,White,Male,0,0,35,United-States,0
59,Private,227856,Bachelors,13,Married-civ-spouse,Sales,Husband,White,Male,0,0,37,United-States,1
62,Private,197514,HS-grad,9,Married-civ-spouse,Sales,Wife,White,Female,0,0,16,United-States,0
41,Private,208330,Some-college,10,Married-civ-spouse,Sales,Husband,White,Male,0,0,51,United-States,0
27,Private,329426,Bachelors,13,Never-married,Exec-managerial,Not-in-family,White,Male,0,0,45,United-States,0
39,Private,187167,Some-college,10,Divorced,Exec-managerial,Not-in-family,White,Female,0,0,40,United-States,0
19,Private,187724,Some-college,10,Never-married,Other-service,Own-child,White,Female,0,0,25,United-States,0
24,Self-emp-not-inc,174391,HS-grad,9,Married-civ-spouse,Adm-clerical,Wife,White,Female,0,0,40,United-States,0
44,Self-emp-inc,33126,Some-college,10,Married-civ-spouse,Exec-managerial,Husband,White,Male,0,0,80,United-States,0
19,Private,125010,HS-grad,9,Never-married,Farming-fishing,Own-child,White,Male,0,0,45,United-States,0
55,Private,76860,HS-grad,9,Married-civ-spouse,Other-service,Other-relative,Asian-Pac-Islander,Male,0,0,40,Philippines,0
62,Private,244087,Doctorate,16,Married-civ-spouse,Prof-specialty,Husband,White,Male,15024,0,50,United-States,1
40,Private,99434,HS-grad,9,Married-civ-spouse,Other-service,Wife,White,Female,0,0,12,United-States,0
21,Private,196508,Some-college,10,Never-married,Sales,Own-child,Black,Female,0,0,40,United-States,0
51,Federal-gov,306784,HS-grad,9,Married-civ-spouse,Craft-repair,Husband,White,Male,4386,0,40,United-States,1
28,Private,114158,Bachelors,13,Married-civ-spouse,Prof-specialty,Wife,White,Female,0,1977,24,United-States,1
55,Private,124808,Assoc-voc,11,Married-civ-spouse,Prof-specialty,Husband,White,Male,0,1977,50,Germany,1
28,Private,149769,HS-grad,9,Never-married,Machine-op-inspct,Not-in-family,Asian-Pac-Islander,Male,0,0,40,Cambodia,0
22,Private,216867,7th-8th,4,Married-civ-spouse,Machine-op-inspct,Husband,White,Male,0,0,40,Mexico,0
19,Private,307496,Some-college,10,Never-married,Other-service,Own-child,White,Female,0,0,16,United-States,0
31,Private,194901,HS-grad,9,Married-civ-spouse,Sales,Husband,White,Male,0,0,50,United-States,1
20,Private,391679,HS-grad,9,Never-married,Sales,Other-relative,White,Male,0,0,60,United-States,0
49,Private,71195,Masters,14,Never-married,Prof-specialty,Not-in-family,White,Male,0,0,60,United-States,0
57,Self-emp-inc,161662,Bachelors,13,Married-civ-spouse,Exec-managerial,Husband,White,Male,7688,0,60,United-States,1
36,Private,73023,HS-grad,9,Divorced,Craft-repair,Not-in-family,White,Male,0,0,55,United-States,0
21,Private,57951,Some-college,10,Never-married,Other-service,Own-child,White,Female,0,0,30,United-States,0
42,Private,136419,HS-grad,9,Married-civ-spouse,Craft-repair,Husband,White,Male,0,0,50,United-States,1
38,Private,65624,HS-grad,9,Divorced,Exec-managerial,Not-in-family,White,Male,0,0,40,United-States,0
26,Private,192302,Some-college,10,Married-civ-spouse,Exec-managerial,Wife,White,Female,0,0,25,United-States,0
57,State-gov,254949,HS-grad,9,Married-civ-spouse,Exec-managerial,Husband,White,Male,0,0,40,United-States,1
32,Private,114288,HS-grad,9,Divorced,Prof-specialty,Own-child,White,Female,0,0,40,United-States,0
60,Private,338345,HS-grad,9,Married-civ-spouse,Craft-repair,Husband,White,Male,0,0,45,United-States,1
33,Private,202051,Masters,14,Married-civ-spouse,Prof-specialty,Husband,White,Male,0,0,50,United-States,0
18,Private,161063,HS-grad,9,Never-married,Adm-clerical,Own-child,White,Male,0,0,40,United-States,0
58,Self-emp-not-inc,141165,HS-grad,9,Married-civ-spouse,Farming-fishing,Husband,White,Male,0,0,50,United-States,0
25,Private,306908,Bachelors,13,Married-civ-spouse,Prof-specialty,Husband,White,Male,0,0,50,United-States,0
28,Private,205337,HS-grad,9,Married-civ-spouse,Machine-op-inspct,Husband,White,Male,0,0,40,United-States,0
35,Self-emp-not-inc,372525,Bachelors,13,Never-married,Exec-managerial,Not-in-family,White,Male,0,0,40,United-States,0
39,Private,183898,Assoc-acdm,12,Married-civ-spouse,Craft-repair,Husband,White,Male,7688,0,60,Germany,1
57,Local-gov,121111,HS-grad,9,Divorced,Adm-clerical,Unmarried,White,Female,0,0,40,United-States,0
21,Private,211013,Assoc-voc,11,Married-civ-spouse,Other-service,Other-relative,White,Female,0,0,50,Mexico,0
22,Private,103277,Some-college,10,Never-married,Adm-clerical,Own-child,White,Female,0,0,20,United-States,0
56,Private,33323,HS-grad,9,Married-civ-spouse,Machine-op-inspct,Husband,White,Male,0,0,40,United-States,0
90,Private,52386,Bachelors,13,Never-married,Prof-specialty,Not-in-family,Asian-Pac-Islander,Male,0,0,40,United-States,0
40,Federal-gov,298635,Masters,14,Married-civ-spouse,Tech-support,Husband,Asian-Pac-Islander,Male,0,1902,40,Philippines,1
25,Private,99126,Assoc-voc,11,Married-civ-spouse,Prof-specialty,Wife,White,Female,7688,0,40,United-States,1
44,State-gov,98989,Bachelors,13,Married-civ-spouse,Prof-specialty,Husband,Amer-Indian-Eskimo,Male,0,0,38,United-States,1
47,Private,106255,Some-college,10,Married-civ-spouse,Craft-repair,Husband,White,Male,0,0,40,United-States,0
44,Private,75012,HS-grad,9,Married-civ-spouse,Farming-fishing,Husband,White,Male,0,0,80,United-States,0
51,Self-emp-inc,96062,Assoc-acdm,12,Married-civ-spouse,Sales,Husband,White,Male,0,0,60,United-States,0
77,Private,123959,HS-grad,9,Widowed,Adm-clerical,Not-in-family,White,Female,0,0,32,United-States,0
39,Private,387068,HS-grad,9,Married-civ-spouse,Exec-managerial,Husband,White,Male,0,0,40,United-States,1
45,Local-gov,55377,Bachelors,13,Married-civ-spouse,Prof-specialty,Husband,Black,Male,0,0,40,United-States,0
24,Private,376393,Assoc-voc,11,Never-married,Sales,Not-in-family,White,Female,0,0,40,United-States,0
36,Private,193855,HS-grad,9,Married-civ-spouse,Craft-repair,Husband,White,Male,0,0,40,United-States,0
57,Self-emp-inc,159028,Prof-school,15,Married-civ-spouse,Prof-specialty,Husband,White,Male,99999,0,60,United-States,1
25,Private,114345,9th,5,Never-married,Craft-repair,Unmarried,White,Male,914,0,40,United-States,0
43,Private,208277,Masters,14,Married-civ-spouse,Prof-specialty,Wife,White,Female,0,0,45,United-States,1
37,Private,380614,Assoc-acdm,12,Married-civ-spouse,Prof-specialty,Wife,White,Female,0,0,13,United-States,1
23,Private,163665,Some-college,10,Never-married,Sales,Own-child,White,Female,0,0,15,United-States,0
28,Private,159001,HS-grad,9,Never-married,Handlers-cleaners,Own-child,White,Male,0,0,30,United-States,0
34,Private,300687,HS-grad,9,Married-civ-spouse,Craft-repair,Husband,Black,Male,0,0,40,United-States,0
19,Private,102723,Some-college,10,Never-married,Adm-clerical,Own-child,White,Female,0,0,40,United-States,0
56,Private,157639,Some-college,10,Married-civ-spouse,Craft-repair,Husband,White,Male,0,0,50,United-States,0
44,Private,221172,HS-grad,9,Never-married,Craft-repair,Not-in-family,White,Male,0,0,30,United-States,0
35,Private,30529,HS-grad,9,Married-civ-spouse,Handlers-cleaners,Husband,White,Male,0,0,40,United-States,0
27,Private,33429,Some-college,10,Divorced,Adm-clerical,Unmarried,White,Female,0,0,40,United-States,0
32,Self-emp-not-inc,97723,Assoc-voc,11,Never-married,Craft-repair,Not-in-family,White,Male,0,0,40,United-States,0
20,Private,115824,11th,7,Married-civ-spouse,Handlers-cleaners,Husband,White,Male,0,1573,40,United-States,0
44,Private,143368,Some-college,10,Never-married,Other-service,Not-in-family,Black,Male,0,0,55,United-States,0
37,Private,152307,Some-college,10,Married-civ-spouse,Machine-op-inspct,Husband,White,Male,0,0,40,United-States,1
35,Private,179668,Some-college,10,Married-civ-spouse,Prof-specialty,Husband,White,Male,0,0,40,United-States,1
46,Federal-gov,31141,Some-college,10,Divorced,Transport-moving,Not-in-family,White,Male,0,0,40,United-States,0
38,Self-emp-not-inc,239045,Doctorate,16,Married-civ-spouse,Prof-specialty,Husband,White,Male,0,0,50,United-States,1
51,Private,183390,HS-grad,9,Married-civ-spouse,Transport-moving,Husband,White,Male,0,0,40,United-States,0
39,Private,280570,Bachelors,13,Married-civ-spouse,Exec-managerial,Husband,White,Male,0,0,45,United-States,0
36,Private,89718,HS-grad,9,Married-civ-spouse,Sales,Husband,White,Male,0,0,40,United-States,0
36,Private,306646,Bachelors,13,Married-civ-spouse,Exec-managerial,Husband,White,Male,0,0,55,United-States,1
49,Self-emp-not-inc,377622,Assoc-acdm,12,Divorced,Sales,Not-in-family,White,Male,0,0,50,United-States,0
32,Private,379412,Some-college,10,Never-married,Craft-repair,Own-child,White,Male,0,0,40,United-States,0
25,Private,346159,HS-grad,9,Never-married,Craft-repair,Not-in-family,White,Male,0,0,40,United-States,0
38,Private,117312,HS-grad,9,Married-civ-spouse,Exec-managerial,Wife,White,Female,15024,0,40,United-States,1
53,Private,53812,Some-college,10,Widowed,Exec-managerial,Not-in-family,White,Female,0,0,54,United-States,0
60,Private,243829,Masters,14,Divorced,Prof-specialty,Not-in-family,White,Female,0,0,50,United-States,0
30,Private,78530,HS-grad,9,Never-married,Handlers-cleaners,Not-in-family,White,Male,0,0,40,United-States,0
64,State-gov,223830,9th,5,Never-married,Adm-clerical,Not-in-family,White,Female,0,0,38,United-States,0
34,Private,178615,HS-grad,9,Never-married,Handlers-cleaners,Not-in-family,White,Male,0,0,40,United-States,0
60,Self-emp-not-inc,166153,Some-college,10,Married-civ-spouse,Sales,Husband,White,Male,0,0,50,United-States,0
35,Private,24106,Some-college,10,Married-civ-spouse,Exec-managerial,Husband,White,Male,0,0,40,United-States,1
32,Local-gov,235109,Bachelors,13,Married-civ-spouse,Adm-clerical,Wife,White,Female,0,0,40,United-States,0
28,State-gov,149624,Bachelors,13,Married-civ-spouse,Prof-specialty,Husband,White,Male,0,0,40,United-States,1
22,Private,173736,HS-grad,9,Married-civ-spouse,Craft-repair,Husband,White,Male,0,0,40,United-States,0
51,Private,123703,HS-grad,9,Married-civ-spouse,Machine-op-inspct,Husband,White,Male,4386,0,40,United-States,1
33,Private,117983,HS-grad,9,Never-married,Adm-clerical,Not-in-family,White,Female,0,0,41,United-States,0
18,Private,179203,Some-college,10,Never-married,Sales,Own-child,White,Female,0,0,20,United-States,0
24,Private,283872,Some-college,10,Never-married,Adm-clerical,Not-in-family,Black,Male,0,0,20,United-States,0
39,State-gov,221059,Masters,14,Married-civ-spouse,Prof-specialty,Other-relative,Other,Female,7688,0,38,United-States,1
19,Private,96176,Some-college,10,Never-married,Adm-clerical,Own-child,White,Female,0,0,20,United-States,0
39,Local-gov,305597,HS-grad,9,Separated,Exec-managerial,Unmarried,White,Male,0,0,40,United-States,0
32,Private,290964,Bachelors,13,Never-married,Sales,Not-in-family,White,Female,0,1590,40,United-States,0
46,Self-emp-not-inc,140121,HS-grad,9,Divorced,Craft-repair,Own-child,White,Male,0,0,50,United-States,0
39,Private,67136,Assoc-voc,11,Separated,Adm-clerical,Not-in-family,Asian-Pac-Islander,Male,0,0,40,United-States,0
26,Federal-gov,185885,Some-college,10,Never-married,Adm-clerical,Unmarried,White,Female,0,0,15,United-States,0
34,Private,202498,12th,8,Married-civ-spouse,Other-service,Husband,White,Male,0,0,40,Dominican-Republic,0
57,Local-gov,190748,Some-college,10,Divorced,Exec-managerial,Unmarried,White,Female,0,0,35,United-States,0
34,Self-emp-inc,28984,Assoc-voc,11,Divorced,Sales,Unmarried,White,Female,0,0,40,United-States,0
23,Private,495888,HS-grad,9,Never-married,Other-service,Not-in-family,White,Male,0,0,40,El-Salvador,0
33,Private,53373,HS-grad,9,Married-civ-spouse,Craft-repair,Husband,White,Male,0,0,35,United-States,0
57,Private,316000,HS-grad,9,Married-civ-spouse,Craft-repair,Husband,White,Male,0,0,40,United-States,0
48,State-gov,122066,HS-grad,9,Married-civ-spouse,Adm-clerical,Husband,White,Male,0,0,35,United-States,1
62,Private,26966,Some-college,10,Widowed,Adm-clerical,Not-in-family,White,Female,0,0,40,United-States,0
47,State-gov,108890,HS-grad,9,Divorced,Adm-clerical,Unmarried,White,Female,1831,0,38,United-States,0
54,Private,98436,Masters,14,Married-civ-spouse,Other-service,Husband,White,Male,0,0,40,United-States,0
27,Private,288341,HS-grad,9,Never-married,Machine-op-inspct,Own-child,White,Female,0,0,32,United-States,0
34,Private,164748,HS-grad,9,Married-civ-spouse,Craft-repair,Husband,White,Male,0,0,40,United-States,0
34,Local-gov,325792,Some-college,10,Married-civ-spouse,Craft-repair,Husband,White,Male,0,0,40,United-States,0
43,Private,156403,10th,6,Married-civ-spouse,Handlers-cleaners,Husband,White,Male,0,0,40,United-States,0
41,Private,244945,Some-college,10,Married-civ-spouse,Exec-managerial,Husband,White,Male,0,0,40,United-States,0
45,Private,138626,Some-college,10,Divorced,Exec-managerial,Not-in-family,White,Male,0,1876,50,United-States,0
47,Self-emp-not-inc,248776,Masters,14,Never-married,Exec-managerial,Not-in-family,Black,Male,0,0,25,United-States,0
56,Self-emp-not-inc,119069,Bachelors,13,Married-civ-spouse,Adm-clerical,Husband,White,Male,0,0,40,United-States,1
55,Self-emp-not-inc,119762,10th,6,Married-civ-spouse,Transport-moving,Husband,White,Male,0,0,50,United-States,0
28,Private,346406,HS-grad,9,Married-civ-spouse,Machine-op-inspct,Husband,White,Male,0,1672,50,United-States,0
30,Private,181651,Bachelors,13,Married-civ-spouse,Exec-managerial,Husband,White,Male,0,0,50,United-States,0
42,Self-emp-not-inc,32185,Bachelors,13,Married-civ-spouse,Farming-fishing,Husband,White,Male,0,0,60,United-States,1
37,Private,117381,HS-grad,9,Married-civ-spouse,Tech-support,Husband,White,Male,0,0,80,United-States,1
35,Private,287548,Some-college,10,Married-civ-spouse,Sales,Husband,White,Male,0,0,55,United-States,1
31,Private,243442,HS-grad,9,Married-civ-spouse,Adm-clerical,Husband,White,Male,0,0,50,United-States,0
20,Private,190457,HS-grad,9,Never-married,Other-service,Own-child,White,Female,0,0,30,United-States,0
50,Private,301024,Bachelors,13,Separated,Sales,Not-in-family,White,Male,0,0,40,United-States,1
43,Private,220776,Masters,14,Married-civ-spouse,Exec-managerial,Husband,White,Male,0,0,35,United-States,1
34,Private,56883,Some-college,10,Never-married,Other-service,Unmarried,White,Female,0,0,40,United-States,0
19,Private,389755,HS-grad,9,Never-married,Handlers-cleaners,Own-child,White,Male,0,0,16,United-States,0
26,Private,159732,HS-grad,9,Widowed,Transport-moving,Not-in-family,White,Male,0,0,40,United-States,0
36,Private,416745,Bachelors,13,Married-civ-spouse,Prof-specialty,Husband,White,Male,0,0,40,United-States,0
40,Local-gov,157240,Bachelors,13,Divorced,Prof-specialty,Unmarried,White,Female,0,0,70,United-States,0
19,Private,214935,Some-college,10,Never-married,Handlers-cleaners,Own-child,White,Male,0,0,40,United-States,0
59,Private,155976,HS-grad,9,Widowed,Adm-clerical,Not-in-family,White,Female,0,0,40,United-States,0
70,Self-emp-inc,232871,Some-college,10,Married-civ-spouse,Exec-managerial,Husband,White,Male,0,0,30,United-States,0
31,Private,162160,HS-grad,9,Married-civ-spouse,Craft-repair,Husband,White,Male,0,0,47,United-States,0
55,Local-gov,171328,Some-college,10,Married-spouse-absent,Adm-clerical,Unmarried,Black,Female,0,0,35,United-States,0
42,Local-gov,111252,Masters,14,Married-civ-spouse,Exec-managerial,Husband,White,Male,0,1977,40,United-States,1
51,Local-gov,156003,HS-grad,9,Divorced,Protective-serv,Not-in-family,White,Male,0,0,40,United-States,0
30,Private,194901,HS-grad,9,Never-married,Sales,Other-relative,White,Male,0,0,40,United-States,0
20,Private,168187,Some-college,10,Never-married,Other-service,Other-relative,White,Female,4416,0,25,United-States,0
45,Private,187370,Masters,14,Divorced,Exec-managerial,Unmarried,White,Male,7430,0,70,United-States,1
29,Private,275110,Some-college,10,Separated,Handlers-cleaners,Not-in-family,Black,Male,0,0,42,United-States,0
19,Private,165115,HS-grad,9,Never-married,Sales,Not-in-family,White,Female,0,0,40,United-States,0
50,Private,278188,HS-grad,9,Divorced,Craft-repair,Not-in-family,White,Female,0,0,45,United-States,0
27,Federal-gov,148153,HS-grad,9,Married-civ-spouse,Handlers-cleaners,Husband,Asian-Pac-Islander,Male,0,0,40,United-States,0
69,Private,182862,HS-grad,9,Never-married,Transport-moving,Not-in-family,White,Male,15831,0,40,United-States,1
46,Local-gov,165484,Assoc-acdm,12,Married-civ-spouse,Exec-managerial,Husband,White,Male,0,0,44,United-States,1
25,Private,179953,Masters,14,Never-married,Prof-specialty,Own-child,White,Female,2597,0,31,United-States,0
31,Private,174704,HS-grad,9,Divorced,Sales,Unmarried,Black,Male,0,0,50,United-States,0
27,Private,191628,HS-grad,9,Never-married,Transport-moving,Not-in-family,Black,Male,2174,0,40,United-States,0
55,Self-emp-not-inc,477867,Bachelors,13,Married-civ-spouse,Exec-managerial,Husband,White,Male,0,0,40,United-States,1
38,Private,182526,Bachelors,13,Married-spouse-absent,Prof-specialty,Not-in-family,White,Female,0,0,40,United-States,0
49,Local-gov,219021,Some-college,10,Divorced,Exec-managerial,Unmarried,White,Male,0,0,48,United-States,1
36,Federal-gov,54159,Bachelors,13,Married-civ-spouse,Exec-managerial,Husband,White,Male,0,0,45,United-States,0
38,Private,160808,HS-grad,9,Married-civ-spouse,Craft-repair,Husband,Black,Male,4386,0,48,United-States,0
47,Private,101299,HS-grad,9,Married-civ-spouse,Craft-repair,Husband,White,Male,0,0,40,United-States,0
50,Private,160572,HS-grad,9,Married-civ-spouse,Machine-op-inspct,Husband,White,Male,3137,0,47,United-States,0
41,Private,287037,Some-college,10,Never-married,Farming-fishing,Not-in-family,White,Male,0,0,40,United-States,0
36,Private,414683,Bachelors,13,Married-civ-spouse,Prof-specialty,Husband,Black,Male,0,0,40,United-States,0
19,Self-emp-not-inc,30800,10th,6,Married-spouse-absent,Adm-clerical,Unmarried,Amer-Indian-Eskimo,Female,0,0,40,United-States,0
19,Private,101549,Some-college,10,Never-married,Other-service,Own-child,White,Male,0,0,15,United-States,0
62,Self-emp-inc,236096,HS-grad,9,Divorced,Exec-managerial,Not-in-family,Black,Male,0,0,40,United-States,0
48,Private,235108,HS-grad,9,Married-civ-spouse,Machine-op-inspct,Husband,White,Male,0,0,40,United-States,0
50,Self-emp-inc,123429,Bachelors,13,Married-civ-spouse,Prof-specialty,Husband,White,Male,0,0,45,Italy,1
42,Private,66006,10th,6,Never-married,Transport-moving,Not-in-family,Black,Male,0,0,40,United-States,0
52,Private,208137,Assoc-voc,11,Married-civ-spouse,Adm-clerical,Husband,White,Male,0,0,40,United-States,0
18,Private,178142,HS-grad,9,Never-married,Craft-repair,Own-child,White,Male,0,0,40,United-States,0
55,Private,193568,HS-grad,9,Widowed,Adm-clerical,Not-in-family,White,Female,0,0,40,United-States,0
43,Private,170525,Bachelors,13,Divorced,Prof-specialty,Not-in-family,White,Female,14344,0,40,United-States,1
23,Private,126550,HS-grad,9,Never-married,Craft-repair,Other-relative,White,Male,0,0,40,United-States,0
40,Private,327573,Assoc-voc,11,Married-civ-spouse,Craft-repair,Husband,White,Male,0,0,40,United-States,0
52,Self-emp-inc,134854,HS-grad,9,Married-civ-spouse,Exec-managerial,Husband,White,Male,0,0,40,United-States,1
30,Local-gov,102130,Some-college,10,Married-civ-spouse,Craft-repair,Husband,White,Male,0,0,40,United-States,0
20,Private,165201,Some-college,10,Never-married,Adm-clerical,Own-child,White,Female,0,0,4,United-States,0
31,Private,43716,Assoc-voc,11,Divorced,Machine-op-inspct,Unmarried,White,Male,0,0,43,United-States,0
67,Self-emp-inc,168370,Some-college,10,Married-civ-spouse,Sales,Husband,White,Male,0,0,40,United-States,0
65,Self-emp-not-inc,37092,Assoc-voc,11,Married-civ-spouse,Farming-fishing,Husband,White,Male,0,0,25,United-States,0
67,Self-emp-inc,182581,Some-college,10,Married-civ-spouse,Exec-managerial,Husband,White,Male,20051,0,20,United-States,1
58,Private,85767,Some-college,10,Married-civ-spouse,Sales,Husband,White,Male,0,0,48,United-States,0
41,Self-emp-inc,64506,HS-grad,9,Married-civ-spouse,Farming-fishing,Husband,White,Male,0,0,50,United-States,0
50,Private,136836,HS-grad,9,Divorced,Prof-specialty,Unmarried,Black,Female,0,0,40,United-States,0
52,Self-emp-inc,89041,Masters,14,Married-civ-spouse,Exec-managerial,Husband,White,Male,15024,0,60,United-States,1
54,Private,174655,HS-grad,9,Married-civ-spouse,Adm-clerical,Husband,White,Male,0,0,40,United-States,0
22,Private,162869,Some-college,10,Never-married,Sales,Other-relative,White,Male,0,0,65,United-States,0
44,Private,108438,10th,6,Separated,Machine-op-inspct,Unmarried,Black,Female,0,0,40,United-States,0
25,Private,135645,Masters,14,Never-married,Sales,Not-in-family,White,Male,0,0,20,United-States,0
53,Private,200190,Some-college,10,Divorced,Craft-repair,Not-in-family,White,Male,0,0,40,United-States,1
25,Local-gov,203408,Some-college,10,Married-civ-spouse,Other-service,Husband,White,Male,0,0,40,United-States,0
31,Private,243165,Bachelors,13,Never-married,Prof-specialty,Unmarried,White,Male,0,0,40,United-States,0
70,Federal-gov,163003,HS-grad,9,Married-civ-spouse,Adm-clerical,Husband,Black,Male,0,0,40,United-States,0
18,Private,210574,HS-grad,9,Never-married,Sales,Own-child,White,Female,0,0,20,United-States,0
53,Self-emp-not-inc,152652,Some-college,10,Married-civ-spouse,Farming-fishing,Husband,White,Male,0,0,50,United-States,0
48,Private,118889,HS-grad,9,Married-civ-spouse,Sales,Husband,White,Male,2885,0,15,United-States,0
68,Private,165017,HS-grad,9,Married-civ-spouse,Prof-specialty,Husband,White,Male,0,0,40,Italy,1
28,Private,167336,Some-college,10,Never-married,Exec-managerial,Not-in-family,White,Female,10520,0,40,United-States,1
39,Self-emp-not-inc,52870,HS-grad,9,Married-civ-spouse,Craft-repair,Husband,White,Male,0,0,40,United-States,1
19,Private,113546,11th,7,Never-married,Craft-repair,Not-in-family,White,Male,0,0,56,United-States,0
19,Private,186096,HS-grad,9,Never-married,Other-service,Own-child,Black,Male,0,0,30,United-States,0
17,Private,112795,10th,6,Never-married,Other-service,Own-child,White,Female,0,0,15,United-States,0
22,Private,156933,HS-grad,9,Never-married,Handlers-cleaners,Own-child,Black,Male,0,0,25,United-States,0
39,Private,174368,HS-grad,9,Married-civ-spouse,Adm-clerical,Wife,White,Female,0,0,40,United-States,1
47,Private,157901,11th,7,Married-civ-spouse,Other-service,Husband,Amer-Indian-Eskimo,Male,0,0,36,United-States,0
41,Private,121718,Some-college,10,Married-civ-spouse,Craft-repair,Husband,White,Male,0,0,40,Italy,0
55,Federal-gov,146477,Some-college,10,Married-civ-spouse,Craft-repair,Husband,White,Male,0,0,45,United-States,0
28,Self-emp-not-inc,209205,Some-college,10,Married-civ-spouse,Craft-repair,Husband,White,Male,7298,0,40,United-States,1
42,Private,184823,Some-college,10,Never-married,Adm-clerical,Own-child,White,Female,0,0,40,United-States,0
26,Private,253841,HS-grad,9,Never-married,Handlers-cleaners,Not-in-family,White,Male,0,0,45,United-States,0
35,Private,186934,Bachelors,13,Married-civ-spouse,Sales,Husband,White,Male,0,0,50,United-States,1
52,Private,125932,7th-8th,4,Widowed,Other-service,Not-in-family,White,Female,0,0,40,United-States,0
39,Private,365739,Some-college,10,Divorced,Craft-repair,Not-in-family,White,Male,0,0,40,United-States,0
22,Private,271274,11th,7,Never-married,Sales,Not-in-family,White,Female,0,0,40,United-States,0
39,Self-emp-not-inc,31848,Some-college,10,Married-civ-spouse,Farming-fishing,Husband,White,Male,2829,0,90,United-States,0
26,Federal-gov,95806,Some-college,10,Never-married,Craft-repair,Not-in-family,White,Male,3325,0,40,United-States,0
51,Private,143822,Some-college,10,Married-civ-spouse,Craft-repair,Husband,White,Male,7298,0,40,United-States,1
28,Private,114158,Some-college,10,Never-married,Adm-clerical,Own-child,White,Female,0,0,26,United-States,0
47,Private,190072,Some-college,10,Divorced,Sales,Unmarried,White,Male,0,0,50,United-States,0
21,Private,344891,Some-college,10,Never-married,Adm-clerical,Own-child,Asian-Pac-Islander,Male,0,0,20,United-States,0
28,Local-gov,146949,HS-grad,9,Married-civ-spouse,Handlers-cleaners,Husband,White,Male,0,0,40,United-States,0
24,Private,230475,HS-grad,9,Married-civ-spouse,Craft-repair,Husband,White,Male,0,0,44,United-States,0
53,Self-emp-not-inc,105478,Bachelors,13,Married-civ-spouse,Exec-managerial,Husband,White,Male,0,2415,40,United-States,1
50,Private,142073,HS-grad,9,Married-spouse-absent,Exec-managerial,Not-in-family,White,Female,0,0,55,United-States,0
24,Private,194654,HS-grad,9,Married-civ-spouse,Protective-serv,Husband,White,Male,0,0,40,United-States,0
66,Private,205724,Some-college,10,Married-civ-spouse,Sales,Husband,White,Male,0,0,24,United-States,1
19,Private,125591,11th,7,Never-married,Other-service,Not-in-family,White,Female,0,0,40,United-States,0
48,Federal-gov,94342,Bachelors,13,Divorced,Exec-managerial,Not-in-family,White,Male,0,0,45,United-States,0
40,Local-gov,141649,Assoc-voc,11,Married-civ-spouse,Protective-serv,Husband,White,Male,0,0,40,United-States,1
41,Private,208470,HS-grad,9,Married-civ-spouse,Exec-managerial,Husband,White,Male,0,0,40,United-States,1
51,Self-emp-not-inc,136836,Assoc-acdm,12,Divorced,Transport-moving,Unmarried,Black,Female,0,0,30,United-States,0
19,Private,439779,Some-college,10,Never-married,Sales,Own-child,White,Male,0,0,15,United-States,0
56,Private,117148,7th-8th,4,Divorced,Machine-op-inspct,Not-in-family,White,Female,0,0,40,United-States,0
50,State-gov,211319,Masters,14,Never-married,Prof-specialty,Not-in-family,White,Male,0,0,38,United-States,0
63,Private,201631,9th,5,Married-civ-spouse,Farming-fishing,Husband,Black,Male,0,0,40,United-States,0
49,Private,193366,Masters,14,Married-civ-spouse,Exec-managerial,Husband,White,Male,0,0,65,United-States,1
19,Private,244115,HS-grad,9,Never-married,Other-service,Own-child,Black,Male,0,0,30,United-States,0
59,Private,168569,HS-grad,9,Married-civ-spouse,Machine-op-inspct,Husband,White,Male,0,1887,40,United-States,1
30,Private,122042,Masters,14,Married-civ-spouse,Exec-managerial,Husband,White,Male,0,0,45,United-States,1
29,Private,446559,Assoc-acdm,12,Married-civ-spouse,Exec-managerial,Wife,White,Female,0,0,50,United-States,0
33,Private,259931,11th,7,Separated,Machine-op-inspct,Other-relative,White,Male,0,0,30,United-States,0
29,Private,177651,Some-college,10,Never-married,Exec-managerial,Not-in-family,White,Male,0,0,45,United-States,0
19,Private,69151,9th,5,Never-married,Handlers-cleaners,Own-child,White,Male,0,0,25,United-States,0
38,Private,105150,Bachelors,13,Married-civ-spouse,Prof-specialty,Husband,White,Male,0,0,45,United-States,1
44,Private,145160,HS-grad,9,Never-married,Craft-repair,Other-relative,White,Male,0,0,58,United-States,0
29,Private,100563,HS-grad,9,Never-married,Transport-moving,Own-child,Black,Male,0,0,40,United-States,0
37,Private,107737,Bachelors,13,Married-civ-spouse,Prof-specialty,Husband,White,Male,0,0,55,United-States,1
19,Self-emp-not-inc,67929,Some-college,10,Never-married,Farming-fishing,Own-child,White,Male,0,0,50,United-States,0
31,Local-gov,125927,7th-8th,4,Married-civ-spouse,Farming-fishing,Husband,White,Male,0,0,40,United-States,0
56,Private,89922,HS-grad,9,Married-civ-spouse,Transport-moving,Husband,White,Male,3103,0,45,United-States,1
41,Private,136419,Assoc-acdm,12,Married-civ-spouse,Tech-support,Husband,White,Male,0,0,75,United-States,1
63,Private,37792,10th,6,Widowed,Other-service,Not-in-family,White,Female,0,0,31,United-States,0
23,Private,373628,Bachelors,13,Never-married,Other-service,Own-child,White,Female,0,0,20,United-States,0
46,Private,169042,10th,6,Never-married,Other-service,Not-in-family,White,Female,0,0,25,Ecuador,0
58,Local-gov,156649,1st-4th,2,Widowed,Handlers-cleaners,Unmarried,Black,Male,0,0,40,United-States,0
51,Federal-gov,100653,HS-grad,9,Divorced,Adm-clerical,Not-in-family,White,Female,0,0,8,United-States,0
66,Private,180211,Bachelors,13,Married-civ-spouse,Craft-repair,Husband,Asian-Pac-Islander,Male,0,0,30,Philippines,0
74,State-gov,236012,7th-8th,4,Widowed,Handlers-cleaners,Not-in-family,White,Female,0,0,20,United-States,0
39,Private,342642,HS-grad,9,Divorced,Sales,Not-in-family,White,Male,0,0,60,United-States,0
57,Private,167864,Assoc-voc,11,Widowed,Prof-specialty,Not-in-family,White,Female,0,0,40,United-States,0
21,Private,44793,Some-college,10,Never-married,Adm-clerical,Not-in-family,White,Male,0,0,65,United-States,0
44,Self-emp-not-inc,335183,12th,8,Married-civ-spouse,Handlers-cleaners,Husband,Black,Male,0,0,40,United-States,1
49,Private,323773,11th,7,Married-civ-spouse,Priv-house-serv,Other-relative,White,Female,0,0,40,United-States,0
35,Private,210150,HS-grad,9,Divorced,Adm-clerical,Unmarried,White,Female,0,0,40,United-States,0
34,Private,104293,Bachelors,13,Never-married,Adm-clerical,Own-child,White,Female,0,0,40,United-States,0
28,Private,142712,HS-grad,9,Never-married,Handlers-cleaners,Own-child,White,Male,0,0,40,United-States,0
37,Private,305259,Assoc-acdm,12,Divorced,Exec-managerial,Not-in-family,White,Female,0,0,48,United-States,0
65,Without-pay,172949,HS-grad,9,Married-civ-spouse,Transport-moving,Husband,White,Male,2414,0,20,United-States,0
21,Private,351381,HS-grad,9,Never-married,Adm-clerical,Own-child,White,Female,0,0,40,United-States,0
27,Private,183802,HS-grad,9,Married-civ-spouse,Handlers-cleaners,Husband,White,Male,0,0,40,United-States,0
48,Private,64479,Bachelors,13,Divorced,Exec-managerial,Not-in-family,White,Male,0,0,47,United-States,0
20,Private,100605,HS-grad,9,Never-married,Sales,Own-child,Other,Male,0,0,40,Puerto-Rico,0
51,Self-emp-inc,260938,Some-college,10,Married-civ-spouse,Exec-managerial,Husband,White,Male,0,0,50,United-States,1
42,Private,657397,HS-grad,9,Married-civ-spouse,Machine-op-inspct,Husband,White,Male,0,0,40,Mexico,0
31,Private,264864,HS-grad,9,Married-civ-spouse,Machine-op-inspct,Wife,Amer-Indian-Eskimo,Female,0,0,40,United-States,0
59,Private,214052,5th-6th,3,Divorced,Machine-op-inspct,Unmarried,White,Female,0,0,40,United-States,0
62,Private,110586,Some-college,10,Widowed,Priv-house-serv,Unmarried,White,Female,0,0,40,United-States,0
67,Private,336163,HS-grad,9,Married-civ-spouse,Handlers-cleaners,Husband,White,Male,0,0,24,United-States,0
58,Private,301867,HS-grad,9,Married-civ-spouse,Farming-fishing,Husband,White,Male,0,0,40,United-States,0
39,Federal-gov,363630,HS-grad,9,Married-civ-spouse,Adm-clerical,Husband,Black,Male,7688,0,52,United-States,1
23,Local-gov,282579,Assoc-voc,11,Divorced,Tech-support,Not-in-family,White,Male,0,0,56,United-States,0
43,Private,115932,Bachelors,13,Never-married,Sales,Not-in-family,White,Male,0,0,60,United-States,1
30,Private,233980,11th,7,Married-civ-spouse,Transport-moving,Husband,White,Male,0,0,40,United-States,0
51,Local-gov,146181,9th,5,Married-civ-spouse,Transport-moving,Husband,Black,Male,0,0,40,United-States,0
54,State-gov,198186,HS-grad,9,Never-married,Other-service,Not-in-family,Black,Female,0,0,38,United-States,0
53,Private,290688,HS-grad,9,Married-civ-spouse,Craft-repair,Husband,White,Male,0,0,52,United-States,1
59,Private,69884,Prof-school,15,Married-spouse-absent,Prof-specialty,Unmarried,White,Male,0,0,50,United-States,0
17,Private,78602,11th,7,Never-married,Other-service,Other-relative,White,Female,0,0,20,United-States,0
42,Private,303155,Bachelors,13,Married-civ-spouse,Exec-managerial,Husband,White,Male,0,0,50,United-States,1
43,Self-emp-not-inc,27242,Some-college,10,Married-civ-spouse,Craft-repair,Husband,White,Male,0,0,50,United-States,0
39,Private,205359,Assoc-acdm,12,Widowed,Adm-clerical,Unmarried,White,Female,0,0,45,United-States,0
51,Private,106819,7th-8th,4,Never-married,Handlers-cleaners,Own-child,White,Male,0,0,19,United-States,0
41,Self-emp-not-inc,233130,HS-grad,9,Married-civ-spouse,Exec-managerial,Husband,White,Male,0,0,45,Mexico,0
47,Private,60267,Bachelors,13,Married-civ-spouse,Exec-managerial,Husband,White,Male,0,0,38,United-States,1
36,Private,358373,HS-grad,9,Separated,Machine-op-inspct,Not-in-family,Black,Female,0,0,36,United-States,0
40,Private,100292,HS-grad,9,Married-civ-spouse,Sales,Husband,White,Male,0,0,52,United-States,1
60,Private,93997,Bachelors,13,Married-civ-spouse,Exec-managerial,Husband,White,Male,15024,0,45,United-States,1
59,State-gov,398626,Doctorate,16,Divorced,Prof-specialty,Unmarried,White,Male,25236,0,45,United-States,1
26,Private,184120,Bachelors,13,Never-married,Prof-specialty,Not-in-family,White,Male,0,0,50,United-States,0
23,Local-gov,218678,11th,7,Married-civ-spouse,Handlers-cleaners,Husband,White,Male,0,0,40,United-States,0
38,Private,198216,Some-college,10,Divorced,Exec-managerial,Unmarried,White,Female,0,0,40,United-States,0
53,Private,208321,HS-grad,9,Married-civ-spouse,Other-service,Husband,Black,Male,0,1740,40,United-States,0
27,Self-emp-not-inc,357283,HS-grad,9,Never-married,Sales,Not-in-family,Black,Male,0,0,40,United-States,0
49,Federal-gov,118701,HS-grad,9,Divorced,Adm-clerical,Unmarried,Black,Female,0,0,40,United-States,0
39,Private,248011,Assoc-voc,11,Married-civ-spouse,Machine-op-inspct,Husband,White,Male,5178,0,40,United-States,1
31,Private,213643,HS-grad,9,Married-civ-spouse,Sales,Husband,White,Male,3908,0,40,United-States,0
17,Private,115551,11th,7,Never-married,Other-service,Own-child,White,Female,0,0,20,United-States,0
19,State-gov,536725,Some-college,10,Never-married,Adm-clerical,Other-relative,White,Female,0,0,15,Japan,0
60,Private,160625,HS-grad,9,Married-civ-spouse,Prof-specialty,Husband,White,Male,5013,0,40,United-States,0
50,Private,126566,HS-grad,9,Married-civ-spouse,Handlers-cleaners,Husband,Black,Male,0,0,40,United-States,0
69,Private,213249,Assoc-voc,11,Widowed,Sales,Not-in-family,White,Female,0,0,25,United-States,0
48,Self-emp-not-inc,167918,Masters,14,Married-civ-spouse,Sales,Husband,Asian-Pac-Islander,Male,0,0,50,India,0
27,Private,302422,Some-college,10,Never-married,Machine-op-inspct,Own-child,White,Male,0,0,40,United-States,0
33,Private,126223,HS-grad,9,Separated,Machine-op-inspct,Unmarried,Black,Female,0,0,40,United-States,0
51,Federal-gov,293196,Some-college,10,Married-civ-spouse,Prof-specialty,Husband,White,Male,0,0,40,United-States,1
25,Private,176520,HS-grad,9,Never-married,Craft-repair,Other-relative,White,Male,0,0,40,United-States,0
45,Private,114797,HS-grad,9,Separated,Machine-op-inspct,Unmarried,Black,Female,0,0,40,United-States,0
57,Self-emp-not-inc,102058,Masters,14,Married-civ-spouse,Prof-specialty,Husband,White,Male,0,0,40,United-States,1
37,State-gov,160910,Doctorate,16,Married-civ-spouse,Prof-specialty,Husband,White,Male,0,0,45,United-States,0
37,Private,48093,Bachelors,13,Never-married,Craft-repair,Not-in-family,White,Male,0,0,90,United-States,1
33,Private,142675,Bachelors,13,Never-married,Handlers-cleaners,Not-in-family,White,Male,0,0,30,United-States,0
24,Private,36058,Bachelors,13,Never-married,Sales,Not-in-family,White,Male,0,0,50,United-States,0
41,State-gov,70884,HS-grad,9,Married-civ-spouse,Tech-support,Husband,White,Male,0,0,40,United-States,0
28,Self-emp-not-inc,107236,12th,8,Married-civ-spouse,Craft-repair,Not-in-family,White,Male,0,0,40,United-States,0
65,Private,169047,HS-grad,9,Never-married,Machine-op-inspct,Not-in-family,White,Male,0,0,10,United-States,0
40,Federal-gov,241895,HS-grad,9,Married-civ-spouse,Adm-clerical,Husband,White,Male,0,0,40,United-States,0
61,Private,115023,Some-college,10,Married-civ-spouse,Adm-clerical,Husband,White,Male,0,0,40,United-States,1
38,Private,39606,Bachelors,13,Married-civ-spouse,Exec-managerial,Wife,White,Female,0,0,40,United-States,0
31,Private,198953,Some-college,10,Separated,Adm-clerical,Unmarried,Black,Female,0,0,38,United-States,0
54,Local-gov,127943,HS-grad,9,Widowed,Other-service,Unmarried,Black,Female,0,0,40,United-States,0
17,Private,65368,11th,7,Never-married,Sales,Own-child,White,Female,0,0,12,United-States,0
35,Private,129305,HS-grad,9,Never-married,Other-service,Not-in-family,White,Male,0,0,30,United-States,0
41,State-gov,363591,Assoc-voc,11,Married-civ-spouse,Exec-managerial,Husband,White,Male,0,0,40,United-States,0
37,Private,189382,Assoc-voc,11,Never-married,Adm-clerical,Own-child,White,Female,0,0,38,United-States,0
38,Private,190895,Bachelors,13,Married-civ-spouse,Exec-managerial,Husband,White,Male,7298,0,50,United-States,1
54,State-gov,32778,HS-grad,9,Widowed,Exec-managerial,Not-in-family,White,Female,0,0,40,United-States,0
64,Private,151364,Some-college,10,Never-married,Adm-clerical,Not-in-family,White,Female,0,0,40,United-States,0
61,Self-emp-inc,156653,HS-grad,9,Divorced,Sales,Not-in-family,White,Male,0,0,55,United-States,0
19,Private,187161,Some-college,10,Never-married,Sales,Own-child,White,Female,0,0,25,United-States,0
49,Private,193366,HS-grad,9,Married-civ-spouse,Craft-repair,Husband,White,Male,0,0,40,United-States,0
28,Private,250135,Some-college,10,Divorced,Exec-managerial,Not-in-family,White,Female,0,0,40,United-States,0
44,Private,340885,Bachelors,13,Married-civ-spouse,Machine-op-inspct,Husband,White,Male,0,1977,40,United-States,1
42,State-gov,55764,Assoc-acdm,12,Divorced,Prof-specialty,Not-in-family,Black,Male,0,0,40,United-States,0
50,Private,155574,HS-grad,9,Married-civ-spouse,Prof-specialty,Husband,White,Male,0,0,40,United-States,1
29,Private,137618,Some-college,10,Never-married,Other-service,Not-in-family,White,Female,0,0,41,United-States,1
51,Private,196501,Bachelors,13,Divorced,Exec-managerial,Not-in-family,White,Male,14084,0,50,United-States,1
46,Self-emp-not-inc,157117,HS-grad,9,Married-civ-spouse,Transport-moving,Husband,White,Male,0,0,40,United-States,0
47,Private,216734,Bachelors,13,Divorced,Sales,Unmarried,White,Female,0,0,50,United-States,0
39,Local-gov,177728,Masters,14,Divorced,Prof-specialty,Not-in-family,White,Female,0,0,40,United-States,0
27,Private,200733,HS-grad,9,Married-civ-spouse,Machine-op-inspct,Husband,White,Male,0,0,55,United-States,0
28,Private,210313,10th,6,Never-married,Handlers-cleaners,Other-relative,White,Male,0,0,40,Mexico,0
51,Federal-gov,20795,HS-grad,9,Married-civ-spouse,Transport-moving,Husband,White,Male,7688,0,40,United-States,1
24,Private,205844,Bachelors,13,Never-married,Exec-managerial,Own-child,Black,Female,0,0,40,United-States,0
41,Private,407425,12th,8,Divorced,Machine-op-inspct,Not-in-family,Black,Female,0,0,40,United-States,0
58,Private,31732,Some-college,10,Married-civ-spouse,Sales,Husband,White,Male,0,0,45,United-States,1
35,Private,194490,HS-grad,9,Divorced,Adm-clerical,Unmarried,White,Female,0,0,38,United-States,0
29,Self-emp-inc,124950,Bachelors,13,Never-married,Sales,Own-child,White,Female,0,0,40,United-States,0
58,Private,290661,HS-grad,9,Married-civ-spouse,Craft-repair,Husband,White,Male,0,0,40,United-States,0
43,Federal-gov,25005,Masters,14,Married-civ-spouse,Handlers-cleaners,Husband,White,Male,5013,0,12,United-States,0
23,Private,54012,HS-grad,9,Married-civ-spouse,Transport-moving,Husband,White,Male,0,0,60,United-States,0
28,Private,138692,Bachelors,13,Married-civ-spouse,Prof-specialty,Husband,White,Male,0,1887,40,United-States,1
30,Private,370183,HS-grad,9,Married-civ-spouse,Tech-support,Husband,White,Male,0,0,40,United-States,0
44,Federal-gov,192771,HS-grad,9,Never-married,Adm-clerical,Unmarried,White,Female,0,0,40,United-States,0
25,Self-emp-not-inc,189027,HS-grad,9,Married-civ-spouse,Farming-fishing,Husband,White,Male,0,0,30,United-States,0
32,Private,193380,HS-grad,9,Never-married,Transport-moving,Own-child,White,Male,0,0,40,United-States,0
35,Private,98283,Prof-school,15,Never-married,Prof-specialty,Not-in-family,Asian-Pac-Islander,Male,0,0,40,India,1
17,Private,72321,11th,7,Never-married,Other-service,Other-relative,White,Female,0,0,12,United-States,0
34,Self-emp-inc,343789,Bachelors,13,Married-civ-spouse,Exec-managerial,Husband,White,Male,7688,0,55,United-States,1
36,Private,354078,Bachelors,13,Married-civ-spouse,Prof-specialty,Husband,White,Male,0,0,60,United-States,1
36,Private,342642,Masters,14,Never-married,Exec-managerial,Not-in-family,White,Male,0,0,15,United-States,0
17,Private,566049,10th,6,Never-married,Other-service,Own-child,White,Male,0,0,8,United-States,0
41,Self-emp-not-inc,408498,HS-grad,9,Married-civ-spouse,Exec-managerial,Husband,White,Male,0,0,50,United-States,0
59,Private,109638,HS-grad,9,Married-civ-spouse,Craft-repair,Husband,White,Male,0,0,40,United-States,1
54,Private,96062,Assoc-acdm,12,Married-civ-spouse,Tech-support,Husband,White,Male,0,0,40,United-States,1
20,Private,205895,Some-college,10,Never-married,Sales,Own-child,White,Female,0,0,20,United-States,0
25,Private,190107,Bachelors,13,Never-married,Craft-repair,Own-child,White,Male,0,0,40,United-States,0
38,Private,108140,Bachelors,13,Never-married,Other-service,Not-in-family,White,Male,0,0,20,United-States,0
44,Private,95255,Some-college,10,Divorced,Adm-clerical,Unmarried,White,Female,0,0,40,United-States,0
43,Private,170230,Masters,14,Never-married,Tech-support,Not-in-family,White,Female,0,0,40,United-States,0
61,Private,119684,Prof-school,15,Married-civ-spouse,Prof-specialty,Husband,White,Male,15024,0,20,United-States,1
30,Private,188798,Some-college,10,Divorced,Other-service,Own-child,White,Female,0,0,20,United-States,0
27,Private,255476,5th-6th,3,Never-married,Other-service,Other-relative,White,Male,0,0,40,Mexico,0
61,Private,154600,HS-grad,9,Married-civ-spouse,Other-service,Wife,White,Female,0,0,4,United-States,0
39,Private,297847,9th,5,Married-civ-spouse,Other-service,Wife,Black,Female,3411,0,34,United-States,0
54,Self-emp-not-inc,109413,Bachelors,13,Married-civ-spouse,Farming-fishing,Husband,White,Male,0,0,50,United-States,0
27,Self-emp-not-inc,141795,Some-college,10,Married-civ-spouse,Exec-managerial,Husband,White,Male,0,0,30,United-States,0
57,Private,342906,9th,5,Married-civ-spouse,Sales,Husband,Black,Male,0,0,55,United-States,1
31,Private,259425,HS-grad,9,Married-civ-spouse,Craft-repair,Husband,White,Male,0,0,40,United-States,1
24,Private,125031,HS-grad,9,Never-married,Handlers-cleaners,Other-relative,White,Male,0,0,40,United-States,0
26,Private,388812,Some-college,10,Never-married,Sales,Not-in-family,Black,Male,0,0,35,United-States,0
24,Private,67804,HS-grad,9,Never-married,Other-service,Own-child,Black,Male,0,0,40,United-States,0
40,Private,323790,Some-college,10,Married-civ-spouse,Other-service,Husband,White,Male,0,0,40,United-States,0
28,Private,103389,Masters,14,Divorced,Sales,Own-child,White,Female,0,0,40,United-States,0
37,Self-emp-not-inc,181553,HS-grad,9,Divorced,Craft-repair,Not-in-family,White,Male,0,0,50,United-States,0
21,State-gov,99199,Some-college,10,Never-married,Exec-managerial,Own-child,White,Male,0,0,10,United-States,0
34,Private,56121,11th,7,Divorced,Craft-repair,Unmarried,White,Male,0,0,40,United-States,0
18,Private,162840,12th,8,Never-married,Sales,Own-child,White,Female,0,0,20,United-States,0
43,Private,183273,Masters,14,Married-civ-spouse,Exec-managerial,Wife,White,Female,15024,0,32,United-States,1
30,Private,63910,HS-grad,9,Married-civ-spouse,Sales,Own-child,Asian-Pac-Islander,Female,0,0,40,United-States,0
29,Private,177119,Assoc-voc,11,Divorced,Tech-support,Not-in-family,White,Female,2174,0,45,United-States,0
34,Private,153927,HS-grad,9,Married-civ-spouse,Craft-repair,Husband,White,Male,0,0,40,United-States,0
57,Self-emp-not-inc,27385,Bachelors,13,Married-civ-spouse,Sales,Husband,White,Male,0,0,10,United-States,0
22,Private,223019,HS-grad,9,Never-married,Adm-clerical,Not-in-family,White,Female,0,0,40,United-States,0
63,Local-gov,86590,HS-grad,9,Married-civ-spouse,Exec-managerial,Wife,White,Female,0,0,32,United-States,0
37,Self-emp-not-inc,326400,HS-grad,9,Married-civ-spouse,Transport-moving,Husband,White,Male,0,0,30,United-States,0
26,Federal-gov,218782,HS-grad,9,Married-civ-spouse,Adm-clerical,Husband,Other,Male,0,0,40,United-States,0
26,Private,342953,HS-grad,9,Separated,Adm-clerical,Unmarried,Black,Female,0,0,40,United-States,0
31,Private,119432,Bachelors,13,Married-civ-spouse,Sales,Husband,White,Male,0,0,40,United-States,1
19,Private,57145,HS-grad,9,Never-married,Other-service,Own-child,White,Female,0,0,25,United-States,0
18,Private,208447,12th,8,Never-married,Handlers-cleaners,Own-child,White,Male,0,0,6,United-States,0
49,Private,149049,Some-college,10,Divorced,Exec-managerial,Not-in-family,White,Male,14344,0,45,United-States,1
57,Private,176079,HS-grad,9,Divorced,Adm-clerical,Not-in-family,White,Female,0,0,40,United-States,0
34,Private,318641,Bachelors,13,Married-civ-spouse,Exec-managerial,Husband,Black,Male,0,0,45,United-States,1
66,Private,141085,HS-grad,9,Widowed,Priv-house-serv,Not-in-family,White,Female,0,0,8,United-States,0
37,Private,259846,Assoc-voc,11,Married-civ-spouse,Adm-clerical,Husband,White,Male,3471,0,40,United-States,0
75,Local-gov,31195,HS-grad,9,Divorced,Adm-clerical,Not-in-family,White,Female,0,0,20,United-States,0
76,Private,199949,9th,5,Married-civ-spouse,Protective-serv,Husband,White,Male,0,0,13,United-States,0
49,Private,360491,HS-grad,9,Widowed,Adm-clerical,Unmarried,White,Female,0,0,40,United-States,0
43,Local-gov,241528,Masters,14,Divorced,Prof-specialty,Unmarried,White,Female,0,0,40,United-States,0
20,Private,64292,Some-college,10,Never-married,Sales,Not-in-family,White,Female,0,0,50,United-States,0
41,Local-gov,32185,Masters,14,Married-civ-spouse,Exec-managerial,Husband,White,Male,0,0,40,United-States,1
59,Private,91384,Bachelors,13,Married-civ-spouse,Adm-clerical,Husband,White,Male,0,0,40,United-States,0
26,Private,189185,HS-grad,9,Divorced,Adm-clerical,Own-child,White,Female,0,0,40,United-States,0
28,Local-gov,229223,Assoc-voc,11,Married-civ-spouse,Prof-specialty,Wife,White,Female,7688,0,36,United-States,1
21,Private,219137,10th,6,Never-married,Other-service,Own-child,Black,Male,0,0,25,United-States,0
44,State-gov,166597,Masters,14,Married-civ-spouse,Adm-clerical,Husband,White,Male,0,0,40,United-States,1
39,State-gov,152307,Bachelors,13,Married-civ-spouse,Prof-specialty,Husband,White,Male,0,0,40,United-States,0
44,Private,103459,HS-grad,9,Married-civ-spouse,Sales,Wife,White,Female,0,0,40,United-States,1
31,Private,220066,Bachelors,13,Never-married,Exec-managerial,Not-in-family,White,Female,14344,0,50,United-States,1
24,Private,270517,HS-grad,9,Never-married,Other-service,Own-child,White,Female,0,0,40,Mexico,0
48,Private,176732,9th,5,Divorced,Sales,Not-in-family,White,Female,0,0,40,United-States,0
23,Private,82497,Some-college,10,Never-married,Sales,Own-child,White,Female,0,0,28,United-States,0
58,Private,372181,HS-grad,9,Divorced,Sales,Unmarried,White,Female,0,0,40,United-States,1
41,Private,144460,Some-college,10,Divorced,Machine-op-inspct,Own-child,White,Male,0,0,40,Italy,0
20,Private,105312,Some-college,10,Never-married,Sales,Own-child,White,Female,0,0,18,United-States,0
55,Private,92215,HS-grad,9,Divorced,Adm-clerical,Not-in-family,White,Female,0,0,40,United-States,0
36,Private,173804,Some-college,10,Never-married,Sales,Not-in-family,White,Female,0,0,35,United-States,0
40,Self-emp-not-inc,165815,Some-college,10,Never-married,Craft-repair,Own-child,White,Male,0,0,40,United-States,0
50,Local-gov,226497,Some-college,10,Married-civ-spouse,Protective-serv,Husband,White,Male,0,0,52,United-States,1
24,Local-gov,34246,Bachelors,13,Never-married,Prof-specialty,Not-in-family,Asian-Pac-Islander,Male,0,0,40,United-States,0
52,Private,282674,HS-grad,9,Married-civ-spouse,Transport-moving,Husband,Amer-Indian-Eskimo,Male,0,0,40,United-States,1
54,Private,39493,Assoc-voc,11,Married-civ-spouse,Transport-moving,Husband,White,Male,0,0,20,United-States,0
23,Self-emp-inc,201682,Bachelors,13,Never-married,Adm-clerical,Own-child,White,Female,0,0,35,United-States,0
18,Private,478380,11th,7,Never-married,Sales,Own-child,White,Female,0,0,25,United-States,0
54,Private,146834,HS-grad,9,Divorced,Transport-moving,Not-in-family,White,Male,0,0,45,United-States,0
44,Local-gov,277144,Bachelors,13,Never-married,Prof-specialty,Own-child,White,Male,0,0,60,United-States,0
59,Self-emp-not-inc,32537,HS-grad,9,Married-civ-spouse,Farming-fishing,Husband,White,Male,0,0,40,United-States,1
48,Private,54744,HS-grad,9,Married-civ-spouse,Craft-repair,Husband,White,Male,0,0,40,United-States,0
44,Private,205822,Some-college,10,Married-civ-spouse,Sales,Husband,White,Male,0,0,40,United-States,1
24,Private,174461,Assoc-acdm,12,Divorced,Other-service,Not-in-family,White,Female,0,0,22,United-States,0
66,Federal-gov,38621,Assoc-voc,11,Widowed,Other-service,Unmarried,Black,Female,3273,0,40,United-States,0
32,Private,80058,11th,7,Divorced,Sales,Not-in-family,White,Male,0,0,43,United-States,1
38,Private,22245,Some-college,10,Divorced,Exec-managerial,Not-in-family,White,Male,0,0,50,United-States,0
60,Self-emp-not-inc,153356,HS-grad,9,Divorced,Sales,Not-in-family,Black,Male,2597,0,55,United-States,0
32,Private,204374,HS-grad,9,Divorced,Handlers-cleaners,Not-in-family,White,Male,0,0,40,United-States,0
37,Private,155064,Assoc-voc,11,Divorced,Prof-specialty,Unmarried,White,Female,0,0,40,United-States,0
56,Self-emp-not-inc,125147,10th,6,Married-civ-spouse,Transport-moving,Husband,White,Male,0,0,60,United-States,0
49,Private,32212,HS-grad,9,Married-civ-spouse,Exec-managerial,Wife,White,Female,0,0,43,United-States,0
19,Private,172582,Some-college,10,Never-married,Sales,Own-child,White,Male,0,0,30,United-States,0
50,Self-emp-not-inc,36480,10th,6,Divorced,Craft-repair,Not-in-family,White,Male,0,0,45,United-States,0
33,Private,1161363,Some-college,10,Separated,Tech-support,Unmarried,White,Female,0,0,50,Columbia,0
54,Private,36480,HS-grad,9,Married-civ-spouse,Sales,Husband,White,Male,15024,0,50,United-States,1
51,Private,122109,Some-college,10,Married-civ-spouse,Adm-clerical,Wife,White,Female,0,0,35,United-States,0
69,Private,168139,HS-grad,9,Married-civ-spouse,Sales,Wife,White,Female,0,0,40,United-States,0
22,Private,300871,Some-college,10,Married-civ-spouse,Tech-support,Husband,White,Male,0,0,40,United-States,0
30,Private,291951,HS-grad,9,Married-civ-spouse,Craft-repair,Husband,Black,Male,0,0,40,United-States,0
45,Private,231672,HS-grad,9,Married-civ-spouse,Machine-op-inspct,Husband,Black,Male,0,0,40,United-States,0
41,Private,294270,9th,5,Married-civ-spouse,Transport-moving,Husband,White,Male,0,0,35,United-States,0
35,Local-gov,204277,Bachelors,13,Married-civ-spouse,Prof-specialty,Husband,White,Male,0,0,40,United-States,0
36,Private,180686,HS-grad,9,Married-civ-spouse,Craft-repair,Husband,White,Male,0,0,45,United-States,1
31,Private,61308,10th,6,Never-married,Other-service,Not-in-family,White,Male,0,0,40,United-States,0
23,Private,193089,11th,7,Never-married,Craft-repair,Own-child,White,Male,0,0,40,United-States,0
23,Private,256755,Bachelors,13,Never-married,Handlers-cleaners,Other-relative,White,Female,0,0,40,Cuba,0
35,Self-emp-not-inc,170174,HS-grad,9,Married-civ-spouse,Craft-repair,Husband,White,Male,7298,0,60,United-States,1
25,Private,201635,Bachelors,13,Never-married,Exec-managerial,Not-in-family,White,Female,0,0,50,United-States,0
24,State-gov,38151,Some-college,10,Never-married,Adm-clerical,Own-child,White,Male,0,0,12,United-States,0
40,Private,168071,HS-grad,9,Never-married,Craft-repair,Own-child,White,Male,0,0,28,United-States,0
41,Self-emp-not-inc,168098,Bachelors,13,Married-civ-spouse,Prof-specialty,Husband,White,Male,0,0,50,United-States,0
61,Self-emp-inc,61040,Some-college,10,Married-civ-spouse,Sales,Husband,White,Male,7688,0,36,United-States,1
60,Private,76127,Assoc-acdm,12,Married-civ-spouse,Adm-clerical,Husband,White,Male,0,0,35,United-States,1
34,Private,207668,Some-college,10,Married-civ-spouse,Handlers-cleaners,Husband,White,Male,0,1887,40,United-States,1
37,Private,329980,Some-college,10,Married-civ-spouse,Craft-repair,Husband,White,Male,0,0,40,United-States,0
23,Local-gov,129232,HS-grad,9,Never-married,Adm-clerical,Own-child,White,Male,0,0,40,United-States,0
28,Private,115579,Assoc-voc,11,Never-married,Tech-support,Own-child,White,Female,0,0,38,United-States,0
50,Private,133963,HS-grad,9,Divorced,Adm-clerical,Unmarried,White,Female,0,0,35,United-States,0
33,Private,144949,Masters,14,Married-civ-spouse,Prof-specialty,Husband,White,Male,15024,0,40,United-States,1
51,Private,155408,HS-grad,9,Married-spouse-absent,Sales,Not-in-family,Black,Female,0,0,38,United-States,0
27,Local-gov,66824,Bachelors,13,Never-married,Prof-specialty,Not-in-family,Amer-Indian-Eskimo,Female,3325,0,43,United-States,0
44,State-gov,193524,Masters,14,Married-civ-spouse,Exec-managerial,Husband,White,Male,0,1902,40,United-States,1
40,Local-gov,26929,Masters,14,Never-married,Prof-specialty,Not-in-family,White,Female,0,0,40,United-States,0
21,Private,251603,HS-grad,9,Never-married,Adm-clerical,Not-in-family,White,Female,0,0,40,United-States,0
74,Private,84197,Masters,14,Divorced,Sales,Not-in-family,White,Female,0,0,10,United-States,0
31,Private,237824,HS-grad,9,Married-spouse-absent,Priv-house-serv,Other-relative,Black,Female,0,0,60,Jamaica,0
37,State-gov,108293,Assoc-acdm,12,Divorced,Prof-specialty,Unmarried,White,Female,0,0,38,United-States,0
22,Private,306967,Some-college,10,Never-married,Adm-clerical,Not-in-family,White,Female,0,0,25,United-States,0
55,Private,236520,Assoc-voc,11,Married-civ-spouse,Craft-repair,Husband,White,Male,0,0,40,United-States,1
37,Private,200598,Assoc-acdm,12,Married-civ-spouse,Prof-specialty,Husband,White,Male,0,1740,45,United-States,0
44,Self-emp-not-inc,246862,HS-grad,9,Married-civ-spouse,Prof-specialty,Wife,White,Female,0,0,40,Italy,1
46,Private,110171,Some-college,10,Married-civ-spouse,Craft-repair,Husband,White,Male,7688,0,40,United-States,1
53,Private,209906,1st-4th,2,Married-civ-spouse,Other-service,Husband,Black,Male,0,0,35,Puerto-Rico,0
40,Private,236021,Some-college,10,Married-civ-spouse,Transport-moving,Husband,White,Male,0,0,40,United-States,0
40,Self-emp-inc,111483,Bachelors,13,Never-married,Prof-specialty,Own-child,White,Male,0,0,40,United-States,0
48,Private,189462,Some-college,10,Divorced,Handlers-cleaners,Own-child,White,Male,2176,0,40,United-States,0
23,Private,220168,HS-grad,9,Never-married,Sales,Other-relative,Black,Female,0,0,25,Jamaica,0
36,Self-emp-not-inc,151094,Assoc-voc,11,Separated,Exec-managerial,Not-in-family,White,Male,0,0,48,United-States,0
31,Private,106753,Assoc-voc,11,Married-civ-spouse,Craft-repair,Husband,White,Male,0,1740,40,United-States,0
45,Private,368561,HS-grad,9,Married-civ-spouse,Exec-managerial,Husband,White,Male,0,0,55,United-States,1
43,State-gov,159449,HS-grad,9,Never-married,Craft-repair,Unmarried,White,Male,0,0,40,United-States,0
63,Private,169983,11th,7,Widowed,Sales,Not-in-family,White,Female,2176,0,30,United-States,0
61,State-gov,379885,Doctorate,16,Married-civ-spouse,Prof-specialty,Husband,White,Male,0,1902,40,United-States,1
31,Private,395170,Assoc-voc,11,Married-civ-spouse,Other-service,Wife,Amer-Indian-Eskimo,Female,0,0,24,Mexico,0
21,Private,199698,HS-grad,9,Never-married,Farming-fishing,Own-child,White,Male,0,0,45,United-States,0
29,Private,180758,Assoc-acdm,12,Never-married,Craft-repair,Not-in-family,White,Male,0,0,60,United-States,0
42,Private,184682,Assoc-voc,11,Divorced,Tech-support,Not-in-family,White,Female,0,0,30,United-States,0
31,Private,184307,Some-college,10,Married-civ-spouse,Exec-managerial,Husband,White,Male,0,0,50,Jamaica,1
34,Private,286020,HS-grad,9,Married-civ-spouse,Machine-op-inspct,Husband,White,Male,0,0,45,United-States,0
62,Private,169204,HS-grad,9,Widowed,Craft-repair,Unmarried,White,Male,0,0,40,United-States,0
39,Private,341741,Preschool,1,Never-married,Other-service,Not-in-family,White,Female,0,0,12,United-States,0
23,Private,520231,Some-college,10,Never-married,Prof-specialty,Not-in-family,White,Female,0,0,45,United-States,0
55,Private,204751,HS-grad,9,Married-civ-spouse,Transport-moving,Husband,White,Male,0,0,65,United-States,0
54,Private,227832,12th,8,Married-civ-spouse,Craft-repair,Husband,White,Male,0,0,40,United-States,0
41,Private,70645,Masters,14,Widowed,Prof-specialty,Not-in-family,White,Female,4650,0,55,United-States,0
58,Self-emp-not-inc,31732,Bachelors,13,Married-civ-spouse,Exec-managerial,Husband,White,Male,0,0,50,United-States,0
60,Private,282923,Some-college,10,Married-civ-spouse,Prof-specialty,Husband,White,Male,7298,0,40,United-States,1
62,Private,197286,12th,8,Married-civ-spouse,Farming-fishing,Husband,White,Male,0,0,48,Germany,0
38,Private,255621,HS-grad,9,Married-civ-spouse,Other-service,Husband,White,Male,0,0,40,United-States,0
45,Self-emp-inc,191776,Masters,14,Divorced,Sales,Unmarried,White,Female,25236,0,42,United-States,1
19,Private,247298,12th,8,Married-spouse-absent,Other-service,Own-child,Other,Female,0,0,20,United-States,0
60,Private,116707,Some-college,10,Married-civ-spouse,Sales,Husband,White,Male,7298,0,40,United-States,1
17,Private,170455,11th,7,Never-married,Sales,Own-child,White,Female,0,0,8,United-States,0
52,Federal-gov,129177,HS-grad,9,Divorced,Adm-clerical,Not-in-family,White,Female,0,0,40,United-States,0
29,Private,280344,Bachelors,13,Married-civ-spouse,Sales,Husband,White,Male,0,0,40,United-States,1
36,Private,108103,HS-grad,9,Married-civ-spouse,Other-service,Husband,White,Male,0,0,50,United-States,0
17,Local-gov,340043,12th,8,Never-married,Adm-clerical,Own-child,White,Female,0,0,12,United-States,0
62,Private,192515,HS-grad,9,Widowed,Farming-fishing,Unmarried,White,Female,0,0,40,United-States,0
63,Self-emp-inc,137940,Prof-school,15,Married-civ-spouse,Prof-specialty,Husband,White,Male,15024,0,50,United-States,1
19,Private,41745,Some-college,10,Never-married,Exec-managerial,Own-child,White,Female,0,0,40,United-States,0
53,Private,99185,HS-grad,9,Widowed,Craft-repair,Unmarried,White,Male,0,0,40,United-States,1
52,Private,49243,HS-grad,9,Married-civ-spouse,Machine-op-inspct,Husband,White,Male,0,0,40,United-States,0
21,Private,82847,Some-college,10,Never-married,Tech-support,Not-in-family,White,Female,0,0,50,United-States,0
53,Private,133436,7th-8th,4,Divorced,Machine-op-inspct,Not-in-family,White,Female,0,0,40,United-States,0
68,Private,214521,Prof-school,15,Widowed,Prof-specialty,Unmarried,White,Female,0,0,16,United-States,0
34,Private,314646,9th,5,Married-civ-spouse,Craft-repair,Husband,White,Male,0,0,40,United-States,0
82,Self-emp-inc,130329,7th-8th,4,Married-civ-spouse,Farming-fishing,Husband,White,Male,0,0,50,United-States,0
44,Private,203943,Bachelors,13,Married-civ-spouse,Exec-managerial,Husband,Black,Male,0,0,35,United-States,1
36,Private,156667,Bachelors,13,Married-civ-spouse,Prof-specialty,Husband,White,Male,0,1902,50,United-States,1
33,Private,197424,HS-grad,9,Married-civ-spouse,Exec-managerial,Husband,White,Male,5013,0,40,United-States,0
50,Private,128798,Bachelors,13,Married-civ-spouse,Tech-support,Husband,White,Male,0,0,40,United-States,1
48,Private,177211,11th,7,Married-civ-spouse,Machine-op-inspct,Husband,White,Male,0,0,40,United-States,0
25,Private,178326,Some-college,10,Never-married,Sales,Not-in-family,White,Female,0,0,40,United-States,0
46,Self-emp-inc,276934,Bachelors,13,Married-civ-spouse,Sales,Husband,White,Male,0,0,70,United-States,1
32,Private,207301,HS-grad,9,Never-married,Handlers-cleaners,Not-in-family,White,Female,0,0,40,United-States,0
42,Private,204450,HS-grad,9,Married-civ-spouse,Handlers-cleaners,Husband,Black,Male,0,0,40,United-States,0
45,Self-emp-not-inc,149640,Prof-school,15,Never-married,Prof-specialty,Not-in-family,White,Male,0,0,30,United-States,1
37,Federal-gov,22201,Bachelors,13,Married-civ-spouse,Adm-clerical,Husband,Asian-Pac-Islander,Male,7298,0,40,Philippines,1
59,Federal-gov,200700,Assoc-acdm,12,Married-civ-spouse,Farming-fishing,Husband,Black,Male,0,0,40,United-States,0
22,Private,207940,Some-college,10,Never-married,Handlers-cleaners,Own-child,White,Female,0,0,36,United-States,0
26,Private,284078,Some-college,10,Never-married,Adm-clerical,Not-in-family,White,Male,0,0,40,United-States,0
47,Private,304133,Some-college,10,Married-civ-spouse,Exec-managerial,Husband,White,Male,0,0,45,United-States,0
49,Private,357540,HS-grad,9,Married-civ-spouse,Farming-fishing,Husband,White,Male,0,0,25,United-States,0
40,Private,144928,Some-college,10,Divorced,Craft-repair,Not-in-family,White,Male,0,0,40,United-States,0
45,Private,186473,HS-grad,9,Divorced,Adm-clerical,Unmarried,White,Female,0,0,40,United-States,0
45,Private,98881,11th,7,Married-civ-spouse,Other-service,Wife,White,Female,0,0,32,United-States,0
19,Private,168294,HS-grad,9,Never-married,Craft-repair,Own-child,White,Male,0,0,40,United-States,0
21,Private,219086,HS-grad,9,Never-married,Other-service,Own-child,White,Male,0,0,35,United-States,0
46,Private,155489,HS-grad,9,Married-civ-spouse,Machine-op-inspct,Husband,White,Male,0,0,43,United-States,1
58,Self-emp-not-inc,143731,HS-grad,9,Married-civ-spouse,Sales,Husband,White,Male,0,0,72,United-States,1
24,Private,229773,Bachelors,13,Never-married,Exec-managerial,Not-in-family,White,Male,0,0,40,United-States,0
28,Private,221215,10th,6,Never-married,Handlers-cleaners,Other-relative,White,Male,0,0,40,Mexico,0
43,Private,196084,Masters,14,Married-civ-spouse,Prof-specialty,Husband,White,Male,0,0,55,United-States,0
64,Self-emp-inc,80333,HS-grad,9,Married-civ-spouse,Exec-managerial,Husband,White,Male,0,0,40,United-States,1
59,Self-emp-not-inc,83542,Assoc-acdm,12,Divorced,Tech-support,Not-in-family,White,Male,0,0,40,United-States,0
23,Private,154978,HS-grad,9,Married-civ-spouse,Other-service,Husband,White,Male,0,0,40,Guatemala,0
48,Private,198000,Some-college,10,Never-married,Craft-repair,Unmarried,White,Female,0,0,38,United-States,1
25,Private,176047,HS-grad,9,Never-married,Machine-op-inspct,Own-child,White,Female,2176,0,40,United-States,0
35,Private,332588,HS-grad,9,Divorced,Other-service,Unmarried,White,Female,0,0,30,United-States,0
28,Private,132191,HS-grad,9,Married-civ-spouse,Transport-moving,Husband,White,Male,0,0,45,United-States,1
40,Private,115161,HS-grad,9,Married-civ-spouse,Transport-moving,Husband,White,Male,0,0,30,United-States,0
42,Private,179557,Some-college,10,Divorced,Tech-support,Not-in-family,White,Female,0,0,40,United-States,0
29,Private,663394,HS-grad,9,Married-civ-spouse,Farming-fishing,Husband,Black,Male,0,0,40,United-States,0
49,Private,43348,Masters,14,Never-married,Prof-specialty,Not-in-family,White,Male,0,0,40,United-States,1
45,Private,281565,HS-grad,9,Widowed,Other-service,Other-relative,Asian-Pac-Islander,Female,0,0,50,South,0
38,Private,109231,HS-grad,9,Married-civ-spouse,Craft-repair,Husband,White,Male,0,0,40,United-States,0
32,Private,162604,HS-grad,9,Never-married,Machine-op-inspct,Other-relative,Black,Male,0,0,40,United-States,0
32,Private,79586,Bachelors,13,Married-civ-spouse,Prof-specialty,Husband,Asian-Pac-Islander,Male,0,0,40,India,0
44,Self-emp-not-inc,264740,Prof-school,15,Married-civ-spouse,Prof-specialty,Husband,White,Male,0,0,40,United-States,1
57,Private,141326,HS-grad,9,Married-civ-spouse,Sales,Husband,White,Male,0,0,50,United-States,1
41,Local-gov,160785,HS-grad,9,Married-civ-spouse,Craft-repair,Husband,White,Male,0,0,40,United-States,0
27,Private,208249,HS-grad,9,Married-civ-spouse,Handlers-cleaners,Husband,White,Male,0,0,62,United-States,0
38,Private,85244,Bachelors,13,Separated,Craft-repair,Not-in-family,White,Male,0,0,40,United-States,0
60,Self-emp-not-inc,193038,Some-college,10,Married-civ-spouse,Farming-fishing,Husband,White,Male,0,0,15,United-States,0
45,Private,97176,11th,7,Divorced,Adm-clerical,Unmarried,White,Female,0,0,16,United-States,0
51,Private,348099,HS-grad,9,Never-married,Machine-op-inspct,Not-in-family,White,Female,0,1590,40,United-States,0
53,Private,374588,HS-grad,9,Married-civ-spouse,Transport-moving,Husband,Black,Male,0,0,60,United-States,0
44,Private,157217,Assoc-acdm,12,Married-civ-spouse,Prof-specialty,Husband,White,Male,0,0,40,United-States,1
21,Private,187513,Assoc-voc,11,Never-married,Craft-repair,Unmarried,White,Male,0,0,40,United-States,0
36,State-gov,166697,Bachelors,13,Divorced,Prof-specialty,Unmarried,White,Female,0,0,40,United-States,0
58,Private,172333,HS-grad,9,Married-civ-spouse,Sales,Husband,White,Male,7688,0,40,United-States,1
33,Private,100154,10th,6,Separated,Handlers-cleaners,Not-in-family,White,Male,0,0,40,United-States,0
36,Local-gov,241962,Bachelors,13,Married-civ-spouse,Adm-clerical,Husband,White,Male,0,0,40,United-States,0
29,Federal-gov,31161,HS-grad,9,Divorced,Exec-managerial,Not-in-family,Other,Female,0,0,40,United-States,0
57,Local-gov,44273,HS-grad,9,Widowed,Transport-moving,Not-in-family,White,Female,0,0,40,United-States,0
28,Self-emp-not-inc,209934,5th-6th,3,Married-civ-spouse,Handlers-cleaners,Husband,White,Male,0,0,25,Mexico,0
19,Private,167140,Some-college,10,Never-married,Other-service,Own-child,White,Male,0,1602,24,United-States,0
34,Local-gov,62463,Some-college,10,Married-civ-spouse,Transport-moving,Husband,White,Male,0,1579,40,United-States,0
17,Private,266072,10th,6,Never-married,Other-service,Not-in-family,White,Male,0,0,20,El-Salvador,0
21,Local-gov,276840,12th,8,Never-married,Other-service,Own-child,Black,Male,0,0,20,United-States,0
39,Private,182828,Masters,14,Never-married,Exec-managerial,Not-in-family,White,Female,0,0,45,United-States,0
44,Private,33155,Doctorate,16,Never-married,Prof-specialty,Not-in-family,White,Male,0,0,45,United-States,0
21,Private,260617,10th,6,Married-civ-spouse,Machine-op-inspct,Husband,White,Male,0,0,36,United-States,0
34,Private,199539,HS-grad,9,Married-civ-spouse,Craft-repair,Husband,White,Male,0,0,48,United-States,1
36,Private,145576,Masters,14,Married-civ-spouse,Adm-clerical,Husband,White,Male,0,1977,40,Japan,1
51,Private,334679,Assoc-voc,11,Widowed,Prof-specialty,Unmarried,Asian-Pac-Islander,Female,0,0,40,United-States,0
29,Private,156819,Assoc-acdm,12,Divorced,Prof-specialty,Unmarried,White,Female,0,0,35,United-States,0
42,Private,230684,HS-grad,9,Married-civ-spouse,Sales,Husband,White,Male,5178,0,50,United-States,1
21,Private,33616,Some-college,10,Never-married,Adm-clerical,Own-child,White,Female,0,0,25,United-States,0
40,Private,31621,HS-grad,9,Married-spouse-absent,Adm-clerical,Unmarried,White,Female,0,0,40,United-States,0
43,Federal-gov,77370,HS-grad,9,Married-civ-spouse,Transport-moving,Husband,White,Male,0,0,40,United-States,0
47,Private,115358,HS-grad,9,Divorced,Machine-op-inspct,Not-in-family,Black,Female,0,0,40,United-States,0
42,Private,289636,HS-grad,9,Married-civ-spouse,Transport-moving,Husband,White,Male,0,0,46,United-States,0
49,Private,65087,Masters,14,Married-civ-spouse,Exec-managerial,Husband,White,Male,15024,0,50,United-States,1
33,Private,275632,HS-grad,9,Married-civ-spouse,Transport-moving,Husband,White,Male,0,0,40,United-States,0
25,Private,35854,Some-college,10,Married-spouse-absent,Sales,Unmarried,White,Female,0,0,40,United-States,0
42,Private,111483,Bachelors,13,Married-civ-spouse,Tech-support,Husband,White,Male,0,0,50,United-States,1
48,Private,195437,11th,7,Married-civ-spouse,Transport-moving,Husband,White,Male,0,0,40,United-States,1
35,Self-emp-not-inc,102471,HS-grad,9,Divorced,Farming-fishing,Not-in-family,White,Male,0,0,80,Puerto-Rico,0
33,Private,207201,HS-grad,9,Married-civ-spouse,Machine-op-inspct,Husband,White,Male,0,0,55,United-States,1
59,Private,230899,9th,5,Separated,Machine-op-inspct,Unmarried,White,Female,0,0,40,Mexico,0
40,Private,297396,Some-college,10,Separated,Exec-managerial,Unmarried,White,Female,0,0,60,United-States,0
43,Private,240698,Bachelors,13,Married-civ-spouse,Adm-clerical,Husband,White,Male,0,0,40,United-States,1
64,Private,66634,Bachelors,13,Divorced,Exec-managerial,Unmarried,White,Male,27828,0,50,United-States,1
48,Private,304791,Some-college,10,Widowed,Adm-clerical,Not-in-family,White,Female,0,0,40,United-States,0
50,Private,211654,10th,6,Married-civ-spouse,Craft-repair,Husband,White,Male,0,0,40,United-States,1
40,Private,79372,HS-grad,9,Divorced,Sales,Not-in-family,White,Female,0,0,40,United-States,0
37,Private,35309,HS-grad,9,Married-civ-spouse,Craft-repair,Husband,White,Male,0,0,40,United-States,0
48,Private,164964,HS-grad,9,Married-civ-spouse,Machine-op-inspct,Husband,White,Male,0,0,40,United-States,0
19,Private,63814,Some-college,10,Never-married,Adm-clerical,Not-in-family,White,Female,0,0,18,United-States,0
35,Private,35330,HS-grad,9,Married-civ-spouse,Craft-repair,Husband,White,Male,0,0,40,United-States,0
34,Private,296724,Some-college,10,Never-married,Exec-managerial,Not-in-family,White,Female,0,0,17,United-States,0
35,State-gov,211115,Some-college,10,Never-married,Protective-serv,Not-in-family,Black,Male,0,0,40,United-States,0
26,Private,126829,Some-college,10,Never-married,Sales,Not-in-family,White,Male,0,0,40,United-States,0
46,Private,237731,Assoc-voc,11,Married-civ-spouse,Adm-clerical,Husband,White,Male,0,0,40,United-States,0
17,Private,270942,5th-6th,3,Never-married,Other-service,Other-relative,White,Male,0,0,48,Mexico,0
50,Self-emp-not-inc,170562,Assoc-acdm,12,Married-civ-spouse,Protective-serv,Husband,White,Male,0,0,20,United-States,0
46,Federal-gov,199925,Bachelors,13,Divorced,Prof-specialty,Not-in-family,White,Male,0,0,40,United-States,0
51,Private,137815,Some-college,10,Married-civ-spouse,Adm-clerical,Husband,White,Male,7298,0,40,United-States,1
32,Private,153471,HS-grad,9,Never-married,Farming-fishing,Not-in-family,White,Male,0,0,35,United-States,0
29,Private,107812,HS-grad,9,Divorced,Craft-repair,Not-in-family,White,Male,0,0,40,United-States,0
26,Private,245880,HS-grad,9,Never-married,Other-service,Other-relative,White,Male,0,0,40,United-States,0
20,Private,201799,Some-college,10,Never-married,Sales,Own-child,White,Female,0,0,13,United-States,0
26,Private,177951,HS-grad,9,Married-civ-spouse,Handlers-cleaners,Husband,White,Male,0,0,48,United-States,0
39,Private,117166,10th,6,Married-civ-spouse,Machine-op-inspct,Husband,White,Male,2635,0,40,United-States,0
67,Federal-gov,65475,HS-grad,9,Married-civ-spouse,Tech-support,Husband,White,Male,0,0,40,United-States,1
61,Private,339358,5th-6th,3,Married-civ-spouse,Farming-fishing,Other-relative,White,Female,0,0,45,Mexico,0
27,Private,292472,Some-college,10,Never-married,Craft-repair,Not-in-family,Asian-Pac-Islander,Male,0,1876,45,Cambodia,0
27,Private,229803,HS-grad,9,Never-married,Craft-repair,Own-child,Black,Male,0,0,40,United-States,0
23,State-gov,33551,Bachelors,13,Married-civ-spouse,Tech-support,Husband,White,Male,0,0,38,United-States,0
34,Self-emp-not-inc,108247,Prof-school,15,Married-civ-spouse,Prof-specialty,Husband,White,Male,0,0,55,United-States,1
20,Private,129240,Some-college,10,Never-married,Adm-clerical,Own-child,White,Female,0,0,20,United-States,0
55,Private,165881,HS-grad,9,Married-civ-spouse,Exec-managerial,Husband,White,Male,0,0,40,United-States,1
48,Private,187505,Some-college,10,Married-civ-spouse,Sales,Husband,White,Male,0,0,50,United-States,1
37,Private,89718,Some-college,10,Married-civ-spouse,Transport-moving,Husband,White,Male,0,0,45,United-States,0
19,Private,93518,Some-college,10,Never-married,Sales,Own-child,White,Female,0,0,20,United-States,0
36,State-gov,86805,Some-college,10,Married-civ-spouse,Exec-managerial,Wife,White,Female,7298,0,39,United-States,1
34,Private,172579,Assoc-voc,11,Divorced,Tech-support,Unmarried,White,Female,0,0,40,United-States,0
37,Private,87076,HS-grad,9,Never-married,Machine-op-inspct,Own-child,White,Male,0,0,40,United-States,0
22,Private,306593,HS-grad,9,Never-married,Craft-repair,Own-child,White,Male,0,0,40,United-States,0
19,Private,249787,HS-grad,9,Never-married,Other-service,Other-relative,Black,Male,0,0,40,United-States,0
21,Private,35424,Some-college,10,Never-married,Sales,Own-child,White,Female,0,0,25,United-States,0
31,State-gov,176998,Some-college,10,Married-civ-spouse,Craft-repair,Husband,White,Male,0,0,35,United-States,1
35,Private,186845,Prof-school,15,Married-civ-spouse,Prof-specialty,Husband,White,Male,0,0,45,United-States,1
27,Private,93235,HS-grad,9,Never-married,Sales,Not-in-family,White,Male,0,0,30,United-States,0
24,Private,321763,HS-grad,9,Never-married,Exec-managerial,Not-in-family,White,Male,0,0,38,United-States,0
39,Private,139703,HS-grad,9,Married-spouse-absent,Sales,Unmarried,Black,Female,0,0,28,Jamaica,0
45,Private,191098,Bachelors,13,Married-civ-spouse,Prof-specialty,Husband,Asian-Pac-Islander,Male,0,0,40,China,0
22,Federal-gov,209131,Assoc-acdm,12,Never-married,Other-service,Own-child,White,Male,0,0,20,United-States,0
46,Private,145290,Some-college,10,Married-civ-spouse,Craft-repair,Husband,White,Male,0,0,40,United-States,0
48,Self-emp-not-inc,30840,Some-college,10,Married-civ-spouse,Prof-specialty,Husband,White,Male,5013,0,45,United-States,0
57,Private,159319,Masters,14,Married-civ-spouse,Exec-managerial,Husband,White,Male,0,0,50,United-States,1
28,Private,157391,Bachelors,13,Never-married,Sales,Own-child,White,Female,0,0,40,United-States,0
34,Private,101345,Bachelors,13,Married-civ-spouse,Sales,Wife,White,Female,0,0,40,United-States,1
29,Private,185908,Bachelors,13,Married-civ-spouse,Exec-managerial,Husband,Black,Male,0,0,55,United-States,1
24,Self-emp-inc,165474,Bachelors,13,Never-married,Sales,Own-child,White,Male,0,0,40,United-States,0
30,Private,154882,Prof-school,15,Widowed,Other-service,Not-in-family,White,Male,0,0,35,United-States,0
42,Self-emp-not-inc,215219,11th,7,Separated,Other-service,Unmarried,White,Female,0,0,30,United-States,0
45,Private,204205,7th-8th,4,Divorced,Machine-op-inspct,Not-in-family,White,Male,0,0,48,United-States,0
38,Private,201454,Some-college,10,Divorced,Adm-clerical,Unmarried,White,Female,0,0,40,United-States,0
40,Private,163215,Bachelors,13,Divorced,Exec-managerial,Not-in-family,White,Female,10520,0,40,United-States,1
26,Private,276309,Some-college,10,Never-married,Handlers-cleaners,Own-child,Black,Female,0,0,20,United-States,0
19,State-gov,60412,Some-college,10,Never-married,Adm-clerical,Own-child,White,Female,0,0,15,United-States,0
52,Private,163678,HS-grad,9,Married-civ-spouse,Transport-moving,Husband,White,Male,0,0,55,United-States,0
35,Private,340428,Assoc-acdm,12,Never-married,Adm-clerical,Not-in-family,White,Female,0,0,35,United-States,0
33,Private,166961,11th,7,Separated,Sales,Own-child,White,Female,0,0,20,United-States,0
20,Private,132053,Some-college,10,Never-married,Prof-specialty,Own-child,White,Female,0,0,2,United-States,0
21,Private,250051,Some-college,10,Never-married,Prof-specialty,Own-child,White,Female,0,0,10,United-States,0
37,Private,294292,Prof-school,15,Married-civ-spouse,Exec-managerial,Husband,White,Male,0,0,40,United-States,0
40,Private,132222,Some-college,10,Married-civ-spouse,Machine-op-inspct,Husband,White,Male,4386,0,50,United-States,1
48,Private,80430,11th,7,Never-married,Other-service,Not-in-family,White,Female,0,0,30,United-States,0
48,Self-emp-not-inc,317360,Bachelors,13,Married-civ-spouse,Prof-specialty,Wife,White,Female,0,0,20,United-States,1
25,Private,208999,Some-college,10,Separated,Adm-clerical,Own-child,White,Male,0,0,40,United-States,0
32,Private,152940,Assoc-acdm,12,Never-married,Adm-clerical,Own-child,White,Male,0,0,30,United-States,0
38,Private,27408,HS-grad,9,Divorced,Craft-repair,Unmarried,White,Male,0,0,50,United-States,0
80,Self-emp-not-inc,225892,HS-grad,9,Married-civ-spouse,Other-service,Husband,White,Male,1409,0,40,United-States,0
30,Private,211840,Some-college,10,Separated,Sales,Unmarried,Black,Female,0,0,16,United-States,0
28,Self-emp-inc,201186,HS-grad,9,Married-civ-spouse,Sales,Husband,Black,Male,99999,0,40,United-States,1
56,Local-gov,157525,Some-college,10,Divorced,Protective-serv,Not-in-family,Black,Male,0,0,48,United-States,0
60,Private,187124,HS-grad,9,Married-civ-spouse,Machine-op-inspct,Husband,White,Male,0,0,40,United-States,0
58,Private,242670,HS-grad,9,Never-married,Adm-clerical,Unmarried,White,Female,0,0,40,United-States,0
60,Private,31577,HS-grad,9,Married-civ-spouse,Transport-moving,Husband,White,Male,0,0,60,United-States,1
18,Private,309634,11th,7,Never-married,Other-service,Own-child,White,Female,0,0,22,United-States,0
46,Private,123053,Masters,14,Married-civ-spouse,Exec-managerial,Husband,Asian-Pac-Islander,Male,0,0,50,Japan,1
57,Private,46699,HS-grad,9,Married-civ-spouse,Adm-clerical,Wife,White,Female,0,0,40,United-States,0
42,Private,24982,Some-college,10,Married-civ-spouse,Craft-repair,Husband,White,Male,7688,0,40,United-States,1
29,Private,274969,HS-grad,9,Never-married,Craft-repair,Unmarried,White,Female,0,0,42,United-States,0
51,Private,200618,Bachelors,13,Married-civ-spouse,Prof-specialty,Husband,White,Male,0,0,40,United-States,0
35,Private,174856,HS-grad,9,Married-civ-spouse,Transport-moving,Husband,White,Male,2885,0,40,United-States,0
46,State-gov,353012,HS-grad,9,Married-civ-spouse,Transport-moving,Husband,White,Male,0,0,40,United-States,0
34,Private,195602,Assoc-acdm,12,Married-civ-spouse,Craft-repair,Husband,White,Male,0,0,44,United-States,0
31,Local-gov,149184,Bachelors,13,Married-civ-spouse,Protective-serv,Husband,White,Male,0,0,97,United-States,1
33,Private,145434,11th,7,Never-married,Craft-repair,Own-child,White,Male,0,0,40,United-States,0
51,Private,122288,Some-college,10,Widowed,Machine-op-inspct,Unmarried,White,Female,0,0,36,United-States,0
20,Private,210781,Some-college,10,Never-married,Adm-clerical,Own-child,White,Female,0,0,20,United-States,0
36,Self-emp-inc,337778,Some-college,10,Married-civ-spouse,Exec-managerial,Husband,White,Male,0,0,60,Yugoslavia,1
37,Private,38948,HS-grad,9,Married-civ-spouse,Prof-specialty,Husband,White,Male,0,0,50,United-States,1
52,Private,206862,HS-grad,9,Married-civ-spouse,Craft-repair,Husband,White,Male,0,0,40,United-States,0
31,Private,176360,HS-grad,9,Never-married,Craft-repair,Own-child,Black,Male,0,0,40,United-States,0
24,Private,182812,Some-college,10,Never-married,Adm-clerical,Own-child,White,Female,3325,0,52,Dominican-Republic,0
51,Private,74660,10th,6,Married-civ-spouse,Craft-repair,Husband,White,Male,0,0,40,United-States,1
53,Federal-gov,173093,Some-college,10,Married-civ-spouse,Exec-managerial,Wife,Asian-Pac-Islander,Female,0,1887,40,Philippines,1
54,Private,339667,HS-grad,9,Never-married,Adm-clerical,Not-in-family,White,Male,0,0,41,United-States,0
19,Private,294029,11th,7,Never-married,Sales,Own-child,Other,Female,0,0,32,Nicaragua,0
37,Self-emp-not-inc,348739,Prof-school,15,Married-civ-spouse,Prof-specialty,Husband,White,Male,0,0,50,United-States,1
26,Private,134287,Assoc-voc,11,Never-married,Sales,Own-child,White,Female,0,0,35,United-States,0
35,Private,186934,Masters,14,Separated,Prof-specialty,Not-in-family,White,Male,0,0,40,United-States,1
39,Private,160916,Assoc-acdm,12,Married-civ-spouse,Tech-support,Wife,White,Female,0,0,45,United-States,0
28,Private,339002,HS-grad,9,Never-married,Transport-moving,Own-child,White,Male,0,0,20,United-States,0
60,Self-emp-not-inc,525878,HS-grad,9,Married-civ-spouse,Exec-managerial,Husband,Black,Male,0,0,40,United-States,0
46,Local-gov,441542,Bachelors,13,Married-civ-spouse,Transport-moving,Husband,Black,Male,0,0,40,United-States,0
28,Private,56179,Some-college,10,Never-married,Exec-managerial,Not-in-family,White,Male,2174,0,55,United-States,0
23,Private,62278,Some-college,10,Married-civ-spouse,Sales,Husband,White,Male,0,0,45,United-States,0
44,Self-emp-not-inc,567788,5th-6th,3,Married-civ-spouse,Farming-fishing,Husband,White,Male,0,0,40,Mexico,0
36,State-gov,135874,Bachelors,13,Married-civ-spouse,Sales,Husband,White,Male,0,0,40,United-States,0
29,Private,309463,9th,5,Married-civ-spouse,Craft-repair,Husband,White,Male,0,0,40,United-States,0
28,Private,37359,Bachelors,13,Married-civ-spouse,Sales,Husband,White,Male,0,0,60,United-States,1
39,Private,140477,HS-grad,9,Never-married,Machine-op-inspct,Not-in-family,White,Female,0,0,10,United-States,0
31,Private,126402,HS-grad,9,Never-married,Farming-fishing,Not-in-family,Black,Female,0,0,60,United-States,0
42,Self-emp-not-inc,121718,HS-grad,9,Married-civ-spouse,Craft-repair,Husband,White,Male,0,0,24,United-States,0
42,State-gov,367292,Some-college,10,Married-civ-spouse,Protective-serv,Husband,White,Male,0,0,40,United-States,1
54,Private,135388,HS-grad,9,Married-civ-spouse,Craft-repair,Husband,White,Male,5178,0,40,United-States,1
59,Private,77884,Assoc-voc,11,Never-married,Craft-repair,Not-in-family,Asian-Pac-Islander,Male,0,0,40,United-States,0
42,Private,29962,HS-grad,9,Married-civ-spouse,Craft-repair,Husband,White,Male,0,0,40,United-States,0
32,Private,113504,Bachelors,13,Married-civ-spouse,Exec-managerial,Husband,White,Male,0,0,40,United-States,1
60,Self-emp-not-inc,282660,7th-8th,4,Married-civ-spouse,Craft-repair,Husband,White,Male,0,0,40,United-States,0
24,Self-emp-not-inc,267396,Bachelors,13,Never-married,Sales,Not-in-family,White,Male,0,0,40,United-States,0
38,Private,149419,Assoc-voc,11,Never-married,Tech-support,Not-in-family,White,Male,0,0,50,United-States,0
30,Federal-gov,73514,Bachelors,13,Never-married,Exec-managerial,Other-relative,Asian-Pac-Islander,Female,0,0,45,United-States,0
22,Private,385077,HS-grad,9,Never-married,Craft-repair,Own-child,White,Male,2907,0,40,United-States,0
30,Local-gov,348802,HS-grad,9,Married-civ-spouse,Adm-clerical,Husband,Black,Male,0,0,40,United-States,0
33,Private,226629,Some-college,10,Married-civ-spouse,Other-service,Wife,White,Female,0,0,35,United-States,0
21,Private,349365,Some-college,10,Never-married,Adm-clerical,Own-child,White,Female,0,0,15,United-States,0
46,Self-emp-inc,320124,HS-grad,9,Married-civ-spouse,Exec-managerial,Wife,Amer-Indian-Eskimo,Female,15024,0,40,United-States,1
28,Private,203776,10th,6,Married-civ-spouse,Craft-repair,Husband,White,Male,0,0,50,United-States,0
37,Private,290609,HS-grad,9,Divorced,Adm-clerical,Unmarried,Black,Female,0,0,40,United-States,0
22,Private,311764,11th,7,Widowed,Sales,Own-child,Black,Female,0,0,35,United-States,0
41,Private,392167,10th,6,Divorced,Sales,Not-in-family,White,Male,0,0,48,United-States,0
28,Private,113870,HS-grad,9,Never-married,Adm-clerical,Not-in-family,White,Male,0,0,40,United-States,0
34,Private,168768,Assoc-acdm,12,Never-married,Adm-clerical,Not-in-family,White,Female,0,0,35,United-States,0
63,Private,181929,HS-grad,9,Widowed,Exec-managerial,Unmarried,White,Male,0,0,50,United-States,1
41,Local-gov,242586,Some-college,10,Married-civ-spouse,Exec-managerial,Husband,White,Male,0,0,40,United-States,0
47,Self-emp-inc,350759,HS-grad,9,Married-civ-spouse,Exec-managerial,Husband,White,Male,0,0,40,United-States,1
28,Private,66777,Assoc-voc,11,Married-civ-spouse,Other-service,Other-relative,White,Female,3137,0,40,United-States,0
47,Private,159550,HS-grad,9,Divorced,Adm-clerical,Not-in-family,Black,Female,0,0,40,United-States,0
75,Private,187424,HS-grad,9,Married-civ-spouse,Craft-repair,Husband,White,Male,0,0,20,United-States,0
24,Private,113936,Bachelors,13,Never-married,Prof-specialty,Own-child,White,Male,0,0,40,United-States,0
17,Private,225507,11th,7,Never-married,Handlers-cleaners,Not-in-family,Black,Female,0,0,15,United-States,0
50,Local-gov,425804,Bachelors,13,Divorced,Exec-managerial,Not-in-family,White,Female,0,0,40,United-States,1
20,Private,166527,Some-college,10,Never-married,Adm-clerical,Own-child,Other,Female,0,0,20,United-States,0
24,Private,22201,HS-grad,9,Married-civ-spouse,Protective-serv,Husband,Asian-Pac-Islander,Male,0,0,40,Thailand,0
41,Self-emp-inc,236021,Bachelors,13,Married-civ-spouse,Prof-specialty,Husband,White,Male,15024,0,40,United-States,1
42,Private,139012,Doctorate,16,Married-civ-spouse,Prof-specialty,Husband,Asian-Pac-Islander,Male,0,0,40,Taiwan,1
33,Local-gov,100734,HS-grad,9,Divorced,Tech-support,Not-in-family,White,Female,0,0,55,United-States,0
26,Private,226196,HS-grad,9,Never-married,Transport-moving,Own-child,White,Male,0,0,40,United-States,0
21,Private,222490,Some-college,10,Never-married,Handlers-cleaners,Own-child,White,Female,0,0,40,United-States,0
22,Private,29810,Some-college,10,Never-married,Transport-moving,Own-child,White,Female,0,0,30,United-States,0
41,Private,65372,Doctorate,16,Divorced,Sales,Unmarried,White,Female,0,0,50,United-States,1
26,Private,238367,HS-grad,9,Married-civ-spouse,Adm-clerical,Husband,White,Male,0,0,40,United-States,0
46,Private,181363,Assoc-acdm,12,Married-civ-spouse,Exec-managerial,Husband,White,Male,0,0,40,United-States,1
30,Local-gov,44566,Bachelors,13,Married-civ-spouse,Prof-specialty,Husband,White,Male,0,0,80,United-States,0
31,Private,130021,HS-grad,9,Married-civ-spouse,Machine-op-inspct,Husband,White,Male,0,0,45,United-States,0
47,Self-emp-not-inc,93208,HS-grad,9,Married-civ-spouse,Other-service,Wife,White,Female,0,0,75,Italy,0
18,Private,156950,HS-grad,9,Never-married,Adm-clerical,Own-child,White,Male,0,0,35,United-States,0
28,Private,59335,Bachelors,13,Married-civ-spouse,Adm-clerical,Other-relative,White,Female,0,0,15,United-States,0
47,Private,26994,Some-college,10,Divorced,Adm-clerical,Not-in-family,White,Female,0,0,35,United-States,0
41,Private,314322,HS-grad,9,Married-civ-spouse,Adm-clerical,Husband,White,Male,0,0,40,United-States,1
47,Private,329144,Some-college,10,Divorced,Prof-specialty,Not-in-family,White,Male,0,0,48,United-States,1
39,Self-emp-inc,34180,Assoc-voc,11,Married-civ-spouse,Farming-fishing,Husband,White,Male,0,0,60,United-States,1
38,Self-emp-not-inc,163204,HS-grad,9,Married-civ-spouse,Craft-repair,Husband,White,Male,3411,0,25,United-States,0
46,Private,191357,Bachelors,13,Married-civ-spouse,Tech-support,Husband,White,Male,0,0,40,United-States,0
37,Private,162494,Bachelors,13,Never-married,Adm-clerical,Not-in-family,White,Female,0,0,40,United-States,0
28,Private,69107,HS-grad,9,Married-civ-spouse,Handlers-cleaners,Husband,Black,Male,0,0,40,United-States,0
27,Local-gov,113545,Bachelors,13,Never-married,Prof-specialty,Not-in-family,White,Female,0,0,40,United-States,0
52,Self-emp-not-inc,72257,Some-college,10,Married-civ-spouse,Sales,Husband,White,Male,0,0,50,United-States,0
21,Private,236696,Some-college,10,Never-married,Other-service,Not-in-family,White,Male,0,0,57,United-States,0
80,Self-emp-not-inc,26865,7th-8th,4,Never-married,Farming-fishing,Unmarried,White,Male,0,0,20,United-States,0
41,Private,327606,12th,8,Separated,Craft-repair,Not-in-family,Black,Male,0,0,40,United-States,0
17,Local-gov,244856,11th,7,Never-married,Prof-specialty,Own-child,White,Female,0,0,40,United-States,0
57,Private,296152,Some-college,10,Divorced,Exec-managerial,Other-relative,White,Female,594,0,10,United-States,0
32,Private,54782,Some-college,10,Never-married,Prof-specialty,Own-child,White,Female,0,0,40,United-States,0
40,Private,85995,10th,6,Married-civ-spouse,Machine-op-inspct,Husband,White,Male,0,0,40,United-States,1
39,Private,237943,Bachelors,13,Married-civ-spouse,Exec-managerial,Husband,White,Male,99999,0,70,United-States,1
27,Private,135001,HS-grad,9,Married-civ-spouse,Craft-repair,Husband,White,Male,0,0,40,United-States,0
52,State-gov,314627,Masters,14,Divorced,Prof-specialty,Not-in-family,Asian-Pac-Islander,Female,0,0,40,United-States,0
57,Federal-gov,278763,HS-grad,9,Divorced,Adm-clerical,Unmarried,White,Female,0,0,40,United-States,0
19,Private,206599,Some-college,10,Never-married,Adm-clerical,Own-child,White,Female,0,0,16,United-States,0
32,Private,112137,Preschool,1,Married-civ-spouse,Machine-op-inspct,Wife,Asian-Pac-Islander,Female,4508,0,40,Cambodia,0
41,Self-emp-not-inc,29762,Some-college,10,Married-civ-spouse,Farming-fishing,Husband,White,Male,5013,0,70,United-States,0
26,Private,199600,HS-grad,9,Never-married,Sales,Not-in-family,Black,Male,0,0,40,United-States,0
46,Federal-gov,46537,Masters,14,Never-married,Prof-specialty,Not-in-family,White,Female,0,0,40,United-States,0
43,Private,50197,10th,6,Separated,Other-service,Not-in-family,Black,Female,0,0,40,United-States,0
24,Private,140001,HS-grad,9,Never-married,Sales,Own-child,White,Male,0,0,35,El-Salvador,0
51,State-gov,82504,Some-college,10,Married-civ-spouse,Exec-managerial,Husband,White,Male,0,0,40,United-States,0
51,Private,254211,Bachelors,13,Married-civ-spouse,Craft-repair,Husband,White,Male,0,0,20,United-States,1
40,Private,27821,Assoc-voc,11,Married-civ-spouse,Transport-moving,Husband,White,Male,2829,0,40,United-States,0
33,Private,182556,Bachelors,13,Married-civ-spouse,Exec-managerial,Husband,White,Male,0,0,40,United-States,1
26,Private,97698,Masters,14,Never-married,Exec-managerial,Not-in-family,White,Male,0,0,32,United-States,0
27,Private,68037,Some-college,10,Never-married,Exec-managerial,Not-in-family,White,Male,0,0,45,United-States,0
17,Private,174298,11th,7,Never-married,Other-service,Own-child,White,Male,0,0,20,United-States,0
75,Self-emp-not-inc,30599,Masters,14,Married-spouse-absent,Prof-specialty,Not-in-family,White,Female,0,0,50,United-States,0
24,Private,230248,7th-8th,4,Separated,Machine-op-inspct,Own-child,White,Male,0,0,40,United-States,0
50,Self-emp-inc,152810,Some-college,10,Married-civ-spouse,Machine-op-inspct,Husband,White,Male,0,0,70,Germany,0
52,Self-emp-inc,234286,HS-grad,9,Married-civ-spouse,Exec-managerial,Husband,White,Male,15024,0,40,United-States,1
54,Local-gov,365049,Some-college,10,Never-married,Prof-specialty,Not-in-family,White,Female,0,0,40,Mexico,0
35,Private,341643,Bachelors,13,Never-married,Other-service,Other-relative,White,Male,0,0,50,United-States,0
35,Private,204527,Masters,14,Never-married,Craft-repair,Not-in-family,White,Male,0,0,50,United-States,1
19,Self-emp-not-inc,137578,HS-grad,9,Never-married,Other-service,Own-child,White,Male,0,0,53,United-States,0
31,Private,147284,Doctorate,16,Married-civ-spouse,Prof-specialty,Husband,White,Male,0,1977,99,United-States,1
23,Private,176262,Assoc-voc,11,Never-married,Adm-clerical,Other-relative,White,Female,0,0,36,United-States,0
37,Private,213726,HS-grad,9,Divorced,Machine-op-inspct,Not-in-family,Asian-Pac-Islander,Female,0,0,40,Philippines,0
25,Private,403788,HS-grad,9,Never-married,Craft-repair,Other-relative,Black,Male,0,0,40,United-States,0
25,Private,133373,HS-grad,9,Married-civ-spouse,Transport-moving,Husband,White,Male,0,0,60,United-States,0
28,Self-emp-not-inc,39388,Assoc-voc,11,Married-civ-spouse,Farming-fishing,Husband,White,Male,0,0,60,United-States,0
68,Private,156000,10th,6,Widowed,Other-service,Unmarried,Black,Female,0,0,20,United-States,0
45,Private,45857,11th,7,Married-civ-spouse,Other-service,Wife,White,Female,0,0,36,United-States,0
33,Private,130021,HS-grad,9,Married-civ-spouse,Transport-moving,Husband,White,Male,0,0,40,United-States,0
47,Private,168337,HS-grad,9,Married-civ-spouse,Machine-op-inspct,Husband,White,Male,0,0,48,United-States,1
37,Self-emp-not-inc,174308,HS-grad,9,Married-civ-spouse,Craft-repair,Husband,White,Male,0,0,40,United-States,0
29,Private,200511,Bachelors,13,Married-civ-spouse,Sales,Husband,White,Male,0,0,50,United-States,0
18,Private,243240,HS-grad,9,Never-married,Machine-op-inspct,Not-in-family,White,Male,0,0,37,United-States,0
32,State-gov,92003,Bachelors,13,Married-civ-spouse,Exec-managerial,Wife,White,Female,0,0,40,United-States,1
37,Self-emp-not-inc,286146,HS-grad,9,Married-spouse-absent,Other-service,Unmarried,Black,Female,0,0,40,United-States,0
41,Private,202508,HS-grad,9,Married-civ-spouse,Machine-op-inspct,Husband,White,Male,0,0,48,United-States,0
42,Private,196029,Bachelors,13,Married-civ-spouse,Transport-moving,Husband,White,Male,0,0,48,United-States,1
42,Federal-gov,52781,Masters,14,Married-civ-spouse,Prof-specialty,Husband,White,Male,0,1902,40,United-States,1
20,Private,241752,HS-grad,9,Married-civ-spouse,Machine-op-inspct,Husband,White,Male,0,0,40,United-States,0
28,Private,487347,HS-grad,9,Never-married,Transport-moving,Not-in-family,White,Male,0,0,45,United-States,0
23,Private,133239,Assoc-voc,11,Never-married,Tech-support,Not-in-family,White,Female,0,0,40,United-States,0
20,Private,333843,HS-grad,9,Never-married,Adm-clerical,Own-child,White,Female,0,0,40,United-States,0
53,Private,150726,Some-college,10,Divorced,Adm-clerical,Not-in-family,White,Female,0,0,40,United-States,0
47,Self-emp-not-inc,160131,Some-college,10,Divorced,Craft-repair,Not-in-family,White,Male,0,0,40,United-States,0
30,Private,226443,Bachelors,13,Married-civ-spouse,Sales,Husband,White,Male,0,0,50,United-States,1
20,Private,289944,Some-college,10,Never-married,Other-service,Own-child,White,Female,0,0,25,United-States,0
51,Self-emp-not-inc,175897,9th,5,Married-civ-spouse,Craft-repair,Husband,White,Male,0,0,20,United-States,0
39,Private,185099,Bachelors,13,Married-civ-spouse,Prof-specialty,Husband,White,Male,0,0,48,United-States,1
50,Self-emp-not-inc,145419,Masters,14,Married-civ-spouse,Sales,Husband,White,Male,7688,0,45,United-States,1
39,Private,174924,HS-grad,9,Separated,Exec-managerial,Not-in-family,White,Male,14344,0,40,United-States,1
49,Private,31339,HS-grad,9,Married-civ-spouse,Craft-repair,Husband,White,Male,0,0,40,United-States,0
60,Self-emp-inc,93272,7th-8th,4,Married-civ-spouse,Sales,Husband,White,Male,0,0,60,United-States,0
39,Private,262158,Bachelors,13,Divorced,Exec-managerial,Unmarried,White,Female,0,0,45,United-States,0
28,Private,30070,Bachelors,13,Married-civ-spouse,Sales,Husband,White,Male,0,0,50,United-States,0
23,Private,169104,Some-college,10,Never-married,Sales,Own-child,Asian-Pac-Islander,Male,0,0,25,United-States,0
28,Private,62535,HS-grad,9,Married-civ-spouse,Craft-repair,Husband,White,Male,0,0,43,United-States,0
41,Private,217455,HS-grad,9,Divorced,Adm-clerical,Unmarried,White,Female,0,0,40,United-States,0
26,Private,172230,HS-grad,9,Never-married,Adm-clerical,Not-in-family,White,Male,0,0,40,United-States,0
39,Private,243409,HS-grad,9,Married-civ-spouse,Exec-managerial,Husband,White,Male,0,0,60,United-States,1
27,Private,198286,Some-college,10,Never-married,Other-service,Not-in-family,White,Female,0,0,34,United-States,0
22,Private,150175,Some-college,10,Never-married,Adm-clerical,Own-child,White,Female,0,0,20,United-States,0
36,Local-gov,382635,Bachelors,13,Divorced,Adm-clerical,Unmarried,White,Female,0,0,35,Honduras,0
29,Private,140830,HS-grad,9,Never-married,Other-service,Own-child,White,Female,0,0,40,United-States,0
22,Private,153516,Bachelors,13,Never-married,Prof-specialty,Not-in-family,White,Male,0,0,40,United-States,0
48,Private,108699,HS-grad,9,Never-married,Adm-clerical,Not-in-family,White,Female,0,0,40,United-States,0
29,Private,88432,Assoc-voc,11,Married-civ-spouse,Craft-repair,Husband,White,Male,0,0,50,United-States,0
48,Private,425199,Some-college,10,Divorced,Sales,Unmarried,White,Male,0,0,45,United-States,0
47,Federal-gov,98726,Bachelors,13,Married-spouse-absent,Exec-managerial,Not-in-family,White,Female,0,0,40,United-States,0
30,Private,224377,HS-grad,9,Never-married,Craft-repair,Not-in-family,White,Male,0,0,40,United-States,0
24,Federal-gov,42251,Bachelors,13,Never-married,Prof-specialty,Not-in-family,White,Female,0,0,30,United-States,0
66,Private,210825,Some-college,10,Married-civ-spouse,Tech-support,Husband,White,Male,0,0,40,United-States,1
21,Private,190968,HS-grad,9,Never-married,Machine-op-inspct,Own-child,White,Male,0,0,40,United-States,0
48,Private,125892,Bachelors,13,Married-civ-spouse,Tech-support,Husband,White,Male,0,0,40,United-States,1
61,Private,110920,10th,6,Married-civ-spouse,Sales,Husband,White,Male,0,0,40,United-States,0
62,Private,416829,11th,7,Separated,Other-service,Not-in-family,Black,Female,0,0,21,United-States,0
58,Private,314153,HS-grad,9,Married-civ-spouse,Craft-repair,Husband,White,Male,0,0,40,United-States,1
42,Private,336643,Assoc-voc,11,Separated,Prof-specialty,Unmarried,White,Female,0,0,40,United-States,0
27,Private,107812,Bachelors,13,Married-civ-spouse,Sales,Other-relative,White,Male,0,0,40,United-States,1
30,Local-gov,154935,Assoc-acdm,12,Never-married,Protective-serv,Not-in-family,Black,Male,0,0,40,United-States,0
25,Private,190350,HS-grad,9,Never-married,Adm-clerical,Unmarried,Black,Female,0,0,40,United-States,0
17,Private,195262,11th,7,Never-married,Craft-repair,Own-child,White,Male,0,0,17,United-States,0
28,Private,81540,HS-grad,9,Never-married,Handlers-cleaners,Not-in-family,White,Male,0,0,40,United-States,0
35,Private,112264,HS-grad,9,Married-civ-spouse,Sales,Husband,White,Male,0,0,50,United-States,0
39,Private,181943,Bachelors,13,Never-married,Exec-managerial,Not-in-family,White,Female,0,0,35,United-States,0
41,Self-emp-not-inc,254818,Masters,14,Divorced,Handlers-cleaners,Unmarried,White,Male,0,0,40,Peru,0
23,Private,185106,HS-grad,9,Never-married,Handlers-cleaners,Own-child,Black,Male,0,0,40,United-States,0
27,Private,118230,Some-college,10,Never-married,Adm-clerical,Own-child,White,Female,0,0,40,United-States,0
31,State-gov,157673,HS-grad,9,Married-civ-spouse,Farming-fishing,Husband,White,Male,0,0,40,United-States,0
19,Private,123718,Some-college,10,Never-married,Sales,Own-child,White,Female,0,0,20,United-States,0
22,Private,285775,Assoc-voc,11,Never-married,Craft-repair,Own-child,White,Male,0,0,40,United-States,0
35,Private,26987,HS-grad,9,Separated,Adm-clerical,Not-in-family,White,Female,0,0,40,United-States,0
57,Self-emp-not-inc,65080,HS-grad,9,Married-civ-spouse,Craft-repair,Husband,White,Male,0,0,50,United-States,1
25,Federal-gov,339956,Some-college,10,Married-civ-spouse,Protective-serv,Husband,Black,Male,0,0,40,United-States,0
35,Private,196899,Bachelors,13,Never-married,Handlers-cleaners,Not-in-family,Asian-Pac-Islander,Female,0,0,50,Haiti,0
61,Private,215944,9th,5,Divorced,Sales,Not-in-family,White,Male,0,0,25,United-States,0
34,Private,321787,Some-college,10,Never-married,Adm-clerical,Own-child,White,Male,0,0,40,United-States,0
25,Private,189219,Bachelors,13,Never-married,Sales,Own-child,White,Female,0,0,40,United-States,0
41,Private,271753,Bachelors,13,Married-civ-spouse,Farming-fishing,Husband,White,Male,0,0,40,United-States,0
27,Private,129624,Bachelors,13,Married-civ-spouse,Exec-managerial,Husband,White,Male,0,0,40,United-States,1
51,Federal-gov,314007,HS-grad,9,Divorced,Exec-managerial,Not-in-family,White,Female,0,0,40,United-States,0
26,State-gov,177035,11th,7,Divorced,Other-service,Unmarried,White,Female,0,0,40,United-States,0
30,Private,41493,Some-college,10,Divorced,Adm-clerical,Not-in-family,White,Female,0,0,35,Canada,0
34,Private,120959,Some-college,10,Divorced,Adm-clerical,Unmarried,White,Female,0,0,40,United-States,0
22,Private,227994,Some-college,10,Married-spouse-absent,Adm-clerical,Own-child,Asian-Pac-Islander,Female,0,0,39,United-States,0
33,State-gov,150570,HS-grad,9,Divorced,Adm-clerical,Not-in-family,White,Male,0,0,40,United-States,0
48,Private,146919,Some-college,10,Divorced,Adm-clerical,Unmarried,White,Female,0,0,45,United-States,0
50,Private,34233,HS-grad,9,Married-civ-spouse,Farming-fishing,Husband,White,Male,0,0,50,United-States,0
20,Private,406641,HS-grad,9,Never-married,Adm-clerical,Not-in-family,White,Female,0,0,30,United-States,0
90,Private,313749,Bachelors,13,Never-married,Prof-specialty,Own-child,White,Female,0,0,10,United-States,0
51,Private,138852,HS-grad,9,Married-civ-spouse,Tech-support,Husband,White,Male,0,0,40,United-States,0
18,Private,236272,HS-grad,9,Never-married,Adm-clerical,Own-child,White,Female,0,0,35,United-States,0
21,Private,161210,HS-grad,9,Married-civ-spouse,Machine-op-inspct,Husband,White,Male,0,0,50,United-States,0
35,Private,255702,HS-grad,9,Never-married,Other-service,Own-child,White,Female,0,0,27,United-States,0
39,Private,160623,Assoc-acdm,12,Never-married,Craft-repair,Own-child,White,Male,0,0,40,United-States,0
42,Self-emp-inc,184018,HS-grad,9,Divorced,Sales,Unmarried,White,Male,1151,0,50,United-States,0
32,Local-gov,296466,Masters,14,Never-married,Prof-specialty,Not-in-family,White,Male,0,0,60,United-States,0
40,Federal-gov,196456,Some-college,10,Never-married,Adm-clerical,Own-child,White,Female,0,0,40,United-States,0
36,Private,133655,HS-grad,9,Married-spouse-absent,Adm-clerical,Unmarried,White,Female,0,0,40,United-States,0
50,Local-gov,163921,7th-8th,4,Married-civ-spouse,Transport-moving,Husband,White,Male,0,0,40,United-States,0
59,Self-emp-not-inc,144071,5th-6th,3,Married-civ-spouse,Other-service,Husband,White,Male,2580,0,15,El-Salvador,0
58,Private,250206,10th,6,Married-civ-spouse,Craft-repair,Husband,White,Male,5178,0,40,United-States,1
31,Private,206609,10th,6,Married-civ-spouse,Machine-op-inspct,Husband,White,Male,0,0,40,United-States,0
20,Private,173736,9th,5,Never-married,Machine-op-inspct,Own-child,White,Male,0,0,40,United-States,0
38,Private,275338,Bachelors,13,Divorced,Sales,Unmarried,White,Female,1151,0,40,United-States,0
62,Self-emp-inc,197060,Assoc-voc,11,Married-civ-spouse,Exec-managerial,Husband,White,Male,0,0,50,United-States,0
25,Private,200318,HS-grad,9,Married-civ-spouse,Transport-moving,Husband,White,Male,0,0,60,United-States,0
62,Private,161460,Bachelors,13,Never-married,Farming-fishing,Not-in-family,White,Male,0,0,30,United-States,0
41,Private,197919,HS-grad,9,Married-civ-spouse,Adm-clerical,Wife,White,Female,0,0,60,United-States,0
61,State-gov,151459,10th,6,Never-married,Other-service,Not-in-family,Black,Female,0,0,38,United-States,0
32,Private,157747,Some-college,10,Married-civ-spouse,Tech-support,Husband,White,Male,0,0,45,United-States,0
19,Local-gov,53220,HS-grad,9,Never-married,Adm-clerical,Own-child,Black,Female,0,0,40,United-States,0
54,Self-emp-not-inc,83311,Prof-school,15,Married-civ-spouse,Prof-specialty,Husband,White,Male,0,0,30,United-States,1
47,Private,345493,Prof-school,15,Married-civ-spouse,Prof-specialty,Husband,Asian-Pac-Islander,Male,99999,0,55,Taiwan,1
47,Private,162494,Some-college,10,Divorced,Sales,Unmarried,White,Female,0,0,45,United-States,1
36,Private,230329,Bachelors,13,Married-civ-spouse,Exec-managerial,Husband,White,Male,0,0,50,United-States,1
35,Private,66297,Bachelors,13,Never-married,Prof-specialty,Not-in-family,Asian-Pac-Islander,Female,0,0,40,Philippines,1
53,Private,169846,HS-grad,9,Married-civ-spouse,Adm-clerical,Wife,White,Female,0,0,40,United-States,1
32,Private,257068,Some-college,10,Married-spouse-absent,Transport-moving,Not-in-family,White,Female,0,0,37,United-States,0
30,Private,173005,Some-college,10,Married-civ-spouse,Tech-support,Husband,White,Male,0,0,50,United-States,1
27,Local-gov,332249,HS-grad,9,Never-married,Farming-fishing,Own-child,White,Male,0,0,40,United-States,0
52,Private,170562,12th,8,Married-civ-spouse,Craft-repair,Husband,White,Male,0,0,40,United-States,0
27,Self-emp-not-inc,131298,10th,6,Married-civ-spouse,Craft-repair,Husband,White,Male,0,0,48,United-States,0
31,Private,377850,HS-grad,9,Married-civ-spouse,Craft-repair,Husband,White,Male,0,0,65,United-States,0
45,State-gov,127089,Masters,14,Divorced,Exec-managerial,Not-in-family,White,Male,0,0,45,United-States,0
23,Private,376416,Bachelors,13,Never-married,Adm-clerical,Not-in-family,White,Male,0,0,40,United-States,0
58,Private,102509,10th,6,Divorced,Transport-moving,Not-in-family,Black,Male,0,0,50,United-States,0
37,Private,172722,Some-college,10,Married-civ-spouse,Craft-repair,Husband,White,Male,0,0,40,United-States,0
22,Private,347867,HS-grad,9,Married-spouse-absent,Sales,Not-in-family,White,Male,0,1719,40,United-States,0
28,Private,173110,HS-grad,9,Never-married,Exec-managerial,Not-in-family,White,Female,0,0,40,United-States,0
24,Private,379066,Some-college,10,Never-married,Adm-clerical,Not-in-family,White,Male,0,2205,24,United-States,0
29,Private,31360,Some-college,10,Never-married,Farming-fishing,Own-child,White,Male,0,0,40,United-States,0
30,Private,381153,Some-college,10,Married-civ-spouse,Craft-repair,Husband,White,Male,0,0,40,United-States,0
37,Private,119098,Bachelors,13,Married-civ-spouse,Prof-specialty,Husband,White,Male,0,0,50,United-States,1
19,Private,188669,Some-college,10,Never-married,Sales,Own-child,White,Female,0,0,25,United-States,0
58,Private,322691,Bachelors,13,Married-civ-spouse,Machine-op-inspct,Husband,White,Male,0,0,40,United-States,1
28,Private,215014,HS-grad,9,Married-civ-spouse,Transport-moving,Husband,White,Male,0,0,50,United-States,0
79,Private,333230,HS-grad,9,Married-spouse-absent,Prof-specialty,Not-in-family,White,Male,0,0,6,United-States,0
37,Private,206699,HS-grad,9,Divorced,Tech-support,Own-child,White,Male,0,0,45,United-States,0
20,Private,186830,HS-grad,9,Never-married,Transport-moving,Other-relative,Black,Male,0,0,45,United-States,0
47,Self-emp-not-inc,102583,Bachelors,13,Never-married,Sales,Not-in-family,White,Male,0,0,35,United-States,0
29,Self-emp-inc,206903,Prof-school,15,Married-civ-spouse,Prof-specialty,Husband,White,Male,0,0,55,United-States,1
22,Private,333158,HS-grad,9,Never-married,Machine-op-inspct,Not-in-family,White,Female,0,0,48,United-States,0
32,Private,235124,Assoc-voc,11,Divorced,Prof-specialty,Not-in-family,White,Male,0,0,40,United-States,0
53,Private,117058,HS-grad,9,Divorced,Other-service,Unmarried,White,Female,0,0,40,United-States,0
53,Private,233780,Assoc-voc,11,Divorced,Adm-clerical,Not-in-family,Black,Female,2202,0,40,United-States,0
57,Private,205708,Some-college,10,Married-civ-spouse,Craft-repair,Husband,White,Male,0,0,40,Poland,0
55,Self-emp-not-inc,193374,HS-grad,9,Divorced,Craft-repair,Not-in-family,White,Male,0,0,40,United-States,0
52,Private,78012,HS-grad,9,Widowed,Sales,Unmarried,White,Female,0,1762,40,United-States,0
42,Self-emp-not-inc,201908,Prof-school,15,Married-civ-spouse,Prof-specialty,Husband,White,Male,99999,0,50,United-States,1
60,Self-emp-inc,189098,HS-grad,9,Married-civ-spouse,Other-service,Husband,White,Male,0,0,40,United-States,0
42,Private,349884,10th,6,Married-civ-spouse,Craft-repair,Husband,White,Male,0,0,35,United-States,0
43,Private,255635,5th-6th,3,Married-civ-spouse,Machine-op-inspct,Husband,Other,Male,0,0,40,Mexico,0
37,Federal-gov,45937,Assoc-acdm,12,Married-civ-spouse,Exec-managerial,Wife,White,Female,0,0,40,United-States,1
30,Private,174704,11th,7,Married-civ-spouse,Machine-op-inspct,Husband,Black,Male,0,0,40,United-States,0
46,Self-emp-inc,125892,Masters,14,Married-civ-spouse,Sales,Husband,White,Male,0,0,50,United-States,1
43,Private,111895,Bachelors,13,Married-civ-spouse,Prof-specialty,Husband,White,Male,0,0,50,United-States,1
23,Private,178207,Some-college,10,Never-married,Handlers-cleaners,Unmarried,Amer-Indian-Eskimo,Female,0,0,35,United-States,0
47,Private,39530,HS-grad,9,Divorced,Other-service,Not-in-family,White,Female,0,0,4,United-States,0
43,State-gov,310969,Prof-school,15,Married-civ-spouse,Prof-specialty,Husband,Black,Male,0,0,40,United-States,0
66,Private,217198,HS-grad,9,Married-civ-spouse,Handlers-cleaners,Husband,White,Male,0,0,10,United-States,0
27,Private,192283,Assoc-voc,11,Never-married,Handlers-cleaners,Own-child,White,Female,0,0,38,United-States,0
23,Private,249277,HS-grad,9,Never-married,Exec-managerial,Own-child,Black,Male,0,0,75,United-States,0
19,Private,283945,10th,6,Never-married,Handlers-cleaners,Other-relative,White,Male,0,1602,45,United-States,0
47,Federal-gov,220269,Some-college,10,Married-civ-spouse,Handlers-cleaners,Husband,White,Male,0,0,40,United-States,1
19,Private,292590,Some-college,10,Never-married,Other-service,Own-child,White,Female,0,0,20,United-States,0
58,Private,366324,Some-college,10,Married-civ-spouse,Other-service,Wife,White,Female,0,0,30,United-States,0
25,Private,198986,Bachelors,13,Never-married,Adm-clerical,Not-in-family,White,Male,0,0,40,United-States,1
19,Private,164585,HS-grad,9,Never-married,Machine-op-inspct,Own-child,White,Female,0,0,40,United-States,0
49,Private,218676,Some-college,10,Married-civ-spouse,Machine-op-inspct,Husband,White,Male,0,0,43,United-States,0
47,Private,121124,9th,5,Married-civ-spouse,Machine-op-inspct,Husband,White,Male,0,0,40,United-States,0
46,Private,157991,Assoc-voc,11,Divorced,Tech-support,Unmarried,Black,Female,0,625,40,United-States,0
57,Private,329792,7th-8th,4,Divorced,Transport-moving,Unmarried,White,Male,0,0,75,United-States,0
38,Private,296317,HS-grad,9,Married-civ-spouse,Machine-op-inspct,Husband,White,Male,0,0,40,Mexico,0
54,Private,346014,Some-college,10,Married-civ-spouse,Craft-repair,Wife,White,Female,0,0,40,United-States,0
41,Self-emp-inc,94113,Prof-school,15,Married-civ-spouse,Prof-specialty,Husband,White,Male,0,0,60,United-States,1
26,Private,304283,HS-grad,9,Married-civ-spouse,Machine-op-inspct,Husband,White,Male,0,0,40,United-States,0
41,Private,359696,Bachelors,13,Married-civ-spouse,Protective-serv,Husband,White,Male,15024,0,60,United-States,1
45,Private,166107,Masters,14,Never-married,Adm-clerical,Not-in-family,Asian-Pac-Islander,Female,0,0,40,Philippines,0
38,Private,40955,Bachelors,13,Married-civ-spouse,Prof-specialty,Husband,White,Male,0,0,40,England,1
46,State-gov,273771,HS-grad,9,Married-civ-spouse,Tech-support,Husband,White,Male,0,0,40,United-States,0
33,Local-gov,246291,Bachelors,13,Never-married,Prof-specialty,Not-in-family,White,Female,0,0,46,United-States,0
19,Private,235849,HS-grad,9,Never-married,Transport-moving,Own-child,White,Male,0,0,35,United-States,0
36,Private,79649,Some-college,10,Married-civ-spouse,Sales,Husband,White,Male,0,0,40,United-States,0
28,Private,177955,11th,7,Married-civ-spouse,Adm-clerical,Wife,White,Female,0,0,40,Mexico,0
31,Private,219509,HS-grad,9,Married-civ-spouse,Other-service,Husband,White,Male,0,0,40,Mexico,1
47,Private,34845,HS-grad,9,Married-civ-spouse,Transport-moving,Husband,White,Male,0,0,60,United-States,0
60,Self-emp-not-inc,143932,Masters,14,Married-civ-spouse,Exec-managerial,Husband,White,Male,0,0,40,United-States,0
48,Self-emp-inc,213140,Some-college,10,Married-civ-spouse,Exec-managerial,Husband,White,Male,0,0,40,United-States,1
51,Local-gov,88120,HS-grad,9,Never-married,Other-service,Not-in-family,Black,Male,0,0,40,United-States,0
56,Private,155657,7th-8th,4,Divorced,Machine-op-inspct,Not-in-family,White,Female,0,0,20,Yugoslavia,0
42,Private,173628,Bachelors,13,Married-civ-spouse,Exec-managerial,Husband,White,Male,0,0,40,United-States,1
24,Local-gov,317443,Bachelors,13,Married-civ-spouse,Prof-specialty,Wife,Black,Female,0,0,40,United-States,0
35,Private,255191,Bachelors,13,Married-civ-spouse,Prof-specialty,Husband,White,Male,0,0,45,United-States,1
63,Private,133144,HS-grad,9,Married-civ-spouse,Other-service,Husband,White,Male,2580,0,20,United-States,0
32,Private,175856,Bachelors,13,Married-civ-spouse,Tech-support,Husband,White,Male,0,1902,40,United-States,1
27,Private,214858,HS-grad,9,Married-civ-spouse,Other-service,Own-child,White,Male,0,0,40,United-States,0
60,Self-emp-not-inc,235535,HS-grad,9,Married-civ-spouse,Exec-managerial,Husband,White,Male,0,0,48,United-States,0
35,Private,117381,Bachelors,13,Never-married,Exec-managerial,Not-in-family,White,Male,8614,0,45,United-States,1
51,Private,280278,10th,6,Separated,Adm-clerical,Unmarried,Black,Female,0,0,40,United-States,0
45,Self-emp-not-inc,43434,Bachelors,13,Never-married,Exec-managerial,Not-in-family,White,Female,0,0,40,United-States,0
20,Private,86143,Some-college,10,Never-married,Other-service,Other-relative,Asian-Pac-Islander,Male,0,0,30,United-States,0
26,Private,104045,HS-grad,9,Never-married,Other-service,Own-child,White,Female,0,0,30,United-States,0
22,Private,234731,HS-grad,9,Divorced,Handlers-cleaners,Own-child,White,Male,0,0,40,United-States,0
42,Private,175515,HS-grad,9,Married-civ-spouse,Craft-repair,Husband,White,Male,0,0,40,United-States,0
40,Private,272343,HS-grad,9,Married-civ-spouse,Adm-clerical,Wife,White,Female,0,0,40,United-States,1
51,Self-emp-not-inc,165001,Masters,14,Divorced,Exec-managerial,Unmarried,White,Male,25236,0,50,United-States,1
17,Private,198830,11th,7,Never-married,Adm-clerical,Other-relative,White,Female,0,0,10,United-States,0
42,Self-emp-not-inc,27821,Assoc-voc,11,Married-civ-spouse,Exec-managerial,Husband,White,Male,0,0,60,United-States,0
33,Private,204042,Some-college,10,Never-married,Transport-moving,Not-in-family,White,Male,0,0,55,United-States,0
42,Private,266084,Some-college,10,Married-civ-spouse,Craft-repair,Husband,White,Male,7298,0,45,United-States,1
27,Self-emp-inc,243871,Some-college,10,Never-married,Adm-clerical,Own-child,White,Female,0,0,45,United-States,0
66,Private,142624,Assoc-acdm,12,Married-civ-spouse,Machine-op-inspct,Husband,White,Male,5556,0,40,Yugoslavia,1
47,Private,227310,Some-college,10,Divorced,Adm-clerical,Unmarried,Black,Female,0,0,40,United-States,0
49,Private,31264,HS-grad,9,Divorced,Adm-clerical,Not-in-family,White,Female,0,0,35,United-States,0
31,Private,117507,HS-grad,9,Never-married,Craft-repair,Not-in-family,White,Male,0,0,45,United-States,0
48,Private,234504,HS-grad,9,Married-civ-spouse,Exec-managerial,Husband,White,Male,0,0,50,United-States,0
32,State-gov,206051,Some-college,10,Married-spouse-absent,Farming-fishing,Own-child,White,Male,0,0,50,United-States,0
52,Private,183618,HS-grad,9,Married-civ-spouse,Handlers-cleaners,Husband,White,Male,0,0,40,United-States,0
44,Federal-gov,243636,Assoc-voc,11,Married-civ-spouse,Craft-repair,Husband,White,Male,0,0,40,United-States,1
20,Private,352139,Some-college,10,Divorced,Other-service,Own-child,White,Female,0,0,29,United-States,0
46,State-gov,192323,HS-grad,9,Divorced,Exec-managerial,Not-in-family,White,Male,0,0,40,United-States,0
36,Private,98389,Assoc-acdm,12,Married-civ-spouse,Exec-managerial,Husband,White,Male,0,0,44,United-States,1
24,Private,283092,HS-grad,9,Never-married,Adm-clerical,Other-relative,Black,Male,0,0,40,Jamaica,0
50,Private,196975,HS-grad,9,Married-civ-spouse,Craft-repair,Husband,White,Male,0,0,40,United-States,1
64,Local-gov,190660,HS-grad,9,Divorced,Craft-repair,Not-in-family,White,Male,0,0,40,United-States,1
26,Private,167761,Bachelors,13,Married-civ-spouse,Prof-specialty,Husband,White,Male,0,0,50,United-States,1
43,Private,300528,Some-college,10,Married-civ-spouse,Transport-moving,Husband,White,Male,0,0,40,United-States,0
40,State-gov,188693,Masters,14,Married-civ-spouse,Prof-specialty,Husband,White,Male,0,0,35,United-States,1
51,Private,215647,HS-grad,9,Divorced,Prof-specialty,Not-in-family,White,Female,0,0,43,United-States,0
46,Private,194698,Bachelors,13,Never-married,Prof-specialty,Own-child,White,Male,0,0,60,United-States,0
48,Private,101299,HS-grad,9,Married-civ-spouse,Craft-repair,Husband,White,Male,0,0,40,United-States,1
30,Private,236599,HS-grad,9,Married-civ-spouse,Exec-managerial,Husband,White,Male,0,0,50,United-States,0
42,Private,195096,HS-grad,9,Married-civ-spouse,Sales,Husband,White,Male,4064,0,40,United-States,0
67,Self-emp-not-inc,105907,1st-4th,2,Widowed,Other-service,Not-in-family,Black,Female,0,0,20,United-States,0
25,Private,109872,HS-grad,9,Married-civ-spouse,Machine-op-inspct,Husband,White,Male,0,0,45,United-States,0
41,Self-emp-inc,423217,Bachelors,13,Divorced,Exec-managerial,Not-in-family,White,Male,0,0,50,United-States,0
46,Private,251243,Some-college,10,Divorced,Exec-managerial,Not-in-family,White,Female,0,0,40,United-States,0
40,Private,96509,Some-college,10,Married-civ-spouse,Prof-specialty,Husband,Amer-Indian-Eskimo,Male,0,0,40,United-States,1
31,Private,173350,HS-grad,9,Never-married,Other-service,Not-in-family,White,Female,0,0,30,United-States,0
31,Private,83446,HS-grad,9,Widowed,Craft-repair,Unmarried,White,Female,0,0,40,United-States,0
20,Private,470875,HS-grad,9,Married-civ-spouse,Sales,Own-child,Black,Male,0,0,32,United-States,0
22,Private,332194,Some-college,10,Never-married,Other-service,Own-child,Black,Male,0,0,40,United-States,0
43,Private,199191,Some-college,10,Never-married,Adm-clerical,Not-in-family,White,Female,0,0,50,United-States,0
32,Private,81528,HS-grad,9,Never-married,Handlers-cleaners,Other-relative,White,Male,0,0,60,United-States,0
22,Self-emp-not-inc,123440,Some-college,10,Never-married,Craft-repair,Not-in-family,White,Male,0,0,48,United-States,0
38,Private,245372,Bachelors,13,Married-civ-spouse,Prof-specialty,Husband,White,Male,7688,0,45,United-States,1
31,Federal-gov,168312,Assoc-voc,11,Never-married,Exec-managerial,Not-in-family,White,Female,0,0,40,United-States,0
28,Private,198813,HS-grad,9,Never-married,Handlers-cleaners,Own-child,Black,Female,0,0,40,United-States,0
18,Private,126021,HS-grad,9,Never-married,Craft-repair,Own-child,White,Female,0,0,20,United-States,0
28,Private,264498,Bachelors,13,Never-married,Prof-specialty,Not-in-family,White,Female,0,0,40,United-States,0
40,Private,43711,HS-grad,9,Never-married,Machine-op-inspct,Not-in-family,White,Male,0,0,45,United-States,0
42,Private,33002,HS-grad,9,Married-civ-spouse,Exec-managerial,Husband,White,Male,0,0,48,United-States,0
51,Private,163921,Bachelors,13,Married-civ-spouse,Transport-moving,Husband,White,Male,0,0,56,United-States,1
51,Local-gov,152754,Bachelors,13,Married-civ-spouse,Adm-clerical,Husband,White,Male,0,0,40,United-States,1
39,Private,165743,Some-college,10,Married-civ-spouse,Craft-repair,Husband,White,Male,0,0,45,United-States,1
22,Private,203182,Bachelors,13,Never-married,Exec-managerial,Unmarried,White,Female,0,0,30,United-States,0
30,Private,53285,HS-grad,9,Married-civ-spouse,Sales,Husband,White,Male,0,0,52,United-States,1
45,Private,160647,Bachelors,13,Divorced,Adm-clerical,Unmarried,White,Female,4687,0,35,United-States,1
42,Private,336891,Some-college,10,Divorced,Adm-clerical,Not-in-family,Black,Female,0,0,40,United-States,0
40,Federal-gov,189610,HS-grad,9,Divorced,Adm-clerical,Not-in-family,Black,Female,0,0,52,United-States,0
42,Private,154374,Bachelors,13,Married-civ-spouse,Sales,Husband,White,Male,0,0,40,United-States,1
30,Private,151001,5th-6th,3,Married-civ-spouse,Machine-op-inspct,Husband,White,Male,3464,0,40,Mexico,0
27,Private,31757,Assoc-voc,11,Never-married,Craft-repair,Own-child,White,Male,0,0,38,United-States,0
29,Private,244395,11th,7,Never-married,Other-service,Unmarried,Black,Female,0,0,40,United-States,0
53,Self-emp-not-inc,240138,HS-grad,9,Married-civ-spouse,Craft-repair,Husband,White,Male,0,0,60,United-States,0
30,Private,213722,Some-college,10,Never-married,Sales,Not-in-family,White,Male,0,0,50,United-States,1
32,Self-emp-not-inc,170108,HS-grad,9,Separated,Sales,Not-in-family,White,Male,0,0,50,United-States,0
25,Private,224943,Some-college,10,Married-spouse-absent,Prof-specialty,Unmarried,Black,Male,0,0,40,United-States,0
48,Self-emp-inc,136878,HS-grad,9,Married-civ-spouse,Craft-repair,Husband,White,Male,0,0,60,United-States,1
27,Private,134048,11th,7,Never-married,Craft-repair,Not-in-family,White,Male,0,0,45,United-States,0
50,Local-gov,36489,10th,6,Never-married,Other-service,Not-in-family,White,Male,0,0,40,United-States,0
26,Private,67240,HS-grad,9,Married-civ-spouse,Craft-repair,Husband,White,Male,0,0,40,United-States,0
44,State-gov,87282,Bachelors,13,Never-married,Prof-specialty,Not-in-family,Asian-Pac-Islander,Female,0,0,38,United-States,0
31,Private,133770,Assoc-acdm,12,Married-civ-spouse,Craft-repair,Not-in-family,Asian-Pac-Islander,Male,0,0,50,United-States,1
44,Private,111067,Some-college,10,Married-civ-spouse,Craft-repair,Husband,White,Male,0,0,40,United-States,0
45,Private,249935,Bachelors,13,Married-civ-spouse,Farming-fishing,Husband,White,Male,0,0,60,United-States,0
23,Private,145651,Some-college,10,Never-married,Sales,Own-child,Black,Female,0,0,20,United-States,0
42,State-gov,345969,Bachelors,13,Married-civ-spouse,Exec-managerial,Husband,White,Male,0,0,48,United-States,1
51,Federal-gov,237819,Bachelors,13,Married-civ-spouse,Prof-specialty,Husband,White,Male,0,0,50,United-States,1
57,Private,278228,Bachelors,13,Married-civ-spouse,Exec-managerial,Husband,White,Male,0,0,50,United-States,1
27,Private,37250,Some-college,10,Married-civ-spouse,Machine-op-inspct,Husband,White,Male,0,1651,40,United-States,0
29,Federal-gov,184723,Some-college,10,Never-married,Other-service,Not-in-family,White,Female,0,0,40,United-States,1
40,Private,111483,Masters,14,Married-civ-spouse,Exec-managerial,Husband,White,Male,0,0,50,United-States,1
31,Self-emp-inc,117963,Doctorate,16,Never-married,Prof-specialty,Own-child,White,Male,0,0,40,United-States,0
56,Private,179625,10th,6,Separated,Other-service,Unmarried,White,Female,0,0,32,United-States,0
19,Private,129151,HS-grad,9,Never-married,Craft-repair,Not-in-family,White,Female,0,0,40,United-States,0
32,Private,496743,Bachelors,13,Never-married,Prof-specialty,Own-child,White,Male,0,0,40,United-States,0
58,Private,142076,HS-grad,9,Divorced,Tech-support,Not-in-family,White,Male,4787,0,39,United-States,1
36,Private,348960,HS-grad,9,Never-married,Tech-support,Not-in-family,White,Male,0,0,50,United-States,0
27,Private,164607,Bachelors,13,Separated,Tech-support,Own-child,White,Male,0,0,50,United-States,0
20,Private,147171,Some-college,10,Never-married,Adm-clerical,Unmarried,Asian-Pac-Islander,Female,0,0,40,Vietnam,0
42,Private,115178,Bachelors,13,Divorced,Prof-specialty,Unmarried,White,Female,0,0,15,United-States,0
36,Private,169037,HS-grad,9,Never-married,Adm-clerical,Not-in-family,White,Female,0,0,40,United-States,0
19,Private,197384,Some-college,10,Never-married,Other-service,Own-child,White,Female,0,0,10,United-States,0
62,Without-pay,170114,Assoc-acdm,12,Married-civ-spouse,Farming-fishing,Husband,White,Male,0,0,50,United-States,0
46,Self-emp-not-inc,176319,HS-grad,9,Married-civ-spouse,Sales,Own-child,White,Female,7298,0,40,United-States,1
38,Private,143123,Bachelors,13,Married-civ-spouse,Exec-managerial,Husband,White,Male,0,0,40,United-States,1
35,Private,282951,Bachelors,13,Married-civ-spouse,Exec-managerial,Husband,White,Male,0,0,70,United-States,0
31,Federal-gov,34862,Assoc-acdm,12,Married-civ-spouse,Sales,Husband,Asian-Pac-Islander,Male,0,0,40,United-States,0
39,Private,167728,Bachelors,13,Married-civ-spouse,Exec-managerial,Husband,White,Male,0,0,40,United-States,1
48,Local-gov,334409,Bachelors,13,Married-civ-spouse,Prof-specialty,Wife,White,Female,0,0,50,United-States,1
50,Private,187830,Masters,14,Divorced,Exec-managerial,Not-in-family,White,Male,0,0,62,United-States,1
42,Private,134509,Some-college,10,Never-married,Transport-moving,Unmarried,Black,Female,0,0,40,United-States,0
59,Private,374924,HS-grad,9,Separated,Sales,Unmarried,Black,Female,0,0,40,United-States,0
23,Local-gov,324960,HS-grad,9,Never-married,Farming-fishing,Not-in-family,White,Male,0,0,40,Poland,0
32,Self-emp-not-inc,34572,HS-grad,9,Divorced,Farming-fishing,Not-in-family,White,Male,0,0,65,United-States,0
43,Private,393354,Some-college,10,Married-civ-spouse,Adm-clerical,Wife,Black,Female,0,0,38,United-States,1
34,Local-gov,213722,HS-grad,9,Married-civ-spouse,Protective-serv,Husband,White,Male,0,0,57,United-States,1
90,Private,313986,11th,7,Married-civ-spouse,Craft-repair,Husband,White,Male,0,0,40,United-States,0
35,Private,216711,HS-grad,9,Married-civ-spouse,Craft-repair,Husband,White,Male,0,0,40,United-States,1
37,Self-emp-not-inc,255454,Some-college,10,Never-married,Prof-specialty,Not-in-family,Black,Male,0,0,40,United-States,0
28,Private,139903,Bachelors,13,Never-married,Machine-op-inspct,Unmarried,Black,Female,0,0,40,United-States,0
26,Private,182308,Some-college,10,Married-civ-spouse,Prof-specialty,Husband,White,Male,0,0,40,United-States,0
61,Private,355645,9th,5,Married-civ-spouse,Machine-op-inspct,Husband,Black,Male,0,0,20,Trinadad&Tobago,0
36,Private,115834,Assoc-voc,11,Married-civ-spouse,Exec-managerial,Wife,White,Female,7298,0,55,United-States,1
23,Local-gov,210781,Bachelors,13,Never-married,Prof-specialty,Own-child,White,Female,0,0,15,United-States,0
44,Private,242521,Bachelors,13,Married-civ-spouse,Sales,Husband,White,Male,7688,0,50,United-States,1
29,Private,103111,HS-grad,9,Never-married,Other-service,Own-child,White,Male,0,0,30,Canada,0
34,Private,192002,Masters,14,Married-civ-spouse,Prof-specialty,Husband,White,Male,0,0,55,United-States,1
58,Private,220789,Bachelors,13,Divorced,Transport-moving,Not-in-family,White,Male,0,0,45,United-States,0
22,State-gov,157541,Some-college,10,Never-married,Prof-specialty,Not-in-family,White,Male,0,0,10,United-States,0
33,Private,424719,Bachelors,13,Divorced,Exec-managerial,Not-in-family,White,Female,0,0,40,United-States,0
49,Private,233639,11th,7,Married-civ-spouse,Other-service,Husband,White,Male,0,0,50,United-States,0
24,Private,214542,11th,7,Never-married,Transport-moving,Own-child,White,Male,0,0,40,United-States,0
20,Private,369677,10th,6,Separated,Sales,Not-in-family,White,Female,0,0,36,United-States,0
50,Private,226735,Some-college,10,Married-civ-spouse,Protective-serv,Husband,Black,Male,0,0,70,United-States,1
28,Private,198258,Assoc-voc,11,Married-civ-spouse,Sales,Husband,White,Male,0,0,40,United-States,0
36,Private,166416,HS-grad,9,Married-civ-spouse,Handlers-cleaners,Husband,White,Male,0,0,40,United-States,0
38,Private,49020,HS-grad,9,Married-civ-spouse,Craft-repair,Husband,White,Male,0,0,40,United-States,0
35,Private,243409,Some-college,10,Married-civ-spouse,Transport-moving,Husband,White,Male,0,0,40,Germany,0
25,Private,121712,Bachelors,13,Divorced,Craft-repair,Not-in-family,White,Male,0,0,40,United-States,0
25,Private,122756,11th,7,Separated,Machine-op-inspct,Not-in-family,Black,Male,0,0,35,United-States,0
23,Private,278391,HS-grad,9,Never-married,Transport-moving,Own-child,White,Male,0,0,40,United-States,0
41,Private,45366,HS-grad,9,Married-civ-spouse,Craft-repair,Husband,White,Male,0,0,72,United-States,1
41,Private,243607,5th-6th,3,Married-civ-spouse,Adm-clerical,Husband,White,Male,0,0,40,Mexico,0
20,Private,209131,Some-college,10,Never-married,Machine-op-inspct,Own-child,White,Male,0,0,40,United-States,0
25,Self-emp-inc,98756,Some-college,10,Divorced,Adm-clerical,Own-child,White,Female,0,0,50,United-States,0
56,Self-emp-not-inc,39380,Some-college,10,Married-spouse-absent,Farming-fishing,Not-in-family,White,Female,27828,0,20,United-States,1
18,Private,36251,10th,6,Never-married,Other-service,Own-child,White,Female,0,0,15,United-States,0
62,Private,109463,Some-college,10,Separated,Sales,Unmarried,White,Female,0,1617,33,United-States,0
46,Federal-gov,371373,HS-grad,9,Divorced,Adm-clerical,Not-in-family,White,Male,0,0,40,United-States,0
30,Private,66194,Bachelors,13,Never-married,Prof-specialty,Not-in-family,White,Female,0,0,60,Outlying-US(Guam-USVI-etc),0
22,Private,169188,HS-grad,9,Never-married,Exec-managerial,Own-child,White,Female,0,0,20,United-States,0
24,Private,188925,Assoc-voc,11,Married-civ-spouse,Machine-op-inspct,Husband,White,Male,0,0,40,United-States,0
20,Private,213719,HS-grad,9,Never-married,Sales,Own-child,Black,Female,0,0,20,United-States,0
45,Private,109434,Bachelors,13,Married-civ-spouse,Prof-specialty,Husband,White,Male,0,0,55,United-States,0
60,State-gov,194252,Masters,14,Married-civ-spouse,Exec-managerial,Wife,White,Female,3103,0,40,United-States,1
48,Private,287480,Masters,14,Married-civ-spouse,Tech-support,Husband,White,Male,0,0,40,United-States,1
27,State-gov,192355,Bachelors,13,Never-married,Prof-specialty,Not-in-family,White,Male,0,0,50,United-States,0
31,Private,39054,HS-grad,9,Married-civ-spouse,Craft-repair,Husband,White,Male,0,0,20,United-States,0
18,Private,160984,11th,7,Never-married,Other-service,Own-child,White,Female,0,0,15,United-States,0
62,Private,97017,Some-college,10,Married-civ-spouse,Craft-repair,Husband,White,Male,0,0,45,United-States,0
62,Private,96099,HS-grad,9,Never-married,Craft-repair,Not-in-family,White,Male,0,0,40,United-States,0
36,Private,316298,Bachelors,13,Never-married,Tech-support,Own-child,White,Male,0,0,40,United-States,0
29,Private,250967,Assoc-voc,11,Married-civ-spouse,Machine-op-inspct,Husband,White,Male,0,0,40,United-States,0
25,State-gov,257064,Some-college,10,Married-civ-spouse,Adm-clerical,Husband,Black,Male,0,0,38,United-States,0
20,Private,186849,HS-grad,9,Never-married,Transport-moving,Other-relative,White,Male,0,0,40,United-States,0
20,Private,118462,HS-grad,9,Never-married,Handlers-cleaners,Own-child,White,Male,0,0,43,United-States,0
53,Private,72257,Some-college,10,Married-civ-spouse,Exec-managerial,Husband,White,Male,0,0,55,United-States,0
26,Self-emp-not-inc,118523,HS-grad,9,Married-civ-spouse,Adm-clerical,Husband,White,Male,0,0,40,United-States,0
20,Private,147344,Some-college,10,Never-married,Handlers-cleaners,Own-child,White,Male,0,0,20,United-States,0
37,Private,140713,Some-college,10,Married-civ-spouse,Adm-clerical,Husband,Black,Male,0,0,40,Jamaica,1
49,Private,110243,Bachelors,13,Married-civ-spouse,Exec-managerial,Husband,White,Male,0,0,45,United-States,1
33,Private,124827,HS-grad,9,Married-civ-spouse,Transport-moving,Husband,White,Male,0,0,40,United-States,0
26,Private,177147,HS-grad,9,Never-married,Handlers-cleaners,Own-child,White,Male,0,0,40,United-States,0
61,Private,149620,Some-college,10,Divorced,Other-service,Not-in-family,Black,Male,0,0,40,United-States,0
60,Private,320376,7th-8th,4,Married-civ-spouse,Machine-op-inspct,Wife,White,Female,0,0,40,United-States,0
74,Private,91488,1st-4th,2,Married-civ-spouse,Transport-moving,Husband,Black,Male,0,0,20,United-States,0
27,Private,501172,5th-6th,3,Married-civ-spouse,Transport-moving,Husband,White,Male,0,0,40,Mexico,0
27,Private,207352,Bachelors,13,Married-civ-spouse,Tech-support,Husband,Asian-Pac-Islander,Male,0,0,40,India,1
24,Private,34506,HS-grad,9,Never-married,Machine-op-inspct,Unmarried,White,Female,0,0,40,United-States,0
36,Private,218542,HS-grad,9,Separated,Adm-clerical,Unmarried,Black,Female,0,0,40,United-States,0
40,Private,141537,10th,6,Divorced,Machine-op-inspct,Not-in-family,Black,Female,0,0,40,United-States,0
20,Private,219122,Some-college,10,Never-married,Other-service,Not-in-family,White,Male,0,0,40,United-States,0
24,Private,211345,Some-college,10,Never-married,Other-service,Own-child,White,Female,0,0,40,Mexico,0
48,Private,115585,Bachelors,13,Married-civ-spouse,Sales,Husband,White,Male,0,0,40,United-States,0
50,Private,31014,HS-grad,9,Married-civ-spouse,Prof-specialty,Wife,White,Female,0,0,40,United-States,1
59,Private,32954,Assoc-voc,11,Divorced,Prof-specialty,Not-in-family,White,Female,0,0,36,United-States,0
44,Private,119281,Prof-school,15,Married-civ-spouse,Prof-specialty,Husband,White,Male,0,0,50,United-States,1
36,Private,66173,Assoc-acdm,12,Married-civ-spouse,Sales,Wife,White,Female,0,0,15,United-States,0
32,Self-emp-inc,161153,HS-grad,9,Married-civ-spouse,Farming-fishing,Husband,White,Male,0,1902,55,United-States,1
30,Private,81282,HS-grad,9,Never-married,Other-service,Unmarried,White,Female,0,0,40,United-States,0
51,Self-emp-inc,338260,Prof-school,15,Married-civ-spouse,Prof-specialty,Husband,White,Male,15024,0,60,United-States,1
65,Private,420277,Some-college,10,Married-civ-spouse,Protective-serv,Husband,White,Male,0,0,40,United-States,0
31,Private,59083,HS-grad,9,Married-civ-spouse,Adm-clerical,Husband,White,Male,0,0,40,United-States,0
32,Local-gov,223267,Masters,14,Married-civ-spouse,Prof-specialty,Husband,White,Male,0,0,48,United-States,0
36,Private,188563,Some-college,10,Married-civ-spouse,Sales,Husband,White,Male,5178,0,50,United-States,1
50,Private,177896,Doctorate,16,Married-civ-spouse,Prof-specialty,Husband,White,Male,0,0,40,United-States,1
38,Self-emp-not-inc,175732,HS-grad,9,Never-married,Craft-repair,Not-in-family,Amer-Indian-Eskimo,Male,0,0,15,United-States,0
21,Private,216181,Some-college,10,Never-married,Sales,Own-child,White,Male,0,0,35,United-States,0
44,Local-gov,177937,Doctorate,16,Married-civ-spouse,Prof-specialty,Husband,White,Male,0,0,36,United-States,1
20,Private,215495,9th,5,Never-married,Exec-managerial,Other-relative,White,Female,0,0,40,Mexico,0
47,Private,51835,Prof-school,15,Married-civ-spouse,Prof-specialty,Wife,White,Female,0,1902,60,Honduras,1
30,Private,121308,Some-college,10,Divorced,Sales,Own-child,White,Male,0,0,40,United-States,0
24,Private,213427,HS-grad,9,Never-married,Adm-clerical,Not-in-family,White,Male,0,0,40,United-States,0
52,Private,112959,Some-college,10,Widowed,Sales,Not-in-family,White,Female,0,0,40,United-States,0
42,Private,231813,11th,7,Married-civ-spouse,Transport-moving,Husband,White,Male,0,0,40,United-States,0
83,Self-emp-not-inc,213866,HS-grad,9,Widowed,Exec-managerial,Not-in-family,White,Male,0,0,8,United-States,0
36,Self-emp-inc,306156,Some-college,10,Married-civ-spouse,Sales,Husband,White,Male,15024,0,60,United-States,1
25,Private,252752,Some-college,10,Never-married,Transport-moving,Not-in-family,White,Female,0,0,45,United-States,0
46,Private,102597,Bachelors,13,Divorced,Prof-specialty,Unmarried,White,Female,0,0,40,United-States,0
23,Private,252153,Some-college,10,Never-married,Other-service,Not-in-family,White,Female,0,0,28,United-States,0
53,Self-emp-inc,134854,Assoc-voc,11,Married-civ-spouse,Exec-managerial,Husband,White,Male,0,0,40,Greece,1
26,Federal-gov,352768,HS-grad,9,Divorced,Adm-clerical,Own-child,White,Female,0,0,40,United-States,0
33,Private,309350,HS-grad,9,Married-civ-spouse,Adm-clerical,Husband,White,Male,0,0,40,United-States,0
36,Private,93225,11th,7,Married-civ-spouse,Machine-op-inspct,Husband,White,Male,0,0,40,United-States,0
34,Private,114639,Some-college,10,Never-married,Handlers-cleaners,Other-relative,White,Male,0,0,20,United-States,0
40,State-gov,151038,Bachelors,13,Divorced,Craft-repair,Not-in-family,White,Male,0,0,40,United-States,0
23,Private,190483,Bachelors,13,Never-married,Sales,Own-child,White,Female,0,0,20,United-States,0
26,Private,152855,HS-grad,9,Never-married,Exec-managerial,Own-child,Other,Female,0,0,40,Mexico,0
43,Private,328570,Some-college,10,Divorced,Machine-op-inspct,Unmarried,Black,Female,0,0,38,United-States,0
57,Private,249977,Assoc-voc,11,Married-civ-spouse,Prof-specialty,Husband,White,Male,0,0,40,United-States,0
17,Private,354201,HS-grad,9,Never-married,Other-service,Own-child,White,Male,0,0,40,United-States,0
36,Private,126675,Masters,14,Married-civ-spouse,Prof-specialty,Husband,White,Male,0,1977,50,United-States,1
49,State-gov,131302,Assoc-voc,11,Divorced,Adm-clerical,Not-in-family,Black,Female,0,0,44,United-States,0
61,Private,210488,HS-grad,9,Married-civ-spouse,Exec-managerial,Husband,White,Male,0,0,50,United-States,1
19,Private,316797,7th-8th,4,Married-civ-spouse,Handlers-cleaners,Own-child,White,Male,0,0,45,Mexico,0
27,Private,176514,Bachelors,13,Never-married,Adm-clerical,Not-in-family,White,Female,0,0,40,United-States,0
58,Private,430005,10th,6,Married-civ-spouse,Transport-moving,Husband,White,Male,0,0,50,United-States,1
60,Private,56248,Some-college,10,Married-civ-spouse,Sales,Husband,White,Male,0,0,40,United-States,0
45,Local-gov,168191,Bachelors,13,Married-civ-spouse,Craft-repair,Husband,White,Male,0,0,35,United-States,1
35,Private,168817,HS-grad,9,Never-married,Machine-op-inspct,Not-in-family,White,Male,0,0,40,United-States,0
68,Self-emp-not-inc,336329,HS-grad,9,Married-civ-spouse,Exec-managerial,Husband,White,Male,0,0,10,United-States,0
45,Private,30289,12th,8,Married-civ-spouse,Craft-repair,Husband,White,Male,0,0,40,United-States,0
39,Private,185520,Some-college,10,Divorced,Exec-managerial,Not-in-family,White,Female,8614,0,40,United-States,1
37,Private,125550,HS-grad,9,Never-married,Tech-support,Not-in-family,White,Female,14084,0,35,United-States,1
36,Private,220511,Some-college,10,Married-civ-spouse,Craft-repair,Husband,White,Male,0,0,40,United-States,0
28,Private,419146,7th-8th,4,Separated,Handlers-cleaners,Not-in-family,White,Male,0,0,40,Mexico,0
59,Self-emp-inc,31359,Masters,14,Married-civ-spouse,Exec-managerial,Husband,White,Male,15024,0,80,United-States,1
36,Private,198587,Bachelors,13,Divorced,Prof-specialty,Not-in-family,White,Male,0,0,40,United-States,0
65,Self-emp-not-inc,316093,Prof-school,15,Divorced,Prof-specialty,Not-in-family,White,Male,0,1668,40,United-States,0
48,Private,83444,HS-grad,9,Married-civ-spouse,Prof-specialty,Husband,White,Male,7298,0,40,United-States,1
28,Private,150296,Assoc-acdm,12,Never-married,Other-service,Not-in-family,White,Female,0,0,80,United-States,0
34,Private,212064,HS-grad,9,Separated,Adm-clerical,Unmarried,White,Female,7443,0,35,United-States,0
49,Private,180532,Masters,14,Married-spouse-absent,Prof-specialty,Not-in-family,White,Male,0,0,40,United-States,0
44,Private,226129,Assoc-voc,11,Married-civ-spouse,Prof-specialty,Husband,White,Male,0,0,50,United-States,1
44,Private,172032,HS-grad,9,Married-civ-spouse,Transport-moving,Husband,White,Male,0,0,40,United-States,0
56,Self-emp-not-inc,157486,10th,6,Divorced,Sales,Own-child,White,Male,0,0,40,United-States,0
26,Local-gov,159662,10th,6,Married-civ-spouse,Other-service,Husband,White,Male,0,0,40,United-States,0
48,Private,194772,Assoc-acdm,12,Married-civ-spouse,Sales,Husband,White,Male,0,1902,40,United-States,1
35,Private,276552,HS-grad,9,Divorced,Craft-repair,Not-in-family,White,Male,0,0,40,United-States,0
20,Private,24896,HS-grad,9,Married-civ-spouse,Adm-clerical,Wife,White,Female,0,0,20,United-States,0
24,Private,243368,Preschool,1,Never-married,Farming-fishing,Not-in-family,White,Male,0,0,36,Mexico,0
64,Self-emp-not-inc,159938,HS-grad,9,Married-civ-spouse,Craft-repair,Husband,White,Male,2635,0,24,Italy,0
39,Private,108140,Assoc-voc,11,Married-civ-spouse,Craft-repair,Husband,White,Male,0,0,40,United-States,0
60,State-gov,69251,Masters,14,Married-civ-spouse,Prof-specialty,Husband,Asian-Pac-Islander,Male,0,0,38,China,1
55,Private,101524,Bachelors,13,Married-civ-spouse,Sales,Husband,White,Male,0,0,40,United-States,1
57,Self-emp-not-inc,138892,11th,7,Married-civ-spouse,Sales,Husband,White,Male,0,0,15,United-States,0
33,Private,164190,Assoc-voc,11,Married-civ-spouse,Craft-repair,Husband,White,Male,7298,0,40,United-States,1
36,Self-emp-not-inc,35945,7th-8th,4,Married-civ-spouse,Machine-op-inspct,Husband,White,Male,7298,0,45,United-States,1
27,Private,132686,12th,8,Never-married,Machine-op-inspct,Own-child,White,Male,0,0,50,United-States,0
51,Private,197656,Some-college,10,Married-civ-spouse,Exec-managerial,Husband,White,Male,0,0,45,United-States,1
70,Self-emp-inc,207938,Bachelors,13,Married-civ-spouse,Exec-managerial,Husband,White,Male,0,2377,50,United-States,1
39,Private,211440,Bachelors,13,Married-civ-spouse,Sales,Husband,White,Male,0,0,50,United-States,1
39,Private,348960,HS-grad,9,Married-civ-spouse,Handlers-cleaners,Husband,White,Male,0,0,40,United-States,0
20,Private,132320,Some-college,10,Separated,Craft-repair,Not-in-family,White,Male,0,0,40,United-States,0
64,Self-emp-inc,213574,HS-grad,9,Married-civ-spouse,Craft-repair,Husband,White,Male,2635,0,10,United-States,0
49,Private,121602,Bachelors,13,Married-civ-spouse,Exec-managerial,Husband,White,Male,0,0,40,United-States,0
17,Private,216137,11th,7,Never-married,Sales,Own-child,White,Female,0,0,8,United-States,0
28,Private,335357,HS-grad,9,Never-married,Handlers-cleaners,Own-child,Black,Male,0,0,40,United-States,0
30,Private,182177,HS-grad,9,Never-married,Other-service,Not-in-family,White,Male,0,0,40,Ireland,0
58,Federal-gov,129786,10th,6,Married-civ-spouse,Craft-repair,Husband,White,Male,0,0,40,United-States,0
21,Private,85088,Some-college,10,Never-married,Other-service,Own-child,White,Female,0,0,37,United-States,0
56,Private,178033,Some-college,10,Widowed,Exec-managerial,Not-in-family,White,Male,4416,0,60,United-States,0
35,Federal-gov,110188,Bachelors,13,Married-civ-spouse,Prof-specialty,Husband,Asian-Pac-Islander,Male,0,0,40,Vietnam,0
47,Private,254367,Some-college,10,Married-civ-spouse,Exec-managerial,Husband,White,Male,0,0,50,United-States,1
36,Private,214604,Bachelors,13,Married-civ-spouse,Sales,Husband,White,Male,0,0,42,United-States,1
29,Self-emp-inc,190450,HS-grad,9,Married-civ-spouse,Sales,Husband,Asian-Pac-Islander,Male,0,0,40,Germany,0
34,Private,167893,Some-college,10,Married-civ-spouse,Prof-specialty,Husband,White,Male,0,0,64,United-States,1
28,Private,163265,9th,5,Married-civ-spouse,Sales,Husband,White,Male,4508,0,40,United-States,0
42,Private,97688,HS-grad,9,Divorced,Sales,Not-in-family,White,Male,0,0,47,United-States,0
49,Local-gov,166039,HS-grad,9,Divorced,Other-service,Unmarried,White,Female,0,0,40,United-States,0
30,Private,118861,Some-college,10,Married-civ-spouse,Adm-clerical,Husband,Asian-Pac-Islander,Male,0,0,50,United-States,1
33,Private,228696,1st-4th,2,Married-civ-spouse,Craft-repair,Not-in-family,White,Male,0,2603,32,Mexico,0
78,Self-emp-not-inc,59583,7th-8th,4,Married-civ-spouse,Farming-fishing,Husband,White,Male,0,0,25,United-States,0
50,Private,213296,Some-college,10,Married-civ-spouse,Craft-repair,Husband,White,Male,0,0,48,United-States,1
49,Local-gov,78859,Masters,14,Widowed,Prof-specialty,Unmarried,White,Female,0,323,20,United-States,0
35,Private,160120,Masters,14,Married-civ-spouse,Exec-managerial,Husband,Asian-Pac-Islander,Male,0,0,50,United-States,1
33,Private,112900,HS-grad,9,Divorced,Other-service,Unmarried,White,Female,0,0,40,United-States,0
46,Private,184632,Assoc-voc,11,Married-civ-spouse,Craft-repair,Husband,White,Male,0,0,50,United-States,0
37,Private,405644,1st-4th,2,Married-spouse-absent,Farming-fishing,Other-relative,White,Male,0,0,77,Mexico,0
41,Private,373469,Assoc-acdm,12,Married-civ-spouse,Machine-op-inspct,Husband,White,Male,0,0,40,United-States,0
33,Private,355996,10th,6,Never-married,Handlers-cleaners,Not-in-family,White,Male,0,0,40,United-States,0
20,Private,258430,Some-college,10,Never-married,Other-service,Own-child,White,Female,0,0,19,United-States,0
41,Private,173682,Masters,14,Married-civ-spouse,Machine-op-inspct,Husband,White,Male,0,0,40,United-States,0
28,Private,314177,10th,6,Never-married,Handlers-cleaners,Other-relative,Black,Male,0,0,40,United-States,0
31,Private,342730,Assoc-acdm,12,Separated,Transport-moving,Not-in-family,White,Male,0,0,45,United-States,0
31,Private,263561,Bachelors,13,Married-civ-spouse,Exec-managerial,Husband,White,Male,0,2246,45,United-States,1
29,State-gov,133846,Some-college,10,Never-married,Other-service,Own-child,White,Female,0,0,40,United-States,0
59,Private,90290,Some-college,10,Married-civ-spouse,Prof-specialty,Husband,White,Male,0,0,34,United-States,0
31,Local-gov,357954,Assoc-acdm,12,Never-married,Tech-support,Not-in-family,White,Male,0,0,20,United-States,0
61,Private,223133,HS-grad,9,Divorced,Handlers-cleaners,Not-in-family,Black,Female,0,0,40,United-States,0
50,Local-gov,100480,Masters,14,Married-civ-spouse,Exec-managerial,Husband,White,Male,0,0,60,United-States,1
56,Private,91545,10th,6,Divorced,Adm-clerical,Unmarried,Black,Female,0,0,36,United-States,0
46,Private,167515,Some-college,10,Married-civ-spouse,Prof-specialty,Husband,White,Male,0,1977,50,United-States,1
50,Private,158680,Masters,14,Married-civ-spouse,Exec-managerial,Husband,White,Male,0,0,50,United-States,1
58,Private,160662,10th,6,Married-civ-spouse,Craft-repair,Husband,White,Male,0,0,40,United-States,1
28,Private,412149,10th,6,Never-married,Farming-fishing,Other-relative,White,Male,0,0,35,Mexico,0
29,Local-gov,289991,Masters,14,Married-civ-spouse,Prof-specialty,Husband,White,Male,0,0,50,United-States,0
49,Private,124604,HS-grad,9,Divorced,Adm-clerical,Not-in-family,White,Male,0,0,32,United-States,0
30,Private,155781,HS-grad,9,Married-civ-spouse,Craft-repair,Husband,White,Male,0,0,70,United-States,0
50,Private,161438,HS-grad,9,Married-civ-spouse,Exec-managerial,Husband,White,Male,0,0,50,United-States,1
39,Private,63021,Some-college,10,Divorced,Other-service,Not-in-family,White,Female,0,0,20,United-States,0
23,Private,189832,Assoc-acdm,12,Never-married,Transport-moving,Unmarried,White,Female,0,0,40,United-States,0
42,Self-emp-not-inc,178780,Masters,14,Married-civ-spouse,Exec-managerial,Husband,White,Male,0,0,50,United-States,1
38,Private,107630,Bachelors,13,Married-civ-spouse,Exec-managerial,Husband,White,Male,0,0,40,United-States,0
23,Private,284898,Some-college,10,Never-married,Exec-managerial,Own-child,White,Male,0,0,30,United-States,0
58,Local-gov,259216,9th,5,Divorced,Other-service,Not-in-family,White,Female,0,0,40,United-States,0
49,Federal-gov,128990,Bachelors,13,Married-civ-spouse,Prof-specialty,Husband,White,Male,0,0,40,United-States,1
19,Self-emp-not-inc,100999,11th,7,Never-married,Adm-clerical,Own-child,White,Female,0,0,30,United-States,0
39,Federal-gov,65324,Prof-school,15,Never-married,Prof-specialty,Not-in-family,White,Male,0,0,55,United-States,1
32,Private,269182,Some-college,10,Separated,Tech-support,Unmarried,Black,Female,3887,0,40,United-States,0
28,Private,224634,Bachelors,13,Married-civ-spouse,Prof-specialty,Wife,White,Female,0,0,45,United-States,1
51,Private,133336,HS-grad,9,Married-civ-spouse,Tech-support,Husband,White,Male,0,0,40,United-States,1
46,Private,171550,HS-grad,9,Divorced,Machine-op-inspct,Not-in-family,White,Female,0,0,38,United-States,0
41,Private,106627,Assoc-acdm,12,Divorced,Exec-managerial,Unmarried,Black,Female,0,0,50,United-States,0
33,Private,159888,HS-grad,9,Married-civ-spouse,Transport-moving,Husband,White,Male,0,0,40,United-States,0
31,Private,332379,HS-grad,9,Never-married,Machine-op-inspct,Not-in-family,White,Male,0,0,40,United-States,0
32,Private,164190,HS-grad,9,Married-civ-spouse,Handlers-cleaners,Husband,White,Male,0,0,30,United-States,0
39,Private,184117,Bachelors,13,Married-civ-spouse,Prof-specialty,Wife,White,Female,7688,0,20,United-States,1
24,Private,29810,HS-grad,9,Divorced,Sales,Not-in-family,White,Female,0,0,38,United-States,0
41,Federal-gov,186601,HS-grad,9,Separated,Exec-managerial,Not-in-family,Black,Female,0,0,40,United-States,0
72,Private,156310,10th,6,Married-civ-spouse,Other-service,Husband,White,Male,2414,0,12,United-States,0
53,Private,375134,Some-college,10,Married-civ-spouse,Sales,Husband,White,Male,0,0,60,United-States,1
27,Local-gov,332785,HS-grad,9,Never-married,Protective-serv,Own-child,White,Male,0,0,38,United-States,0
31,Private,254293,Some-college,10,Never-married,Prof-specialty,Not-in-family,White,Male,0,0,40,United-States,0
21,State-gov,142766,Some-college,10,Never-married,Exec-managerial,Own-child,White,Male,0,0,40,United-States,0
35,Private,320305,HS-grad,9,Married-civ-spouse,Craft-repair,Husband,White,Male,0,0,32,United-States,0
43,Private,248186,Assoc-acdm,12,Never-married,Adm-clerical,Not-in-family,White,Female,0,0,38,United-States,0
47,Private,34458,HS-grad,9,Married-civ-spouse,Farming-fishing,Husband,White,Male,0,0,40,United-States,0
22,Private,207782,Assoc-acdm,12,Never-married,Handlers-cleaners,Own-child,White,Male,0,0,20,United-States,0
48,Federal-gov,188081,HS-grad,9,Married-civ-spouse,Adm-clerical,Husband,White,Male,0,0,40,United-States,1
20,Private,204641,Some-college,10,Never-married,Other-service,Own-child,White,Male,0,0,40,United-States,0
60,Private,85413,HS-grad,9,Married-civ-spouse,Transport-moving,Husband,White,Male,0,0,44,United-States,1
47,Self-emp-not-inc,258498,Some-college,10,Married-civ-spouse,Other-service,Wife,White,Female,0,0,52,United-States,0
67,State-gov,132819,Some-college,10,Married-civ-spouse,Protective-serv,Husband,White,Male,0,0,41,United-States,1
31,Private,178841,HS-grad,9,Never-married,Adm-clerical,Not-in-family,White,Female,0,0,40,United-States,0
58,Private,105060,Some-college,10,Never-married,Adm-clerical,Not-in-family,Black,Female,0,0,37,United-States,0
32,Self-emp-inc,124052,HS-grad,9,Married-civ-spouse,Sales,Husband,White,Male,0,0,50,United-States,0
40,Private,187802,Some-college,10,Married-civ-spouse,Handlers-cleaners,Husband,White,Male,0,1887,40,United-States,1
33,Private,460408,HS-grad,9,Never-married,Sales,Not-in-family,White,Male,3325,0,50,United-States,0
25,Private,41526,Bachelors,13,Never-married,Craft-repair,Own-child,White,Male,0,0,30,Canada,0
62,Self-emp-not-inc,162347,Prof-school,15,Married-civ-spouse,Prof-specialty,Husband,White,Male,0,0,15,United-States,1
23,Private,195767,HS-grad,9,Never-married,Craft-repair,Not-in-family,White,Male,0,0,40,United-States,0
27,Private,266973,HS-grad,9,Married-civ-spouse,Craft-repair,Husband,White,Male,0,0,60,United-States,0
50,Private,129673,Bachelors,13,Divorced,Exec-managerial,Not-in-family,White,Female,0,0,50,United-States,1
29,State-gov,198493,Assoc-voc,11,Married-civ-spouse,Protective-serv,Husband,White,Male,0,0,40,United-States,1
22,Private,203894,Some-college,10,Never-married,Transport-moving,Not-in-family,White,Female,0,0,24,United-States,0
40,Private,207578,Assoc-acdm,12,Married-civ-spouse,Tech-support,Husband,White,Male,0,1977,60,United-States,1
54,Private,202115,HS-grad,9,Married-civ-spouse,Machine-op-inspct,Wife,White,Female,0,0,40,United-States,1
36,Private,209993,1st-4th,2,Widowed,Other-service,Other-relative,White,Female,0,0,20,Mexico,0
31,Self-emp-not-inc,357145,Doctorate,16,Never-married,Prof-specialty,Own-child,White,Female,0,0,48,United-States,0
21,State-gov,151790,Some-college,10,Never-married,Adm-clerical,Own-child,White,Female,0,0,30,United-States,0
20,Private,200089,5th-6th,3,Never-married,Handlers-cleaners,Unmarried,White,Male,0,0,30,Guatemala,0
40,Private,240027,Some-college,10,Never-married,Sales,Unmarried,Black,Female,0,0,45,United-States,0
39,Private,49308,Bachelors,13,Divorced,Prof-specialty,Not-in-family,White,Male,0,0,40,United-States,0
25,Federal-gov,50053,Bachelors,13,Never-married,Tech-support,Not-in-family,White,Male,0,0,45,United-States,0
57,Private,130714,1st-4th,2,Married-civ-spouse,Handlers-cleaners,Husband,White,Male,0,0,22,United-States,0
19,Private,35245,HS-grad,9,Never-married,Transport-moving,Own-child,White,Male,0,0,40,United-States,0
35,Private,144608,HS-grad,9,Married-civ-spouse,Machine-op-inspct,Husband,White,Male,0,0,40,United-States,0
46,Private,35961,Assoc-acdm,12,Divorced,Sales,Not-in-family,White,Female,0,0,25,Germany,0
59,Private,426001,HS-grad,9,Married-spouse-absent,Adm-clerical,Unmarried,White,Female,0,0,20,Puerto-Rico,0
20,Private,344278,11th,7,Separated,Other-service,Own-child,White,Female,0,0,40,United-States,0
40,Private,175398,Assoc-voc,11,Divorced,Prof-specialty,Not-in-family,White,Female,0,0,20,United-States,0
43,Federal-gov,101709,Some-college,10,Divorced,Handlers-cleaners,Not-in-family,Asian-Pac-Islander,Male,0,0,40,United-States,0
51,Private,257485,Some-college,10,Married-civ-spouse,Craft-repair,Husband,White,Male,0,0,40,United-States,1
31,Private,101761,HS-grad,9,Married-civ-spouse,Craft-repair,Husband,White,Male,0,0,51,United-States,0
41,Private,207578,Assoc-acdm,12,Married-civ-spouse,Exec-managerial,Husband,Black,Male,0,0,50,India,1
39,Private,91996,HS-grad,9,Divorced,Other-service,Unmarried,White,Female,0,0,40,United-States,0
37,Private,173128,HS-grad,9,Divorced,Other-service,Not-in-family,White,Male,0,0,40,United-States,0
31,Private,159322,HS-grad,9,Never-married,Handlers-cleaners,Other-relative,White,Male,0,0,40,United-States,0
41,Private,149909,Bachelors,13,Married-civ-spouse,Sales,Husband,White,Male,7688,0,50,United-States,1
37,Private,343721,Bachelors,13,Married-civ-spouse,Prof-specialty,Husband,White,Male,0,0,40,United-States,1
47,Private,45564,Some-college,10,Married-civ-spouse,Exec-managerial,Husband,White,Male,0,0,40,United-States,1
31,Private,303851,HS-grad,9,Married-civ-spouse,Transport-moving,Husband,White,Male,0,0,50,United-States,0
66,Private,86010,10th,6,Widowed,Transport-moving,Not-in-family,White,Female,0,0,11,United-States,0
42,Private,115511,Doctorate,16,Married-civ-spouse,Prof-specialty,Husband,White,Male,0,0,50,United-States,0
33,Private,162312,HS-grad,9,Divorced,Sales,Not-in-family,Asian-Pac-Islander,Male,0,0,45,Japan,0
37,Private,168475,HS-grad,9,Married-civ-spouse,Exec-managerial,Husband,White,Male,0,0,40,United-States,1
26,Private,318518,Some-college,10,Never-married,Transport-moving,Not-in-family,White,Male,0,0,40,United-States,0
26,Local-gov,167261,Bachelors,13,Never-married,Prof-specialty,Not-in-family,White,Female,0,0,40,United-States,0
40,Federal-gov,130749,Some-college,10,Divorced,Exec-managerial,Not-in-family,Black,Female,0,0,40,United-States,0
58,Private,183870,HS-grad,9,Divorced,Adm-clerical,Not-in-family,White,Female,0,0,40,United-States,0
30,Private,278502,HS-grad,9,Divorced,Adm-clerical,Unmarried,Black,Female,0,0,62,United-States,0
19,Private,501144,Some-college,10,Never-married,Sales,Other-relative,Black,Female,0,0,40,United-States,0
52,Private,96359,Doctorate,16,Married-civ-spouse,Exec-managerial,Husband,White,Male,0,0,57,United-States,1
31,Private,177675,Bachelors,13,Married-civ-spouse,Prof-specialty,Husband,White,Male,0,0,40,United-States,0
41,Self-emp-inc,32016,HS-grad,9,Married-civ-spouse,Sales,Husband,White,Male,0,0,62,United-States,0
51,Private,193720,HS-grad,9,Married-civ-spouse,Craft-repair,Husband,White,Male,0,0,42,United-States,0
68,Private,217424,HS-grad,9,Married-civ-spouse,Protective-serv,Husband,White,Male,0,0,24,United-States,0
24,Private,462820,Bachelors,13,Never-married,Farming-fishing,Not-in-family,White,Male,0,0,40,United-States,0
33,Private,137088,Bachelors,13,Married-civ-spouse,Machine-op-inspct,Husband,Other,Male,0,0,40,Ecuador,0
20,Private,482732,HS-grad,9,Never-married,Adm-clerical,Other-relative,White,Male,0,0,24,United-States,0
26,Private,214303,Bachelors,13,Never-married,Prof-specialty,Not-in-family,White,Female,0,0,50,United-States,0
30,Private,174543,Assoc-acdm,12,Never-married,Prof-specialty,Own-child,White,Female,0,0,40,United-States,0
32,Private,208180,Assoc-voc,11,Married-civ-spouse,Tech-support,Wife,White,Female,0,0,24,United-States,1
21,Private,197387,HS-grad,9,Never-married,Handlers-cleaners,Own-child,White,Male,0,0,20,United-States,0
31,Private,227886,Some-college,10,Never-married,Adm-clerical,Unmarried,Black,Female,0,0,35,United-States,0
56,Local-gov,198277,12th,8,Never-married,Handlers-cleaners,Not-in-family,White,Male,0,0,40,United-States,0
35,Private,187089,Assoc-voc,11,Married-civ-spouse,Exec-managerial,Wife,White,Female,0,0,42,United-States,1
34,Local-gov,167999,HS-grad,9,Divorced,Adm-clerical,Unmarried,White,Female,0,0,33,United-States,0
25,Private,134113,Bachelors,13,Never-married,Adm-clerical,Not-in-family,White,Male,0,0,30,United-States,0
36,Self-emp-not-inc,125933,Prof-school,15,Never-married,Prof-specialty,Not-in-family,White,Male,0,0,55,United-States,1
75,Self-emp-inc,81534,HS-grad,9,Widowed,Sales,Other-relative,Asian-Pac-Islander,Male,0,0,35,United-States,1
42,Local-gov,445382,Bachelors,13,Separated,Exec-managerial,Not-in-family,White,Male,0,0,45,United-States,1
35,Private,129597,Some-college,10,Married-civ-spouse,Sales,Husband,White,Male,0,0,46,United-States,0
25,Private,28008,Assoc-acdm,12,Divorced,Adm-clerical,Unmarried,White,Female,0,0,40,United-States,0
30,Private,203277,HS-grad,9,Married-civ-spouse,Protective-serv,Husband,White,Male,0,0,60,United-States,1
52,Private,202115,HS-grad,9,Married-civ-spouse,Other-service,Wife,White,Female,0,0,25,United-States,0
52,Private,95128,Some-college,10,Divorced,Sales,Not-in-family,White,Male,0,0,50,United-States,0
34,Private,177437,Some-college,10,Married-civ-spouse,Craft-repair,Husband,White,Male,15024,0,45,United-States,1
29,Private,423158,Some-college,10,Never-married,Tech-support,Not-in-family,White,Female,0,0,40,United-States,0
53,Private,195638,HS-grad,9,Divorced,Adm-clerical,Not-in-family,White,Female,0,0,40,United-States,0
22,Private,85389,HS-grad,9,Never-married,Tech-support,Own-child,White,Male,0,0,40,United-States,0
35,Private,91839,Bachelors,13,Married-civ-spouse,Other-service,Husband,Amer-Indian-Eskimo,Male,7688,0,20,United-States,1
42,Private,45363,Assoc-acdm,12,Married-civ-spouse,Prof-specialty,Husband,White,Male,0,0,50,United-States,0
53,State-gov,153486,Some-college,10,Married-civ-spouse,Farming-fishing,Husband,White,Male,0,0,50,United-States,0
44,State-gov,185832,Bachelors,13,Married-civ-spouse,Adm-clerical,Husband,White,Male,0,0,46,United-States,1
42,Private,160893,Some-college,10,Married-civ-spouse,Other-service,Wife,White,Female,0,0,23,United-States,0
35,Private,224566,Some-college,10,Never-married,Exec-managerial,Not-in-family,White,Male,0,0,60,United-States,0
39,Self-emp-inc,241153,Masters,14,Married-civ-spouse,Exec-managerial,Husband,White,Male,0,0,50,United-States,0
32,Private,202498,11th,7,Married-civ-spouse,Handlers-cleaners,Husband,White,Male,0,0,40,Columbia,0
44,Private,157236,Some-college,10,Married-spouse-absent,Handlers-cleaners,Unmarried,White,Male,0,0,40,Poland,0
39,Self-emp-inc,283338,Bachelors,13,Married-civ-spouse,Exec-managerial,Husband,White,Male,7298,0,40,United-States,1
18,Private,35065,HS-grad,9,Never-married,Transport-moving,Not-in-family,Black,Male,0,0,35,United-States,0
23,Private,268145,Bachelors,13,Never-married,Exec-managerial,Not-in-family,White,Female,0,0,45,United-States,0
51,State-gov,341548,Some-college,10,Divorced,Adm-clerical,Not-in-family,White,Female,0,0,40,United-States,0
21,Private,52753,HS-grad,9,Never-married,Craft-repair,Not-in-family,White,Male,0,1504,40,United-States,0
54,Federal-gov,127455,Some-college,10,Married-civ-spouse,Protective-serv,Husband,White,Male,0,0,48,United-States,1
34,Private,27380,Bachelors,13,Married-civ-spouse,Farming-fishing,Husband,White,Male,0,0,50,United-States,1
38,Private,119177,HS-grad,9,Married-civ-spouse,Sales,Husband,White,Male,0,0,55,United-States,1
24,Private,205844,Bachelors,13,Never-married,Exec-managerial,Own-child,Black,Female,0,0,65,United-States,0
25,Private,125491,Some-college,10,Never-married,Other-service,Not-in-family,Asian-Pac-Islander,Female,0,0,34,United-States,0
53,Private,193720,Some-college,10,Married-civ-spouse,Exec-managerial,Husband,White,Male,0,1977,40,United-States,1
17,Private,141590,11th,7,Never-married,Priv-house-serv,Own-child,White,Female,0,0,12,United-States,0
47,Private,256866,HS-grad,9,Married-civ-spouse,Transport-moving,Husband,White,Male,0,0,48,United-States,0
53,Local-gov,216691,Doctorate,16,Divorced,Prof-specialty,Not-in-family,White,Female,10520,0,40,United-States,1
71,Self-emp-not-inc,130436,1st-4th,2,Divorced,Craft-repair,Not-in-family,White,Female,0,0,28,United-States,0
55,Private,176904,10th,6,Married-civ-spouse,Transport-moving,Husband,White,Male,0,0,50,United-States,0
51,Private,87205,Bachelors,13,Married-civ-spouse,Adm-clerical,Wife,White,Female,7688,0,20,United-States,1
55,Private,125000,Masters,14,Divorced,Exec-managerial,Unmarried,White,Male,0,0,40,United-States,1
38,Private,156728,Bachelors,13,Married-civ-spouse,Adm-clerical,Husband,White,Male,0,0,56,United-States,0
41,Private,266530,HS-grad,9,Married-civ-spouse,Other-service,Husband,Amer-Indian-Eskimo,Male,0,0,45,United-States,0
27,Private,517000,Bachelors,13,Never-married,Adm-clerical,Not-in-family,White,Male,0,0,35,United-States,0
34,Private,188900,Bachelors,13,Married-civ-spouse,Exec-managerial,Wife,White,Female,0,0,40,United-States,0
37,Private,160920,Assoc-acdm,12,Married-civ-spouse,Adm-clerical,Husband,White,Male,0,0,40,United-States,0
27,Private,406662,HS-grad,9,Never-married,Adm-clerical,Not-in-family,White,Male,4416,0,40,United-States,0
19,Private,277695,Preschool,1,Never-married,Farming-fishing,Not-in-family,White,Male,0,0,36,Hong,0
74,Self-emp-not-inc,392886,HS-grad,9,Widowed,Farming-fishing,Not-in-family,White,Female,0,0,14,United-States,0
45,Private,187901,HS-grad,9,Divorced,Farming-fishing,Not-in-family,White,Male,0,2258,44,United-States,1
26,Private,158810,Bachelors,13,Never-married,Prof-specialty,Not-in-family,White,Male,0,0,70,United-States,0
28,Private,195573,HS-grad,9,Married-civ-spouse,Transport-moving,Husband,White,Male,0,0,50,United-States,0
42,Private,66755,7th-8th,4,Married-civ-spouse,Craft-repair,Husband,Other,Male,0,0,40,United-States,0
25,Private,104662,HS-grad,9,Never-married,Other-service,Unmarried,White,Female,0,0,22,United-States,0
50,Self-emp-not-inc,44368,HS-grad,9,Married-civ-spouse,Sales,Husband,White,Male,15024,0,55,El-Salvador,1
18,Private,190325,11th,7,Never-married,Craft-repair,Own-child,White,Male,0,0,30,United-States,0
38,Private,179117,Assoc-acdm,12,Never-married,Machine-op-inspct,Not-in-family,Black,Female,10520,0,50,United-States,1
35,Private,180988,Some-college,10,Divorced,Adm-clerical,Unmarried,White,Female,0,0,39,United-States,0
31,Private,151484,HS-grad,9,Never-married,Adm-clerical,Own-child,White,Female,0,0,8,United-States,0
50,Private,108933,9th,5,Married-civ-spouse,Craft-repair,Husband,White,Male,2885,0,40,United-States,0
46,Private,328216,HS-grad,9,Married-civ-spouse,Craft-repair,Husband,White,Male,0,0,40,United-States,1
42,Local-gov,266135,Some-college,10,Married-civ-spouse,Protective-serv,Husband,White,Male,0,0,52,United-States,1
42,Self-emp-not-inc,373403,HS-grad,9,Married-civ-spouse,Farming-fishing,Husband,White,Male,0,0,50,United-States,0
54,Private,197481,Some-college,10,Divorced,Adm-clerical,Unmarried,White,Female,0,0,40,United-States,0
46,Local-gov,141058,HS-grad,9,Married-civ-spouse,Exec-managerial,Husband,White,Male,0,0,65,United-States,0
43,Private,154538,Assoc-acdm,12,Divorced,Craft-repair,Not-in-family,White,Male,0,0,40,United-States,0
34,Private,154667,HS-grad,9,Married-civ-spouse,Machine-op-inspct,Wife,White,Female,0,0,40,United-States,0
37,State-gov,151322,Bachelors,13,Never-married,Prof-specialty,Not-in-family,White,Male,0,0,40,United-States,0
36,Private,52327,Masters,14,Married-civ-spouse,Prof-specialty,Husband,Other,Male,0,0,40,Iran,1
75,Self-emp-not-inc,309955,Prof-school,15,Married-civ-spouse,Prof-specialty,Husband,White,Male,0,2174,50,United-States,1
27,Federal-gov,196386,Assoc-acdm,12,Married-civ-spouse,Adm-clerical,Husband,White,Male,4064,0,40,El-Salvador,0
58,Private,356067,Bachelors,13,Married-civ-spouse,Adm-clerical,Husband,White,Male,0,0,40,United-States,0
39,Local-gov,193815,Some-college,10,Married-civ-spouse,Protective-serv,Husband,White,Male,0,0,40,United-States,1
32,Private,372317,9th,5,Separated,Other-service,Unmarried,White,Female,0,0,23,Mexico,0
45,Private,168262,HS-grad,9,Married-civ-spouse,Machine-op-inspct,Husband,White,Male,0,1887,40,United-States,1
47,Private,159389,Assoc-acdm,12,Never-married,Adm-clerical,Not-in-family,White,Female,0,0,40,United-States,0
36,Private,248708,Assoc-acdm,12,Never-married,Craft-repair,Not-in-family,White,Male,0,0,40,United-States,0
53,Private,158746,Some-college,10,Married-civ-spouse,Tech-support,Husband,White,Male,0,0,40,United-States,0
47,State-gov,149337,HS-grad,9,Divorced,Adm-clerical,Unmarried,White,Male,0,0,38,United-States,0
37,Private,218188,HS-grad,9,Divorced,Machine-op-inspct,Other-relative,White,Female,0,0,32,United-States,0
31,Self-emp-not-inc,234537,Some-college,10,Married-civ-spouse,Craft-repair,Husband,White,Male,0,0,60,United-States,0
40,Private,193882,Assoc-voc,11,Never-married,Machine-op-inspct,Own-child,White,Male,0,0,40,United-States,0
33,Private,205950,HS-grad,9,Never-married,Other-service,Own-child,White,Male,0,0,40,United-States,0
58,Self-emp-not-inc,93664,HS-grad,9,Married-civ-spouse,Exec-managerial,Husband,White,Male,15024,0,60,United-States,1
44,Private,92649,HS-grad,9,Married-civ-spouse,Craft-repair,Wife,White,Female,0,0,40,United-States,1
35,Private,170263,HS-grad,9,Divorced,Exec-managerial,Unmarried,White,Female,0,0,40,United-States,0
21,State-gov,299153,Some-college,10,Never-married,Adm-clerical,Own-child,White,Female,0,0,15,United-States,0
20,Private,266400,Some-college,10,Never-married,Prof-specialty,Own-child,White,Female,0,0,48,United-States,0
18,Private,169745,7th-8th,4,Never-married,Other-service,Own-child,White,Female,0,0,40,United-States,0
49,Private,31807,Some-college,10,Never-married,Exec-managerial,Unmarried,White,Female,0,0,40,United-States,0
28,Self-emp-not-inc,294398,Some-college,10,Never-married,Machine-op-inspct,Not-in-family,Black,Male,0,0,40,United-States,0
33,Self-emp-not-inc,196342,Doctorate,16,Never-married,Prof-specialty,Not-in-family,White,Male,0,0,45,United-States,1
20,Private,173724,Some-college,10,Never-married,Handlers-cleaners,Own-child,White,Male,0,0,20,United-States,0
41,Private,170230,Bachelors,13,Divorced,Exec-managerial,Unmarried,White,Female,0,0,45,United-States,0
33,Private,106976,HS-grad,9,Divorced,Other-service,Unmarried,White,Female,0,0,40,United-States,0
36,Private,247600,Assoc-acdm,12,Divorced,Exec-managerial,Unmarried,Asian-Pac-Islander,Female,0,0,40,Taiwan,0
54,Private,21698,10th,6,Divorced,Other-service,Unmarried,White,Female,0,0,40,United-States,0
80,Self-emp-not-inc,132728,HS-grad,9,Never-married,Exec-managerial,Not-in-family,White,Male,0,0,20,United-States,0
62,Private,226733,HS-grad,9,Married-civ-spouse,Adm-clerical,Husband,White,Male,0,0,40,United-States,1
20,Private,88231,Some-college,10,Never-married,Adm-clerical,Not-in-family,White,Female,0,0,40,United-States,0
19,Private,39026,HS-grad,9,Never-married,Other-service,Not-in-family,White,Male,0,0,30,United-States,0
27,Private,164170,Bachelors,13,Never-married,Tech-support,Unmarried,Asian-Pac-Islander,Female,0,0,20,Philippines,0
42,Private,248356,HS-grad,9,Never-married,Sales,Unmarried,White,Female,0,0,40,United-States,0
17,Local-gov,148194,11th,7,Never-married,Adm-clerical,Own-child,White,Female,0,0,12,United-States,0
62,Self-emp-not-inc,215944,5th-6th,3,Married-civ-spouse,Farming-fishing,Husband,White,Male,0,0,30,United-States,0
59,Self-emp-not-inc,119344,10th,6,Married-civ-spouse,Exec-managerial,Wife,White,Female,0,0,36,United-States,0
44,Private,192381,Bachelors,13,Married-civ-spouse,Prof-specialty,Husband,White,Male,0,1848,40,United-States,1
25,Local-gov,197728,Bachelors,13,Never-married,Exec-managerial,Not-in-family,White,Female,0,0,20,United-States,0
42,Private,210525,Some-college,10,Married-civ-spouse,Tech-support,Husband,White,Male,0,0,20,United-States,1
21,Private,38772,Some-college,10,Never-married,Sales,Own-child,White,Male,0,0,20,United-States,0
43,Private,289669,Masters,14,Divorced,Prof-specialty,Unmarried,White,Female,0,2547,40,United-States,1
42,Private,212894,Bachelors,13,Married-civ-spouse,Sales,Husband,White,Male,0,1887,40,United-States,1
49,Private,379779,Bachelors,13,Divorced,Exec-managerial,Not-in-family,White,Female,0,0,40,United-States,0
25,Private,185942,Masters,14,Never-married,Prof-specialty,Own-child,White,Female,0,0,40,United-States,1
61,Private,120933,Some-college,10,Never-married,Priv-house-serv,Not-in-family,White,Female,0,0,40,United-States,0
71,Private,149040,12th,8,Never-married,Other-service,Not-in-family,White,Female,0,0,40,United-States,0
40,Private,209833,HS-grad,9,Never-married,Craft-repair,Not-in-family,White,Male,0,0,40,United-States,0
27,Private,29523,10th,6,Married-civ-spouse,Handlers-cleaners,Husband,White,Male,0,0,40,United-States,0
40,Private,91836,HS-grad,9,Divorced,Craft-repair,Not-in-family,White,Male,0,0,45,United-States,0
32,Private,74883,Bachelors,13,Never-married,Tech-support,Not-in-family,Asian-Pac-Islander,Female,0,0,40,Philippines,0
43,Self-emp-inc,83348,HS-grad,9,Married-civ-spouse,Craft-repair,Husband,White,Male,0,0,60,United-States,0
30,Private,251825,Assoc-acdm,12,Never-married,Machine-op-inspct,Unmarried,Black,Female,0,0,40,United-States,0
25,Private,169124,HS-grad,9,Married-civ-spouse,Transport-moving,Husband,White,Male,0,0,45,United-States,0
71,Self-emp-inc,38822,Masters,14,Married-civ-spouse,Exec-managerial,Husband,White,Male,99999,0,40,United-States,1
35,Private,112512,HS-grad,9,Widowed,Other-service,Own-child,White,Female,0,0,40,United-States,0
55,Private,189528,5th-6th,3,Married-civ-spouse,Craft-repair,Husband,White,Male,0,0,50,United-States,0
21,Private,156807,HS-grad,9,Never-married,Other-service,Own-child,Black,Male,0,0,10,United-States,0
26,Private,491862,Assoc-voc,11,Never-married,Exec-managerial,Not-in-family,Black,Female,0,0,40,United-States,0
17,Private,53611,12th,8,Never-married,Other-service,Own-child,White,Female,0,0,6,United-States,0
37,Private,34173,Bachelors,13,Never-married,Tech-support,Not-in-family,White,Female,0,0,40,United-States,0
53,Private,187356,Some-college,10,Married-civ-spouse,Craft-repair,Husband,White,Male,0,0,66,United-States,0
28,Self-emp-not-inc,175406,Masters,14,Married-civ-spouse,Exec-managerial,Wife,White,Female,0,0,30,United-States,1
26,Self-emp-inc,242651,Some-college,10,Never-married,Sales,Not-in-family,White,Male,0,0,48,United-States,0
43,Private,403467,Bachelors,13,Married-civ-spouse,Exec-managerial,Husband,Black,Male,7688,0,40,United-States,1
63,Private,383058,Bachelors,13,Married-civ-spouse,Sales,Husband,White,Male,0,1848,40,United-States,1
58,Private,259014,Some-college,10,Never-married,Transport-moving,Not-in-family,White,Male,0,0,20,United-States,0
32,Private,230484,7th-8th,4,Separated,Sales,Unmarried,White,Female,0,0,35,United-States,0
42,Private,226902,Bachelors,13,Married-civ-spouse,Tech-support,Husband,White,Male,0,0,45,United-States,1
42,Private,68469,HS-grad,9,Married-civ-spouse,Craft-repair,Husband,White,Male,0,0,40,United-States,0
39,Local-gov,301614,11th,7,Married-civ-spouse,Other-service,Husband,White,Male,0,0,40,United-States,0
45,Local-gov,304973,HS-grad,9,Married-civ-spouse,Protective-serv,Husband,White,Male,0,0,78,United-States,1
50,Private,150876,HS-grad,9,Married-civ-spouse,Exec-managerial,Husband,Black,Male,0,1887,55,United-States,1
31,Private,136651,HS-grad,9,Married-civ-spouse,Craft-repair,Husband,White,Male,0,0,40,Mexico,0
25,Private,102476,Bachelors,13,Never-married,Farming-fishing,Own-child,White,Male,27828,0,50,United-States,1
58,State-gov,223400,Bachelors,13,Married-civ-spouse,Prof-specialty,Wife,White,Female,0,0,20,United-States,1
37,Private,323155,1st-4th,2,Married-civ-spouse,Farming-fishing,Husband,White,Male,0,0,85,Mexico,0
20,Private,104981,HS-grad,9,Never-married,Sales,Not-in-family,White,Male,0,0,40,United-States,0
28,Private,259840,Bachelors,13,Married-civ-spouse,Sales,Husband,White,Male,0,0,60,United-States,1
20,State-gov,178517,Some-college,10,Never-married,Farming-fishing,Not-in-family,White,Male,0,0,40,United-States,0
50,Local-gov,163998,Bachelors,13,Married-civ-spouse,Protective-serv,Husband,White,Male,0,0,44,United-States,1
58,Local-gov,271795,7th-8th,4,Married-civ-spouse,Craft-repair,Husband,White,Male,0,0,40,United-States,0
43,Private,163847,Bachelors,13,Married-civ-spouse,Farming-fishing,Husband,White,Male,0,0,50,United-States,1
18,Private,274057,11th,7,Never-married,Other-service,Own-child,Black,Male,0,0,8,United-States,0
38,Private,64879,Some-college,10,Divorced,Sales,Not-in-family,White,Female,0,0,40,United-States,0
47,Private,111797,Some-college,10,Never-married,Other-service,Not-in-family,Black,Female,0,0,35,Outlying-US(Guam-USVI-etc),0
21,Private,116489,Some-college,10,Never-married,Sales,Own-child,White,Female,0,0,60,United-States,0
31,Local-gov,381153,Some-college,10,Married-civ-spouse,Protective-serv,Husband,White,Male,15024,0,56,United-States,1
34,Self-emp-not-inc,527162,Some-college,10,Married-civ-spouse,Exec-managerial,Husband,White,Male,0,0,30,United-States,0
25,Local-gov,190107,HS-grad,9,Never-married,Farming-fishing,Own-child,White,Male,0,1719,16,United-States,0
54,Private,133403,Some-college,10,Married-civ-spouse,Machine-op-inspct,Husband,White,Male,0,0,40,United-States,0
48,Private,169324,HS-grad,9,Never-married,Other-service,Unmarried,Black,Female,0,0,32,Haiti,0
27,Private,105817,Bachelors,13,Never-married,Craft-repair,Not-in-family,White,Male,0,0,45,United-States,0
41,Private,37997,12th,8,Divorced,Transport-moving,Not-in-family,White,Male,0,0,84,United-States,1
18,Private,78817,HS-grad,9,Never-married,Adm-clerical,Own-child,White,Female,0,0,20,United-States,0
17,Private,230789,9th,5,Never-married,Sales,Own-child,Black,Male,0,0,22,United-States,0
43,Private,35910,Some-college,10,Married-civ-spouse,Sales,Husband,White,Male,0,0,43,United-States,1
56,Self-emp-not-inc,94156,Prof-school,15,Married-civ-spouse,Prof-specialty,Husband,White,Male,0,1977,50,United-States,1
44,Self-emp-inc,311357,Prof-school,15,Married-civ-spouse,Prof-specialty,Husband,White,Male,0,0,50,United-States,1
23,Private,478994,Some-college,10,Never-married,Other-service,Own-child,White,Female,0,0,40,United-States,0
22,Private,203263,HS-grad,9,Never-married,Craft-repair,Own-child,White,Male,0,0,50,United-States,0
28,Private,206125,Some-college,10,Married-civ-spouse,Craft-repair,Husband,White,Male,0,0,40,United-States,0
34,Private,324654,HS-grad,9,Never-married,Machine-op-inspct,Own-child,Asian-Pac-Islander,Male,0,0,40,China,0
52,Local-gov,124793,12th,8,Married-civ-spouse,Craft-repair,Husband,White,Male,0,0,40,United-States,0
42,Private,203554,Masters,14,Married-civ-spouse,Exec-managerial,Husband,White,Male,0,0,60,United-States,1
37,Self-emp-inc,126569,Bachelors,13,Married-civ-spouse,Craft-repair,Husband,White,Male,0,0,60,United-States,0
35,Private,308489,Bachelors,13,Married-civ-spouse,Sales,Husband,Black,Male,0,0,50,United-States,0
52,Local-gov,512103,Some-college,10,Divorced,Transport-moving,Not-in-family,White,Female,0,0,40,United-States,0
33,Private,131934,HS-grad,9,Divorced,Exec-managerial,Not-in-family,White,Female,0,0,45,United-States,0
60,Local-gov,313852,Masters,14,Divorced,Prof-specialty,Not-in-family,White,Female,0,0,25,United-States,0
41,Local-gov,153132,Assoc-acdm,12,Separated,Craft-repair,Not-in-family,White,Male,0,0,50,United-States,0
25,Federal-gov,55636,HS-grad,9,Never-married,Handlers-cleaners,Not-in-family,Amer-Indian-Eskimo,Male,0,0,40,United-States,0
31,Private,87891,Assoc-acdm,12,Married-civ-spouse,Sales,Husband,White,Male,0,0,60,United-States,0
64,Local-gov,84737,HS-grad,9,Married-civ-spouse,Other-service,Husband,Asian-Pac-Islander,Male,0,0,35,United-States,1
43,Private,159549,Some-college,10,Married-civ-spouse,Sales,Husband,White,Male,0,0,50,United-States,1
41,Local-gov,185057,Masters,14,Never-married,Prof-specialty,Not-in-family,White,Female,0,0,40,United-States,0
20,Private,241951,HS-grad,9,Never-married,Handlers-cleaners,Not-in-family,White,Male,0,0,45,United-States,0
20,Private,148940,HS-grad,9,Never-married,Handlers-cleaners,Own-child,White,Male,0,0,40,United-States,0
44,Private,34722,Some-college,10,Married-civ-spouse,Sales,Husband,White,Male,0,0,55,United-States,0
22,Private,254547,Some-college,10,Never-married,Adm-clerical,Other-relative,Black,Female,0,0,30,Jamaica,0
22,Private,276133,HS-grad,9,Never-married,Farming-fishing,Not-in-family,White,Male,0,0,50,United-States,0
53,Local-gov,188644,5th-6th,3,Married-civ-spouse,Other-service,Husband,White,Male,0,0,40,Mexico,0
38,Federal-gov,161463,Some-college,10,Married-civ-spouse,Other-service,Husband,Black,Male,0,0,40,United-States,0
33,Private,268451,Some-college,10,Divorced,Exec-managerial,Unmarried,White,Female,0,0,40,United-States,0
18,Private,334676,HS-grad,9,Never-married,Handlers-cleaners,Own-child,White,Male,0,0,25,United-States,0
19,Private,84747,HS-grad,9,Never-married,Sales,Own-child,White,Female,0,0,24,United-States,0
34,Private,27409,9th,5,Married-civ-spouse,Craft-repair,Husband,White,Male,0,0,50,United-States,0
19,Private,386378,HS-grad,9,Never-married,Other-service,Not-in-family,White,Male,0,0,35,United-States,0
44,Private,109273,Some-college,10,Never-married,Craft-repair,Not-in-family,White,Male,0,0,38,United-States,0
45,Private,408773,Some-college,10,Married-civ-spouse,Machine-op-inspct,Husband,White,Male,0,0,40,United-States,1
25,Private,161478,Bachelors,13,Never-married,Prof-specialty,Not-in-family,Asian-Pac-Islander,Female,0,0,40,United-States,0
53,Private,158993,HS-grad,9,Widowed,Machine-op-inspct,Unmarried,Black,Female,0,0,38,United-States,0
45,Private,330535,HS-grad,9,Never-married,Adm-clerical,Not-in-family,White,Male,3325,0,40,United-States,0
61,Private,170262,HS-grad,9,Married-civ-spouse,Exec-managerial,Wife,White,Female,15024,0,38,United-States,1
32,Private,400535,HS-grad,9,Married-civ-spouse,Craft-repair,Husband,White,Male,3781,0,40,United-States,0
53,Private,126386,HS-grad,9,Divorced,Machine-op-inspct,Own-child,White,Male,0,0,40,United-States,0
34,Private,228873,Doctorate,16,Married-civ-spouse,Prof-specialty,Husband,White,Male,0,0,45,United-States,1
33,Federal-gov,137059,Some-college,10,Never-married,Other-service,Not-in-family,White,Female,0,0,10,United-States,0
38,Private,258761,HS-grad,9,Divorced,Exec-managerial,Not-in-family,White,Male,0,0,50,United-States,0
34,Private,209808,Some-college,10,Married-civ-spouse,Adm-clerical,Husband,White,Male,0,0,40,United-States,1
19,State-gov,159269,Some-college,10,Never-married,Adm-clerical,Own-child,White,Male,0,0,15,United-States,0
65,Private,209831,Assoc-voc,11,Married-civ-spouse,Adm-clerical,Wife,White,Female,0,0,40,United-States,0
27,Private,184477,12th,8,Never-married,Other-service,Not-in-family,White,Male,0,0,40,United-States,0
43,Self-emp-not-inc,116666,Prof-school,15,Married-civ-spouse,Prof-specialty,Husband,Other,Male,0,0,35,United-States,1
38,Private,31603,Bachelors,13,Married-civ-spouse,Craft-repair,Wife,White,Female,0,0,40,United-States,0
26,Private,340335,Bachelors,13,Never-married,Adm-clerical,Not-in-family,White,Female,0,0,40,United-States,0
33,State-gov,174171,Some-college,10,Separated,Tech-support,Not-in-family,White,Male,0,0,12,United-States,0
53,Private,58985,Some-college,10,Married-civ-spouse,Prof-specialty,Wife,White,Female,0,0,24,United-States,0
52,Private,167651,Assoc-voc,11,Married-civ-spouse,Craft-repair,Husband,White,Male,0,0,40,United-States,1
33,Private,155343,HS-grad,9,Married-civ-spouse,Sales,Husband,White,Male,3103,0,40,United-States,1
19,Private,274830,HS-grad,9,Never-married,Other-service,Own-child,White,Female,0,0,15,United-States,0
68,Self-emp-not-inc,241174,7th-8th,4,Married-civ-spouse,Exec-managerial,Husband,White,Male,0,0,16,United-States,0
44,Local-gov,254134,Assoc-acdm,12,Divorced,Tech-support,Not-in-family,Black,Male,0,0,40,United-States,0
37,State-gov,191779,Some-college,10,Married-civ-spouse,Craft-repair,Husband,White,Male,0,0,40,United-States,0
38,Private,79619,Bachelors,13,Married-civ-spouse,Sales,Husband,White,Male,0,0,42,United-States,1
30,Private,164190,Assoc-voc,11,Married-civ-spouse,Prof-specialty,Husband,White,Male,5178,0,52,United-States,1
48,Private,102359,Bachelors,13,Married-civ-spouse,Exec-managerial,Husband,White,Male,7298,0,60,United-States,1
24,Private,275884,HS-grad,9,Separated,Other-service,Unmarried,Black,Female,0,0,40,United-States,0
52,Private,310045,9th,5,Married-spouse-absent,Machine-op-inspct,Not-in-family,Asian-Pac-Islander,Female,0,0,30,China,0
50,Private,195690,HS-grad,9,Married-civ-spouse,Handlers-cleaners,Husband,White,Male,0,0,45,United-States,0
20,Private,174391,HS-grad,9,Never-married,Handlers-cleaners,Own-child,White,Female,0,0,40,United-States,0
37,Private,127918,Some-college,10,Never-married,Transport-moving,Unmarried,White,Female,0,0,20,Puerto-Rico,0
59,Private,98361,11th,7,Married-civ-spouse,Machine-op-inspct,Husband,White,Male,0,0,40,United-States,0
46,Local-gov,213668,11th,7,Never-married,Other-service,Not-in-family,White,Male,0,0,40,United-States,0
49,Local-gov,126446,Some-college,10,Never-married,Other-service,Unmarried,White,Female,0,0,30,United-States,0
35,Private,112077,HS-grad,9,Married-civ-spouse,Handlers-cleaners,Husband,White,Male,5013,0,40,United-States,0
58,Private,316235,HS-grad,9,Divorced,Sales,Other-relative,White,Female,0,0,32,United-States,0
62,Self-emp-not-inc,115176,HS-grad,9,Married-civ-spouse,Farming-fishing,Husband,White,Male,0,0,65,United-States,0
47,Federal-gov,68493,HS-grad,9,Married-civ-spouse,Adm-clerical,Husband,Black,Male,0,0,40,United-States,1
41,Local-gov,208174,Masters,14,Divorced,Prof-specialty,Unmarried,White,Female,0,0,55,United-States,0
28,Private,292536,Some-college,10,Never-married,Transport-moving,Not-in-family,White,Male,0,0,50,United-States,0
33,Local-gov,267859,Some-college,10,Married-civ-spouse,Protective-serv,Husband,White,Male,0,0,40,United-States,0
51,Private,118793,Bachelors,13,Married-civ-spouse,Prof-specialty,Husband,White,Male,0,0,70,United-States,1
31,Private,382368,Some-college,10,Never-married,Adm-clerical,Not-in-family,White,Male,0,0,40,Germany,0
39,Private,187046,HS-grad,9,Married-civ-spouse,Sales,Husband,White,Male,4064,0,38,United-States,0
34,Private,203488,HS-grad,9,Never-married,Craft-repair,Not-in-family,White,Male,0,0,40,United-States,0
23,Private,82998,Some-college,10,Never-married,Sales,Not-in-family,White,Male,0,0,30,United-States,0
36,Local-gov,285865,Bachelors,13,Never-married,Adm-clerical,Not-in-family,Black,Female,0,0,40,United-States,0
32,Private,27051,Bachelors,13,Married-civ-spouse,Adm-clerical,Husband,White,Male,0,0,44,United-States,0
28,Private,199903,Bachelors,13,Never-married,Adm-clerical,Not-in-family,White,Female,0,0,20,United-States,0
44,Private,156815,HS-grad,9,Divorced,Adm-clerical,Not-in-family,White,Female,0,0,40,United-States,0
24,Private,182276,HS-grad,9,Married-civ-spouse,Other-service,Wife,White,Female,0,0,25,United-States,0
35,Local-gov,85548,Some-college,10,Separated,Adm-clerical,Unmarried,Amer-Indian-Eskimo,Female,0,0,40,United-States,0
25,Private,231016,Masters,14,Never-married,Prof-specialty,Not-in-family,White,Female,4650,0,37,United-States,0
36,Private,266461,HS-grad,9,Never-married,Transport-moving,Own-child,Black,Male,0,0,48,United-States,0
29,Private,160512,HS-grad,9,Separated,Adm-clerical,Own-child,White,Female,0,0,40,United-States,0
49,Private,123681,Masters,14,Married-civ-spouse,Prof-specialty,Husband,White,Male,0,0,43,United-States,1
27,Private,204648,Assoc-voc,11,Never-married,Machine-op-inspct,Unmarried,Black,Female,0,0,40,United-States,0
67,Self-emp-inc,76860,HS-grad,9,Married-civ-spouse,Exec-managerial,Husband,Asian-Pac-Islander,Male,0,0,40,United-States,1
26,Private,144483,Assoc-voc,11,Divorced,Sales,Own-child,White,Female,594,0,35,United-States,0
41,Private,227890,Some-college,10,Divorced,Craft-repair,Not-in-family,White,Male,0,0,46,United-States,1
53,Local-gov,176557,Masters,14,Divorced,Prof-specialty,Unmarried,White,Female,0,0,50,United-States,0
21,Private,131473,Some-college,10,Never-married,Sales,Own-child,Asian-Pac-Islander,Male,0,0,20,Vietnam,0
44,Private,146659,Masters,14,Married-civ-spouse,Prof-specialty,Husband,White,Male,0,1887,35,United-States,1
58,Federal-gov,81973,Some-college,10,Married-civ-spouse,Tech-support,Husband,Asian-Pac-Islander,Male,0,1485,40,United-States,1
41,Federal-gov,34178,Bachelors,13,Divorced,Prof-specialty,Not-in-family,White,Male,0,0,40,United-States,0
35,Private,202027,Bachelors,13,Divorced,Exec-managerial,Not-in-family,White,Male,27828,0,50,United-States,1
30,Federal-gov,49593,Prof-school,15,Never-married,Prof-specialty,Not-in-family,Black,Female,0,0,40,United-States,0
54,Private,206369,HS-grad,9,Married-civ-spouse,Machine-op-inspct,Husband,White,Male,5178,0,50,United-States,1
25,Private,199224,Bachelors,13,Married-civ-spouse,Prof-specialty,Husband,White,Male,0,0,45,United-States,1
51,Self-emp-not-inc,199005,Bachelors,13,Married-civ-spouse,Exec-managerial,Wife,White,Female,0,0,40,United-States,1
20,Private,188300,Some-college,10,Never-married,Tech-support,Own-child,White,Female,0,0,40,United-States,0
43,Private,193494,Some-college,10,Married-civ-spouse,Prof-specialty,Husband,White,Male,0,0,40,United-States,0
57,Self-emp-not-inc,253914,1st-4th,2,Married-civ-spouse,Sales,Husband,White,Male,0,0,35,Mexico,0
39,Self-emp-inc,222641,Bachelors,13,Married-civ-spouse,Sales,Husband,White,Male,0,0,40,United-States,0
40,Private,200479,Assoc-voc,11,Married-civ-spouse,Prof-specialty,Husband,White,Male,0,0,40,United-States,0
33,Private,547886,Bachelors,13,Separated,Exec-managerial,Unmarried,Black,Female,0,0,40,United-States,0
31,Private,158162,Bachelors,13,Never-married,Exec-managerial,Not-in-family,White,Female,13550,0,50,United-States,1
45,Local-gov,61885,Masters,14,Married-civ-spouse,Prof-specialty,Husband,White,Male,0,0,37,United-States,1
28,Private,31842,Bachelors,13,Never-married,Exec-managerial,Own-child,White,Male,0,0,40,United-States,0
41,Private,206878,HS-grad,9,Divorced,Other-service,Unmarried,White,Female,0,0,32,United-States,0
19,Private,181020,11th,7,Never-married,Handlers-cleaners,Other-relative,White,Male,0,0,30,United-States,0
59,Self-emp-inc,223215,Bachelors,13,Married-civ-spouse,Exec-managerial,Husband,White,Male,0,1977,50,United-States,1
29,Private,205499,Some-college,10,Married-civ-spouse,Protective-serv,Husband,White,Male,0,0,45,United-States,0
61,Private,221447,HS-grad,9,Never-married,Machine-op-inspct,Not-in-family,Black,Female,0,0,40,United-States,0
27,Private,120155,HS-grad,9,Married-civ-spouse,Adm-clerical,Husband,White,Male,0,0,39,United-States,0
38,Private,364782,HS-grad,9,Married-civ-spouse,Craft-repair,Husband,White,Male,0,0,40,United-States,1
33,Private,97939,Assoc-acdm,12,Divorced,Machine-op-inspct,Not-in-family,White,Female,0,0,42,United-States,0
37,Private,177285,Assoc-voc,11,Married-civ-spouse,Adm-clerical,Wife,Black,Female,0,0,48,United-States,1
32,Self-emp-not-inc,37232,Prof-school,15,Married-civ-spouse,Prof-specialty,Husband,White,Male,7688,0,45,United-States,1
73,Self-emp-not-inc,300404,Some-college,10,Married-civ-spouse,Sales,Husband,White,Male,0,0,6,United-States,1
37,Private,538443,HS-grad,9,Divorced,Craft-repair,Not-in-family,White,Male,14344,0,40,United-States,1
28,Private,87239,Some-college,10,Married-civ-spouse,Exec-managerial,Husband,White,Male,0,0,50,United-States,1
25,State-gov,187508,Some-college,10,Never-married,Handlers-cleaners,Own-child,White,Male,0,0,40,United-States,0
33,Private,324546,Some-college,10,Married-civ-spouse,Machine-op-inspct,Husband,White,Male,0,0,39,United-States,0
38,Private,161141,Some-college,10,Married-civ-spouse,Craft-repair,Husband,White,Male,0,0,48,United-States,1
38,Private,266645,Masters,14,Married-civ-spouse,Exec-managerial,Husband,White,Male,0,0,60,United-States,1
34,Private,107793,HS-grad,9,Divorced,Craft-repair,Not-in-family,White,Male,0,0,40,United-States,0
64,Self-emp-not-inc,31826,HS-grad,9,Married-civ-spouse,Exec-managerial,Husband,White,Male,0,0,45,United-States,1
59,State-gov,163047,Some-college,10,Divorced,Adm-clerical,Not-in-family,White,Female,0,0,38,United-States,0
34,Private,127195,Some-college,10,Married-civ-spouse,Exec-managerial,Husband,White,Male,0,0,40,United-States,0
31,State-gov,110714,Some-college,10,Never-married,Other-service,Own-child,White,Female,0,0,37,United-States,0
56,Private,119859,Some-college,10,Divorced,Transport-moving,Not-in-family,White,Male,0,0,40,United-States,1
40,Private,306225,HS-grad,9,Divorced,Craft-repair,Not-in-family,Asian-Pac-Islander,Female,0,0,40,Japan,0
25,Private,362826,HS-grad,9,Never-married,Handlers-cleaners,Other-relative,White,Male,0,0,45,United-States,0
59,Private,530099,Some-college,10,Married-civ-spouse,Craft-repair,Husband,White,Male,0,1887,55,United-States,1
27,Private,109881,Bachelors,13,Never-married,Other-service,Own-child,White,Female,0,0,20,United-States,0
51,Private,125796,Some-college,10,Married-civ-spouse,Adm-clerical,Wife,Black,Female,0,0,35,Jamaica,0
55,Self-emp-not-inc,184425,Some-college,10,Married-civ-spouse,Farming-fishing,Husband,White,Male,0,0,99,United-States,1
49,State-gov,206577,Some-college,10,Divorced,Adm-clerical,Own-child,White,Male,0,0,40,United-States,0
27,Private,259840,Bachelors,13,Married-civ-spouse,Adm-clerical,Husband,White,Male,0,0,45,United-States,0
58,Private,354024,HS-grad,9,Married-civ-spouse,Adm-clerical,Wife,White,Female,0,0,40,United-States,1
49,Private,81654,Prof-school,15,Married-civ-spouse,Prof-specialty,Husband,White,Male,0,0,60,United-States,1
24,Private,216129,Bachelors,13,Never-married,Sales,Not-in-family,White,Male,0,0,50,United-States,0
37,Private,34378,1st-4th,2,Never-married,Other-service,Not-in-family,White,Male,0,0,40,United-States,0
34,Private,103651,Some-college,10,Married-civ-spouse,Exec-managerial,Husband,White,Male,0,0,40,United-States,1
45,Self-emp-inc,34091,Bachelors,13,Married-civ-spouse,Exec-managerial,Husband,White,Male,0,0,38,United-States,1
41,Local-gov,52037,Some-college,10,Divorced,Adm-clerical,Unmarried,White,Female,0,0,40,United-States,0
33,Private,142383,Assoc-acdm,12,Never-married,Sales,Not-in-family,Other,Male,0,0,36,United-States,0
21,Private,275291,Some-college,10,Never-married,Sales,Own-child,White,Male,0,0,12,United-States,0
27,Private,183523,Some-college,10,Married-civ-spouse,Transport-moving,Husband,White,Male,0,0,40,United-States,1
31,Local-gov,236487,Bachelors,13,Never-married,Prof-specialty,Not-in-family,White,Female,0,0,40,Germany,0
31,Self-emp-not-inc,216283,Assoc-acdm,12,Married-civ-spouse,Other-service,Wife,White,Female,0,0,35,United-States,1
28,Private,194940,HS-grad,9,Married-civ-spouse,Machine-op-inspct,Husband,White,Male,0,0,40,United-States,0
33,Private,114691,Bachelors,13,Married-civ-spouse,Sales,Husband,White,Male,0,0,60,United-States,1
37,Private,227597,Some-college,10,Married-civ-spouse,Craft-repair,Husband,White,Male,0,0,40,United-States,0
27,Private,195678,Bachelors,13,Married-civ-spouse,Prof-specialty,Husband,White,Male,0,0,40,United-States,0
25,Private,40512,Bachelors,13,Never-married,Prof-specialty,Not-in-family,White,Male,3674,0,30,United-States,0
47,Private,121958,7th-8th,4,Married-spouse-absent,Other-service,Unmarried,White,Female,0,0,30,United-States,0
51,Self-emp-inc,54342,Prof-school,15,Divorced,Prof-specialty,Not-in-family,White,Male,27828,0,60,United-States,1
41,Private,374764,Bachelors,13,Widowed,Exec-managerial,Unmarried,White,Male,0,0,20,United-States,0
46,Private,155890,Bachelors,13,Married-civ-spouse,Transport-moving,Husband,White,Male,0,0,40,United-States,1
52,Private,199688,10th,6,Married-civ-spouse,Handlers-cleaners,Husband,White,Male,0,0,45,United-States,0
34,Private,54850,Bachelors,13,Never-married,Exec-managerial,Not-in-family,White,Male,0,1590,50,United-States,0
31,Private,114691,HS-grad,9,Never-married,Sales,Own-child,White,Male,0,0,40,United-States,0
63,Private,216413,Bachelors,13,Widowed,Adm-clerical,Not-in-family,White,Female,0,0,25,United-States,0
57,Federal-gov,199114,Bachelors,13,Never-married,Adm-clerical,Not-in-family,White,Male,0,2258,40,United-States,0
18,Private,181755,HS-grad,9,Never-married,Sales,Not-in-family,White,Male,0,0,30,United-States,0
32,Private,94041,HS-grad,9,Married-civ-spouse,Other-service,Husband,White,Male,0,0,25,Ireland,0
24,Private,72310,Some-college,10,Never-married,Sales,Own-child,White,Male,0,0,43,United-States,0
43,Private,557349,10th,6,Married-civ-spouse,Transport-moving,Husband,White,Male,0,0,40,Yugoslavia,0
30,Private,76107,HS-grad,9,Never-married,Transport-moving,Not-in-family,White,Male,0,0,45,United-States,1
56,Private,186556,Some-college,10,Married-civ-spouse,Craft-repair,Husband,White,Male,0,0,50,United-States,1
27,State-gov,142621,Bachelors,13,Never-married,Prof-specialty,Not-in-family,White,Female,4101,0,40,United-States,0
23,Private,352139,Some-college,10,Never-married,Other-service,Not-in-family,White,Female,0,0,24,United-States,0
54,Self-emp-not-inc,108435,Some-college,10,Married-civ-spouse,Transport-moving,Husband,White,Male,2829,0,30,United-States,0
29,Private,131088,HS-grad,9,Never-married,Handlers-cleaners,Own-child,White,Male,0,0,25,United-States,0
49,Private,114797,Bachelors,13,Divorced,Exec-managerial,Unmarried,Black,Female,0,0,40,United-States,0
39,Private,293291,HS-grad,9,Married-civ-spouse,Machine-op-inspct,Husband,White,Male,0,0,50,United-States,1
50,Private,266529,11th,7,Married-civ-spouse,Craft-repair,Husband,White,Male,0,0,40,United-States,0
25,Private,111058,Some-college,10,Never-married,Adm-clerical,Not-in-family,White,Male,0,1980,40,United-States,0
51,Private,173987,9th,5,Married-civ-spouse,Sales,Husband,White,Male,0,0,40,United-States,0
44,Private,755858,HS-grad,9,Married-civ-spouse,Craft-repair,Husband,White,Male,0,0,70,United-States,1
46,Federal-gov,219967,Bachelors,13,Married-civ-spouse,Exec-managerial,Husband,White,Male,0,0,40,United-States,1
53,Private,71772,Doctorate,16,Divorced,Prof-specialty,Not-in-family,White,Male,0,0,50,United-States,0
27,Private,405855,9th,5,Never-married,Craft-repair,Other-relative,White,Male,0,0,40,Mexico,0
41,Private,82393,Bachelors,13,Never-married,Adm-clerical,Not-in-family,Asian-Pac-Islander,Male,0,0,50,United-States,0
37,Private,34378,7th-8th,4,Married-civ-spouse,Farming-fishing,Husband,White,Male,2580,0,60,United-States,0
49,Local-gov,59612,Masters,14,Married-civ-spouse,Prof-specialty,Husband,White,Male,0,0,40,United-States,1
52,Private,124591,HS-grad,9,Never-married,Handlers-cleaners,Unmarried,White,Male,0,0,40,United-States,0
30,Private,156890,HS-grad,9,Married-civ-spouse,Machine-op-inspct,Husband,White,Male,0,0,45,United-States,0
37,Self-emp-not-inc,138940,11th,7,Never-married,Farming-fishing,Own-child,White,Male,0,0,37,United-States,0
24,Private,43387,Bachelors,13,Married-civ-spouse,Exec-managerial,Husband,White,Male,0,0,55,England,1
40,Private,197923,Bachelors,13,Never-married,Adm-clerical,Unmarried,Black,Female,2977,0,40,United-States,0
38,Private,32837,Bachelors,13,Divorced,Prof-specialty,Unmarried,White,Female,0,0,56,United-States,0
42,Private,210534,5th-6th,3,Separated,Adm-clerical,Other-relative,White,Male,0,0,40,El-Salvador,0
31,Private,86958,9th,5,Married-civ-spouse,Exec-managerial,Wife,White,Female,0,0,40,United-States,0
21,Private,204596,Some-college,10,Never-married,Other-service,Own-child,White,Female,0,0,20,United-States,0
46,Private,328216,Bachelors,13,Married-civ-spouse,Exec-managerial,Husband,White,Male,15024,0,40,United-States,1
21,Private,355287,9th,5,Never-married,Machine-op-inspct,Not-in-family,White,Male,0,0,48,Mexico,0
25,Private,198587,Some-college,10,Never-married,Tech-support,Not-in-family,Black,Female,2174,0,50,United-States,0
53,Self-emp-not-inc,174102,7th-8th,4,Married-civ-spouse,Exec-managerial,Husband,White,Male,4386,0,50,Greece,1
35,Private,61518,HS-grad,9,Married-civ-spouse,Exec-managerial,Husband,White,Male,0,0,35,United-States,0
34,Private,184147,HS-grad,9,Separated,Sales,Unmarried,Black,Female,0,0,20,United-States,0
35,Private,172694,HS-grad,9,Married-civ-spouse,Machine-op-inspct,Husband,Black,Male,0,0,40,United-States,0
58,Private,180980,Some-college,10,Divorced,Other-service,Unmarried,White,Female,0,0,42,France,0
55,State-gov,157639,Some-college,10,Married-civ-spouse,Protective-serv,Husband,White,Male,0,0,40,United-States,1
38,Local-gov,287658,Masters,14,Divorced,Prof-specialty,Not-in-family,Black,Male,0,0,40,Jamaica,0
35,Self-emp-not-inc,199753,Some-college,10,Married-civ-spouse,Other-service,Husband,White,Male,0,0,60,United-States,0
24,Private,454941,HS-grad,9,Married-civ-spouse,Craft-repair,Husband,White,Male,0,0,40,United-States,0
30,Private,95299,HS-grad,9,Married-civ-spouse,Machine-op-inspct,Husband,Asian-Pac-Islander,Male,0,0,40,Vietnam,1
43,Private,94113,Some-college,10,Divorced,Exec-managerial,Not-in-family,White,Male,0,0,45,United-States,0
36,Private,77820,Some-college,10,Married-civ-spouse,Craft-repair,Husband,White,Male,0,0,40,United-States,1
30,Local-gov,261319,7th-8th,4,Married-civ-spouse,Transport-moving,Husband,White,Male,0,0,40,United-States,0
59,Private,91384,Doctorate,16,Married-civ-spouse,Prof-specialty,Husband,White,Male,0,0,60,United-States,1
60,Self-emp-not-inc,224377,HS-grad,9,Married-civ-spouse,Sales,Husband,White,Male,0,0,40,United-States,0
30,Private,65920,HS-grad,9,Never-married,Exec-managerial,Not-in-family,Black,Male,0,0,40,United-States,0
50,Private,118565,11th,7,Married-civ-spouse,Machine-op-inspct,Husband,Black,Male,0,0,40,United-States,0
44,Self-emp-inc,103643,HS-grad,9,Married-civ-spouse,Exec-managerial,Husband,White,Male,5013,0,60,Greece,0
52,Federal-gov,76131,Some-college,10,Married-civ-spouse,Exec-managerial,Wife,Asian-Pac-Islander,Female,0,0,40,United-States,1
73,Self-emp-not-inc,46514,HS-grad,9,Married-civ-spouse,Sales,Wife,White,Female,0,0,25,United-States,0
43,Local-gov,115603,Some-college,10,Divorced,Adm-clerical,Unmarried,White,Female,0,0,40,United-States,0
19,Private,117595,HS-grad,9,Never-married,Other-service,Own-child,White,Male,0,0,24,United-States,0
36,Private,217926,Assoc-acdm,12,Married-civ-spouse,Machine-op-inspct,Husband,Black,Male,0,0,50,United-States,0
27,Private,246974,Assoc-voc,11,Married-civ-spouse,Sales,Husband,White,Male,0,0,40,United-States,0
32,Private,206609,Bachelors,13,Married-civ-spouse,Exec-managerial,Husband,White,Male,0,0,60,United-States,1
19,Private,282698,7th-8th,4,Never-married,Adm-clerical,Own-child,White,Male,0,0,80,United-States,0
51,Private,166934,HS-grad,9,Married-civ-spouse,Machine-op-inspct,Husband,White,Male,0,0,40,United-States,1
24,Private,176321,Some-college,10,Never-married,Adm-clerical,Unmarried,White,Female,0,0,40,United-States,0
22,State-gov,292933,Bachelors,13,Never-married,Adm-clerical,Own-child,White,Female,0,0,10,United-States,0
48,Private,173243,Doctorate,16,Married-civ-spouse,Prof-specialty,Husband,White,Male,0,0,45,United-States,1
36,Private,130200,HS-grad,9,Divorced,Machine-op-inspct,Unmarried,White,Male,0,0,40,United-States,0
23,Private,199884,HS-grad,9,Never-married,Adm-clerical,Unmarried,White,Female,0,0,45,United-States,0
43,Self-emp-not-inc,316820,Some-college,10,Married-civ-spouse,Farming-fishing,Husband,White,Male,0,0,84,United-States,0
29,Local-gov,148182,HS-grad,9,Married-civ-spouse,Transport-moving,Husband,Black,Male,0,0,40,United-States,0
31,Private,100734,Doctorate,16,Never-married,Prof-specialty,Not-in-family,White,Female,0,0,28,United-States,0
38,Private,65466,Bachelors,13,Never-married,Adm-clerical,Not-in-family,White,Female,0,0,50,United-States,0
30,Private,108386,Assoc-acdm,12,Married-civ-spouse,Craft-repair,Husband,White,Male,0,0,40,United-States,0
71,Private,93202,HS-grad,9,Divorced,Other-service,Not-in-family,White,Female,0,0,16,United-States,0
44,Private,889965,HS-grad,9,Married-civ-spouse,Handlers-cleaners,Wife,White,Female,3137,0,30,United-States,0
24,Private,183410,Some-college,10,Never-married,Sales,Own-child,White,Female,0,0,17,United-States,0
26,Local-gov,220656,Bachelors,13,Never-married,Prof-specialty,Own-child,Black,Male,0,0,38,England,0
20,Private,39764,HS-grad,9,Never-married,Handlers-cleaners,Own-child,White,Male,0,0,40,United-States,0
27,Private,212622,Masters,14,Never-married,Exec-managerial,Own-child,White,Female,0,0,40,United-States,0
24,Private,172612,HS-grad,9,Married-civ-spouse,Craft-repair,Husband,White,Male,0,0,40,United-States,0
43,Local-gov,34640,HS-grad,9,Married-civ-spouse,Exec-managerial,Husband,Other,Male,0,1887,40,United-States,1
67,Private,231559,Prof-school,15,Married-civ-spouse,Prof-specialty,Husband,White,Male,20051,0,48,United-States,1
32,Self-emp-not-inc,134737,Bachelors,13,Married-civ-spouse,Machine-op-inspct,Husband,White,Male,0,0,70,United-States,1
32,Private,195602,Bachelors,13,Married-civ-spouse,Sales,Husband,White,Male,0,1977,45,United-States,1
25,Private,186294,HS-grad,9,Never-married,Adm-clerical,Not-in-family,White,Female,0,0,50,United-States,0
47,Private,102308,Masters,14,Married-civ-spouse,Exec-managerial,Husband,White,Male,99999,0,50,United-States,1
28,Private,337378,HS-grad,9,Married-civ-spouse,Craft-repair,Husband,White,Male,0,0,40,United-States,0
31,Private,221167,Prof-school,15,Divorced,Tech-support,Not-in-family,White,Female,0,0,35,United-States,0
31,Private,176969,Bachelors,13,Never-married,Exec-managerial,Not-in-family,White,Male,0,0,55,United-States,0
32,Private,227931,Bachelors,13,Never-married,Exec-managerial,Not-in-family,White,Female,0,0,40,United-States,0
38,Private,259019,HS-grad,9,Married-civ-spouse,Craft-repair,Husband,White,Male,0,0,44,United-States,0
43,Private,191765,HS-grad,9,Divorced,Tech-support,Unmarried,Black,Female,0,0,35,United-States,0
32,Private,70985,Assoc-voc,11,Married-civ-spouse,Machine-op-inspct,Husband,White,Male,0,0,40,United-States,0
38,Private,205852,Bachelors,13,Married-civ-spouse,Exec-managerial,Husband,White,Male,0,0,40,United-States,1
50,Private,195784,12th,8,Divorced,Handlers-cleaners,Unmarried,White,Male,0,0,40,United-States,0
55,Private,227856,Bachelors,13,Married-civ-spouse,Exec-managerial,Husband,White,Male,7298,0,60,United-States,1
52,Federal-gov,123011,HS-grad,9,Divorced,Adm-clerical,Not-in-family,White,Male,0,0,45,United-States,0
30,Private,113364,Some-college,10,Married-civ-spouse,Handlers-cleaners,Husband,White,Male,0,0,40,Poland,0
34,Private,62165,Some-college,10,Never-married,Sales,Other-relative,Black,Male,0,0,30,United-States,0
41,Private,372682,Some-college,10,Married-civ-spouse,Adm-clerical,Wife,White,Female,0,0,40,United-States,1
22,Private,157332,Some-college,10,Never-married,Prof-specialty,Own-child,White,Female,0,0,40,United-States,0
35,Private,112158,10th,6,Married-civ-spouse,Craft-repair,Husband,White,Male,0,0,40,United-States,0
24,Private,143436,Some-college,10,Never-married,Handlers-cleaners,Own-child,White,Male,0,0,24,United-States,0
24,Private,284317,Bachelors,13,Never-married,Machine-op-inspct,Not-in-family,White,Female,0,0,32,United-States,0
34,Private,45114,Bachelors,13,Never-married,Sales,Own-child,Black,Female,0,0,40,United-States,0
18,Private,201613,12th,8,Never-married,Sales,Own-child,White,Female,0,0,20,United-States,0
20,Private,34590,Some-college,10,Never-married,Farming-fishing,Own-child,White,Male,0,0,60,United-States,0
25,Private,190628,Some-college,10,Married-civ-spouse,Craft-repair,Husband,White,Male,0,0,40,Columbia,0
32,Private,207201,Bachelors,13,Never-married,Prof-specialty,Not-in-family,White,Male,0,0,45,United-States,1
39,Federal-gov,257175,Bachelors,13,Divorced,Tech-support,Unmarried,Black,Female,0,625,40,United-States,0
18,Local-gov,466325,11th,7,Never-married,Adm-clerical,Own-child,White,Male,0,0,12,United-States,0
37,Self-emp-not-inc,126738,HS-grad,9,Married-civ-spouse,Farming-fishing,Husband,White,Male,0,0,72,United-States,0
44,Private,101593,Bachelors,13,Married-civ-spouse,Sales,Husband,White,Male,0,0,60,United-States,0
27,Private,387776,Some-college,10,Never-married,Other-service,Own-child,White,Male,0,0,40,United-States,0
61,Self-emp-not-inc,36671,HS-grad,9,Married-civ-spouse,Farming-fishing,Husband,White,Male,0,2352,50,United-States,0
41,Private,119266,HS-grad,9,Married-civ-spouse,Other-service,Husband,White,Male,0,0,40,United-States,0
48,Private,276664,Doctorate,16,Married-civ-spouse,Prof-specialty,Husband,White,Male,0,1902,50,United-States,1
31,Private,217803,HS-grad,9,Divorced,Sales,Not-in-family,White,Female,0,0,32,United-States,0
51,State-gov,231495,Doctorate,16,Married-civ-spouse,Exec-managerial,Husband,White,Male,7688,0,55,United-States,1
44,Federal-gov,251305,Assoc-acdm,12,Married-civ-spouse,Adm-clerical,Husband,White,Male,0,0,40,United-States,1
30,Private,203488,Some-college,10,Never-married,Craft-repair,Not-in-family,White,Male,0,0,44,United-States,0
27,Private,136448,Bachelors,13,Never-married,Adm-clerical,Not-in-family,Black,Female,0,0,40,United-States,0
25,Private,64671,HS-grad,9,Divorced,Handlers-cleaners,Own-child,Asian-Pac-Islander,Female,0,0,40,Philippines,0
41,Private,113597,Some-college,10,Married-civ-spouse,Farming-fishing,Husband,White,Male,0,0,16,United-States,0
38,Private,99138,Bachelors,13,Never-married,Exec-managerial,Not-in-family,White,Female,0,0,38,United-States,0
26,Private,195734,HS-grad,9,Never-married,Adm-clerical,Own-child,White,Female,2354,0,40,United-States,0
17,Private,375657,11th,7,Never-married,Handlers-cleaners,Own-child,White,Male,0,0,30,United-States,0
18,Private,188616,11th,7,Never-married,Sales,Own-child,White,Male,0,0,15,United-States,0
27,Self-emp-not-inc,365110,Bachelors,13,Never-married,Prof-specialty,Not-in-family,White,Female,0,0,20,United-States,0
52,Self-emp-not-inc,77336,Assoc-voc,11,Married-civ-spouse,Craft-repair,Husband,White,Male,0,0,40,United-States,0
22,Private,416356,Some-college,10,Never-married,Craft-repair,Unmarried,White,Male,0,0,40,United-States,0
58,Federal-gov,208640,Bachelors,13,Married-civ-spouse,Exec-managerial,Husband,White,Male,0,0,40,United-States,1
46,Private,251786,1st-4th,2,Separated,Other-service,Not-in-family,White,Female,0,0,40,Mexico,0
31,Private,243605,Bachelors,13,Widowed,Sales,Unmarried,White,Female,0,1380,40,Cuba,0
52,Private,162576,Assoc-acdm,12,Married-civ-spouse,Tech-support,Husband,White,Male,0,0,40,United-States,1
42,Self-emp-inc,123838,Prof-school,15,Married-civ-spouse,Prof-specialty,Husband,White,Male,0,1977,50,United-States,1
44,Private,282062,7th-8th,4,Married-civ-spouse,Craft-repair,Husband,White,Male,0,0,40,United-States,0
63,Self-emp-inc,165667,HS-grad,9,Married-civ-spouse,Exec-managerial,Husband,White,Male,0,0,40,United-States,0
47,Self-emp-not-inc,159869,Doctorate,16,Married-civ-spouse,Craft-repair,Husband,White,Male,0,0,50,United-States,0
20,State-gov,161978,Some-college,10,Married-civ-spouse,Other-service,Husband,White,Male,0,0,20,United-States,0
33,Private,85355,HS-grad,9,Separated,Machine-op-inspct,Not-in-family,White,Male,0,0,30,United-States,0
29,Private,108594,HS-grad,9,Never-married,Craft-repair,Own-child,White,Male,0,0,40,United-States,0
42,Self-emp-not-inc,170721,HS-grad,9,Married-civ-spouse,Craft-repair,Husband,White,Male,0,2002,40,United-States,0
42,Private,224203,Some-college,10,Widowed,Sales,Unmarried,Black,Female,0,0,40,United-States,0
40,Federal-gov,280167,Masters,14,Married-civ-spouse,Prof-specialty,Husband,White,Male,0,0,40,United-States,1
38,Private,123031,HS-grad,9,Married-civ-spouse,Adm-clerical,Husband,Asian-Pac-Islander,Male,0,0,48,Trinadad&Tobago,0
56,Private,31782,10th,6,Married-civ-spouse,Sales,Husband,White,Male,0,0,40,United-States,0
54,Private,377701,HS-grad,9,Married-civ-spouse,Other-service,Husband,White,Male,0,0,32,Mexico,0
30,Private,187560,Bachelors,13,Never-married,Sales,Not-in-family,White,Male,0,0,40,United-States,0
43,State-gov,165309,HS-grad,9,Married-civ-spouse,Protective-serv,Husband,White,Male,0,0,40,United-States,0
55,Self-emp-not-inc,189721,HS-grad,9,Married-civ-spouse,Craft-repair,Husband,White,Male,0,0,20,United-States,0
39,Federal-gov,103984,Bachelors,13,Divorced,Exec-managerial,Unmarried,Black,Female,0,0,40,United-States,0
20,Federal-gov,55233,Some-college,10,Never-married,Adm-clerical,Other-relative,White,Female,0,0,40,United-States,0
59,Federal-gov,178660,Assoc-acdm,12,Married-civ-spouse,Adm-clerical,Husband,White,Male,0,0,40,United-States,0
25,Private,231638,HS-grad,9,Never-married,Adm-clerical,Own-child,White,Female,0,0,40,United-States,0
52,Private,89041,Bachelors,13,Married-spouse-absent,Prof-specialty,Not-in-family,White,Male,0,0,30,United-States,1
42,Private,344572,HS-grad,9,Divorced,Exec-managerial,Not-in-family,White,Female,0,0,40,United-States,1
44,Private,160323,HS-grad,9,Never-married,Craft-repair,Not-in-family,Black,Male,0,0,40,United-States,0
23,Private,173535,HS-grad,9,Never-married,Sales,Own-child,White,Male,0,0,40,United-States,0
25,State-gov,117833,Some-college,10,Married-civ-spouse,Exec-managerial,Wife,White,Female,0,0,19,United-States,0
41,Private,225193,HS-grad,9,Married-civ-spouse,Sales,Husband,White,Male,0,0,40,United-States,0
33,Private,173858,Bachelors,13,Married-civ-spouse,Adm-clerical,Other-relative,Asian-Pac-Islander,Male,0,0,40,India,0
58,Federal-gov,243929,Bachelors,13,Never-married,Prof-specialty,Not-in-family,White,Male,0,0,48,United-States,0
32,Private,194740,Some-college,10,Married-civ-spouse,Craft-repair,Husband,White,Male,0,0,55,Greece,0
18,Private,189924,HS-grad,9,Never-married,Sales,Own-child,White,Female,0,0,24,United-States,0
36,Private,218490,Assoc-voc,11,Married-civ-spouse,Sales,Husband,White,Male,0,0,60,United-States,0
26,Private,31290,HS-grad,9,Married-civ-spouse,Adm-clerical,Wife,White,Female,0,0,40,United-States,1
50,Private,113176,HS-grad,9,Divorced,Adm-clerical,Not-in-family,White,Female,0,0,40,United-States,0
37,Private,221850,Masters,14,Married-civ-spouse,Exec-managerial,Husband,White,Male,0,0,50,Ecuador,1
23,Private,211046,HS-grad,9,Never-married,Sales,Not-in-family,White,Female,2463,0,40,United-States,0
28,Private,162551,7th-8th,4,Married-civ-spouse,Machine-op-inspct,Other-relative,Asian-Pac-Islander,Female,0,0,48,China,0
33,Self-emp-not-inc,312055,Bachelors,13,Married-civ-spouse,Sales,Husband,White,Male,0,0,45,United-States,1
34,Private,231043,Assoc-voc,11,Married-civ-spouse,Adm-clerical,Husband,White,Male,3908,0,45,United-States,0
22,Private,254547,Some-college,10,Never-married,Exec-managerial,Unmarried,Black,Female,0,0,40,Jamaica,0
38,Private,242080,Some-college,10,Married-civ-spouse,Sales,Husband,White,Male,0,0,55,United-States,1
32,Private,160634,Bachelors,13,Married-civ-spouse,Farming-fishing,Husband,White,Male,0,0,60,United-States,0
26,Private,60722,Bachelors,13,Never-married,Prof-specialty,Own-child,Asian-Pac-Islander,Female,0,0,40,United-States,0
18,Private,115839,12th,8,Never-married,Adm-clerical,Not-in-family,White,Female,0,0,30,United-States,0
44,Private,174373,Assoc-acdm,12,Married-civ-spouse,Craft-repair,Husband,White,Male,0,0,40,United-States,1
47,Self-emp-not-inc,39986,Bachelors,13,Married-civ-spouse,Sales,Husband,White,Male,0,0,40,United-States,0
44,Federal-gov,44822,Some-college,10,Married-civ-spouse,Craft-repair,Husband,White,Male,0,0,40,United-States,0
51,Private,74784,Bachelors,13,Divorced,Sales,Not-in-family,White,Female,0,0,60,United-States,0
46,Private,501671,10th,6,Divorced,Machine-op-inspct,Unmarried,Black,Male,0,0,40,United-States,0
38,Self-emp-inc,187411,HS-grad,9,Married-civ-spouse,Exec-managerial,Husband,White,Male,0,0,40,United-States,1
37,Private,177895,Some-college,10,Married-civ-spouse,Tech-support,Wife,White,Female,5013,0,40,United-States,0
61,Self-emp-inc,84409,HS-grad,9,Married-civ-spouse,Exec-managerial,Husband,White,Male,0,0,35,United-States,1
47,Private,97176,Some-college,10,Divorced,Exec-managerial,Unmarried,White,Female,0,0,40,United-States,0
25,Private,308144,Bachelors,13,Never-married,Craft-repair,Not-in-family,White,Male,0,0,40,Mexico,0
45,Private,117409,Some-college,10,Married-civ-spouse,Exec-managerial,Husband,White,Male,0,0,40,United-States,1
46,Private,73019,Bachelors,13,Never-married,Prof-specialty,Not-in-family,White,Female,0,0,40,United-States,0
35,Private,265662,Bachelors,13,Married-civ-spouse,Sales,Husband,White,Male,0,0,40,United-States,1
48,Private,109832,Masters,14,Married-civ-spouse,Prof-specialty,Husband,White,Male,0,1902,40,United-States,1
24,Private,223515,HS-grad,9,Married-civ-spouse,Craft-repair,Husband,White,Male,0,0,45,United-States,0
39,Local-gov,301614,Assoc-voc,11,Married-civ-spouse,Protective-serv,Husband,White,Male,0,0,48,United-States,1
49,Private,116789,HS-grad,9,Married-civ-spouse,Farming-fishing,Husband,White,Male,0,0,40,United-States,0
40,State-gov,86912,Doctorate,16,Married-civ-spouse,Prof-specialty,Husband,White,Male,0,0,50,United-States,1
22,Private,113760,11th,7,Never-married,Other-service,Own-child,White,Female,0,0,30,United-States,0
49,Federal-gov,179869,HS-grad,9,Married-civ-spouse,Craft-repair,Husband,White,Male,0,0,40,United-States,1
40,State-gov,40024,Prof-school,15,Married-civ-spouse,Prof-specialty,Husband,White,Male,0,0,38,United-States,1
38,Private,296125,HS-grad,9,Separated,Priv-house-serv,Unmarried,Black,Female,0,0,30,United-States,0
32,Private,283400,HS-grad,9,Never-married,Machine-op-inspct,Not-in-family,White,Female,0,0,40,United-States,0
58,Self-emp-not-inc,163047,Bachelors,13,Divorced,Prof-specialty,Not-in-family,White,Female,0,0,40,United-States,0
23,Private,272185,Assoc-voc,11,Never-married,Craft-repair,Own-child,White,Male,0,0,33,United-States,0
57,Self-emp-not-inc,118806,1st-4th,2,Widowed,Craft-repair,Other-relative,White,Female,0,1602,45,Columbia,0
25,Private,76144,HS-grad,9,Never-married,Exec-managerial,Not-in-family,White,Male,0,0,50,United-States,0
29,Private,204984,HS-grad,9,Married-civ-spouse,Craft-repair,Husband,White,Male,0,0,50,United-States,0
58,Private,100960,9th,5,Married-civ-spouse,Handlers-cleaners,Husband,White,Male,0,0,40,United-States,0
53,Private,91911,HS-grad,9,Divorced,Craft-repair,Unmarried,Black,Female,0,0,48,United-States,0
28,Private,354095,Some-college,10,Never-married,Sales,Not-in-family,White,Female,0,0,40,United-States,0
45,Private,138626,Assoc-voc,11,Divorced,Exec-managerial,Not-in-family,White,Male,2174,0,50,United-States,0
45,Private,26522,Some-college,10,Married-civ-spouse,Adm-clerical,Wife,White,Female,0,1902,35,United-States,1
38,Private,31033,Bachelors,13,Married-civ-spouse,Sales,Husband,White,Male,7298,0,40,United-States,1
26,Private,371556,Some-college,10,Never-married,Adm-clerical,Not-in-family,White,Female,0,0,40,United-States,0
28,Private,88419,HS-grad,9,Never-married,Exec-managerial,Not-in-family,Asian-Pac-Islander,Female,0,0,40,England,0
37,Self-emp-inc,39089,Some-college,10,Married-civ-spouse,Exec-managerial,Husband,White,Male,3103,0,50,United-States,1
50,Private,177487,HS-grad,9,Married-civ-spouse,Craft-repair,Husband,White,Male,0,0,40,United-States,0
26,Private,173992,Some-college,10,Married-civ-spouse,Craft-repair,Husband,White,Male,0,0,45,United-States,1
59,Private,165922,Bachelors,13,Married-civ-spouse,Prof-specialty,Husband,White,Male,15024,0,40,United-States,1
30,Private,203488,Some-college,10,Married-civ-spouse,Machine-op-inspct,Husband,White,Male,0,0,40,United-States,1
29,Private,162551,Masters,14,Married-civ-spouse,Prof-specialty,Wife,Asian-Pac-Islander,Female,0,0,40,Hong,1
45,Local-gov,135776,Masters,14,Divorced,Prof-specialty,Not-in-family,White,Female,0,0,30,United-States,0
34,Private,340880,HS-grad,9,Married-civ-spouse,Prof-specialty,Husband,White,Male,0,0,60,Philippines,1
40,Self-emp-not-inc,173716,Bachelors,13,Married-civ-spouse,Sales,Husband,White,Male,0,0,45,United-States,1
21,Private,83704,12th,8,Married-civ-spouse,Craft-repair,Husband,White,Male,0,0,40,United-States,0
37,Private,188774,Bachelors,13,Never-married,Exec-managerial,Not-in-family,White,Male,0,2824,40,United-States,1
23,Private,170482,Some-college,10,Never-married,Sales,Own-child,White,Male,0,0,45,United-States,0
43,State-gov,60949,HS-grad,9,Married-civ-spouse,Craft-repair,Husband,White,Male,0,0,40,United-States,0
28,Private,116372,Bachelors,13,Never-married,Exec-managerial,Not-in-family,White,Female,0,0,60,United-States,0
47,Self-emp-inc,116927,HS-grad,9,Married-civ-spouse,Exec-managerial,Husband,White,Male,0,0,42,United-States,1
45,Private,127111,Masters,14,Married-civ-spouse,Prof-specialty,Husband,White,Male,0,0,55,United-States,1
62,Private,173601,Bachelors,13,Married-civ-spouse,Machine-op-inspct,Husband,White,Male,0,0,40,United-States,0
47,Private,197836,HS-grad,9,Married-civ-spouse,Sales,Husband,White,Male,0,0,45,United-States,0
43,Private,60001,Some-college,10,Married-civ-spouse,Sales,Husband,White,Male,0,0,40,United-States,1
55,Private,67450,Doctorate,16,Never-married,Prof-specialty,Not-in-family,White,Male,0,0,40,England,0
34,Private,81223,HS-grad,9,Divorced,Exec-managerial,Not-in-family,White,Female,0,0,48,United-States,0
24,Private,233499,Some-college,10,Married-civ-spouse,Transport-moving,Husband,White,Male,0,0,40,United-States,1
40,Private,204046,10th,6,Divorced,Transport-moving,Own-child,White,Male,0,0,40,United-States,0
29,Federal-gov,124953,Assoc-voc,11,Married-civ-spouse,Tech-support,Husband,White,Male,0,0,42,United-States,1
23,Federal-gov,350680,Assoc-acdm,12,Never-married,Exec-managerial,Own-child,White,Female,0,0,40,Poland,0
25,Self-emp-not-inc,159909,Assoc-voc,11,Married-civ-spouse,Farming-fishing,Husband,White,Male,0,0,40,United-States,0
30,Private,184687,HS-grad,9,Never-married,Prof-specialty,Own-child,White,Female,0,0,30,United-States,0
51,Private,169112,Masters,14,Married-civ-spouse,Sales,Husband,White,Male,0,0,40,United-States,1
25,Private,44363,HS-grad,9,Never-married,Handlers-cleaners,Not-in-family,White,Male,0,0,35,United-States,0
52,Private,185407,Assoc-voc,11,Married-civ-spouse,Craft-repair,Husband,White,Male,0,0,48,Poland,1
25,Private,137951,HS-grad,9,Never-married,Adm-clerical,Unmarried,White,Female,0,0,30,United-States,0
45,Private,358886,HS-grad,9,Married-civ-spouse,Transport-moving,Husband,White,Male,0,0,40,United-States,1
61,Self-emp-not-inc,30073,HS-grad,9,Married-civ-spouse,Farming-fishing,Husband,White,Male,0,1848,60,United-States,1
42,Private,196001,HS-grad,9,Separated,Adm-clerical,Unmarried,White,Female,0,0,40,United-States,0
18,Private,135315,9th,5,Never-married,Sales,Own-child,Other,Female,0,0,32,United-States,0
29,Private,133937,Doctorate,16,Never-married,Prof-specialty,Own-child,White,Male,0,0,40,United-States,0
34,Self-emp-not-inc,156890,HS-grad,9,Married-civ-spouse,Exec-managerial,Husband,White,Male,0,0,50,United-States,0
27,Private,187981,HS-grad,9,Never-married,Handlers-cleaners,Own-child,White,Male,0,0,40,United-States,0
23,Private,117480,10th,6,Never-married,Craft-repair,Own-child,White,Male,0,0,44,United-States,0
54,Private,99434,HS-grad,9,Married-civ-spouse,Exec-managerial,Husband,White,Male,0,0,40,United-States,1
39,Federal-gov,410034,HS-grad,9,Married-civ-spouse,Adm-clerical,Husband,White,Male,0,0,40,United-States,0
24,Private,213902,7th-8th,4,Never-married,Priv-house-serv,Own-child,White,Female,0,0,32,El-Salvador,0
52,Private,110563,Some-college,10,Married-civ-spouse,Exec-managerial,Husband,White,Male,0,0,40,United-States,1
48,Private,242406,11th,7,Never-married,Machine-op-inspct,Unmarried,White,Male,0,0,40,Puerto-Rico,0
33,Private,132601,Bachelors,13,Married-civ-spouse,Sales,Husband,White,Male,0,0,55,United-States,1
42,Private,157443,Bachelors,13,Married-civ-spouse,Prof-specialty,Wife,Asian-Pac-Islander,Female,0,0,27,Taiwan,1
61,Private,197286,9th,5,Married-civ-spouse,Craft-repair,Husband,White,Male,0,0,40,United-States,0
71,Private,105200,HS-grad,9,Married-civ-spouse,Protective-serv,Husband,White,Male,6767,0,20,United-States,0
51,Private,210940,HS-grad,9,Married-civ-spouse,Sales,Husband,White,Male,0,2002,45,United-States,0
21,Private,177125,Some-college,10,Never-married,Handlers-cleaners,Not-in-family,White,Male,0,0,20,United-States,0
41,Private,171234,Some-college,10,Divorced,Adm-clerical,Not-in-family,White,Female,0,0,55,United-States,0
69,Self-emp-inc,107850,Masters,14,Married-civ-spouse,Exec-managerial,Husband,White,Male,6514,0,40,United-States,1
59,Self-emp-inc,146477,Prof-school,15,Married-civ-spouse,Prof-specialty,Husband,White,Male,0,0,40,United-States,1
38,Private,186191,HS-grad,9,Married-civ-spouse,Craft-repair,Husband,White,Male,0,0,55,United-States,0
54,Self-emp-not-inc,172898,Prof-school,15,Married-civ-spouse,Prof-specialty,Husband,White,Male,5178,0,50,United-States,1
42,Private,284758,HS-grad,9,Divorced,Exec-managerial,Unmarried,White,Female,0,0,40,United-States,0
24,Private,255474,11th,7,Married-civ-spouse,Sales,Husband,White,Male,0,0,40,United-States,0
18,Private,234953,Some-college,10,Never-married,Adm-clerical,Own-child,White,Female,0,0,25,United-States,0
24,Private,180060,Masters,14,Never-married,Exec-managerial,Own-child,White,Male,6849,0,90,United-States,0
55,Local-gov,253062,Some-college,10,Married-civ-spouse,Prof-specialty,Husband,White,Male,0,0,40,United-States,1
53,Local-gov,207449,10th,6,Married-civ-spouse,Other-service,Husband,White,Male,0,0,40,United-States,0
20,Private,37932,HS-grad,9,Never-married,Other-service,Own-child,White,Male,0,0,50,United-States,0
33,Private,171215,Masters,14,Never-married,Adm-clerical,Own-child,White,Male,0,0,40,United-States,0
33,Private,183557,Assoc-acdm,12,Never-married,Prof-specialty,Not-in-family,White,Female,0,0,40,United-States,0
38,Local-gov,282753,Assoc-voc,11,Divorced,Exec-managerial,Own-child,White,Male,0,0,40,United-States,0
30,Self-emp-inc,153549,HS-grad,9,Married-civ-spouse,Exec-managerial,Husband,White,Male,0,0,50,United-States,1
18,Private,41973,11th,7,Never-married,Adm-clerical,Own-child,White,Female,0,0,5,United-States,0
45,Local-gov,182100,Bachelors,13,Married-civ-spouse,Sales,Husband,White,Male,0,0,40,United-States,1
83,Private,195507,HS-grad,9,Widowed,Protective-serv,Not-in-family,White,Male,0,0,55,United-States,0
51,Private,74275,HS-grad,9,Married-civ-spouse,Machine-op-inspct,Husband,White,Male,0,0,40,United-States,0
39,Private,318452,11th,7,Married-civ-spouse,Prof-specialty,Husband,White,Male,0,0,60,United-States,0
29,Private,83742,HS-grad,9,Divorced,Other-service,Unmarried,White,Female,0,0,45,United-States,0
17,Private,121037,12th,8,Never-married,Sales,Own-child,White,Female,0,0,15,United-States,0
20,Private,33644,HS-grad,9,Never-married,Adm-clerical,Own-child,White,Female,0,0,30,United-States,0
34,Private,242960,Assoc-voc,11,Married-civ-spouse,Craft-repair,Husband,White,Male,0,0,50,United-States,0
50,Private,125417,Assoc-acdm,12,Married-civ-spouse,Exec-managerial,Wife,Black,Female,0,0,40,United-States,1
19,Private,105908,HS-grad,9,Never-married,Handlers-cleaners,Other-relative,White,Male,0,0,70,United-States,0
62,Self-emp-not-inc,171315,Bachelors,13,Married-civ-spouse,Prof-specialty,Husband,White,Male,0,0,60,United-States,1
31,Private,145377,Bachelors,13,Married-civ-spouse,Sales,Husband,White,Male,0,0,60,United-States,0
28,Private,98010,Some-college,10,Married-spouse-absent,Adm-clerical,Own-child,White,Female,0,0,40,United-States,0
41,Private,352812,Some-college,10,Married-civ-spouse,Exec-managerial,Wife,White,Female,0,1902,40,United-States,1
47,Private,185041,Some-college,10,Married-civ-spouse,Craft-repair,Husband,White,Male,7298,0,40,United-States,1
60,Self-emp-not-inc,148492,HS-grad,9,Married-civ-spouse,Craft-repair,Husband,White,Male,0,1485,50,United-States,1
27,Private,327766,Some-college,10,Divorced,Craft-repair,Not-in-family,White,Male,0,0,45,United-States,0
31,Private,142675,Some-college,10,Never-married,Exec-managerial,Own-child,White,Male,0,0,40,United-States,0
64,Local-gov,202738,HS-grad,9,Married-civ-spouse,Adm-clerical,Wife,White,Female,0,0,35,United-States,0
33,Private,146440,Some-college,10,Married-civ-spouse,Craft-repair,Husband,White,Male,0,1740,40,United-States,0
36,Local-gov,217414,Some-college,10,Divorced,Protective-serv,Unmarried,White,Male,0,0,55,United-States,0
21,Private,118023,HS-grad,9,Never-married,Farming-fishing,Own-child,White,Male,0,0,24,United-States,0
65,Self-emp-not-inc,167414,HS-grad,9,Married-civ-spouse,Exec-managerial,Husband,White,Male,0,0,59,United-States,1
53,Self-emp-not-inc,175456,Some-college,10,Married-civ-spouse,Farming-fishing,Husband,White,Male,0,0,30,United-States,0
29,Private,228075,HS-grad,9,Never-married,Adm-clerical,Unmarried,White,Male,0,0,35,Mexico,0
19,Private,217418,Some-college,10,Never-married,Adm-clerical,Other-relative,Black,Female,0,0,38,United-States,0
53,Private,151864,HS-grad,9,Married-civ-spouse,Craft-repair,Husband,White,Male,0,0,40,United-States,0
29,Private,144784,HS-grad,9,Never-married,Other-service,Not-in-family,Black,Female,0,0,40,United-States,0
31,Private,165949,HS-grad,9,Divorced,Other-service,Unmarried,White,Female,0,0,40,United-States,0
45,Self-emp-not-inc,420986,Bachelors,13,Married-civ-spouse,Prof-specialty,Husband,White,Male,0,0,40,United-States,1
36,Private,223433,Masters,14,Married-civ-spouse,Sales,Husband,White,Male,7688,0,50,United-States,1
52,Self-emp-inc,561489,Masters,14,Divorced,Exec-managerial,Not-in-family,Black,Female,0,0,50,United-States,0
19,Private,167087,HS-grad,9,Never-married,Adm-clerical,Not-in-family,White,Female,0,0,40,United-States,0
54,Private,421561,Masters,14,Married-civ-spouse,Exec-managerial,Husband,White,Male,0,0,45,United-States,1
58,Private,343957,Bachelors,13,Divorced,Sales,Not-in-family,White,Male,0,0,50,United-States,0
45,Private,192776,Bachelors,13,Married-civ-spouse,Craft-repair,Husband,White,Male,7298,0,55,United-States,1
49,Private,166789,HS-grad,9,Married-civ-spouse,Adm-clerical,Husband,White,Male,0,0,40,United-States,0
38,Private,165930,Some-college,10,Married-civ-spouse,Exec-managerial,Husband,White,Male,0,0,50,United-States,0
42,Private,572751,Preschool,1,Married-civ-spouse,Craft-repair,Husband,White,Male,0,0,40,Nicaragua,0
30,Private,369027,HS-grad,9,Married-civ-spouse,Transport-moving,Husband,Black,Male,0,0,45,United-States,0
40,Self-emp-not-inc,27242,HS-grad,9,Married-civ-spouse,Farming-fishing,Husband,White,Male,0,0,84,United-States,0
45,Private,301802,Bachelors,13,Married-civ-spouse,Transport-moving,Husband,White,Male,0,0,50,United-States,1
52,Self-emp-not-inc,289436,Doctorate,16,Married-civ-spouse,Prof-specialty,Husband,White,Male,0,0,60,United-States,1
42,Self-emp-not-inc,214242,Prof-school,15,Married-civ-spouse,Prof-specialty,Husband,White,Male,0,1902,50,United-States,1
25,Private,40915,Bachelors,13,Never-married,Exec-managerial,Not-in-family,White,Female,0,0,40,United-States,1
55,Private,377061,Bachelors,13,Married-civ-spouse,Protective-serv,Husband,White,Male,0,0,40,United-States,1
47,Self-emp-inc,206947,Assoc-acdm,12,Widowed,Exec-managerial,Not-in-family,White,Female,0,0,67,United-States,0
37,Local-gov,223020,Assoc-voc,11,Never-married,Other-service,Unmarried,Black,Female,0,0,32,United-States,0
59,Private,153484,Bachelors,13,Married-civ-spouse,Craft-repair,Husband,White,Male,15024,0,50,United-States,1
23,Private,210797,Some-college,10,Married-civ-spouse,Craft-repair,Husband,White,Male,0,0,40,United-States,0
50,Private,153931,HS-grad,9,Divorced,Adm-clerical,Not-in-family,White,Female,0,0,40,United-States,0
59,Federal-gov,190541,HS-grad,9,Married-civ-spouse,Craft-repair,Husband,White,Male,0,0,40,United-States,1
68,Private,154897,HS-grad,9,Never-married,Sales,Not-in-family,White,Female,0,0,30,United-States,0
24,Private,175254,Some-college,10,Never-married,Transport-moving,Not-in-family,Black,Male,0,0,40,United-States,0
37,Self-emp-not-inc,184655,HS-grad,9,Never-married,Craft-repair,Not-in-family,White,Male,0,0,35,United-States,0
48,Private,161187,HS-grad,9,Never-married,Adm-clerical,Not-in-family,White,Female,2463,0,40,United-States,0
30,Private,426431,Masters,14,Never-married,Prof-specialty,Not-in-family,White,Male,10520,0,40,United-States,1
23,Private,214227,Assoc-voc,11,Divorced,Adm-clerical,Not-in-family,White,Female,0,0,30,United-States,0
30,Private,136651,5th-6th,3,Married-civ-spouse,Craft-repair,Husband,White,Male,0,0,40,Mexico,0
28,Private,181291,Bachelors,13,Never-married,Exec-managerial,Not-in-family,White,Female,0,1564,50,United-States,1
19,Private,225775,Some-college,10,Never-married,Adm-clerical,Not-in-family,White,Male,0,0,40,United-States,0
27,Local-gov,322208,Some-college,10,Never-married,Transport-moving,Own-child,White,Male,0,0,40,United-States,0
59,Self-emp-not-inc,170411,7th-8th,4,Married-civ-spouse,Transport-moving,Husband,White,Male,0,0,40,United-States,0
34,Private,424988,HS-grad,9,Married-civ-spouse,Craft-repair,Husband,White,Male,0,0,45,United-States,0
30,Private,161572,HS-grad,9,Married-civ-spouse,Other-service,Wife,White,Female,0,0,45,United-States,0
44,Private,181762,Bachelors,13,Married-civ-spouse,Transport-moving,Husband,White,Male,15024,0,55,United-States,1
56,Private,282023,HS-grad,9,Married-civ-spouse,Adm-clerical,Husband,White,Male,0,0,40,United-States,0
17,Private,172050,11th,7,Never-married,Handlers-cleaners,Own-child,White,Male,0,0,16,United-States,0
42,Private,180032,Masters,14,Never-married,Prof-specialty,Not-in-family,White,Female,0,0,40,United-States,0
21,Private,319163,Some-college,10,Never-married,Transport-moving,Own-child,Black,Male,0,0,40,United-States,0
35,Private,82552,Assoc-acdm,12,Married-civ-spouse,Tech-support,Husband,White,Male,0,0,40,United-States,0
34,Private,195136,Bachelors,13,Married-civ-spouse,Prof-specialty,Wife,White,Female,0,1887,40,United-States,1
34,Self-emp-not-inc,260560,HS-grad,9,Never-married,Craft-repair,Not-in-family,White,Male,0,0,50,United-States,0
70,Self-emp-inc,379819,Some-college,10,Married-civ-spouse,Sales,Husband,White,Male,10566,0,40,United-States,0
37,Private,69481,HS-grad,9,Divorced,Machine-op-inspct,Not-in-family,White,Male,0,0,40,United-States,0
38,Self-emp-not-inc,257250,HS-grad,9,Never-married,Farming-fishing,Not-in-family,White,Male,0,0,52,United-States,0
45,Private,248993,HS-grad,9,Married-spouse-absent,Farming-fishing,Other-relative,Black,Male,0,0,40,United-States,0
33,Self-emp-not-inc,359428,HS-grad,9,Married-civ-spouse,Sales,Husband,White,Male,0,0,60,United-States,0
51,Self-emp-not-inc,160724,Bachelors,13,Married-civ-spouse,Sales,Husband,Asian-Pac-Islander,Male,0,2415,40,China,1
20,Private,227626,HS-grad,9,Married-civ-spouse,Adm-clerical,Husband,White,Male,0,0,60,United-States,0
32,Private,321313,Masters,14,Never-married,Sales,Own-child,Black,Male,0,0,40,United-States,0
38,Private,175232,HS-grad,9,Married-civ-spouse,Machine-op-inspct,Husband,White,Male,0,0,48,United-States,0
36,Private,218689,Masters,14,Married-civ-spouse,Sales,Husband,White,Male,0,1977,50,United-States,1
52,Private,284329,Some-college,10,Married-civ-spouse,Craft-repair,Husband,White,Male,0,0,45,United-States,1
48,Private,119471,Doctorate,16,Married-civ-spouse,Prof-specialty,Husband,Asian-Pac-Islander,Male,0,0,40,India,1
32,Private,209808,Some-college,10,Married-civ-spouse,Sales,Husband,White,Male,0,1740,47,United-States,0
41,Private,22201,Bachelors,13,Married-civ-spouse,Exec-managerial,Husband,Asian-Pac-Islander,Male,0,0,40,Japan,1
47,State-gov,199512,Bachelors,13,Married-civ-spouse,Exec-managerial,Husband,White,Male,0,0,40,United-States,1
35,Private,64922,Bachelors,13,Married-civ-spouse,Exec-managerial,Husband,White,Male,7688,0,50,United-States,1
19,Private,189574,HS-grad,9,Never-married,Other-service,Not-in-family,White,Female,0,0,30,United-States,0
26,Private,106548,HS-grad,9,Married-civ-spouse,Craft-repair,Husband,White,Male,0,0,50,United-States,0
25,Private,285367,HS-grad,9,Divorced,Other-service,Not-in-family,White,Male,0,0,50,United-States,0
35,Private,176123,10th,6,Married-civ-spouse,Other-service,Husband,Asian-Pac-Islander,Male,0,0,60,India,0
29,Private,67218,Bachelors,13,Married-civ-spouse,Prof-specialty,Husband,White,Male,0,0,40,United-States,1
42,Private,136986,Bachelors,13,Married-civ-spouse,Exec-managerial,Husband,White,Male,0,0,40,United-States,1
32,Private,281384,HS-grad,9,Married-AF-spouse,Other-service,Other-relative,White,Female,0,0,10,United-States,0
33,Federal-gov,94193,HS-grad,9,Divorced,Adm-clerical,Unmarried,White,Female,0,0,40,United-States,0
54,Private,93605,HS-grad,9,Married-civ-spouse,Sales,Husband,White,Male,0,1848,40,United-States,1
24,Private,278130,Assoc-voc,11,Never-married,Machine-op-inspct,Not-in-family,White,Male,0,0,40,United-States,0
57,Self-emp-not-inc,264148,HS-grad,9,Married-civ-spouse,Farming-fishing,Husband,White,Male,0,0,45,United-States,0
21,Private,257781,Some-college,10,Never-married,Craft-repair,Own-child,White,Male,0,1719,30,United-States,0
21,Private,216672,HS-grad,9,Married-civ-spouse,Craft-repair,Husband,White,Male,0,0,40,United-States,0
23,Private,177787,Bachelors,13,Never-married,Sales,Own-child,White,Female,0,0,30,England,0
19,Private,184737,HS-grad,9,Never-married,Other-service,Own-child,White,Female,0,1721,40,United-States,0
23,Private,314539,HS-grad,9,Married-civ-spouse,Sales,Husband,White,Male,0,0,40,United-States,0
56,Private,244605,HS-grad,9,Married-civ-spouse,Craft-repair,Husband,White,Male,0,0,40,United-States,0
40,Private,220589,Assoc-acdm,12,Never-married,Adm-clerical,Not-in-family,White,Female,0,0,40,United-States,0
68,Private,144137,Some-college,10,Divorced,Priv-house-serv,Other-relative,White,Female,0,0,30,United-States,0
50,Private,172511,Some-college,10,Married-civ-spouse,Craft-repair,Husband,White,Male,0,0,40,United-States,1
28,Private,124680,HS-grad,9,Never-married,Sales,Unmarried,White,Female,0,0,70,United-States,0
54,State-gov,123592,HS-grad,9,Separated,Adm-clerical,Unmarried,Black,Female,3887,0,35,United-States,0
26,Self-emp-not-inc,219897,Masters,14,Never-married,Prof-specialty,Not-in-family,White,Female,0,0,50,United-States,0
18,Private,123343,11th,7,Never-married,Sales,Not-in-family,White,Female,0,0,30,United-States,0
25,Private,316688,HS-grad,9,Never-married,Machine-op-inspct,Not-in-family,Black,Male,0,0,40,United-States,0
17,Private,193199,11th,7,Never-married,Sales,Unmarried,White,Female,0,0,12,Poland,0
44,Private,172475,HS-grad,9,Divorced,Adm-clerical,Not-in-family,Asian-Pac-Islander,Female,0,0,40,Vietnam,0
26,Private,38232,Bachelors,13,Never-married,Prof-specialty,Not-in-family,White,Male,0,0,50,United-States,0
27,Self-emp-not-inc,153546,Bachelors,13,Never-married,Prof-specialty,Own-child,White,Female,0,0,40,United-States,0
60,Local-gov,113658,Some-college,10,Married-civ-spouse,Adm-clerical,Wife,White,Female,0,0,35,United-States,0
49,Self-emp-not-inc,215096,9th,5,Divorced,Other-service,Not-in-family,White,Female,0,0,20,United-States,0
55,Private,116878,Doctorate,16,Married-civ-spouse,Prof-specialty,Husband,White,Male,15024,0,30,United-States,1
36,Private,185325,HS-grad,9,Never-married,Transport-moving,Not-in-family,White,Male,0,0,35,United-States,0
18,Private,231562,HS-grad,9,Never-married,Sales,Own-child,White,Female,0,0,33,United-States,0
43,Self-emp-not-inc,52498,Bachelors,13,Never-married,Prof-specialty,Unmarried,White,Female,0,0,50,United-States,0
39,Federal-gov,99146,Bachelors,13,Married-civ-spouse,Protective-serv,Husband,White,Male,0,1887,60,United-States,1
43,Private,96102,Masters,14,Married-spouse-absent,Exec-managerial,Not-in-family,White,Male,0,0,50,United-States,0
40,Private,222756,Some-college,10,Married-civ-spouse,Machine-op-inspct,Husband,White,Male,0,0,40,United-States,1
48,Private,25468,Masters,14,Divorced,Exec-managerial,Not-in-family,White,Male,99999,0,50,United-States,1
47,Local-gov,51579,Some-college,10,Married-civ-spouse,Protective-serv,Husband,White,Male,0,0,50,United-States,0
32,Private,184440,Some-college,10,Married-civ-spouse,Machine-op-inspct,Husband,White,Male,3464,0,40,United-States,0
43,Private,226902,HS-grad,9,Married-civ-spouse,Sales,Husband,White,Male,0,0,80,United-States,1
27,Private,198197,Bachelors,13,Never-married,Tech-support,Not-in-family,White,Male,0,0,45,United-States,0
21,Private,56582,11th,7,Never-married,Other-service,Own-child,White,Male,0,0,50,United-States,0
39,Self-emp-not-inc,208109,HS-grad,9,Married-civ-spouse,Transport-moving,Husband,White,Male,0,0,60,United-States,1
64,Private,149044,Masters,14,Married-civ-spouse,Prof-specialty,Husband,Asian-Pac-Islander,Male,0,2057,60,China,0
36,State-gov,205555,Prof-school,15,Divorced,Prof-specialty,Own-child,Asian-Pac-Islander,Female,0,0,40,Philippines,0
63,Private,76860,Bachelors,13,Married-civ-spouse,Protective-serv,Husband,Asian-Pac-Islander,Male,0,0,40,Philippines,1
65,Private,113323,Bachelors,13,Married-civ-spouse,Exec-managerial,Husband,White,Male,0,0,40,United-States,1
33,Private,292465,9th,5,Married-civ-spouse,Machine-op-inspct,Husband,White,Male,0,0,50,United-States,0
61,Private,191188,10th,6,Widowed,Farming-fishing,Unmarried,White,Male,0,0,20,United-States,0
26,Private,203492,HS-grad,9,Divorced,Craft-repair,Not-in-family,White,Male,0,0,40,United-States,0
33,Private,206051,HS-grad,9,Married-civ-spouse,Craft-repair,Husband,White,Male,0,0,40,United-States,0
38,Self-emp-not-inc,357962,9th,5,Divorced,Craft-repair,Not-in-family,White,Male,0,0,40,United-States,0
67,Private,247566,HS-grad,9,Married-civ-spouse,Protective-serv,Husband,White,Male,0,0,24,United-States,0
23,Private,33105,Some-college,10,Never-married,Handlers-cleaners,Own-child,Amer-Indian-Eskimo,Male,0,0,40,United-States,0
39,Local-gov,134367,HS-grad,9,Never-married,Adm-clerical,Own-child,White,Female,0,0,35,United-States,0
37,Private,179731,HS-grad,9,Never-married,Other-service,Unmarried,White,Female,0,0,35,United-States,0
35,Private,189240,Some-college,10,Divorced,Other-service,Unmarried,Black,Female,0,0,40,United-States,0
65,State-gov,209280,Masters,14,Married-civ-spouse,Prof-specialty,Husband,White,Male,6514,0,35,United-States,1
34,Private,204461,Doctorate,16,Married-civ-spouse,Prof-specialty,Husband,White,Male,0,0,60,United-States,1
43,Private,177905,HS-grad,9,Married-civ-spouse,Handlers-cleaners,Husband,White,Male,3908,0,40,United-States,0
41,Private,106900,Bachelors,13,Married-civ-spouse,Tech-support,Husband,White,Male,0,1902,42,United-States,1
28,Private,209205,Masters,14,Married-civ-spouse,Prof-specialty,Husband,White,Male,0,0,45,United-States,1
38,Private,102178,HS-grad,9,Married-civ-spouse,Transport-moving,Husband,White,Male,0,0,50,United-States,0
36,Private,24106,HS-grad,9,Married-civ-spouse,Craft-repair,Husband,White,Male,3103,0,40,United-States,1
19,Private,148392,HS-grad,9,Never-married,Adm-clerical,Own-child,White,Male,0,0,30,United-States,0
49,Private,30219,HS-grad,9,Divorced,Craft-repair,Not-in-family,White,Male,0,1669,40,United-States,0
33,Local-gov,147654,Assoc-voc,11,Married-civ-spouse,Prof-specialty,Husband,White,Male,0,0,60,United-States,0
30,Private,103596,HS-grad,9,Never-married,Protective-serv,Not-in-family,White,Male,0,0,99,United-States,0
37,Private,220314,HS-grad,9,Divorced,Adm-clerical,Unmarried,White,Female,0,0,40,Mexico,0
70,Self-emp-inc,225780,Some-college,10,Married-civ-spouse,Exec-managerial,Husband,White,Male,0,0,20,United-States,1
24,Private,395297,Some-college,10,Never-married,Sales,Own-child,White,Female,0,0,35,United-States,0
19,Private,126501,11th,7,Never-married,Adm-clerical,Own-child,Amer-Indian-Eskimo,Female,0,0,15,South,0
24,Private,211391,10th,6,Never-married,Sales,Not-in-family,White,Female,0,0,15,United-States,0
44,Self-emp-inc,398473,Some-college,10,Married-civ-spouse,Sales,Husband,White,Male,0,0,70,United-States,1
30,Private,111567,HS-grad,9,Never-married,Craft-repair,Own-child,White,Male,0,0,48,United-States,0
51,Private,86373,Bachelors,13,Married-civ-spouse,Machine-op-inspct,Husband,White,Male,0,0,25,United-States,0
31,Private,186144,7th-8th,4,Never-married,Machine-op-inspct,Not-in-family,Other,Female,0,0,40,Mexico,0
38,Private,174717,Bachelors,13,Married-civ-spouse,Sales,Husband,White,Male,0,0,50,United-States,1
34,Private,101709,HS-grad,9,Separated,Transport-moving,Not-in-family,Asian-Pac-Islander,Male,0,0,40,United-States,0
29,Private,153805,HS-grad,9,Never-married,Machine-op-inspct,Other-relative,Other,Male,0,0,40,Ecuador,0
36,Private,129573,Assoc-acdm,12,Married-civ-spouse,Sales,Husband,White,Male,0,0,60,United-States,1
40,Private,353142,Some-college,10,Divorced,Machine-op-inspct,Unmarried,Black,Female,0,0,40,United-States,0
76,Private,208843,7th-8th,4,Widowed,Protective-serv,Not-in-family,White,Male,0,0,30,United-States,0
25,Private,208881,Bachelors,13,Married-civ-spouse,Prof-specialty,Husband,White,Male,0,0,60,United-States,0
31,Private,308540,Some-college,10,Married-civ-spouse,Craft-repair,Husband,White,Male,0,0,40,United-States,1
42,Self-emp-not-inc,303044,HS-grad,9,Married-civ-spouse,Farming-fishing,Husband,Asian-Pac-Islander,Male,0,0,40,Cambodia,1
48,Private,208748,5th-6th,3,Divorced,Machine-op-inspct,Unmarried,Other,Female,0,0,40,Dominican-Republic,0
28,Self-emp-not-inc,70100,Bachelors,13,Never-married,Prof-specialty,Not-in-family,White,Male,0,0,60,United-States,0
53,Private,200190,Assoc-acdm,12,Married-civ-spouse,Sales,Husband,White,Male,0,0,80,United-States,1
35,Private,116541,Masters,14,Never-married,Prof-specialty,Own-child,White,Male,0,0,44,United-States,1
20,Private,180052,Some-college,10,Never-married,Sales,Own-child,White,Male,0,0,20,United-States,0
64,Self-emp-not-inc,73986,7th-8th,4,Married-civ-spouse,Craft-repair,Husband,White,Male,0,0,20,United-States,0
25,Private,288519,Bachelors,13,Never-married,Adm-clerical,Not-in-family,White,Female,0,0,40,United-States,0
63,Self-emp-not-inc,27653,HS-grad,9,Married-civ-spouse,Farming-fishing,Husband,White,Male,0,0,35,United-States,0
50,State-gov,133014,Assoc-voc,11,Married-civ-spouse,Prof-specialty,Husband,White,Male,0,0,40,United-States,0
25,Private,234665,Assoc-voc,11,Married-civ-spouse,Craft-repair,Husband,White,Male,0,0,45,United-States,0
57,Private,108741,HS-grad,9,Married-civ-spouse,Exec-managerial,Wife,White,Female,0,0,40,United-States,0
34,Private,155151,Some-college,10,Married-civ-spouse,Craft-repair,Husband,White,Male,0,0,40,United-States,1
41,Private,194636,Bachelors,13,Married-civ-spouse,Exec-managerial,Husband,White,Male,0,0,60,United-States,1
73,Self-emp-not-inc,336007,HS-grad,9,Married-civ-spouse,Sales,Husband,White,Male,0,0,40,United-States,0
37,Self-emp-inc,98389,HS-grad,9,Married-civ-spouse,Exec-managerial,Husband,White,Male,0,0,50,United-States,1
23,Private,190290,Bachelors,13,Never-married,Prof-specialty,Own-child,White,Male,0,0,40,United-States,0
57,Private,217886,HS-grad,9,Widowed,Adm-clerical,Not-in-family,White,Female,0,0,36,United-States,0
28,Local-gov,336543,Assoc-acdm,12,Married-civ-spouse,Protective-serv,Husband,Asian-Pac-Islander,Male,0,0,40,Hong,1
30,Private,254905,HS-grad,9,Married-civ-spouse,Machine-op-inspct,Husband,White,Male,0,0,40,United-States,0
57,Local-gov,110417,HS-grad,9,Married-civ-spouse,Craft-repair,Husband,White,Male,99999,0,40,United-States,1
51,Private,175070,Assoc-acdm,12,Married-civ-spouse,Sales,Husband,White,Male,5178,0,45,United-States,1
31,Private,94235,Bachelors,13,Married-civ-spouse,Craft-repair,Husband,White,Male,0,0,46,United-States,0
23,Private,154210,Some-college,10,Never-married,Adm-clerical,Other-relative,Asian-Pac-Islander,Male,0,0,14,Puerto-Rico,0
33,Private,356823,Bachelors,13,Never-married,Prof-specialty,Not-in-family,White,Female,10520,0,45,United-States,1
46,Private,185291,11th,7,Married-civ-spouse,Handlers-cleaners,Husband,White,Male,0,0,45,United-States,1
18,Private,205218,11th,7,Never-married,Sales,Own-child,White,Female,0,0,20,United-States,0
40,Private,254167,10th,6,Separated,Transport-moving,Own-child,White,Male,0,0,35,United-States,0
30,Private,67187,HS-grad,9,Never-married,Handlers-cleaners,Own-child,Amer-Indian-Eskimo,Female,0,0,8,United-States,0
22,Self-emp-not-inc,32921,Some-college,10,Never-married,Farming-fishing,Own-child,White,Male,0,0,20,United-States,0
60,Local-gov,98350,Some-college,10,Married-civ-spouse,Other-service,Husband,Asian-Pac-Islander,Male,0,0,60,Philippines,0
40,Self-emp-inc,137367,Some-college,10,Married-civ-spouse,Exec-managerial,Husband,Asian-Pac-Islander,Male,0,0,50,China,0
34,Private,251421,HS-grad,9,Married-civ-spouse,Craft-repair,Husband,White,Male,0,0,40,United-States,0
39,Private,176296,HS-grad,9,Married-civ-spouse,Transport-moving,Husband,Black,Male,0,1887,40,United-States,1
57,Private,204751,Some-college,10,Married-civ-spouse,Craft-repair,Husband,White,Male,0,0,40,United-States,1
26,Private,58426,HS-grad,9,Married-civ-spouse,Prof-specialty,Husband,White,Male,0,0,50,United-States,0
21,Private,275421,Some-college,10,Never-married,Craft-repair,Own-child,White,Female,0,0,40,United-States,0
32,Self-emp-not-inc,241885,10th,6,Divorced,Craft-repair,Not-in-family,White,Male,0,0,40,United-States,0
67,Private,318533,HS-grad,9,Married-civ-spouse,Adm-clerical,Husband,White,Male,0,0,35,United-States,0
37,State-gov,173780,Some-college,10,Divorced,Prof-specialty,Unmarried,White,Female,0,0,30,United-States,0
52,Private,195638,HS-grad,9,Never-married,Other-service,Unmarried,White,Female,0,0,45,United-States,0
19,Private,319889,HS-grad,9,Never-married,Other-service,Own-child,White,Male,0,0,25,United-States,0
26,Private,169121,Bachelors,13,Married-civ-spouse,Sales,Husband,White,Male,0,0,48,United-States,1
23,State-gov,136075,Bachelors,13,Never-married,Prof-specialty,Not-in-family,White,Female,0,0,32,United-States,0
57,Self-emp-not-inc,184553,HS-grad,9,Married-civ-spouse,Craft-repair,Husband,White,Male,0,0,50,United-States,1
37,Private,171968,Assoc-voc,11,Married-civ-spouse,Adm-clerical,Husband,White,Male,0,0,40,United-States,0
26,Private,137367,Some-college,10,Never-married,Handlers-cleaners,Other-relative,Asian-Pac-Islander,Male,0,0,44,Philippines,0
35,Private,475324,Bachelors,13,Married-civ-spouse,Exec-managerial,Husband,White,Male,0,0,45,United-States,0
41,Private,213019,Assoc-voc,11,Married-civ-spouse,Tech-support,Wife,White,Female,0,0,38,United-States,1
42,Private,168515,Assoc-voc,11,Divorced,Prof-specialty,Not-in-family,White,Female,0,0,40,United-States,0
36,Private,83089,5th-6th,3,Married-civ-spouse,Machine-op-inspct,Husband,White,Male,7298,0,40,Mexico,1
24,Local-gov,461678,10th,6,Never-married,Other-service,Not-in-family,White,Male,0,0,40,United-States,0
48,Private,109275,Some-college,10,Married-civ-spouse,Exec-managerial,Husband,White,Male,0,0,40,United-States,0
49,Local-gov,202467,HS-grad,9,Married-civ-spouse,Protective-serv,Husband,White,Male,0,0,40,United-States,1
40,Private,111020,HS-grad,9,Separated,Machine-op-inspct,Not-in-family,White,Female,0,0,40,United-States,0
43,Private,188436,Prof-school,15,Divorced,Exec-managerial,Not-in-family,White,Male,0,0,40,United-States,0
61,Private,141745,HS-grad,9,Divorced,Other-service,Not-in-family,Black,Female,0,0,40,United-States,0
25,Private,511331,Bachelors,13,Never-married,Sales,Not-in-family,White,Male,0,0,38,United-States,0
29,Private,136077,HS-grad,9,Married-civ-spouse,Sales,Husband,White,Male,0,0,60,United-States,1
50,Self-emp-inc,158294,Prof-school,15,Married-civ-spouse,Prof-specialty,Husband,White,Male,99999,0,80,United-States,1
18,Private,74539,10th,6,Never-married,Sales,Not-in-family,White,Male,0,0,20,United-States,0
32,State-gov,542265,HS-grad,9,Never-married,Adm-clerical,Not-in-family,White,Female,0,0,40,United-States,0
36,Private,308945,HS-grad,9,Married-civ-spouse,Machine-op-inspct,Husband,White,Male,0,0,40,United-States,0
51,Private,215854,Bachelors,13,Divorced,Prof-specialty,Not-in-family,White,Female,0,0,50,United-States,0
30,Private,110643,Masters,14,Married-civ-spouse,Adm-clerical,Husband,White,Male,4386,0,40,United-States,1
59,Private,75867,Masters,14,Married-civ-spouse,Prof-specialty,Husband,White,Male,0,0,60,United-States,0
28,Private,175431,9th,5,Divorced,Prof-specialty,Not-in-family,Black,Female,0,0,40,United-States,0
36,Federal-gov,192443,Some-college,10,Never-married,Exec-managerial,Not-in-family,Black,Male,13550,0,40,United-States,1
47,Private,124973,Assoc-voc,11,Married-civ-spouse,Exec-managerial,Husband,White,Male,15024,0,50,United-States,1
69,Private,113035,1st-4th,2,Widowed,Priv-house-serv,Not-in-family,Black,Female,0,0,4,United-States,0
40,State-gov,26598,Bachelors,13,Divorced,Prof-specialty,Not-in-family,White,Male,0,0,40,United-States,0
24,Private,90934,Bachelors,13,Never-married,Sales,Own-child,Asian-Pac-Islander,Male,0,0,55,United-States,0
32,Private,262153,HS-grad,9,Married-civ-spouse,Machine-op-inspct,Husband,White,Male,0,0,40,United-States,0
17,Private,104232,10th,6,Never-married,Other-service,Own-child,White,Male,0,0,10,United-States,0
53,Private,167170,HS-grad,9,Widowed,Machine-op-inspct,Not-in-family,Black,Female,0,0,40,United-States,0
40,Private,212760,HS-grad,9,Divorced,Craft-repair,Not-in-family,White,Male,0,0,40,United-States,0
45,Private,197418,Some-college,10,Divorced,Adm-clerical,Not-in-family,White,Female,0,0,48,United-States,0
35,Local-gov,231180,HS-grad,9,Married-civ-spouse,Transport-moving,Husband,White,Male,0,0,45,United-States,0
38,Private,278924,Bachelors,13,Never-married,Farming-fishing,Not-in-family,White,Male,0,0,40,United-States,0
67,Self-emp-not-inc,124470,HS-grad,9,Married-civ-spouse,Farming-fishing,Husband,White,Male,0,0,60,United-States,0
25,Private,378322,HS-grad,9,Never-married,Craft-repair,Not-in-family,White,Male,0,2001,50,United-States,0
17,Private,193748,11th,7,Never-married,Sales,Own-child,White,Male,0,0,15,United-States,0
25,Private,86872,Bachelors,13,Married-civ-spouse,Exec-managerial,Husband,White,Male,0,0,55,United-States,1
29,Local-gov,152461,Bachelors,13,Never-married,Tech-support,Not-in-family,White,Female,0,0,42,United-States,0
23,Private,192812,Bachelors,13,Never-married,Tech-support,Own-child,White,Female,0,0,40,United-States,0
41,Private,187821,HS-grad,9,Married-civ-spouse,Machine-op-inspct,Husband,White,Male,2885,0,40,United-States,0
41,Federal-gov,57924,Some-college,10,Never-married,Protective-serv,Own-child,White,Male,0,0,40,United-States,0
22,Private,121471,11th,7,Never-married,Sales,Not-in-family,White,Female,0,0,40,United-States,0
25,Private,306352,Assoc-voc,11,Married-civ-spouse,Tech-support,Husband,White,Male,0,0,40,Mexico,0
52,Private,150393,Bachelors,13,Married-civ-spouse,Machine-op-inspct,Husband,White,Male,0,0,40,United-States,1
47,Private,168262,Bachelors,13,Never-married,Adm-clerical,Own-child,White,Male,0,0,40,United-States,0
38,Private,304651,HS-grad,9,Married-civ-spouse,Adm-clerical,Husband,White,Male,0,0,45,United-States,1
20,Private,151780,Assoc-voc,11,Never-married,Sales,Not-in-family,Black,Female,0,0,35,United-States,0
50,Private,171924,Bachelors,13,Married-civ-spouse,Prof-specialty,Husband,White,Male,0,0,43,United-States,1
26,Self-emp-inc,160340,HS-grad,9,Married-civ-spouse,Exec-managerial,Husband,White,Male,0,0,60,United-States,0
50,Private,187465,11th,7,Divorced,Sales,Not-in-family,White,Female,0,0,40,United-States,0
58,Private,151910,HS-grad,9,Widowed,Adm-clerical,Unmarried,White,Female,0,0,40,United-States,0
30,Private,337908,Assoc-acdm,12,Married-civ-spouse,Adm-clerical,Wife,Black,Female,0,0,20,United-States,0
44,Private,195545,HS-grad,9,Divorced,Machine-op-inspct,Own-child,Black,Female,0,0,40,United-States,0
51,Private,136224,Bachelors,13,Divorced,Adm-clerical,Not-in-family,White,Female,0,0,40,United-States,0
51,Private,171914,Bachelors,13,Married-civ-spouse,Prof-specialty,Husband,White,Male,0,0,50,United-States,1
42,Self-emp-not-inc,29962,Bachelors,13,Married-civ-spouse,Sales,Husband,White,Male,0,0,48,United-States,0
17,Private,175024,11th,7,Never-married,Handlers-cleaners,Own-child,White,Male,2176,0,18,United-States,0
43,Private,106760,HS-grad,9,Married-civ-spouse,Adm-clerical,Wife,White,Female,0,0,50,Canada,1
24,Private,153082,HS-grad,9,Never-married,Sales,Not-in-family,White,Male,0,0,30,United-States,0
44,Private,403782,Assoc-voc,11,Divorced,Sales,Not-in-family,White,Male,0,0,45,United-States,0
61,Private,128230,7th-8th,4,Married-civ-spouse,Sales,Husband,White,Male,0,0,50,United-States,1
51,Local-gov,134808,HS-grad,9,Widowed,Other-service,Unmarried,White,Female,0,0,40,United-States,0
86,Private,149912,Masters,14,Never-married,Adm-clerical,Not-in-family,White,Female,0,0,40,United-States,0
33,Private,69311,HS-grad,9,Never-married,Handlers-cleaners,Not-in-family,White,Male,0,0,40,United-States,0
53,Private,68898,Some-college,10,Married-civ-spouse,Tech-support,Husband,White,Male,0,0,40,United-States,0
28,Local-gov,263600,HS-grad,9,Married-civ-spouse,Protective-serv,Husband,White,Male,0,0,40,United-States,1
25,Private,219130,Some-college,10,Never-married,Other-service,Not-in-family,Other,Female,0,0,40,United-States,0
24,Private,200819,12th,8,Never-married,Sales,Not-in-family,White,Male,0,0,40,United-States,0
54,Private,378747,10th,6,Separated,Transport-moving,Unmarried,Black,Male,0,0,45,United-States,1
32,Private,190511,Some-college,10,Married-civ-spouse,Exec-managerial,Husband,White,Male,0,0,40,United-States,1
28,Private,375655,Bachelors,13,Never-married,Sales,Unmarried,White,Male,0,0,50,United-States,0
36,Self-emp-not-inc,122493,HS-grad,9,Married-civ-spouse,Craft-repair,Husband,White,Male,0,0,47,United-States,0
38,State-gov,34364,Masters,14,Divorced,Adm-clerical,Not-in-family,White,Female,0,0,40,United-States,0
41,Self-emp-not-inc,186909,Masters,14,Married-civ-spouse,Sales,Wife,White,Female,0,1902,35,United-States,1
21,State-gov,38251,Some-college,10,Never-married,Tech-support,Own-child,White,Female,0,0,20,United-States,0
26,Private,205036,HS-grad,9,Never-married,Handlers-cleaners,Not-in-family,White,Male,0,0,42,United-States,0
44,Self-emp-not-inc,325159,Some-college,10,Divorced,Farming-fishing,Unmarried,White,Male,0,0,40,United-States,0
33,Private,99309,Some-college,10,Divorced,Craft-repair,Unmarried,White,Male,0,0,50,United-States,0
31,Federal-gov,142470,Bachelors,13,Never-married,Exec-managerial,Not-in-family,Black,Female,0,0,40,United-States,0
28,Private,31493,Bachelors,13,Never-married,Craft-repair,Own-child,White,Male,0,0,40,United-States,1
38,Private,200220,HS-grad,9,Married-civ-spouse,Craft-repair,Husband,White,Male,0,0,40,United-States,0
52,Private,35576,HS-grad,9,Widowed,Craft-repair,Not-in-family,White,Male,0,0,40,United-States,0
50,Private,116287,Assoc-acdm,12,Married-civ-spouse,Adm-clerical,Husband,White,Male,0,0,60,Columbia,0
21,Private,232591,HS-grad,9,Never-married,Adm-clerical,Own-child,White,Male,0,0,40,United-States,0
30,Private,124187,HS-grad,9,Never-married,Farming-fishing,Own-child,Black,Male,0,0,60,United-States,0
30,Local-gov,99502,Assoc-voc,11,Divorced,Protective-serv,Unmarried,Amer-Indian-Eskimo,Female,0,0,40,United-States,0
25,Private,201737,Some-college,10,Divorced,Adm-clerical,Unmarried,White,Female,0,0,40,United-States,0
34,Federal-gov,190228,Bachelors,13,Married-civ-spouse,Protective-serv,Husband,White,Male,0,1902,48,United-States,1
23,Private,230824,Bachelors,13,Never-married,Prof-specialty,Not-in-family,White,Male,0,0,40,United-States,0
25,Private,112835,Bachelors,13,Never-married,Prof-specialty,Not-in-family,White,Male,0,0,40,United-States,0
44,Local-gov,231793,Doctorate,16,Married-spouse-absent,Prof-specialty,Unmarried,White,Female,0,0,38,United-States,0
80,Private,157778,Masters,14,Widowed,Prof-specialty,Not-in-family,White,Female,0,0,10,United-States,0
64,Local-gov,116620,Masters,14,Married-civ-spouse,Prof-specialty,Husband,White,Male,0,0,25,United-States,0
24,Private,216129,HS-grad,9,Never-married,Craft-repair,Own-child,White,Male,0,1408,50,United-States,0
25,Private,134821,HS-grad,9,Never-married,Adm-clerical,Own-child,White,Female,0,0,40,United-States,0
20,Private,163665,Some-college,10,Never-married,Transport-moving,Own-child,White,Female,0,0,17,United-States,0
23,Private,235894,11th,7,Married-civ-spouse,Exec-managerial,Husband,White,Male,0,0,55,United-States,0
36,Private,33001,HS-grad,9,Divorced,Farming-fishing,Unmarried,White,Male,0,0,50,United-States,0
68,Self-emp-not-inc,365020,HS-grad,9,Married-civ-spouse,Sales,Husband,White,Male,0,0,40,United-States,0
30,Private,248584,Some-college,10,Married-civ-spouse,Craft-repair,Husband,White,Male,0,0,40,United-States,0
30,Private,93884,Bachelors,13,Married-civ-spouse,Prof-specialty,Husband,White,Male,0,0,45,United-States,1
57,Private,70720,HS-grad,9,Married-civ-spouse,Other-service,Husband,White,Male,0,0,78,United-States,0
31,State-gov,29152,12th,8,Married-civ-spouse,Other-service,Wife,White,Female,0,0,40,United-States,0
24,Private,382146,Some-college,10,Never-married,Prof-specialty,Not-in-family,Black,Male,0,0,40,United-States,0
36,Private,183279,HS-grad,9,Married-civ-spouse,Craft-repair,Husband,White,Male,0,0,40,United-States,0
51,Local-gov,175750,HS-grad,9,Divorced,Transport-moving,Unmarried,Black,Male,0,0,40,United-States,0
32,Self-emp-inc,195447,Bachelors,13,Married-civ-spouse,Sales,Husband,White,Male,0,0,45,United-States,0
55,Local-gov,254949,HS-grad,9,Married-civ-spouse,Handlers-cleaners,Husband,White,Male,0,0,40,United-States,0
35,Private,348690,Bachelors,13,Married-civ-spouse,Transport-moving,Husband,White,Male,0,0,40,United-States,0
40,Private,181265,Some-college,10,Married-civ-spouse,Craft-repair,Husband,White,Male,0,0,52,United-States,0
68,Private,73773,HS-grad,9,Widowed,Sales,Not-in-family,White,Female,0,0,24,United-States,0
64,Private,46087,Bachelors,13,Divorced,Exec-managerial,Not-in-family,White,Female,0,0,50,United-States,0
61,Private,40269,Some-college,10,Married-civ-spouse,Sales,Husband,White,Male,0,0,40,United-States,1
48,Private,185143,Masters,14,Married-civ-spouse,Exec-managerial,Husband,White,Male,0,0,40,United-States,0
43,Self-emp-inc,151089,HS-grad,9,Married-civ-spouse,Sales,Husband,White,Male,0,0,50,United-States,0
42,Private,29702,10th,6,Married-civ-spouse,Machine-op-inspct,Husband,White,Male,0,0,40,United-States,0
37,Private,140854,Bachelors,13,Married-civ-spouse,Exec-managerial,Husband,White,Male,0,0,50,United-States,1
55,Private,156430,Bachelors,13,Married-civ-spouse,Prof-specialty,Husband,White,Male,0,0,40,United-States,1
48,Federal-gov,96854,Some-college,10,Never-married,Adm-clerical,Not-in-family,White,Male,0,0,30,United-States,0
28,Private,274679,Masters,14,Never-married,Prof-specialty,Not-in-family,White,Male,0,0,50,United-States,0
19,State-gov,194260,Some-college,10,Never-married,Adm-clerical,Own-child,White,Female,0,0,15,United-States,0
75,Private,314209,Assoc-voc,11,Widowed,Adm-clerical,Not-in-family,White,Female,0,0,20,Columbia,0
72,Federal-gov,217864,HS-grad,9,Married-civ-spouse,Adm-clerical,Husband,White,Male,0,0,40,United-States,1
40,Private,123557,Some-college,10,Married-civ-spouse,Sales,Husband,White,Male,0,0,40,United-States,0
45,Private,185385,HS-grad,9,Married-civ-spouse,Machine-op-inspct,Husband,White,Male,0,0,40,United-States,0
50,Federal-gov,186272,Some-college,10,Married-civ-spouse,Exec-managerial,Husband,White,Male,0,0,40,United-States,0
68,Self-emp-not-inc,211584,Some-college,10,Married-civ-spouse,Sales,Husband,White,Male,0,0,40,United-States,1
36,Private,58602,5th-6th,3,Never-married,Other-service,Not-in-family,White,Male,0,0,35,United-States,0
35,Private,30916,HS-grad,9,Married-civ-spouse,Transport-moving,Husband,White,Male,0,0,50,United-States,1
39,Local-gov,287031,Masters,14,Married-civ-spouse,Prof-specialty,Husband,White,Male,0,0,45,United-States,1
47,State-gov,120429,Doctorate,16,Married-civ-spouse,Prof-specialty,Husband,White,Male,15024,0,50,United-States,1
59,Private,177120,9th,5,Married-civ-spouse,Other-service,Husband,White,Male,0,0,40,United-States,0
29,Private,146343,HS-grad,9,Never-married,Other-service,Unmarried,Black,Female,0,0,25,United-States,0
37,Private,259882,Assoc-voc,11,Never-married,Sales,Unmarried,Black,Female,0,0,6,United-States,0
43,Private,160674,HS-grad,9,Divorced,Exec-managerial,Unmarried,White,Female,0,0,40,United-States,0
33,Private,69748,HS-grad,9,Married-civ-spouse,Exec-managerial,Wife,White,Female,0,0,40,United-States,0
41,Self-emp-not-inc,287037,HS-grad,9,Married-civ-spouse,Prof-specialty,Husband,White,Male,0,0,40,United-States,0
38,Private,32271,Some-college,10,Married-civ-spouse,Craft-repair,Husband,White,Male,0,0,40,United-States,0
28,Private,269786,HS-grad,9,Never-married,Transport-moving,Unmarried,White,Male,0,0,50,United-States,0
46,Private,110794,Some-college,10,Never-married,Adm-clerical,Not-in-family,White,Female,0,0,40,United-States,0
51,Private,101722,7th-8th,4,Married-civ-spouse,Exec-managerial,Husband,Amer-Indian-Eskimo,Male,3908,0,47,United-States,0
51,Private,154949,HS-grad,9,Widowed,Machine-op-inspct,Not-in-family,Black,Female,0,0,40,United-States,0
19,Private,358631,HS-grad,9,Never-married,Adm-clerical,Not-in-family,White,Male,0,0,25,United-States,0
37,Private,239397,10th,6,Married-civ-spouse,Machine-op-inspct,Husband,White,Male,0,0,40,Mexico,0
25,Private,281627,Masters,14,Never-married,Prof-specialty,Not-in-family,White,Female,0,0,40,United-States,0
27,Private,213152,Some-college,10,Never-married,Sales,Not-in-family,White,Male,0,0,40,United-States,0
40,Federal-gov,544792,Some-college,10,Married-civ-spouse,Farming-fishing,Husband,White,Male,0,0,40,United-States,0
32,Private,132601,Bachelors,13,Married-civ-spouse,Prof-specialty,Husband,White,Male,0,0,50,United-States,0
32,Private,79870,Some-college,10,Married-civ-spouse,Exec-managerial,Own-child,White,Female,2597,0,40,Japan,0
50,Local-gov,139296,11th,7,Never-married,Craft-repair,Unmarried,White,Male,0,0,40,United-States,0
45,Private,189802,Some-college,10,Divorced,Adm-clerical,Not-in-family,White,Female,0,0,40,United-States,0
61,Self-emp-not-inc,92178,11th,7,Married-civ-spouse,Other-service,Husband,White,Male,0,0,40,United-States,0
76,Local-gov,169133,Some-college,10,Widowed,Adm-clerical,Not-in-family,White,Female,0,0,30,United-States,0
38,Private,354739,Assoc-voc,11,Married-civ-spouse,Prof-specialty,Husband,Asian-Pac-Islander,Male,0,0,36,Philippines,1
52,State-gov,109600,Masters,14,Married-spouse-absent,Exec-managerial,Unmarried,White,Female,4787,0,44,United-States,1
58,Private,115605,Masters,14,Married-civ-spouse,Prof-specialty,Husband,White,Male,0,0,50,United-States,1
39,Self-emp-not-inc,363418,Bachelors,13,Separated,Craft-repair,Own-child,White,Male,0,0,35,United-States,0
31,State-gov,93589,HS-grad,9,Divorced,Protective-serv,Own-child,Other,Male,0,0,40,United-States,0
44,Self-emp-not-inc,197558,Prof-school,15,Married-civ-spouse,Prof-specialty,Husband,White,Male,0,0,70,United-States,1
45,Private,184581,HS-grad,9,Married-civ-spouse,Machine-op-inspct,Husband,White,Male,0,0,40,United-States,0
36,Private,226947,Bachelors,13,Married-civ-spouse,Prof-specialty,Husband,White,Male,0,0,40,United-States,1
40,Private,215596,Bachelors,13,Married-spouse-absent,Other-service,Not-in-family,Other,Male,0,0,40,Mexico,0
31,Self-emp-not-inc,119411,HS-grad,9,Never-married,Craft-repair,Own-child,White,Male,0,0,50,United-States,0
25,Private,138765,Bachelors,13,Never-married,Prof-specialty,Not-in-family,White,Male,0,0,20,United-States,0
50,Private,138270,HS-grad,9,Married-civ-spouse,Sales,Wife,Black,Female,0,0,40,United-States,0
20,Private,197997,Some-college,10,Never-married,Prof-specialty,Own-child,White,Male,0,0,40,United-States,0
37,Self-emp-not-inc,112497,Masters,14,Married-civ-spouse,Exec-managerial,Husband,White,Male,0,0,50,United-States,1
27,Private,221252,HS-grad,9,Never-married,Adm-clerical,Not-in-family,Amer-Indian-Eskimo,Female,0,0,8,United-States,0
42,Self-emp-not-inc,436107,Assoc-acdm,12,Married-civ-spouse,Transport-moving,Husband,White,Male,0,0,50,United-States,0
35,Private,314897,7th-8th,4,Married-civ-spouse,Craft-repair,Husband,White,Male,0,0,40,Puerto-Rico,0
23,Private,335067,Bachelors,13,Never-married,Sales,Not-in-family,White,Male,0,0,50,United-States,0
21,Private,115420,HS-grad,9,Married-civ-spouse,Craft-repair,Husband,White,Male,0,0,50,United-States,0
34,Private,265807,Some-college,10,Separated,Craft-repair,Not-in-family,White,Male,0,0,45,United-States,0
57,Private,103540,5th-6th,3,Married-civ-spouse,Transport-moving,Husband,Black,Male,0,0,50,United-States,0
44,Private,219288,7th-8th,4,Married-civ-spouse,Craft-repair,Husband,White,Male,0,0,35,United-States,0
35,Self-emp-inc,82051,Some-college,10,Married-civ-spouse,Sales,Wife,White,Female,0,0,40,United-States,0
35,Federal-gov,49657,Bachelors,13,Married-civ-spouse,Prof-specialty,Husband,White,Male,7298,0,40,United-States,1
43,Private,206833,HS-grad,9,Separated,Handlers-cleaners,Unmarried,Black,Female,0,0,45,United-States,0
74,State-gov,88638,Doctorate,16,Never-married,Prof-specialty,Other-relative,White,Female,0,3683,20,United-States,1
19,Private,292511,Some-college,10,Never-married,Other-service,Own-child,White,Male,0,0,25,United-States,0
23,Private,143062,HS-grad,9,Never-married,Sales,Own-child,White,Male,0,0,40,United-States,0
30,Local-gov,235271,Bachelors,13,Married-civ-spouse,Protective-serv,Husband,White,Male,0,0,40,United-States,1
40,Private,93955,Some-college,10,Married-civ-spouse,Prof-specialty,Wife,White,Female,0,0,40,United-States,0
29,Private,184078,HS-grad,9,Never-married,Other-service,Other-relative,White,Female,0,0,40,United-States,0
41,Local-gov,351350,Some-college,10,Divorced,Protective-serv,Unmarried,White,Female,0,0,40,United-States,0
22,Private,401762,HS-grad,9,Never-married,Adm-clerical,Not-in-family,White,Female,0,0,55,United-States,0
27,Private,177351,Bachelors,13,Never-married,Sales,Not-in-family,White,Male,0,0,45,United-States,0
38,Private,206535,Some-college,10,Divorced,Tech-support,Unmarried,White,Female,0,0,50,United-States,0
58,Private,234328,Bachelors,13,Divorced,Sales,Not-in-family,White,Male,0,0,40,United-States,0
17,Private,452406,11th,7,Never-married,Sales,Own-child,Black,Female,0,0,15,United-States,0
46,Private,91608,Bachelors,13,Married-civ-spouse,Adm-clerical,Husband,White,Male,0,0,40,United-States,1
46,Federal-gov,219293,HS-grad,9,Married-civ-spouse,Adm-clerical,Husband,Black,Male,0,0,80,United-States,1
29,Private,134566,Masters,14,Married-civ-spouse,Sales,Husband,White,Male,0,0,20,United-States,0
42,Self-emp-not-inc,201522,Bachelors,13,Married-civ-spouse,Sales,Husband,White,Male,0,0,60,United-States,0
39,Local-gov,132879,Bachelors,13,Married-civ-spouse,Prof-specialty,Husband,White,Male,0,1887,40,United-States,1
59,Private,116442,Some-college,10,Married-civ-spouse,Machine-op-inspct,Husband,White,Male,0,0,50,United-States,0
40,Private,283174,Assoc-voc,11,Married-civ-spouse,Farming-fishing,Husband,White,Male,0,0,60,United-States,0
21,Local-gov,309348,Some-college,10,Never-married,Adm-clerical,Not-in-family,White,Female,594,0,4,United-States,0
47,Private,140644,HS-grad,9,Married-civ-spouse,Exec-managerial,Husband,White,Male,0,0,40,United-States,1
48,Private,216093,Bachelors,13,Married-civ-spouse,Handlers-cleaners,Husband,White,Male,0,0,40,United-States,0
18,Private,184277,HS-grad,9,Never-married,Sales,Own-child,White,Female,0,0,25,United-States,0
23,Private,201682,Bachelors,13,Married-civ-spouse,Adm-clerical,Other-relative,White,Female,0,0,40,United-States,0
33,Private,219838,10th,6,Married-civ-spouse,Farming-fishing,Husband,White,Male,0,0,40,United-States,0
36,Federal-gov,192150,HS-grad,9,Divorced,Adm-clerical,Unmarried,White,Female,0,0,40,United-States,0
40,Private,436493,HS-grad,9,Never-married,Other-service,Own-child,White,Male,0,0,25,United-States,0
45,Private,170092,Some-college,10,Divorced,Other-service,Not-in-family,White,Female,0,0,50,United-States,0
18,Private,135924,Some-college,10,Never-married,Adm-clerical,Own-child,White,Male,0,0,40,United-States,0
33,Private,135312,Bachelors,13,Never-married,Prof-specialty,Not-in-family,White,Male,0,0,40,United-States,1
39,Federal-gov,235485,Assoc-acdm,12,Never-married,Exec-managerial,Not-in-family,White,Male,0,0,42,United-States,0
41,Private,125461,Some-college,10,Divorced,Craft-repair,Not-in-family,White,Male,0,0,40,United-States,1
34,Private,294064,Masters,14,Married-civ-spouse,Exec-managerial,Husband,White,Male,0,0,50,France,0
43,Private,184099,Assoc-acdm,12,Married-civ-spouse,Transport-moving,Husband,White,Male,0,0,40,United-States,0
29,Private,29361,HS-grad,9,Never-married,Other-service,Not-in-family,White,Female,0,0,38,United-States,0
24,Private,223367,11th,7,Never-married,Craft-repair,Unmarried,White,Male,0,0,40,United-States,0
62,Private,103344,Bachelors,13,Widowed,Exec-managerial,Not-in-family,White,Male,10520,0,50,United-States,1
45,Private,371886,Bachelors,13,Never-married,Prof-specialty,Not-in-family,White,Male,0,0,46,United-States,0
53,Local-gov,132304,Some-college,10,Divorced,Adm-clerical,Not-in-family,White,Female,0,0,40,United-States,0
63,Private,149756,Assoc-acdm,12,Divorced,Exec-managerial,Not-in-family,White,Male,0,0,40,United-States,1
22,Private,199426,Some-college,10,Never-married,Sales,Not-in-family,White,Female,0,0,17,United-States,0
54,Self-emp-not-inc,226735,HS-grad,9,Married-civ-spouse,Other-service,Husband,Black,Male,0,0,45,United-States,0
46,Private,104632,HS-grad,9,Married-civ-spouse,Machine-op-inspct,Husband,Asian-Pac-Islander,Male,0,0,40,Cambodia,1
23,Private,211527,Some-college,10,Never-married,Handlers-cleaners,Own-child,White,Male,0,0,60,United-States,0
22,Private,123876,Some-college,10,Never-married,Other-service,Own-child,White,Female,0,0,20,United-States,0
38,Self-emp-inc,275223,Bachelors,13,Married-civ-spouse,Sales,Husband,White,Male,7688,0,40,United-States,1
46,Private,72896,Some-college,10,Married-civ-spouse,Exec-managerial,Husband,White,Male,0,0,50,United-States,0
24,Private,216867,10th,6,Never-married,Other-service,Other-relative,White,Male,0,0,30,Mexico,0
34,Private,379798,Masters,14,Married-civ-spouse,Exec-managerial,Husband,White,Male,0,0,40,United-States,1
28,Private,192384,Bachelors,13,Married-civ-spouse,Sales,Husband,White,Male,0,0,40,United-States,1
49,Private,199448,Assoc-voc,11,Divorced,Sales,Unmarried,White,Female,0,0,40,United-States,0
25,Private,111058,Assoc-acdm,12,Never-married,Exec-managerial,Own-child,White,Male,0,0,40,United-States,0
49,Private,175958,Some-college,10,Married-civ-spouse,Sales,Husband,White,Male,0,0,80,United-States,1
20,Private,238384,HS-grad,9,Never-married,Sales,Not-in-family,White,Female,0,0,30,United-States,0
45,Federal-gov,88564,Some-college,10,Married-civ-spouse,Exec-managerial,Husband,White,Male,7688,0,40,United-States,1
49,Private,298130,7th-8th,4,Married-civ-spouse,Machine-op-inspct,Husband,White,Male,0,0,40,United-States,0
31,Self-emp-not-inc,113364,HS-grad,9,Divorced,Craft-repair,Not-in-family,White,Male,0,0,60,United-States,0
25,Private,485496,HS-grad,9,Never-married,Machine-op-inspct,Not-in-family,Black,Female,0,0,40,United-States,0
18,Private,20057,7th-8th,4,Never-married,Other-service,Other-relative,Asian-Pac-Islander,Female,0,0,40,Philippines,0
46,Private,155489,Masters,14,Married-civ-spouse,Exec-managerial,Husband,White,Male,0,0,50,United-States,1
57,Self-emp-not-inc,123778,HS-grad,9,Married-civ-spouse,Sales,Husband,White,Male,0,0,48,United-States,0
37,Federal-gov,188069,Some-college,10,Married-civ-spouse,Adm-clerical,Husband,White,Male,0,0,40,Philippines,1
29,Local-gov,329426,HS-grad,9,Never-married,Protective-serv,Not-in-family,White,Male,0,0,40,United-States,0
31,Private,147215,12th,8,Divorced,Other-service,Unmarried,White,Female,0,0,21,United-States,0
17,Private,327127,11th,7,Never-married,Transport-moving,Own-child,White,Male,0,0,20,United-States,0
31,State-gov,78291,Bachelors,13,Never-married,Prof-specialty,Not-in-family,White,Female,0,0,40,United-States,0
29,Private,31935,HS-grad,9,Divorced,Prof-specialty,Not-in-family,White,Female,0,0,40,United-States,0
31,Private,217460,HS-grad,9,Divorced,Craft-repair,Not-in-family,White,Male,0,0,45,United-States,0
29,Local-gov,302422,Assoc-voc,11,Never-married,Protective-serv,Not-in-family,White,Male,0,1564,56,United-States,1
41,Self-emp-not-inc,227065,Some-college,10,Separated,Craft-repair,Not-in-family,White,Male,0,0,40,United-States,0
41,Private,216461,Some-college,10,Divorced,Adm-clerical,Own-child,Black,Female,0,0,40,United-States,0
19,Self-emp-not-inc,342384,11th,7,Married-civ-spouse,Craft-repair,Own-child,White,Male,0,2129,55,United-States,0
64,Private,151540,11th,7,Widowed,Tech-support,Unmarried,White,Female,0,0,16,United-States,0
25,Local-gov,109526,HS-grad,9,Married-civ-spouse,Craft-repair,Husband,White,Male,0,0,38,United-States,0
25,Private,311124,Prof-school,15,Never-married,Prof-specialty,Not-in-family,White,Female,0,0,20,United-States,0
23,Private,112819,HS-grad,9,Never-married,Machine-op-inspct,Own-child,White,Male,0,0,40,United-States,0
31,Private,54929,Some-college,10,Divorced,Craft-repair,Not-in-family,White,Male,0,0,60,United-States,0
32,Self-emp-inc,45796,HS-grad,9,Married-civ-spouse,Exec-managerial,Husband,White,Male,0,0,45,United-States,0
46,Local-gov,162566,Masters,14,Divorced,Prof-specialty,Unmarried,White,Female,0,0,50,Canada,0
42,State-gov,167581,Bachelors,13,Never-married,Adm-clerical,Other-relative,White,Female,0,0,40,United-States,0
47,Private,34248,HS-grad,9,Married-civ-spouse,Adm-clerical,Husband,White,Male,0,0,38,United-States,0
30,Private,139012,Assoc-voc,11,Never-married,Adm-clerical,Other-relative,Asian-Pac-Islander,Male,2463,0,40,Vietnam,0
76,Private,124191,Masters,14,Married-civ-spouse,Exec-managerial,Husband,White,Male,0,0,40,United-States,1
44,Self-emp-not-inc,171424,Some-college,10,Divorced,Machine-op-inspct,Not-in-family,White,Male,0,2205,35,United-States,0
35,State-gov,140752,HS-grad,9,Married-civ-spouse,Craft-repair,Husband,White,Male,0,0,40,United-States,0
37,Private,113750,Bachelors,13,Married-civ-spouse,Handlers-cleaners,Husband,White,Male,0,0,40,United-States,0
22,Private,67234,HS-grad,9,Never-married,Handlers-cleaners,Unmarried,White,Male,0,0,45,United-States,0
30,Private,241583,Some-college,10,Married-civ-spouse,Machine-op-inspct,Husband,White,Male,0,0,40,United-States,0
46,Federal-gov,297906,Bachelors,13,Married-civ-spouse,Prof-specialty,Husband,Asian-Pac-Islander,Male,0,0,50,United-States,1
48,Private,128460,HS-grad,9,Married-civ-spouse,Craft-repair,Husband,White,Male,0,0,42,United-States,1
54,Private,35459,HS-grad,9,Never-married,Sales,Not-in-family,White,Male,0,0,40,United-States,0
51,Self-emp-inc,162943,Prof-school,15,Married-civ-spouse,Prof-specialty,Husband,White,Male,0,0,40,United-States,1
43,Local-gov,260696,Bachelors,13,Divorced,Prof-specialty,Unmarried,White,Female,0,0,55,United-States,0
27,Private,297296,HS-grad,9,Married-civ-spouse,Craft-repair,Husband,White,Male,0,0,40,United-States,0
61,Private,193479,HS-grad,9,Widowed,Adm-clerical,Unmarried,White,Female,0,0,24,United-States,0
24,Private,232841,HS-grad,9,Never-married,Other-service,Not-in-family,White,Male,0,0,35,United-States,0
55,Self-emp-inc,138594,HS-grad,9,Married-civ-spouse,Exec-managerial,Husband,White,Male,0,1977,45,United-States,1
64,Private,260082,12th,8,Married-civ-spouse,Craft-repair,Husband,White,Male,0,0,40,Columbia,0
61,Private,99784,Masters,14,Widowed,Prof-specialty,Not-in-family,White,Female,0,0,40,United-States,1
26,Private,252406,HS-grad,9,Separated,Adm-clerical,Unmarried,White,Female,0,0,40,United-States,0
30,Private,159442,HS-grad,9,Never-married,Other-service,Not-in-family,White,Female,0,0,40,Ireland,0
59,Private,232672,Masters,14,Married-civ-spouse,Exec-managerial,Husband,White,Male,0,0,40,United-States,1
40,Private,130571,HS-grad,9,Never-married,Other-service,Not-in-family,White,Female,0,0,40,United-States,0
54,Local-gov,172991,HS-grad,9,Married-civ-spouse,Transport-moving,Husband,White,Male,0,0,40,United-States,0
23,Private,132300,Bachelors,13,Never-married,Sales,Not-in-family,White,Female,0,0,40,United-States,0
42,Private,83411,Some-college,10,Divorced,Exec-managerial,Not-in-family,White,Male,0,1408,40,United-States,0
40,Private,164678,Assoc-acdm,12,Divorced,Prof-specialty,Unmarried,White,Female,0,0,32,United-States,0
50,Private,175029,HS-grad,9,Married-civ-spouse,Handlers-cleaners,Husband,White,Male,0,0,40,United-States,1
40,Private,137142,HS-grad,9,Married-civ-spouse,Sales,Husband,White,Male,0,0,60,United-States,0
43,Private,174325,7th-8th,4,Married-civ-spouse,Transport-moving,Husband,Black,Male,0,0,40,United-States,0
23,Private,180771,1st-4th,2,Married-civ-spouse,Machine-op-inspct,Wife,Amer-Indian-Eskimo,Female,0,0,35,Mexico,0
44,State-gov,199551,11th,7,Separated,Tech-support,Not-in-family,Black,Male,0,0,40,United-States,0
51,Self-emp-not-inc,85902,10th,6,Widowed,Transport-moving,Other-relative,White,Female,0,0,40,United-States,0
56,Local-gov,267763,HS-grad,9,Married-civ-spouse,Other-service,Husband,White,Male,0,0,40,United-States,0
46,Self-emp-not-inc,176863,HS-grad,9,Married-civ-spouse,Exec-managerial,Husband,White,Male,0,0,40,United-States,0
43,Self-emp-not-inc,160369,10th,6,Divorced,Farming-fishing,Unmarried,White,Male,0,0,25,United-States,0
24,Private,258700,5th-6th,3,Never-married,Farming-fishing,Other-relative,Black,Male,0,0,40,Mexico,0
48,Private,332465,Bachelors,13,Married-civ-spouse,Prof-specialty,Husband,White,Male,0,0,35,United-States,0
22,Private,195075,Some-college,10,Never-married,Other-service,Own-child,White,Female,0,0,38,United-States,0
39,Private,190728,HS-grad,9,Never-married,Adm-clerical,Not-in-family,White,Female,0,0,40,United-States,0
68,Self-emp-not-inc,89011,Doctorate,16,Married-civ-spouse,Prof-specialty,Husband,White,Male,0,0,50,Canada,0
47,Private,218435,HS-grad,9,Married-spouse-absent,Sales,Unmarried,White,Female,0,0,20,Cuba,0
33,Private,50276,Bachelors,13,Never-married,Exec-managerial,Not-in-family,White,Male,0,0,40,United-States,0
25,Private,189897,HS-grad,9,Married-civ-spouse,Craft-repair,Own-child,White,Male,0,0,40,United-States,0
45,Federal-gov,380127,Bachelors,13,Never-married,Exec-managerial,Not-in-family,White,Female,0,0,40,United-States,0
33,Private,221196,Some-college,10,Married-civ-spouse,Craft-repair,Husband,Black,Male,0,0,40,United-States,0
48,Private,172695,Assoc-voc,11,Divorced,Other-service,Own-child,White,Female,0,0,40,United-States,0
35,Private,49020,Masters,14,Married-civ-spouse,Exec-managerial,Husband,White,Male,0,0,60,United-States,1
19,Private,169758,Some-college,10,Never-married,Sales,Own-child,White,Male,0,0,35,United-States,0
40,Private,103474,HS-grad,9,Married-civ-spouse,Sales,Wife,White,Female,0,0,30,United-States,0
49,Private,163229,HS-grad,9,Divorced,Craft-repair,Not-in-family,White,Male,0,0,50,United-States,0
62,Local-gov,115763,Masters,14,Married-civ-spouse,Prof-specialty,Wife,White,Female,0,0,40,United-States,1
43,Private,152159,Bachelors,13,Married-civ-spouse,Machine-op-inspct,Husband,Black,Male,0,0,40,United-States,0
21,Private,313873,5th-6th,3,Never-married,Handlers-cleaners,Not-in-family,White,Male,0,0,40,Mexico,0
34,Private,107793,HS-grad,9,Married-civ-spouse,Craft-repair,Husband,White,Male,0,0,40,Germany,1
54,Self-emp-not-inc,46704,HS-grad,9,Married-civ-spouse,Farming-fishing,Husband,White,Male,0,0,60,United-States,1
60,Self-emp-not-inc,154474,HS-grad,9,Never-married,Farming-fishing,Unmarried,White,Male,0,0,42,United-States,0
40,Private,311534,HS-grad,9,Married-civ-spouse,Handlers-cleaners,Husband,White,Male,0,0,40,United-States,1
22,Private,197583,Bachelors,13,Never-married,Sales,Not-in-family,White,Female,0,0,20,United-States,0
46,Self-emp-not-inc,199596,Some-college,10,Divorced,Exec-managerial,Unmarried,White,Female,0,0,50,United-States,0
43,Federal-gov,214541,Some-college,10,Married-civ-spouse,Exec-managerial,Husband,White,Male,0,0,40,United-States,1
31,Local-gov,192565,Masters,14,Married-civ-spouse,Prof-specialty,Husband,White,Male,0,0,90,United-States,1
55,Self-emp-inc,141807,Bachelors,13,Married-civ-spouse,Sales,Husband,White,Male,0,0,60,United-States,1
36,Private,423711,HS-grad,9,Married-civ-spouse,Machine-op-inspct,Husband,White,Male,0,0,45,United-States,0
29,Private,89813,HS-grad,9,Married-civ-spouse,Machine-op-inspct,Wife,White,Female,0,0,40,Scotland,0
52,Private,48947,Some-college,10,Divorced,Adm-clerical,Unmarried,White,Female,0,0,45,United-States,0
21,Private,99199,HS-grad,9,Never-married,Machine-op-inspct,Own-child,White,Male,0,0,32,United-States,0
32,Private,164190,Some-college,10,Never-married,Exec-managerial,Own-child,White,Male,0,0,40,United-States,0
51,Private,162238,Masters,14,Married-civ-spouse,Exec-managerial,Husband,White,Male,0,1887,47,United-States,1
28,Private,350254,1st-4th,2,Never-married,Priv-house-serv,Not-in-family,White,Female,0,0,40,Mexico,0
17,Local-gov,195262,11th,7,Never-married,Craft-repair,Own-child,White,Male,0,0,35,United-States,0
40,Local-gov,34540,Masters,14,Divorced,Prof-specialty,Unmarried,White,Female,0,0,44,United-States,0
42,Self-emp-not-inc,177307,Prof-school,15,Married-civ-spouse,Farming-fishing,Husband,White,Male,0,0,65,United-States,1
36,Private,29984,12th,8,Married-civ-spouse,Transport-moving,Husband,White,Male,0,0,40,United-States,0
34,Self-emp-not-inc,49707,HS-grad,9,Married-civ-spouse,Exec-managerial,Husband,White,Male,0,0,70,United-States,0
45,Private,131826,Some-college,10,Married-civ-spouse,Handlers-cleaners,Husband,White,Male,0,0,40,United-States,0
23,Private,60331,Some-college,10,Never-married,Transport-moving,Not-in-family,White,Male,0,0,60,United-States,0
36,Private,193026,Bachelors,13,Married-civ-spouse,Sales,Husband,White,Male,0,0,40,United-States,1
44,Self-emp-inc,37997,HS-grad,9,Married-civ-spouse,Farming-fishing,Husband,White,Male,0,0,60,United-States,0
37,Federal-gov,448337,HS-grad,9,Never-married,Exec-managerial,Unmarried,Black,Female,0,0,40,United-States,0
35,Self-emp-inc,185621,Bachelors,13,Never-married,Exec-managerial,Not-in-family,White,Female,0,0,60,United-States,1
32,Local-gov,49325,7th-8th,4,Married-civ-spouse,Other-service,Husband,White,Male,0,0,40,United-States,0
21,Private,240063,Some-college,10,Never-married,Handlers-cleaners,Own-child,White,Male,0,0,25,United-States,0
40,Private,70761,Assoc-acdm,12,Never-married,Tech-support,Not-in-family,Black,Male,0,0,40,United-States,0
58,Private,147707,HS-grad,9,Married-civ-spouse,Exec-managerial,Husband,White,Male,15024,0,60,United-States,1
24,Private,241367,Some-college,10,Never-married,Other-service,Not-in-family,White,Male,0,0,40,United-States,0
59,Self-emp-not-inc,325732,HS-grad,9,Married-civ-spouse,Exec-managerial,Husband,White,Male,0,1902,52,United-States,1
50,Private,175804,HS-grad,9,Married-civ-spouse,Sales,Husband,White,Male,0,0,48,United-States,0
30,Private,340917,Masters,14,Married-civ-spouse,Exec-managerial,Husband,White,Male,15024,0,60,United-States,1
31,Private,227325,Some-college,10,Never-married,Craft-repair,Not-in-family,White,Male,0,0,40,United-States,0
56,State-gov,67662,Masters,14,Divorced,Prof-specialty,Not-in-family,White,Female,0,0,39,United-States,0
24,Private,121313,HS-grad,9,Married-civ-spouse,Adm-clerical,Husband,White,Male,0,0,40,United-States,0
44,Local-gov,433705,HS-grad,9,Married-civ-spouse,Protective-serv,Husband,White,Male,0,0,52,United-States,1
40,Private,205706,HS-grad,9,Married-civ-spouse,Exec-managerial,Wife,White,Female,0,0,40,United-States,0
39,Private,165848,HS-grad,9,Married-civ-spouse,Sales,Husband,White,Male,0,0,50,United-States,0
22,Private,147253,Some-college,10,Never-married,Other-service,Not-in-family,White,Male,0,0,15,United-States,0
62,Federal-gov,125155,HS-grad,9,Married-civ-spouse,Adm-clerical,Husband,White,Male,0,0,38,United-States,0
27,Private,241607,Bachelors,13,Never-married,Tech-support,Other-relative,White,Male,0,0,50,United-States,0
57,Local-gov,109973,HS-grad,9,Divorced,Other-service,Not-in-family,White,Female,0,0,40,United-States,0
32,Private,159589,HS-grad,9,Never-married,Handlers-cleaners,Own-child,White,Male,0,0,50,United-States,0
64,Private,180247,7th-8th,4,Married-civ-spouse,Craft-repair,Husband,Black,Male,0,0,40,United-States,0
20,Private,38772,10th,6,Never-married,Handlers-cleaners,Unmarried,White,Male,0,0,50,United-States,0
21,Private,294295,HS-grad,9,Never-married,Adm-clerical,Unmarried,White,Male,0,0,40,United-States,0
25,Private,441591,Bachelors,13,Never-married,Tech-support,Own-child,White,Male,0,0,40,United-States,0
42,Private,124692,Masters,14,Married-civ-spouse,Exec-managerial,Husband,White,Male,0,0,40,United-States,1
41,Local-gov,575442,Some-college,10,Divorced,Craft-repair,Not-in-family,White,Male,0,0,40,United-States,0
57,Local-gov,130532,Bachelors,13,Widowed,Prof-specialty,Not-in-family,White,Female,0,0,35,United-States,0
34,Self-emp-not-inc,100079,Bachelors,13,Married-civ-spouse,Sales,Husband,Asian-Pac-Islander,Male,0,0,55,India,0
59,Private,175290,7th-8th,4,Never-married,Other-service,Other-relative,White,Male,0,0,32,United-States,0
21,Private,68358,Some-college,10,Never-married,Sales,Own-child,White,Female,0,0,20,United-States,0
43,Local-gov,33331,Masters,14,Married-civ-spouse,Exec-managerial,Husband,White,Male,0,0,40,United-States,1
31,Local-gov,144949,HS-grad,9,Divorced,Craft-repair,Unmarried,White,Male,0,0,40,United-States,0
29,Private,355569,Assoc-voc,11,Never-married,Exec-managerial,Unmarried,White,Female,0,0,50,United-States,0
23,Private,156513,HS-grad,9,Never-married,Handlers-cleaners,Own-child,Black,Male,0,0,40,United-States,0
30,Private,124020,HS-grad,9,Married-spouse-absent,Adm-clerical,Not-in-family,White,Male,0,0,40,United-States,0
47,Self-emp-not-inc,192755,HS-grad,9,Married-civ-spouse,Machine-op-inspct,Wife,White,Female,0,0,20,United-States,1
34,Local-gov,90934,Assoc-voc,11,Divorced,Protective-serv,Own-child,Asian-Pac-Islander,Male,0,0,40,United-States,0
60,Private,40856,Assoc-voc,11,Married-civ-spouse,Craft-repair,Husband,White,Male,0,0,46,United-States,1
32,Private,294121,Assoc-acdm,12,Divorced,Machine-op-inspct,Not-in-family,White,Female,0,0,50,United-States,0
31,Private,369825,Bachelors,13,Never-married,Sales,Not-in-family,White,Male,4101,0,50,United-States,0
27,Private,160972,HS-grad,9,Married-civ-spouse,Craft-repair,Husband,White,Male,0,0,50,United-States,0
58,Private,132606,5th-6th,3,Divorced,Machine-op-inspct,Not-in-family,Black,Male,0,0,40,United-States,0
44,Local-gov,171589,Assoc-voc,11,Married-civ-spouse,Craft-repair,Husband,White,Male,7688,0,40,United-States,1
40,Self-emp-not-inc,162312,HS-grad,9,Married-civ-spouse,Craft-repair,Husband,Asian-Pac-Islander,Male,0,0,66,South,0
34,Self-emp-not-inc,226296,HS-grad,9,Married-civ-spouse,Prof-specialty,Husband,White,Male,0,0,51,United-States,0
30,State-gov,126414,Bachelors,13,Married-spouse-absent,Adm-clerical,Not-in-family,White,Male,0,0,40,United-States,0
52,Private,102828,HS-grad,9,Married-civ-spouse,Prof-specialty,Husband,White,Male,7688,0,40,United-States,1
35,Private,207568,10th,6,Never-married,Other-service,Own-child,White,Male,0,0,40,United-States,0
52,Private,173987,10th,6,Married-civ-spouse,Craft-repair,Husband,White,Male,0,0,40,United-States,0
22,Self-emp-inc,150683,HS-grad,9,Never-married,Machine-op-inspct,Own-child,White,Male,0,0,24,United-States,0
21,Private,180052,Some-college,10,Never-married,Transport-moving,Own-child,White,Male,0,0,30,United-States,0
30,Private,251411,Some-college,10,Divorced,Adm-clerical,Unmarried,White,Female,0,0,40,United-States,0
36,Private,213008,HS-grad,9,Divorced,Farming-fishing,Not-in-family,White,Male,0,0,40,United-States,0
33,Private,263561,HS-grad,9,Divorced,Craft-repair,Not-in-family,White,Male,0,0,60,United-States,0
37,Local-gov,118909,HS-grad,9,Divorced,Adm-clerical,Unmarried,Black,Female,0,0,35,United-States,0
38,Private,276559,HS-grad,9,Married-civ-spouse,Exec-managerial,Husband,White,Male,7688,0,70,United-States,1
32,Private,171215,Some-college,10,Divorced,Adm-clerical,Not-in-family,White,Male,0,0,48,United-States,0
41,Private,207578,HS-grad,9,Married-civ-spouse,Transport-moving,Husband,White,Male,0,0,40,United-States,1
25,Private,106491,HS-grad,9,Married-civ-spouse,Craft-repair,Husband,White,Male,0,0,48,United-States,0
44,Local-gov,60735,Bachelors,13,Divorced,Prof-specialty,Own-child,White,Female,0,0,60,United-States,0
34,Private,295855,11th,7,Divorced,Other-service,Not-in-family,White,Female,0,0,70,United-States,0
20,Private,344394,Some-college,10,Never-married,Other-service,Not-in-family,White,Female,0,0,30,United-States,0
45,Self-emp-not-inc,188694,HS-grad,9,Married-civ-spouse,Exec-managerial,Husband,White,Male,0,0,40,United-States,0
31,Private,49923,HS-grad,9,Married-civ-spouse,Transport-moving,Husband,White,Male,0,0,40,United-States,0
23,Private,376416,HS-grad,9,Never-married,Transport-moving,Own-child,White,Male,0,0,40,United-States,0
54,Private,169785,Some-college,10,Divorced,Exec-managerial,Not-in-family,White,Female,0,0,40,Italy,0
66,Private,126511,Some-college,10,Married-civ-spouse,Exec-managerial,Husband,White,Male,0,0,45,United-States,0
45,Private,104521,Some-college,10,Married-civ-spouse,Craft-repair,Husband,White,Male,0,0,40,United-States,0
20,Private,190429,Some-college,10,Never-married,Other-service,Not-in-family,White,Female,0,0,40,United-States,0
64,Private,180401,10th,6,Married-civ-spouse,Transport-moving,Husband,White,Male,0,0,40,United-States,1
35,Local-gov,190226,HS-grad,9,Never-married,Protective-serv,Own-child,White,Male,0,0,40,United-States,0
31,Private,262024,HS-grad,9,Married-civ-spouse,Machine-op-inspct,Husband,Black,Male,0,0,40,United-States,0
60,Private,156616,HS-grad,9,Widowed,Other-service,Unmarried,Black,Female,0,0,40,United-States,0
32,Private,30271,Some-college,10,Divorced,Exec-managerial,Unmarried,White,Female,0,0,30,United-States,0
38,Private,177121,Some-college,10,Separated,Other-service,Not-in-family,White,Female,0,0,58,United-States,0
28,Private,137898,HS-grad,9,Married-civ-spouse,Machine-op-inspct,Wife,White,Female,0,0,40,United-States,0
45,Private,246891,Bachelors,13,Married-civ-spouse,Exec-managerial,Husband,White,Male,0,0,72,Canada,1
50,Private,164198,Assoc-acdm,12,Married-civ-spouse,Handlers-cleaners,Husband,Black,Male,15024,0,45,United-States,1
30,Private,347132,Some-college,10,Never-married,Machine-op-inspct,Not-in-family,Black,Female,0,0,40,United-States,0
23,Private,239375,Bachelors,13,Never-married,Machine-op-inspct,Own-child,White,Male,0,0,40,United-States,0
22,Private,127185,9th,5,Never-married,Machine-op-inspct,Not-in-family,White,Female,0,0,40,United-States,0
23,Private,209034,HS-grad,9,Married-civ-spouse,Machine-op-inspct,Wife,White,Female,3942,0,40,United-States,0
26,Private,112754,Assoc-voc,11,Married-civ-spouse,Craft-repair,Husband,White,Male,0,0,65,United-States,1
25,Private,352806,HS-grad,9,Divorced,Other-service,Not-in-family,White,Female,0,0,40,Mexico,0
35,Private,100375,10th,6,Divorced,Craft-repair,Not-in-family,White,Male,0,0,60,United-States,0
56,Private,169133,HS-grad,9,Married-civ-spouse,Other-service,Husband,White,Male,0,0,50,Yugoslavia,0
34,Private,265807,HS-grad,9,Married-civ-spouse,Transport-moving,Husband,White,Male,0,2051,55,United-States,0
39,State-gov,179668,Some-college,10,Married-civ-spouse,Protective-serv,Husband,White,Male,0,0,70,United-States,0
26,Private,290286,HS-grad,9,Never-married,Craft-repair,Not-in-family,Black,Male,0,0,40,United-States,0
43,Federal-gov,347720,Bachelors,13,Never-married,Tech-support,Not-in-family,White,Male,0,0,50,United-States,0
25,Private,148460,HS-grad,9,Never-married,Adm-clerical,Own-child,Black,Female,4416,0,40,Puerto-Rico,0
33,Local-gov,43959,Masters,14,Married-civ-spouse,Prof-specialty,Husband,White,Male,7688,0,50,United-States,1
31,Private,196788,HS-grad,9,Married-civ-spouse,Adm-clerical,Wife,White,Female,0,0,40,United-States,0
23,Private,45317,Some-college,10,Separated,Sales,Own-child,White,Female,0,0,40,United-States,0
34,Private,39609,Assoc-voc,11,Divorced,Adm-clerical,Unmarried,White,Female,0,0,40,United-States,0
26,State-gov,287420,Bachelors,13,Never-married,Prof-specialty,Not-in-family,White,Female,0,0,60,United-States,0
22,Self-emp-not-inc,210165,Some-college,10,Never-married,Craft-repair,Not-in-family,White,Male,0,0,40,United-States,0
38,Private,123833,Some-college,10,Never-married,Other-service,Not-in-family,White,Male,0,1408,40,United-States,0
45,Private,112761,HS-grad,9,Divorced,Machine-op-inspct,Unmarried,White,Female,0,0,40,United-States,0
42,Private,121718,Some-college,10,Married-civ-spouse,Adm-clerical,Husband,White,Male,0,0,40,Germany,0
61,Private,128230,HS-grad,9,Married-civ-spouse,Prof-specialty,Husband,White,Male,0,0,30,United-States,0
20,Private,39478,Some-college,10,Never-married,Machine-op-inspct,Not-in-family,White,Male,0,0,70,United-States,0
19,Private,243941,Some-college,10,Never-married,Sales,Own-child,Amer-Indian-Eskimo,Female,0,1721,25,United-States,0
28,Private,201861,Some-college,10,Married-civ-spouse,Machine-op-inspct,Husband,White,Male,0,0,45,United-States,0
80,Private,86111,Doctorate,16,Married-civ-spouse,Prof-specialty,Husband,White,Male,0,0,30,United-States,0
31,Private,345122,Prof-school,15,Divorced,Prof-specialty,Not-in-family,White,Male,14084,0,50,United-States,1
30,Private,149531,Some-college,10,Married-civ-spouse,Sales,Husband,White,Male,0,0,40,United-States,0
31,Private,273818,Some-college,10,Married-civ-spouse,Other-service,Husband,White,Male,0,0,55,Mexico,0
50,Local-gov,172175,Prof-school,15,Married-civ-spouse,Prof-specialty,Husband,White,Male,0,0,40,United-States,1
39,Private,164733,Some-college,10,Divorced,Adm-clerical,Not-in-family,White,Female,0,0,45,United-States,0
38,Private,187069,HS-grad,9,Married-civ-spouse,Transport-moving,Husband,White,Male,0,0,45,United-States,0
41,Private,299505,HS-grad,9,Separated,Craft-repair,Not-in-family,Black,Male,0,0,40,United-States,0
18,Private,91525,HS-grad,9,Never-married,Sales,Other-relative,White,Male,0,0,25,United-States,0
29,Local-gov,132412,Bachelors,13,Never-married,Handlers-cleaners,Own-child,White,Male,0,0,40,United-States,0
31,Private,651396,HS-grad,9,Never-married,Sales,Own-child,White,Female,0,1594,30,United-States,0
59,Private,348430,Bachelors,13,Married-civ-spouse,Prof-specialty,Husband,White,Male,0,1902,43,United-States,1
26,Private,209942,HS-grad,9,Never-married,Handlers-cleaners,Own-child,Black,Male,0,0,40,United-States,0
45,Private,202496,Bachelors,13,Married-civ-spouse,Handlers-cleaners,Husband,White,Male,0,0,37,United-States,0
25,Private,209230,HS-grad,9,Never-married,Other-service,Own-child,White,Female,0,0,6,United-States,0
33,Private,213813,Some-college,10,Divorced,Tech-support,Unmarried,White,Female,0,0,40,United-States,0
56,Private,191917,Assoc-acdm,12,Divorced,Adm-clerical,Unmarried,White,Female,4101,0,40,United-States,0
47,Self-emp-inc,192894,Bachelors,13,Married-civ-spouse,Exec-managerial,Husband,White,Male,0,1902,45,United-States,1
46,Private,109209,Some-college,10,Married-civ-spouse,Adm-clerical,Husband,White,Male,0,0,40,United-States,1
24,Private,285432,HS-grad,9,Never-married,Exec-managerial,Own-child,White,Male,0,0,40,United-States,0
25,Federal-gov,27142,Some-college,10,Married-civ-spouse,Exec-managerial,Husband,White,Male,0,0,40,United-States,1
17,Private,176467,9th,5,Never-married,Transport-moving,Not-in-family,White,Male,0,0,20,United-States,0
50,Private,107265,HS-grad,9,Married-civ-spouse,Transport-moving,Husband,White,Male,0,0,50,United-States,1
38,Private,76317,Assoc-voc,11,Married-civ-spouse,Exec-managerial,Husband,White,Male,0,0,55,United-States,1
17,Local-gov,173497,11th,7,Never-married,Prof-specialty,Own-child,Black,Male,0,0,15,United-States,0
26,Private,73689,HS-grad,9,Married-civ-spouse,Farming-fishing,Husband,White,Male,0,0,55,United-States,0
54,Private,329266,HS-grad,9,Married-civ-spouse,Craft-repair,Husband,White,Male,0,0,44,United-States,1
22,Private,237720,HS-grad,9,Never-married,Craft-repair,Own-child,White,Male,0,0,40,United-States,0
31,Private,196125,HS-grad,9,Married-civ-spouse,Handlers-cleaners,Husband,White,Male,0,0,40,United-States,0
21,Private,57211,HS-grad,9,Never-married,Craft-repair,Own-child,White,Male,0,0,40,United-States,0
40,Private,374367,Assoc-voc,11,Separated,Sales,Not-in-family,Black,Male,0,0,44,United-States,0
44,Self-emp-inc,104892,Some-college,10,Married-civ-spouse,Craft-repair,Husband,White,Male,0,0,58,United-States,1
20,Private,238917,11th,7,Never-married,Handlers-cleaners,Not-in-family,White,Male,0,0,32,Mexico,0
40,Private,118001,10th,6,Married-civ-spouse,Craft-repair,Husband,Black,Male,0,0,40,United-States,0
44,Self-emp-not-inc,156687,HS-grad,9,Married-civ-spouse,Farming-fishing,Husband,Asian-Pac-Islander,Male,0,0,42,Japan,0
39,Local-gov,177907,HS-grad,9,Married-civ-spouse,Protective-serv,Husband,White,Male,0,1887,40,United-States,1
25,Private,431861,HS-grad,9,Married-civ-spouse,Transport-moving,Husband,White,Male,0,0,40,United-States,0
40,Private,219591,10th,6,Married-civ-spouse,Craft-repair,Husband,White,Male,0,0,50,United-States,0
18,Private,183930,HS-grad,9,Never-married,Other-service,Own-child,White,Male,0,0,12,United-States,0
42,Private,331651,Masters,14,Never-married,Prof-specialty,Not-in-family,White,Female,8614,0,50,United-States,1
26,Private,180246,Some-college,10,Married-civ-spouse,Exec-managerial,Husband,White,Male,7688,0,40,United-States,1
56,Self-emp-not-inc,335605,HS-grad,9,Married-civ-spouse,Other-service,Husband,White,Male,0,1887,50,Canada,1
38,Private,31069,Assoc-voc,11,Married-civ-spouse,Craft-repair,Husband,White,Male,4386,0,40,United-States,1
62,Self-emp-not-inc,39630,HS-grad,9,Married-civ-spouse,Transport-moving,Husband,White,Male,0,0,48,United-States,0
22,Private,214716,HS-grad,9,Never-married,Other-service,Own-child,White,Female,0,0,40,United-States,0
50,Private,139703,Some-college,10,Married-civ-spouse,Craft-repair,Husband,White,Male,0,0,40,United-States,1
25,Private,66622,Some-college,10,Never-married,Other-service,Own-child,White,Female,0,0,25,United-States,0
18,Private,333611,5th-6th,3,Never-married,Other-service,Other-relative,White,Male,0,0,54,Mexico,0
28,Private,196690,HS-grad,9,Never-married,Machine-op-inspct,Not-in-family,White,Female,0,0,40,United-States,0
27,Self-emp-not-inc,37302,Assoc-acdm,12,Married-civ-spouse,Transport-moving,Husband,White,Male,7688,0,70,United-States,1
25,Private,69847,Bachelors,13,Never-married,Adm-clerical,Own-child,Asian-Pac-Islander,Female,0,0,40,United-States,0
47,Private,169388,11th,7,Divorced,Other-service,Unmarried,White,Female,0,0,15,United-States,0
33,Private,287878,Some-college,10,Married-civ-spouse,Other-service,Wife,White,Female,0,0,26,United-States,0
32,Private,40142,Bachelors,13,Married-civ-spouse,Exec-managerial,Husband,White,Male,0,0,40,United-States,1
40,Local-gov,33274,HS-grad,9,Divorced,Other-service,Not-in-family,White,Female,0,0,50,United-States,0
51,Private,215404,Bachelors,13,Married-civ-spouse,Prof-specialty,Husband,Amer-Indian-Eskimo,Male,15024,0,40,United-States,1
39,Private,238008,HS-grad,9,Widowed,Adm-clerical,Own-child,White,Female,0,0,40,United-States,0
20,Private,103277,Some-college,10,Never-married,Adm-clerical,Own-child,White,Female,0,0,35,United-States,0
44,Self-emp-not-inc,157217,Bachelors,13,Never-married,Sales,Not-in-family,White,Male,0,0,42,United-States,0
45,State-gov,263982,Some-college,10,Divorced,Prof-specialty,Unmarried,White,Female,0,0,40,United-States,0
39,Private,114844,Bachelors,13,Never-married,Sales,Not-in-family,White,Male,0,1876,50,United-States,0
41,Private,194710,HS-grad,9,Never-married,Exec-managerial,Not-in-family,White,Female,0,0,40,United-States,0
27,Private,197380,Assoc-acdm,12,Never-married,Prof-specialty,Not-in-family,White,Male,0,0,40,United-States,0
39,Private,234901,Assoc-acdm,12,Separated,Adm-clerical,Unmarried,White,Male,0,0,40,United-States,0
39,Private,160402,Some-college,10,Divorced,Exec-managerial,Not-in-family,White,Male,0,0,38,United-States,0
18,Local-gov,146586,HS-grad,9,Never-married,Other-service,Own-child,White,Male,0,0,60,United-States,0
32,Private,123291,12th,8,Married-civ-spouse,Machine-op-inspct,Husband,White,Male,0,0,40,United-States,0
57,Federal-gov,170603,Some-college,10,Married-civ-spouse,Adm-clerical,Husband,White,Male,0,0,40,United-States,1
44,Private,106682,HS-grad,9,Married-civ-spouse,Sales,Husband,White,Male,0,0,60,United-States,0
34,Private,204991,Some-college,10,Divorced,Exec-managerial,Own-child,White,Male,0,0,44,United-States,0
45,Private,81132,HS-grad,9,Married-civ-spouse,Other-service,Husband,Asian-Pac-Islander,Male,0,0,40,Philippines,0
25,Private,172581,Bachelors,13,Never-married,Prof-specialty,Not-in-family,White,Female,0,0,40,United-States,0
24,Private,183751,11th,7,Married-civ-spouse,Craft-repair,Husband,White,Male,0,0,65,United-States,0
54,Private,175912,10th,6,Married-civ-spouse,Transport-moving,Husband,White,Male,0,0,40,United-States,0
17,Private,206998,11th,7,Never-married,Handlers-cleaners,Own-child,White,Male,0,0,10,United-States,0
63,Self-emp-not-inc,29859,7th-8th,4,Married-civ-spouse,Farming-fishing,Husband,White,Male,7688,0,60,United-States,1
19,Private,232392,HS-grad,9,Never-married,Other-service,Other-relative,White,Female,0,0,40,United-States,0
48,Private,345831,HS-grad,9,Divorced,Machine-op-inspct,Not-in-family,White,Male,0,0,40,United-States,0
72,Self-emp-not-inc,258761,HS-grad,9,Married-civ-spouse,Farming-fishing,Husband,White,Male,0,0,40,United-States,0
30,Private,212064,Bachelors,13,Never-married,Prof-specialty,Own-child,White,Female,0,0,40,United-States,0
27,Private,147340,HS-grad,9,Never-married,Other-service,Not-in-family,White,Female,0,0,50,United-States,1
23,Private,399022,HS-grad,9,Never-married,Other-service,Own-child,White,Male,0,0,35,United-States,0
20,Private,161978,HS-grad,9,Separated,Machine-op-inspct,Own-child,White,Male,0,0,40,United-States,0
40,Private,79036,Assoc-voc,11,Divorced,Transport-moving,Not-in-family,White,Male,0,0,50,United-States,1
23,Private,177526,Bachelors,13,Never-married,Exec-managerial,Not-in-family,White,Male,0,0,40,United-States,0
55,Private,141326,HS-grad,9,Married-civ-spouse,Craft-repair,Husband,White,Male,0,0,40,United-States,1
54,Private,449257,HS-grad,9,Married-civ-spouse,Farming-fishing,Husband,White,Male,0,0,40,United-States,0
34,Private,50276,Bachelors,13,Never-married,Sales,Not-in-family,White,Male,27828,0,40,United-States,1
27,Private,205188,10th,6,Married-civ-spouse,Machine-op-inspct,Husband,White,Male,0,0,40,United-States,0
33,Private,400416,10th,6,Never-married,Other-service,Own-child,Black,Male,0,0,20,United-States,0
42,Private,52781,Some-college,10,Married-civ-spouse,Tech-support,Husband,White,Male,0,0,40,United-States,0
32,Private,183801,HS-grad,9,Divorced,Craft-repair,Own-child,White,Male,0,0,40,United-States,0
20,Private,218178,HS-grad,9,Never-married,Handlers-cleaners,Not-in-family,White,Male,0,0,40,United-States,0
54,Self-emp-not-inc,109418,Bachelors,13,Married-civ-spouse,Exec-managerial,Wife,White,Female,0,1977,35,United-States,1
35,Private,226311,Bachelors,13,Never-married,Sales,Not-in-family,White,Female,0,0,40,United-States,0
57,Self-emp-inc,368797,HS-grad,9,Married-civ-spouse,Exec-managerial,Husband,White,Male,0,0,40,United-States,0
30,Private,75573,Bachelors,13,Never-married,Exec-managerial,Not-in-family,White,Female,0,0,45,Germany,0
54,Self-emp-not-inc,30908,7th-8th,4,Married-civ-spouse,Farming-fishing,Husband,White,Male,0,0,60,United-States,0
34,Private,405386,Some-college,10,Never-married,Craft-repair,Not-in-family,Black,Male,0,0,28,United-States,0
28,Private,190525,Bachelors,13,Married-civ-spouse,Exec-managerial,Husband,White,Male,0,0,46,United-States,1
37,Local-gov,108320,Bachelors,13,Married-civ-spouse,Tech-support,Husband,White,Male,0,0,45,United-States,1
57,Federal-gov,66504,Prof-school,15,Divorced,Prof-specialty,Not-in-family,White,Female,0,0,50,United-States,1
37,Private,201531,Assoc-acdm,12,Married-civ-spouse,Machine-op-inspct,Husband,White,Male,0,0,40,United-States,1
59,Private,99131,Masters,14,Widowed,Exec-managerial,Not-in-family,White,Female,0,0,40,United-States,1
38,Private,101192,Some-college,10,Never-married,Other-service,Not-in-family,White,Male,0,0,40,United-States,0
17,Private,173807,11th,7,Never-married,Craft-repair,Own-child,White,Female,0,0,15,United-States,0
34,Private,337587,Some-college,10,Married-civ-spouse,Prof-specialty,Husband,White,Male,0,0,50,United-States,1
57,Private,161964,HS-grad,9,Married-civ-spouse,Craft-repair,Husband,White,Male,0,0,55,United-States,0
46,Private,261059,Masters,14,Married-civ-spouse,Prof-specialty,Husband,White,Male,0,1977,50,United-States,1
39,Private,150125,Assoc-acdm,12,Divorced,Other-service,Unmarried,Black,Female,0,0,40,United-States,0
25,Private,259505,HS-grad,9,Never-married,Tech-support,Not-in-family,White,Male,0,0,40,United-States,0
35,Private,189092,Bachelors,13,Married-civ-spouse,Exec-managerial,Husband,White,Male,0,0,40,United-States,1
46,State-gov,265554,HS-grad,9,Never-married,Transport-moving,Not-in-family,Black,Male,0,0,40,United-States,0
38,Private,296478,Assoc-voc,11,Married-civ-spouse,Craft-repair,Husband,White,Male,7298,0,40,United-States,1
41,Private,98061,HS-grad,9,Divorced,Transport-moving,Not-in-family,White,Male,0,0,40,United-States,0
39,Self-emp-not-inc,83242,Some-college,10,Married-civ-spouse,Farming-fishing,Husband,White,Male,0,0,60,United-States,0
21,Private,197997,Some-college,10,Never-married,Adm-clerical,Own-child,White,Male,0,0,30,United-States,0
41,State-gov,365986,HS-grad,9,Divorced,Protective-serv,Not-in-family,White,Male,0,0,40,United-States,1
68,Private,171933,7th-8th,4,Married-civ-spouse,Craft-repair,Husband,White,Male,0,0,40,United-States,0
30,Private,190228,HS-grad,9,Married-civ-spouse,Handlers-cleaners,Husband,White,Male,0,0,40,United-States,0
35,Private,82622,HS-grad,9,Divorced,Exec-managerial,Not-in-family,White,Male,0,0,50,United-States,0
33,Private,159322,HS-grad,9,Divorced,Other-service,Unmarried,White,Male,0,0,40,United-States,0
30,Private,196385,Some-college,10,Married-civ-spouse,Craft-repair,Husband,White,Male,0,0,45,United-States,1
39,Private,42044,11th,7,Married-civ-spouse,Transport-moving,Husband,White,Male,0,0,40,United-States,0
37,Private,67433,HS-grad,9,Married-civ-spouse,Adm-clerical,Wife,White,Female,0,0,40,United-States,1
39,Private,98776,Some-college,10,Divorced,Exec-managerial,Not-in-family,White,Male,0,0,50,United-States,1
24,Private,199555,Assoc-voc,11,Never-married,Sales,Unmarried,White,Male,0,0,5,United-States,0
26,Private,238367,HS-grad,9,Never-married,Craft-repair,Not-in-family,White,Male,0,0,40,United-States,0
59,Private,395736,HS-grad,9,Married-civ-spouse,Handlers-cleaners,Husband,White,Male,0,0,40,United-States,1
20,Private,107746,11th,7,Never-married,Transport-moving,Other-relative,White,Male,0,0,40,Guatemala,0
54,Private,185407,HS-grad,9,Married-civ-spouse,Craft-repair,Husband,White,Male,7688,0,40,United-States,1
34,Private,94413,Some-college,10,Married-civ-spouse,Handlers-cleaners,Husband,White,Male,0,0,40,United-States,0
35,Local-gov,145308,Some-college,10,Married-civ-spouse,Other-service,Husband,White,Male,0,0,40,United-States,0
54,Private,263925,1st-4th,2,Married-civ-spouse,Transport-moving,Husband,White,Male,0,0,50,United-States,0
49,Private,125892,HS-grad,9,Married-civ-spouse,Sales,Husband,White,Male,0,0,40,United-States,0
25,Private,130397,10th,6,Never-married,Farming-fishing,Unmarried,Amer-Indian-Eskimo,Male,0,0,40,United-States,0
23,Private,378460,Some-college,10,Never-married,Prof-specialty,Own-child,White,Male,0,0,20,United-States,0
23,State-gov,278155,Bachelors,13,Never-married,Adm-clerical,Own-child,White,Male,0,0,40,United-States,0
64,Self-emp-not-inc,177825,HS-grad,9,Never-married,Other-service,Not-in-family,White,Male,1055,0,40,United-States,0
56,Private,136472,7th-8th,4,Married-civ-spouse,Machine-op-inspct,Husband,Black,Male,0,0,48,United-States,0
33,Private,198003,Some-college,10,Married-civ-spouse,Craft-repair,Husband,White,Male,7298,0,50,United-States,1
26,Private,203777,Some-college,10,Never-married,Sales,Not-in-family,Black,Female,0,0,37,United-States,0
32,State-gov,481096,5th-6th,3,Never-married,Machine-op-inspct,Own-child,White,Female,0,0,10,United-States,0
27,Federal-gov,188343,HS-grad,9,Separated,Exec-managerial,Unmarried,Black,Female,0,0,40,United-States,0
38,Private,168322,HS-grad,9,Married-civ-spouse,Transport-moving,Husband,White,Male,0,0,60,United-States,0
19,Private,46162,HS-grad,9,Never-married,Farming-fishing,Own-child,White,Male,0,0,25,United-States,0
55,Private,368727,Some-college,10,Divorced,Craft-repair,Not-in-family,White,Male,0,0,40,United-States,0
21,Private,47541,HS-grad,9,Divorced,Machine-op-inspct,Other-relative,White,Male,0,0,40,United-States,0
27,Private,56870,HS-grad,9,Married-civ-spouse,Machine-op-inspct,Husband,White,Male,0,0,40,United-States,0
29,Private,128604,HS-grad,9,Married-civ-spouse,Craft-repair,Husband,Asian-Pac-Islander,Male,0,0,40,United-States,0
53,Local-gov,155314,HS-grad,9,Married-civ-spouse,Adm-clerical,Wife,White,Female,0,0,40,United-States,1
43,Federal-gov,325706,Prof-school,15,Married-civ-spouse,Prof-specialty,Husband,Asian-Pac-Islander,Male,0,0,50,India,1
54,Private,200098,Bachelors,13,Divorced,Sales,Not-in-family,Black,Female,0,0,60,United-States,0
58,Local-gov,237879,Bachelors,13,Married-civ-spouse,Prof-specialty,Husband,White,Male,0,0,58,United-States,0
69,Private,125437,HS-grad,9,Divorced,Other-service,Not-in-family,White,Female,0,0,32,United-States,0
39,Local-gov,423605,12th,8,Married-civ-spouse,Transport-moving,Husband,White,Male,0,1848,40,Nicaragua,1
31,Private,148607,Some-college,10,Divorced,Machine-op-inspct,Not-in-family,White,Male,0,0,40,United-States,0
31,State-gov,26401,Masters,14,Divorced,Adm-clerical,Not-in-family,White,Female,0,0,25,United-States,0
18,Private,214617,Some-college,10,Never-married,Handlers-cleaners,Own-child,White,Male,0,0,30,United-States,0
46,Private,364913,11th,7,Married-civ-spouse,Transport-moving,Husband,Black,Male,0,0,40,United-States,0
42,State-gov,121265,Masters,14,Divorced,Prof-specialty,Not-in-family,White,Male,0,0,40,United-States,0
19,Private,29526,Some-college,10,Never-married,Other-service,Own-child,White,Female,0,0,18,United-States,0
31,Private,139753,Bachelors,13,Married-spouse-absent,Adm-clerical,Not-in-family,White,Female,0,0,40,United-States,0
24,State-gov,275421,Some-college,10,Never-married,Machine-op-inspct,Own-child,White,Female,0,0,40,United-States,0
29,Private,244721,Bachelors,13,Married-civ-spouse,Tech-support,Husband,White,Male,0,0,35,United-States,1
47,Private,328216,Some-college,10,Married-civ-spouse,Tech-support,Husband,White,Male,7298,0,40,United-States,1
27,Private,381789,12th,8,Married-civ-spouse,Farming-fishing,Own-child,White,Male,0,0,55,United-States,0
47,Private,225065,5th-6th,3,Separated,Sales,Unmarried,White,Female,0,0,40,Mexico,0
46,Self-emp-not-inc,197836,HS-grad,9,Married-civ-spouse,Farming-fishing,Husband,White,Male,0,1672,50,United-States,0
57,Self-emp-inc,51016,HS-grad,9,Married-civ-spouse,Exec-managerial,Husband,White,Male,0,0,60,United-States,1
41,Self-emp-not-inc,170214,HS-grad,9,Married-civ-spouse,Handlers-cleaners,Husband,White,Male,0,2179,40,United-States,0
24,Private,211160,Some-college,10,Married-civ-spouse,Sales,Husband,White,Male,0,0,40,United-States,0
40,Private,163342,HS-grad,9,Never-married,Adm-clerical,Not-in-family,White,Female,0,0,70,United-States,0
32,Self-emp-not-inc,48014,Some-college,10,Divorced,Other-service,Not-in-family,White,Female,0,0,35,United-States,0
30,Private,206512,Bachelors,13,Never-married,Exec-managerial,Not-in-family,White,Male,0,0,44,United-States,0
43,Local-gov,330174,HS-grad,9,Married-civ-spouse,Craft-repair,Husband,White,Male,0,0,40,United-States,0
45,Self-emp-not-inc,102771,Bachelors,13,Married-civ-spouse,Transport-moving,Husband,White,Male,0,0,40,United-States,1
27,Private,198813,HS-grad,9,Divorced,Adm-clerical,Own-child,Black,Female,0,0,40,United-States,0
61,Private,92691,HS-grad,9,Married-civ-spouse,Adm-clerical,Husband,White,Male,0,0,3,United-States,0
41,Private,137126,Bachelors,13,Married-civ-spouse,Prof-specialty,Husband,White,Male,0,1977,45,United-States,1
38,Private,167482,Some-college,10,Married-civ-spouse,Craft-repair,Husband,White,Male,0,0,52,United-States,1
43,Private,174575,Bachelors,13,Divorced,Exec-managerial,Not-in-family,White,Male,0,1564,45,United-States,1
47,Self-emp-not-inc,208407,Bachelors,13,Married-civ-spouse,Prof-specialty,Husband,White,Male,0,2002,30,United-States,0
43,Private,498079,Bachelors,13,Divorced,Exec-managerial,Unmarried,White,Female,0,0,40,United-States,0
56,Federal-gov,196307,Doctorate,16,Married-civ-spouse,Prof-specialty,Husband,White,Male,0,0,40,United-States,1
25,Private,67467,HS-grad,9,Married-civ-spouse,Tech-support,Husband,White,Male,0,0,40,United-States,0
30,Private,269723,HS-grad,9,Never-married,Exec-managerial,Not-in-family,White,Female,0,0,40,United-States,0
55,Private,60193,HS-grad,9,Divorced,Adm-clerical,Not-in-family,White,Female,0,0,40,United-States,0
26,Local-gov,216522,Bachelors,13,Never-married,Prof-specialty,Own-child,Black,Female,0,0,42,United-States,0
71,Private,118876,Bachelors,13,Never-married,Exec-managerial,Not-in-family,White,Female,0,0,14,United-States,0
45,Private,108859,HS-grad,9,Separated,Craft-repair,Unmarried,Black,Female,0,0,40,United-States,0
44,Private,67671,Some-college,10,Married-civ-spouse,Handlers-cleaners,Husband,White,Male,0,0,40,United-States,0
28,Private,142712,Bachelors,13,Never-married,Exec-managerial,Not-in-family,White,Male,0,0,50,United-States,1
53,Local-gov,293941,Bachelors,13,Married-civ-spouse,Prof-specialty,Husband,White,Male,0,0,40,United-States,0
37,Private,205339,HS-grad,9,Divorced,Craft-repair,Not-in-family,White,Male,0,0,49,United-States,0
37,Private,305597,HS-grad,9,Divorced,Craft-repair,Not-in-family,White,Male,0,0,40,United-States,0
36,State-gov,170861,HS-grad,9,Separated,Other-service,Own-child,White,Female,0,0,32,United-States,0
25,Private,108779,Masters,14,Separated,Other-service,Own-child,White,Female,0,0,40,United-States,0
42,Self-emp-not-inc,120539,Bachelors,13,Married-civ-spouse,Sales,Husband,White,Male,0,0,50,United-States,1
19,Private,250818,Some-college,10,Never-married,Adm-clerical,Not-in-family,White,Male,0,0,40,United-States,0
51,Local-gov,47415,Assoc-acdm,12,Married-civ-spouse,Adm-clerical,Wife,White,Female,0,1628,30,United-States,0
34,Private,244064,HS-grad,9,Never-married,Machine-op-inspct,Unmarried,Black,Male,0,0,40,United-States,0
61,Local-gov,167347,Some-college,10,Married-civ-spouse,Adm-clerical,Husband,White,Male,0,0,35,United-States,0
22,Private,187052,HS-grad,9,Never-married,Adm-clerical,Own-child,White,Female,0,0,40,United-States,0
20,Private,193586,Some-college,10,Never-married,Prof-specialty,Not-in-family,White,Female,0,0,18,United-States,0
41,Self-emp-not-inc,157686,Some-college,10,Married-civ-spouse,Exec-managerial,Husband,White,Male,0,0,40,United-States,1
42,Local-gov,96524,HS-grad,9,Married-civ-spouse,Exec-managerial,Husband,White,Male,0,0,60,United-States,1
49,Local-gov,107231,HS-grad,9,Married-civ-spouse,Craft-repair,Husband,White,Male,0,2002,40,United-States,0
35,Private,92440,12th,8,Divorced,Craft-repair,Not-in-family,White,Male,0,0,50,United-States,1
47,Self-emp-not-inc,145290,HS-grad,9,Married-civ-spouse,Exec-managerial,Husband,White,Male,0,2415,50,United-States,1
60,Local-gov,138502,Bachelors,13,Married-civ-spouse,Protective-serv,Husband,White,Male,7298,0,48,United-States,1
54,Private,284129,Some-college,10,Married-civ-spouse,Transport-moving,Husband,White,Male,0,0,45,United-States,1
41,State-gov,180272,Masters,14,Never-married,Prof-specialty,Own-child,White,Female,0,0,35,United-States,0
32,Private,140092,11th,7,Married-civ-spouse,Craft-repair,Husband,White,Male,0,0,40,United-States,0
33,Self-emp-not-inc,195891,Some-college,10,Married-civ-spouse,Exec-managerial,Husband,White,Male,0,0,45,United-States,0
41,Private,227968,Bachelors,13,Married-civ-spouse,Prof-specialty,Wife,Black,Female,0,0,35,Haiti,1
31,Private,56026,HS-grad,9,Married-civ-spouse,Craft-repair,Husband,White,Male,0,0,40,United-States,0
38,Private,278924,Bachelors,13,Married-civ-spouse,Exec-managerial,Husband,White,Male,0,1887,50,United-States,1
33,Self-emp-not-inc,116539,HS-grad,9,Married-civ-spouse,Craft-repair,Husband,White,Male,0,0,40,United-States,0
23,Private,46645,Bachelors,13,Never-married,Prof-specialty,Not-in-family,White,Female,0,0,25,United-States,0
40,State-gov,91949,Doctorate,16,Never-married,Prof-specialty,Not-in-family,Black,Female,0,0,40,United-States,0
19,Private,271446,Some-college,10,Never-married,Other-service,Own-child,White,Female,0,0,25,United-States,0
41,Private,96635,HS-grad,9,Never-married,Exec-managerial,Not-in-family,Asian-Pac-Islander,Male,0,0,60,United-States,0
33,Private,83671,HS-grad,9,Never-married,Sales,Own-child,Black,Female,0,0,40,United-States,0
38,Self-emp-inc,244803,Some-college,10,Married-civ-spouse,Sales,Husband,White,Male,0,1485,60,Cuba,1
29,Private,183854,HS-grad,9,Never-married,Sales,Not-in-family,White,Female,0,0,25,United-States,0
34,Local-gov,246104,Masters,14,Married-civ-spouse,Prof-specialty,Husband,Black,Male,0,0,40,United-States,0
55,Private,51008,HS-grad,9,Divorced,Adm-clerical,Unmarried,White,Female,0,0,40,United-States,0
58,State-gov,136982,HS-grad,9,Married-spouse-absent,Other-service,Unmarried,Black,Female,0,0,40,Honduras,0
26,Private,151810,10th,6,Never-married,Farming-fishing,Not-in-family,Black,Male,0,0,40,United-States,0
22,Federal-gov,32950,Some-college,10,Married-civ-spouse,Sales,Husband,White,Male,0,1902,37,United-States,0
67,Private,140849,HS-grad,9,Widowed,Other-service,Not-in-family,White,Female,0,0,24,United-States,0
61,Private,115023,Some-college,10,Married-civ-spouse,Prof-specialty,Husband,White,Male,0,0,50,United-States,1
35,Private,297574,Assoc-acdm,12,Married-civ-spouse,Exec-managerial,Husband,White,Male,0,0,99,United-States,1
21,Private,154165,HS-grad,9,Never-married,Handlers-cleaners,Own-child,White,Female,0,0,35,United-States,0
18,Private,89419,HS-grad,9,Never-married,Tech-support,Own-child,White,Female,0,0,10,United-States,0
27,Private,129629,Assoc-voc,11,Never-married,Tech-support,Other-relative,White,Female,0,0,36,United-States,0
31,Private,208657,Some-college,10,Divorced,Adm-clerical,Unmarried,White,Female,0,0,40,United-States,0
35,Private,54576,HS-grad,9,Married-civ-spouse,Machine-op-inspct,Husband,White,Male,0,0,40,United-States,0
19,Private,374262,12th,8,Never-married,Handlers-cleaners,Own-child,White,Male,0,0,20,United-States,0
43,Private,187795,Bachelors,13,Married-civ-spouse,Exec-managerial,Husband,White,Male,0,0,45,United-States,1
37,Private,632613,10th,6,Married-civ-spouse,Farming-fishing,Husband,White,Male,0,0,35,Mexico,0
25,Private,193379,Assoc-acdm,12,Never-married,Craft-repair,Not-in-family,White,Male,0,0,45,United-States,0
90,Self-emp-not-inc,155981,Bachelors,13,Married-civ-spouse,Prof-specialty,Husband,White,Male,10566,0,50,United-States,0
45,Self-emp-not-inc,319122,Bachelors,13,Never-married,Sales,Not-in-family,White,Male,14084,0,45,United-States,1
41,Private,147314,HS-grad,9,Married-civ-spouse,Sales,Husband,Amer-Indian-Eskimo,Male,0,0,50,United-States,0
53,Private,548361,HS-grad,9,Married-civ-spouse,Craft-repair,Husband,White,Male,0,0,40,United-States,0
42,Private,296749,Some-college,10,Divorced,Machine-op-inspct,Not-in-family,White,Male,0,0,45,United-States,0
22,Private,186452,10th,6,Never-married,Craft-repair,Not-in-family,White,Male,0,0,30,United-States,0
51,Self-emp-inc,46281,Some-college,10,Married-civ-spouse,Sales,Husband,White,Male,0,0,50,United-States,1
43,Private,184378,Bachelors,13,Never-married,Prof-specialty,Not-in-family,White,Male,0,0,40,United-States,0
54,Private,101890,HS-grad,9,Widowed,Sales,Unmarried,White,Female,0,0,40,United-States,0
18,Private,90934,Some-college,10,Never-married,Sales,Own-child,White,Male,0,0,28,United-States,0
33,Private,275369,7th-8th,4,Separated,Handlers-cleaners,Not-in-family,Black,Male,0,0,35,Haiti,0
20,Private,113511,11th,7,Never-married,Transport-moving,Own-child,White,Male,0,0,40,United-States,0
34,Private,115488,HS-grad,9,Married-civ-spouse,Sales,Husband,White,Male,0,0,40,United-States,0
49,Self-emp-not-inc,355978,Prof-school,15,Married-civ-spouse,Prof-specialty,Husband,White,Male,99999,0,35,United-States,1
46,Self-emp-not-inc,245724,Some-college,10,Divorced,Exec-managerial,Not-in-family,White,Male,0,0,50,United-States,0
62,Federal-gov,258124,Masters,14,Married-civ-spouse,Adm-clerical,Husband,White,Male,0,0,40,Italy,1
42,Private,185602,HS-grad,9,Married-civ-spouse,Exec-managerial,Wife,White,Female,0,0,40,United-States,1
21,Private,206891,7th-8th,4,Never-married,Farming-fishing,Own-child,White,Female,0,0,38,United-States,0
29,Private,301031,HS-grad,9,Married-civ-spouse,Transport-moving,Husband,Black,Male,0,0,40,United-States,0
31,Private,123430,11th,7,Married-civ-spouse,Farming-fishing,Husband,White,Male,0,0,65,Mexico,0
67,Local-gov,103315,Masters,14,Never-married,Exec-managerial,Other-relative,White,Female,15831,0,72,United-States,1
66,Private,193132,9th,5,Separated,Other-service,Not-in-family,Black,Female,0,0,30,United-States,0
39,Private,38312,Some-college,10,Married-spouse-absent,Craft-repair,Unmarried,White,Male,0,0,40,United-States,1
19,Private,339123,Some-college,10,Never-married,Exec-managerial,Own-child,White,Male,0,0,40,United-States,0
58,Local-gov,292379,Bachelors,13,Married-civ-spouse,Exec-managerial,Husband,White,Male,0,0,40,United-States,0
41,Private,421837,HS-grad,9,Married-civ-spouse,Transport-moving,Husband,White,Male,0,0,40,United-States,0
28,Federal-gov,183445,HS-grad,9,Never-married,Exec-managerial,Unmarried,White,Female,0,0,70,Puerto-Rico,0
34,Private,111567,HS-grad,9,Never-married,Transport-moving,Own-child,White,Male,0,0,40,United-States,0
40,Self-emp-inc,132222,HS-grad,9,Married-civ-spouse,Exec-managerial,Husband,White,Male,0,0,40,United-States,0
46,Self-emp-not-inc,254291,Some-college,10,Married-civ-spouse,Sales,Husband,White,Male,0,0,60,United-States,1
51,Private,168660,HS-grad,9,Married-civ-spouse,Exec-managerial,Husband,White,Male,0,0,50,United-States,0
46,Local-gov,327886,Assoc-acdm,12,Married-civ-spouse,Adm-clerical,Husband,White,Male,0,0,40,United-States,0
38,Private,193815,Assoc-acdm,12,Married-civ-spouse,Exec-managerial,Husband,White,Male,0,0,55,Italy,0
27,Local-gov,298510,HS-grad,9,Divorced,Protective-serv,Own-child,White,Male,0,0,40,United-States,0
67,Self-emp-inc,330144,Masters,14,Married-civ-spouse,Sales,Husband,White,Male,0,0,48,United-States,1
45,Private,44791,Bachelors,13,Never-married,Prof-specialty,Not-in-family,White,Male,0,0,40,United-States,0
26,Private,133766,HS-grad,9,Married-civ-spouse,Farming-fishing,Husband,White,Male,0,0,70,United-States,0
34,Private,163110,Masters,14,Married-civ-spouse,Sales,Husband,White,Male,0,0,40,United-States,0
27,Private,105598,HS-grad,9,Never-married,Adm-clerical,Not-in-family,White,Male,0,0,40,United-States,0
67,Self-emp-inc,116986,12th,8,Married-civ-spouse,Exec-managerial,Husband,White,Male,0,0,20,United-States,0
43,Federal-gov,155106,Bachelors,13,Married-civ-spouse,Handlers-cleaners,Husband,White,Male,0,0,53,United-States,0
25,Private,323545,HS-grad,9,Never-married,Tech-support,Not-in-family,Black,Female,0,0,40,United-States,0
35,Private,57640,HS-grad,9,Married-civ-spouse,Craft-repair,Husband,White,Male,0,0,35,United-States,0
25,Private,122175,HS-grad,9,Never-married,Handlers-cleaners,Own-child,White,Male,0,0,40,United-States,0
46,Private,208067,HS-grad,9,Divorced,Craft-repair,Other-relative,White,Male,0,0,40,United-States,0
41,State-gov,129865,HS-grad,9,Divorced,Craft-repair,Unmarried,White,Male,0,0,40,United-States,0
58,Local-gov,283635,Bachelors,13,Never-married,Prof-specialty,Not-in-family,White,Female,0,0,40,United-States,0
64,Federal-gov,341695,Some-college,10,Married-civ-spouse,Adm-clerical,Wife,White,Female,0,0,40,United-States,1
30,Private,77143,Bachelors,13,Never-married,Exec-managerial,Own-child,Black,Male,0,0,40,Germany,0
31,Private,257644,11th,7,Never-married,Transport-moving,Unmarried,White,Male,0,0,40,United-States,0
26,Private,266912,HS-grad,9,Married-civ-spouse,Sales,Husband,White,Male,0,0,50,United-States,1
29,State-gov,240738,HS-grad,9,Married-civ-spouse,Craft-repair,Husband,White,Male,0,0,40,United-States,1
27,Private,330132,Bachelors,13,Married-civ-spouse,Tech-support,Wife,White,Female,0,0,40,United-States,1
30,Self-emp-not-inc,292472,Some-college,10,Married-civ-spouse,Sales,Husband,Amer-Indian-Eskimo,Male,0,0,55,United-States,1
33,Private,121195,HS-grad,9,Never-married,Machine-op-inspct,Not-in-family,Other,Male,0,0,50,United-States,0
53,State-gov,143822,Masters,14,Married-civ-spouse,Prof-specialty,Husband,White,Male,0,0,36,United-States,1
63,Private,187635,HS-grad,9,Never-married,Exec-managerial,Not-in-family,White,Male,0,0,40,United-States,0
36,Private,110998,Masters,14,Widowed,Tech-support,Unmarried,Asian-Pac-Islander,Female,0,0,40,India,0
46,Private,84402,Bachelors,13,Divorced,Prof-specialty,Not-in-family,White,Male,0,0,45,United-States,1
42,Self-emp-not-inc,220647,Bachelors,13,Married-civ-spouse,Farming-fishing,Husband,White,Male,0,0,45,United-States,0
81,Private,129338,7th-8th,4,Married-civ-spouse,Transport-moving,Husband,White,Male,0,0,10,United-States,0
42,Private,202872,Some-college,10,Divorced,Adm-clerical,Unmarried,White,Female,0,0,12,United-States,0
29,Private,211482,Bachelors,13,Married-civ-spouse,Sales,Husband,White,Male,0,0,40,United-States,0
37,Local-gov,269300,Some-college,10,Married-spouse-absent,Adm-clerical,Unmarried,Black,Female,0,0,27,United-States,0
23,Federal-gov,314525,Bachelors,13,Never-married,Prof-specialty,Not-in-family,White,Male,0,0,40,United-States,0
35,Private,95551,HS-grad,9,Separated,Exec-managerial,Not-in-family,White,Female,0,0,36,United-States,0
22,Private,60552,Some-college,10,Never-married,Sales,Own-child,White,Female,0,0,40,United-States,0
38,Self-emp-not-inc,164526,Prof-school,15,Never-married,Prof-specialty,Not-in-family,White,Male,0,2824,45,United-States,1
68,Private,218637,Some-college,10,Married-civ-spouse,Sales,Husband,White,Male,0,2377,55,United-States,1
31,Self-emp-not-inc,325355,Bachelors,13,Married-civ-spouse,Exec-managerial,Wife,White,Female,0,1902,40,United-States,1
25,Self-emp-inc,182750,Bachelors,13,Never-married,Sales,Not-in-family,White,Male,0,0,45,United-States,1
23,Private,38151,11th,7,Never-married,Other-service,Other-relative,White,Male,0,0,40,Philippines,0
37,Private,49626,Assoc-voc,11,Married-civ-spouse,Tech-support,Husband,White,Male,0,0,43,United-States,0
37,Self-emp-inc,395831,Bachelors,13,Married-civ-spouse,Exec-managerial,Husband,White,Male,0,0,80,United-States,1
30,Private,303867,HS-grad,9,Separated,Transport-moving,Not-in-family,White,Male,0,0,44,United-States,0
36,Self-emp-not-inc,313853,Bachelors,13,Divorced,Other-service,Unmarried,Black,Male,0,0,45,United-States,1
39,Private,324231,HS-grad,9,Widowed,Machine-op-inspct,Unmarried,Black,Female,0,0,40,United-States,0
46,Private,551962,HS-grad,9,Separated,Handlers-cleaners,Unmarried,White,Female,0,0,50,Peru,0
28,Private,67386,HS-grad,9,Never-married,Other-service,Unmarried,White,Female,0,0,40,United-States,0
37,State-gov,103474,HS-grad,9,Never-married,Other-service,Own-child,White,Female,0,0,40,United-States,0
18,Private,135924,HS-grad,9,Never-married,Adm-clerical,Own-child,White,Male,0,0,20,United-States,0
18,Private,285013,HS-grad,9,Never-married,Sales,Own-child,White,Male,0,0,10,United-States,0
26,Self-emp-not-inc,384276,HS-grad,9,Married-civ-spouse,Exec-managerial,Husband,White,Male,0,0,40,United-States,0
45,Self-emp-not-inc,210364,HS-grad,9,Married-civ-spouse,Sales,Husband,White,Male,15024,0,80,United-States,1
41,Private,351161,HS-grad,9,Married-civ-spouse,Sales,Husband,White,Male,0,1848,45,United-States,1
56,Private,104945,7th-8th,4,Married-civ-spouse,Other-service,Husband,Black,Male,0,0,40,United-States,0
59,Self-emp-not-inc,247552,HS-grad,9,Married-civ-spouse,Exec-managerial,Husband,White,Male,0,0,40,United-States,0
29,Private,168470,HS-grad,9,Never-married,Transport-moving,Own-child,White,Male,0,0,40,United-States,0
53,Private,194501,11th,7,Widowed,Other-service,Own-child,White,Female,0,0,47,United-States,0
25,Private,315643,HS-grad,9,Married-civ-spouse,Other-service,Husband,White,Male,0,0,30,United-States,0
25,Private,130513,Assoc-acdm,12,Never-married,Sales,Own-child,White,Female,0,0,40,Peru,0
68,Private,107627,Some-college,10,Married-civ-spouse,Prof-specialty,Husband,White,Male,0,0,15,United-States,0
26,Private,291968,Prof-school,15,Married-civ-spouse,Prof-specialty,Husband,White,Male,0,1977,40,United-States,1
63,Private,117681,HS-grad,9,Divorced,Farming-fishing,Not-in-family,White,Male,0,0,25,United-States,0
43,Private,421837,Some-college,10,Married-civ-spouse,Machine-op-inspct,Husband,White,Male,0,0,40,Mexico,0
39,Private,343403,HS-grad,9,Married-civ-spouse,Sales,Wife,White,Female,0,0,36,United-States,0
25,Private,295108,HS-grad,9,Never-married,Handlers-cleaners,Unmarried,Black,Female,0,0,25,United-States,0
41,Self-emp-not-inc,174395,Doctorate,16,Married-civ-spouse,Prof-specialty,Husband,White,Male,15024,0,55,United-States,1
31,Local-gov,190401,Masters,14,Married-civ-spouse,Prof-specialty,Husband,White,Male,0,0,40,United-States,0
18,Private,308889,11th,7,Never-married,Adm-clerical,Other-relative,Asian-Pac-Islander,Female,0,0,20,United-States,0
44,Self-emp-not-inc,230684,HS-grad,9,Married-civ-spouse,Transport-moving,Husband,White,Male,0,0,55,United-States,0
66,Self-emp-not-inc,262552,Some-college,10,Married-civ-spouse,Farming-fishing,Husband,White,Male,0,0,7,United-States,0
37,Private,215310,HS-grad,9,Married-civ-spouse,Craft-repair,Husband,White,Male,0,0,50,United-States,1
50,Federal-gov,36489,Some-college,10,Divorced,Exec-managerial,Unmarried,White,Male,0,0,40,United-States,0
33,Private,252168,Some-college,10,Never-married,Other-service,Not-in-family,Black,Male,0,0,40,United-States,0
39,Private,67433,Bachelors,13,Never-married,Exec-managerial,Not-in-family,White,Female,0,0,40,United-States,0
22,Private,113936,HS-grad,9,Never-married,Handlers-cleaners,Own-child,White,Male,0,0,40,United-States,0
75,Self-emp-not-inc,36325,HS-grad,9,Married-civ-spouse,Farming-fishing,Husband,White,Male,0,0,30,United-States,0
17,Private,321880,10th,6,Never-married,Other-service,Own-child,Black,Male,0,0,15,United-States,0
55,Private,217802,Some-college,10,Married-civ-spouse,Adm-clerical,Husband,Black,Male,0,0,25,United-States,0
24,Private,311376,Bachelors,13,Never-married,Prof-specialty,Not-in-family,White,Female,0,0,40,United-States,0
47,Private,175925,10th,6,Married-civ-spouse,Sales,Husband,White,Male,0,2179,52,United-States,0
30,Private,110622,Bachelors,13,Divorced,Exec-managerial,Not-in-family,Asian-Pac-Islander,Female,0,0,40,China,0
27,Private,137063,Bachelors,13,Married-civ-spouse,Sales,Husband,White,Male,0,0,50,United-States,0
34,Private,177596,Assoc-voc,11,Married-civ-spouse,Exec-managerial,Wife,White,Female,0,0,40,Puerto-Rico,1
44,Private,126701,HS-grad,9,Divorced,Craft-repair,Unmarried,White,Male,0,0,40,United-States,0
32,Private,29933,Bachelors,13,Married-civ-spouse,Handlers-cleaners,Husband,White,Male,0,0,50,United-States,1
27,Private,163942,HS-grad,9,Never-married,Craft-repair,Not-in-family,White,Male,0,0,35,Ireland,0
24,Private,215251,Bachelors,13,Never-married,Exec-managerial,Not-in-family,White,Female,0,0,50,United-States,0
59,Private,205949,HS-grad,9,Separated,Craft-repair,Unmarried,Amer-Indian-Eskimo,Female,0,0,40,United-States,0
27,Private,168107,Bachelors,13,Married-civ-spouse,Craft-repair,Husband,White,Male,0,0,40,United-States,0
55,State-gov,146326,Masters,14,Married-civ-spouse,Prof-specialty,Husband,White,Male,7688,0,45,United-States,1
59,Private,38573,Some-college,10,Married-civ-spouse,Exec-managerial,Husband,White,Male,0,0,40,United-States,1
22,Private,362623,HS-grad,9,Never-married,Handlers-cleaners,Own-child,White,Male,0,0,40,United-States,0
53,Private,127671,7th-8th,4,Married-civ-spouse,Machine-op-inspct,Husband,White,Male,0,0,40,United-States,0
61,Private,423297,Doctorate,16,Married-civ-spouse,Prof-specialty,Husband,White,Male,0,0,40,United-States,1
24,Private,206008,Assoc-acdm,12,Never-married,Prof-specialty,Own-child,Black,Male,0,0,20,United-States,0
54,Local-gov,186884,Some-college,10,Married-civ-spouse,Transport-moving,Husband,Black,Male,0,0,30,United-States,0
58,Private,72812,10th,6,Never-married,Other-service,Not-in-family,White,Male,0,0,40,United-States,0
39,Private,191502,Assoc-voc,11,Married-civ-spouse,Craft-repair,Husband,White,Male,0,0,40,United-States,0
60,Self-emp-not-inc,73091,HS-grad,9,Separated,Other-service,Not-in-family,Black,Male,0,1876,50,United-States,0
44,Private,275094,1st-4th,2,Never-married,Other-service,Own-child,White,Male,0,0,10,United-States,0
21,Private,192572,HS-grad,9,Never-married,Adm-clerical,Own-child,White,Female,0,0,45,United-States,0
40,Private,320451,Doctorate,16,Married-civ-spouse,Prof-specialty,Husband,Asian-Pac-Islander,Male,0,1977,45,Hong,1
36,Private,334291,HS-grad,9,Married-civ-spouse,Sales,Husband,White,Male,0,0,40,United-States,1
32,Private,248584,HS-grad,9,Never-married,Farming-fishing,Own-child,White,Male,0,0,40,United-States,0
56,Private,282023,Prof-school,15,Married-civ-spouse,Prof-specialty,Husband,White,Male,0,0,45,United-States,1
21,Private,72119,Some-college,10,Never-married,Adm-clerical,Not-in-family,White,Male,0,0,45,United-States,0
62,Self-emp-not-inc,182998,7th-8th,4,Married-civ-spouse,Craft-repair,Husband,White,Male,0,0,10,United-States,0
25,Private,321205,Bachelors,13,Never-married,Exec-managerial,Not-in-family,White,Male,4101,0,35,United-States,0
39,Private,101073,Assoc-acdm,12,Married-civ-spouse,Sales,Husband,White,Male,0,0,24,United-States,0
27,Private,74883,Bachelors,13,Never-married,Tech-support,Not-in-family,Asian-Pac-Islander,Female,0,0,40,Philippines,0
75,Private,200068,Some-college,10,Married-civ-spouse,Exec-managerial,Husband,White,Male,0,0,35,United-States,1
29,Private,253801,HS-grad,9,Never-married,Craft-repair,Other-relative,White,Male,0,0,40,United-States,0
43,State-gov,144811,Prof-school,15,Divorced,Prof-specialty,Not-in-family,White,Male,0,0,50,United-States,0
43,Self-emp-not-inc,343061,7th-8th,4,Married-civ-spouse,Farming-fishing,Husband,White,Male,4508,0,40,Cuba,0
73,Private,29675,HS-grad,9,Widowed,Other-service,Other-relative,White,Female,0,0,12,United-States,0
36,Private,175360,Masters,14,Never-married,Adm-clerical,Not-in-family,White,Male,13550,0,50,United-States,1
63,Private,154526,Some-college,10,Widowed,Other-service,Not-in-family,White,Female,0,0,40,United-States,0
42,State-gov,83411,HS-grad,9,Married-civ-spouse,Exec-managerial,Husband,White,Male,0,0,40,United-States,1
62,Self-emp-not-inc,134768,12th,8,Married-civ-spouse,Craft-repair,Husband,White,Male,0,0,40,United-States,1
28,Private,208965,9th,5,Never-married,Machine-op-inspct,Unmarried,Other,Male,0,0,40,Mexico,0
39,Private,174242,HS-grad,9,Married-civ-spouse,Craft-repair,Husband,White,Male,0,0,40,United-States,0
61,Private,35649,Some-college,10,Married-civ-spouse,Other-service,Husband,White,Male,0,0,6,United-States,0
20,Private,112847,HS-grad,9,Never-married,Farming-fishing,Own-child,Asian-Pac-Islander,Male,0,0,40,United-States,0
48,Self-emp-not-inc,200825,Some-college,10,Married-civ-spouse,Exec-managerial,Husband,White,Male,0,0,30,United-States,1
42,Local-gov,254817,Some-college,10,Never-married,Prof-specialty,Not-in-family,White,Female,0,1340,40,United-States,0
48,Self-emp-not-inc,397466,Some-college,10,Married-civ-spouse,Exec-managerial,Husband,White,Male,0,0,60,United-States,0
21,Private,205838,HS-grad,9,Never-married,Other-service,Own-child,White,Male,0,0,37,United-States,0
21,Private,180339,Some-college,10,Never-married,Adm-clerical,Not-in-family,White,Female,0,0,45,United-States,0
23,Private,52566,HS-grad,9,Never-married,Adm-clerical,Not-in-family,White,Female,0,0,40,United-States,0
46,Private,163352,HS-grad,9,Married-civ-spouse,Sales,Husband,White,Male,0,0,36,United-States,0
22,Private,112137,Some-college,10,Never-married,Prof-specialty,Other-relative,Asian-Pac-Islander,Female,0,0,20,South,0
39,Private,115418,Some-college,10,Never-married,Adm-clerical,Own-child,White,Female,2174,0,45,United-States,0
51,Local-gov,240358,HS-grad,9,Married-civ-spouse,Protective-serv,Husband,White,Male,0,0,40,United-States,1
36,Private,214378,HS-grad,9,Divorced,Prof-specialty,Own-child,White,Female,0,0,40,United-States,1
42,Private,191765,HS-grad,9,Never-married,Adm-clerical,Other-relative,Black,Female,0,2339,40,Trinadad&Tobago,0
24,Private,238917,5th-6th,3,Never-married,Craft-repair,Unmarried,White,Male,0,0,40,El-Salvador,0
31,Private,198069,HS-grad,9,Never-married,Other-service,Own-child,White,Male,0,0,24,United-States,0
55,Private,169611,11th,7,Widowed,Adm-clerical,Unmarried,White,Female,0,0,40,United-States,0
49,Private,371299,HS-grad,9,Never-married,Adm-clerical,Unmarried,White,Female,0,0,35,United-States,0
54,Private,179291,Some-college,10,Married-civ-spouse,Prof-specialty,Husband,Black,Male,0,0,56,Haiti,1
29,Private,334221,Some-college,10,Never-married,Other-service,Not-in-family,White,Female,0,0,18,United-States,0
27,Private,134890,Bachelors,13,Never-married,Tech-support,Own-child,White,Male,0,0,50,United-States,0
27,Private,200227,Assoc-voc,11,Married-civ-spouse,Adm-clerical,Wife,Black,Female,0,0,40,United-States,0
19,Private,228238,HS-grad,9,Never-married,Machine-op-inspct,Other-relative,White,Male,0,0,40,Mexico,0
37,Federal-gov,470663,Some-college,10,Never-married,Craft-repair,Not-in-family,White,Male,0,0,40,United-States,0
20,Private,100188,Some-college,10,Never-married,Tech-support,Own-child,White,Female,0,0,24,United-States,0
45,Private,390368,Some-college,10,Married-civ-spouse,Sales,Husband,Black,Male,15024,0,99,United-States,1
55,Private,436861,Masters,14,Divorced,Prof-specialty,Not-in-family,White,Female,14084,0,40,United-States,1
21,State-gov,39236,Some-college,10,Never-married,Prof-specialty,Not-in-family,White,Female,0,0,8,United-States,0
75,Self-emp-not-inc,208426,Prof-school,15,Married-civ-spouse,Prof-specialty,Husband,White,Male,0,0,35,United-States,0
26,State-gov,152457,HS-grad,9,Never-married,Protective-serv,Not-in-family,White,Male,0,0,40,United-States,0
47,Local-gov,204377,Some-college,10,Never-married,Other-service,Own-child,White,Female,0,0,20,United-States,0
38,Private,33397,HS-grad,9,Divorced,Sales,Unmarried,White,Female,0,0,40,United-States,0
74,Private,54732,Some-college,10,Married-civ-spouse,Sales,Husband,White,Male,0,0,20,United-States,1
52,Federal-gov,29623,12th,8,Never-married,Other-service,Unmarried,Black,Female,0,0,40,United-States,0
59,Private,183606,11th,7,Married-civ-spouse,Machine-op-inspct,Husband,White,Male,0,0,40,United-States,0
38,Private,115289,HS-grad,9,Married-civ-spouse,Machine-op-inspct,Husband,White,Male,0,0,40,United-States,0
50,Private,193884,7th-8th,4,Married-civ-spouse,Craft-repair,Husband,White,Male,0,0,40,Ecuador,0
46,State-gov,363875,Some-college,10,Divorced,Protective-serv,Unmarried,Amer-Indian-Eskimo,Female,0,0,40,United-States,0
48,Private,155659,Assoc-voc,11,Married-civ-spouse,Craft-repair,Husband,White,Male,0,0,40,United-States,0
42,State-gov,184682,Assoc-acdm,12,Divorced,Other-service,Not-in-family,White,Female,0,0,40,United-States,0
30,Self-emp-not-inc,196342,Some-college,10,Never-married,Sales,Own-child,White,Male,0,0,25,United-States,0
24,Private,32921,Some-college,10,Never-married,Farming-fishing,Own-child,White,Male,0,0,50,United-States,0
44,Private,320277,Bachelors,13,Never-married,Prof-specialty,Not-in-family,White,Male,0,0,40,United-States,0
38,Private,59660,Bachelors,13,Married-civ-spouse,Sales,Husband,White,Male,7298,0,40,United-States,1
37,Private,146398,Bachelors,13,Never-married,Prof-specialty,Not-in-family,Black,Female,0,0,40,United-States,0
38,Private,140854,Bachelors,13,Married-civ-spouse,Tech-support,Husband,White,Male,0,0,40,United-States,1
44,Private,188331,Some-college,10,Divorced,Exec-managerial,Unmarried,White,Female,0,0,42,United-States,0
29,Private,253799,12th,8,Never-married,Exec-managerial,Not-in-family,White,Male,0,0,42,England,0
48,Private,176140,11th,7,Divorced,Other-service,Unmarried,Black,Female,0,0,40,United-States,0
37,Private,236328,10th,6,Married-civ-spouse,Craft-repair,Husband,White,Male,0,0,48,United-States,0
66,Private,350498,Some-college,10,Married-civ-spouse,Transport-moving,Husband,White,Male,0,1258,20,United-States,0
41,Private,433989,Assoc-voc,11,Married-civ-spouse,Sales,Husband,White,Male,4386,0,60,United-States,1
23,Private,83891,HS-grad,9,Never-married,Sales,Own-child,Asian-Pac-Islander,Male,0,0,40,United-States,0
23,Private,181820,Some-college,10,Never-married,Farming-fishing,Unmarried,White,Male,0,0,45,United-States,0
68,Private,67791,Some-college,10,Widowed,Sales,Not-in-family,White,Male,0,0,40,United-States,0
27,Private,102889,Some-college,10,Divorced,Machine-op-inspct,Unmarried,White,Female,0,0,40,United-States,0
61,Private,98776,11th,7,Widowed,Handlers-cleaners,Not-in-family,White,Female,0,0,30,United-States,0
38,Private,43770,Some-college,10,Separated,Other-service,Not-in-family,White,Female,4650,0,72,United-States,0
52,Private,98588,HS-grad,9,Married-civ-spouse,Craft-repair,Husband,White,Male,0,0,40,United-States,0
23,Private,325596,Some-college,10,Never-married,Machine-op-inspct,Not-in-family,White,Male,0,0,40,United-States,0
53,Private,231919,HS-grad,9,Married-civ-spouse,Machine-op-inspct,Husband,White,Male,0,0,45,United-States,0
37,Self-emp-inc,196123,Masters,14,Married-civ-spouse,Exec-managerial,Husband,White,Male,0,0,70,United-States,1
83,Self-emp-inc,240150,10th,6,Married-civ-spouse,Farming-fishing,Husband,White,Male,20051,0,50,United-States,1
30,Private,162442,Bachelors,13,Married-civ-spouse,Prof-specialty,Wife,White,Female,7688,0,50,United-States,1
39,Private,99065,Some-college,10,Divorced,Exec-managerial,Unmarried,White,Female,0,0,39,United-States,0
45,Private,379393,Some-college,10,Divorced,Tech-support,Not-in-family,White,Female,0,0,45,United-States,0
37,Private,126569,HS-grad,9,Never-married,Craft-repair,Own-child,White,Male,0,0,40,United-States,0
47,Private,296066,Some-college,10,Married-civ-spouse,Prof-specialty,Husband,White,Male,0,0,40,United-States,0
41,Private,132222,Prof-school,15,Married-civ-spouse,Prof-specialty,Husband,White,Male,0,2415,40,United-States,1
39,Private,218490,Bachelors,13,Married-civ-spouse,Sales,Husband,White,Male,0,1848,40,United-States,1
47,Private,205730,HS-grad,9,Married-civ-spouse,Craft-repair,Husband,White,Male,0,0,56,United-States,1
47,Private,191411,Masters,14,Married-civ-spouse,Prof-specialty,Husband,Asian-Pac-Islander,Male,0,0,45,India,0
49,Local-gov,215895,Masters,14,Married-civ-spouse,Adm-clerical,Husband,White,Male,0,0,40,Italy,1
59,Private,175689,Some-college,10,Married-civ-spouse,Adm-clerical,Wife,White,Female,0,0,14,Cuba,1
23,Private,293565,10th,6,Never-married,Handlers-cleaners,Not-in-family,White,Male,0,0,40,United-States,0
32,Private,84179,HS-grad,9,Never-married,Handlers-cleaners,Not-in-family,White,Female,0,0,45,United-States,0
46,Private,330416,Some-college,10,Married-civ-spouse,Adm-clerical,Husband,White,Male,0,0,40,United-States,0
29,Private,114982,Bachelors,13,Married-civ-spouse,Tech-support,Husband,White,Male,0,0,40,United-States,1
31,Private,186787,HS-grad,9,Never-married,Craft-repair,Own-child,White,Male,0,0,42,United-States,0
42,Private,176063,Assoc-voc,11,Married-civ-spouse,Exec-managerial,Husband,White,Male,15024,0,55,United-States,1
40,State-gov,34218,HS-grad,9,Married-civ-spouse,Craft-repair,Husband,White,Male,0,0,40,United-States,0
30,Private,313038,HS-grad,9,Never-married,Craft-repair,Not-in-family,White,Male,0,0,40,United-States,0
34,Self-emp-not-inc,140011,Prof-school,15,Married-civ-spouse,Prof-specialty,Husband,White,Male,0,0,55,United-States,1
35,Private,133454,10th,6,Divorced,Machine-op-inspct,Not-in-family,White,Male,0,0,50,United-States,0
20,Private,194848,Some-college,10,Never-married,Craft-repair,Own-child,White,Male,0,0,40,United-States,0
32,Local-gov,118457,Bachelors,13,Never-married,Prof-specialty,Not-in-family,White,Male,0,0,55,United-States,0
31,Self-emp-not-inc,111423,Bachelors,13,Never-married,Craft-repair,Not-in-family,White,Male,0,0,55,United-States,0
17,Private,122041,11th,7,Never-married,Craft-repair,Own-child,White,Male,0,0,20,United-States,0
19,Private,458558,HS-grad,9,Married-civ-spouse,Craft-repair,Wife,White,Female,0,0,40,United-States,0
37,Federal-gov,93225,Some-college,10,Married-civ-spouse,Adm-clerical,Husband,White,Male,7688,0,40,United-States,1
40,Federal-gov,73883,Some-college,10,Married-civ-spouse,Tech-support,Husband,White,Male,0,0,40,United-States,1
52,Federal-gov,154521,HS-grad,9,Married-civ-spouse,Adm-clerical,Husband,White,Male,0,0,44,United-States,1
37,Private,151771,7th-8th,4,Married-civ-spouse,Craft-repair,Husband,White,Male,0,0,40,United-States,0
52,Private,75839,Some-college,10,Married-civ-spouse,Tech-support,Husband,White,Male,0,0,40,United-States,0
41,Private,41090,HS-grad,9,Married-civ-spouse,Craft-repair,Husband,White,Male,0,2002,60,United-States,0
43,Private,237993,Some-college,10,Married-civ-spouse,Tech-support,Husband,White,Male,0,0,40,United-States,1
45,Federal-gov,283037,Bachelors,13,Married-civ-spouse,Exec-managerial,Husband,White,Male,0,0,40,United-States,0
31,Private,159123,Bachelors,13,Married-civ-spouse,Prof-specialty,Husband,White,Male,0,0,60,United-States,1
26,Private,97153,Assoc-acdm,12,Married-civ-spouse,Machine-op-inspct,Husband,White,Male,5178,0,40,United-States,1
19,Private,202673,Some-college,10,Never-married,Handlers-cleaners,Own-child,White,Male,0,0,50,United-States,0
28,Private,268726,HS-grad,9,Married-civ-spouse,Craft-repair,Husband,White,Male,0,0,46,United-States,0
31,Private,188246,Masters,14,Married-civ-spouse,Prof-specialty,Husband,White,Male,0,0,50,United-States,0
52,Private,286342,HS-grad,9,Divorced,Machine-op-inspct,Not-in-family,White,Female,0,0,38,United-States,0
29,Private,126060,HS-grad,9,Married-civ-spouse,Sales,Wife,White,Female,0,0,40,United-States,1
42,Private,106698,Some-college,10,Divorced,Other-service,Unmarried,White,Female,0,0,32,United-States,0
23,Private,237720,Bachelors,13,Never-married,Prof-specialty,Not-in-family,White,Male,0,0,38,United-States,0
64,Private,391121,7th-8th,4,Married-civ-spouse,Farming-fishing,Husband,White,Male,0,0,40,United-States,1
37,Private,91711,Bachelors,13,Married-civ-spouse,Exec-managerial,Husband,White,Male,0,0,60,United-States,1
34,Private,221396,Some-college,10,Married-civ-spouse,Adm-clerical,Husband,White,Male,0,0,40,United-States,0
36,Private,139743,Some-college,10,Widowed,Prof-specialty,Own-child,White,Female,0,0,40,United-States,0
42,Private,203393,Bachelors,13,Married-civ-spouse,Craft-repair,Wife,Black,Female,0,0,35,United-States,1
37,Private,160035,Some-college,10,Divorced,Machine-op-inspct,Not-in-family,White,Male,0,0,40,United-States,0
27,Private,190525,Assoc-voc,11,Never-married,Machine-op-inspct,Unmarried,White,Male,0,0,45,United-States,0
31,Private,50178,Some-college,10,Married-civ-spouse,Machine-op-inspct,Husband,White,Male,0,0,40,United-States,0
40,Private,111067,Bachelors,13,Married-civ-spouse,Handlers-cleaners,Husband,White,Male,0,0,80,United-States,1
25,Private,121102,Assoc-acdm,12,Never-married,Tech-support,Not-in-family,White,Female,0,2001,30,United-States,0
39,Private,30673,Some-college,10,Divorced,Handlers-cleaners,Not-in-family,White,Male,0,0,50,United-States,1
61,Private,197286,7th-8th,4,Married-civ-spouse,Machine-op-inspct,Husband,White,Male,0,0,40,United-States,0
64,Private,119506,HS-grad,9,Divorced,Other-service,Not-in-family,White,Female,0,0,15,United-States,0
30,Private,280927,Bachelors,13,Never-married,Adm-clerical,Not-in-family,White,Female,0,0,40,United-States,0
42,Private,27444,Some-college,10,Married-spouse-absent,Prof-specialty,Not-in-family,White,Male,0,0,40,United-States,1
28,Private,189530,Assoc-acdm,12,Married-civ-spouse,Prof-specialty,Husband,White,Male,0,0,40,United-States,1
68,Private,192829,Assoc-acdm,12,Divorced,Exec-managerial,Not-in-family,White,Female,0,0,43,United-States,0
23,Private,175183,Some-college,10,Never-married,Adm-clerical,Not-in-family,White,Female,0,0,40,United-States,0
23,Private,27776,HS-grad,9,Married-civ-spouse,Other-service,Husband,White,Male,0,0,40,United-States,0
48,Private,149640,Masters,14,Never-married,Exec-managerial,Not-in-family,White,Male,0,0,40,United-States,0
49,State-gov,36177,Bachelors,13,Married-civ-spouse,Exec-managerial,Husband,White,Male,0,0,45,United-States,1
44,Private,190532,Masters,14,Never-married,Prof-specialty,Not-in-family,White,Female,0,0,55,United-States,0
36,Private,91275,Some-college,10,Never-married,Adm-clerical,Unmarried,Asian-Pac-Islander,Female,0,0,40,United-States,0
30,Private,112358,Bachelors,13,Married-civ-spouse,Other-service,Husband,White,Male,0,0,60,United-States,1
37,Self-emp-inc,186359,HS-grad,9,Married-civ-spouse,Sales,Husband,White,Male,7688,0,60,United-States,1
47,State-gov,160045,Some-college,10,Divorced,Adm-clerical,Not-in-family,White,Female,0,0,40,United-States,0
37,Private,227128,5th-6th,3,Married-civ-spouse,Craft-repair,Husband,White,Male,0,0,40,United-States,0
56,Self-emp-not-inc,222182,HS-grad,9,Married-civ-spouse,Exec-managerial,Husband,Black,Male,0,0,45,United-States,0
38,Private,195744,Bachelors,13,Never-married,Other-service,Not-in-family,White,Male,0,0,48,United-States,0
39,Private,189623,Bachelors,13,Divorced,Sales,Unmarried,White,Male,0,0,60,United-States,0
47,Self-emp-inc,173783,Bachelors,13,Married-civ-spouse,Sales,Husband,White,Male,15024,0,60,United-States,1
58,Self-emp-not-inc,204021,HS-grad,9,Widowed,Exec-managerial,Not-in-family,White,Male,0,0,50,United-States,0
18,Private,280298,HS-grad,9,Never-married,Sales,Own-child,White,Female,0,0,24,United-States,0
46,Private,208872,Assoc-voc,11,Married-civ-spouse,Prof-specialty,Husband,White,Male,0,0,40,United-States,1
48,Local-gov,123075,Masters,14,Married-civ-spouse,Prof-specialty,Husband,White,Male,0,0,35,United-States,1
35,Private,29145,Assoc-voc,11,Never-married,Transport-moving,Not-in-family,White,Male,0,0,40,United-States,0
32,Private,200246,Bachelors,13,Married-civ-spouse,Exec-managerial,Husband,White,Male,0,0,40,United-States,1
26,Private,51961,12th,8,Never-married,Sales,Other-relative,Black,Male,0,0,51,United-States,0
32,Private,271276,HS-grad,9,Married-civ-spouse,Transport-moving,Husband,White,Male,0,0,80,United-States,1
47,Private,344157,11th,7,Divorced,Handlers-cleaners,Not-in-family,White,Male,0,0,40,United-States,0
17,Private,186890,10th,6,Married-civ-spouse,Sales,Own-child,White,Female,0,0,30,United-States,0
38,Private,175120,HS-grad,9,Divorced,Craft-repair,Not-in-family,White,Male,0,0,40,United-States,0
53,Private,250034,Bachelors,13,Married-civ-spouse,Exec-managerial,Husband,Black,Male,0,0,50,United-States,1
39,Self-emp-not-inc,202027,Prof-school,15,Married-civ-spouse,Prof-specialty,Husband,White,Male,0,1977,50,United-States,1
27,Private,255582,HS-grad,9,Never-married,Machine-op-inspct,Not-in-family,White,Female,0,0,40,United-States,0
20,Private,117606,Assoc-voc,11,Never-married,Adm-clerical,Own-child,White,Female,0,0,40,United-States,0
59,Private,157303,Some-college,10,Divorced,Prof-specialty,Not-in-family,White,Female,0,0,48,United-States,0
42,Private,211517,11th,7,Married-civ-spouse,Machine-op-inspct,Husband,White,Male,0,0,40,United-States,0
57,Self-emp-inc,125000,Prof-school,15,Married-civ-spouse,Prof-specialty,Husband,White,Male,0,0,35,United-States,1
20,Private,179423,Some-college,10,Never-married,Handlers-cleaners,Own-child,White,Female,0,0,8,United-States,0
38,Private,166988,Bachelors,13,Never-married,Adm-clerical,Own-child,White,Female,0,0,40,United-States,0
40,Private,342164,HS-grad,9,Separated,Adm-clerical,Unmarried,White,Female,0,0,37,United-States,0
51,Private,136121,Assoc-voc,11,Divorced,Adm-clerical,Unmarried,White,Female,0,0,38,United-States,0
36,Private,185203,HS-grad,9,Never-married,Sales,Not-in-family,White,Female,0,0,40,United-States,0
40,Private,209547,Bachelors,13,Married-civ-spouse,Sales,Husband,White,Male,0,1977,60,United-States,1
28,Private,410450,Bachelors,13,Divorced,Other-service,Unmarried,White,Female,0,0,48,England,1
44,Private,427952,Bachelors,13,Married-civ-spouse,Prof-specialty,Husband,White,Male,0,0,40,United-States,0
50,Private,99925,HS-grad,9,Married-civ-spouse,Adm-clerical,Husband,White,Male,0,0,32,United-States,0
33,Private,44392,HS-grad,9,Divorced,Handlers-cleaners,Own-child,White,Male,0,0,20,United-States,0
47,Private,122026,Assoc-voc,11,Divorced,Sales,Not-in-family,White,Male,0,0,50,United-States,0
43,Local-gov,186995,HS-grad,9,Divorced,Protective-serv,Unmarried,White,Female,0,0,40,United-States,0
28,Private,176683,Assoc-acdm,12,Never-married,Prof-specialty,Own-child,White,Male,0,0,40,France,0
50,Self-emp-not-inc,167380,7th-8th,4,Married-civ-spouse,Farming-fishing,Husband,White,Male,0,0,40,United-States,0
33,State-gov,73296,HS-grad,9,Never-married,Other-service,Unmarried,Black,Female,1831,0,40,United-States,0
42,State-gov,39239,Masters,14,Never-married,Prof-specialty,Not-in-family,White,Male,0,0,70,United-States,0
47,Private,368561,Some-college,10,Married-civ-spouse,Craft-repair,Husband,White,Male,0,0,40,United-States,1
63,Private,207385,Some-college,10,Married-civ-spouse,Sales,Husband,White,Male,0,0,30,United-States,0
80,Private,202483,HS-grad,9,Married-spouse-absent,Adm-clerical,Not-in-family,White,Female,0,0,16,United-States,0
50,Private,98215,HS-grad,9,Divorced,Other-service,Not-in-family,White,Male,0,0,40,United-States,0
40,Private,228535,Assoc-acdm,12,Married-civ-spouse,Prof-specialty,Husband,White,Male,7298,0,36,United-States,1
29,Self-emp-not-inc,58744,Assoc-acdm,12,Never-married,Other-service,Own-child,White,Male,0,0,60,United-States,0
56,Private,329059,HS-grad,9,Married-civ-spouse,Machine-op-inspct,Husband,White,Male,0,0,40,Italy,1
19,Private,83930,HS-grad,9,Never-married,Other-service,Own-child,White,Female,0,0,20,United-States,0
46,Self-emp-not-inc,82572,HS-grad,9,Widowed,Other-service,Other-relative,White,Female,0,0,40,United-States,0
44,Private,192225,Bachelors,13,Married-civ-spouse,Exec-managerial,Husband,White,Male,0,0,40,United-States,1
29,Private,157612,Bachelors,13,Never-married,Prof-specialty,Not-in-family,White,Female,14344,0,40,United-States,1
27,Private,228476,Bachelors,13,Married-civ-spouse,Sales,Husband,White,Male,0,0,50,United-States,1
24,Private,284317,Bachelors,13,Never-married,Other-service,Own-child,White,Female,0,0,30,United-States,0
35,Private,261293,Masters,14,Never-married,Sales,Not-in-family,White,Male,0,0,60,United-States,0
33,Federal-gov,37546,Prof-school,15,Married-civ-spouse,Prof-specialty,Wife,White,Female,0,0,40,United-States,1
37,Private,127772,Bachelors,13,Married-civ-spouse,Exec-managerial,Husband,White,Male,0,0,50,United-States,1
51,Private,162944,HS-grad,9,Married-civ-spouse,Craft-repair,Husband,White,Male,0,0,40,United-States,0
47,Private,284916,HS-grad,9,Married-civ-spouse,Sales,Husband,White,Male,7298,0,45,United-States,1
29,Private,150861,HS-grad,9,Never-married,Adm-clerical,Not-in-family,White,Female,0,0,40,United-States,0
21,Private,377931,Some-college,10,Married-civ-spouse,Exec-managerial,Husband,White,Male,0,2377,48,United-States,0
21,Private,256240,11th,7,Married-civ-spouse,Machine-op-inspct,Husband,White,Male,0,0,40,United-States,0
38,State-gov,200904,Bachelors,13,Married-civ-spouse,Exec-managerial,Wife,Black,Female,0,0,30,United-States,1
28,Private,282398,Some-college,10,Separated,Tech-support,Unmarried,White,Male,0,0,40,United-States,1
55,Private,163083,Bachelors,13,Separated,Exec-managerial,Not-in-family,White,Male,14084,0,45,United-States,1
18,Private,41381,HS-grad,9,Never-married,Sales,Own-child,White,Female,0,1602,20,United-States,0
45,Local-gov,209482,Masters,14,Married-civ-spouse,Prof-specialty,Wife,White,Female,0,0,45,United-States,1
47,Self-emp-inc,337050,Some-college,10,Married-civ-spouse,Farming-fishing,Husband,White,Male,0,0,40,United-States,0
42,Private,223934,Assoc-acdm,12,Divorced,Exec-managerial,Unmarried,White,Female,0,0,40,United-States,0
28,Private,204734,Some-college,10,Married-civ-spouse,Tech-support,Wife,White,Female,0,0,40,United-States,0
31,Private,213002,12th,8,Never-married,Sales,Not-in-family,White,Male,4650,0,50,United-States,0
43,Private,180096,Assoc-voc,11,Married-civ-spouse,Craft-repair,Husband,White,Male,0,0,50,United-States,1
61,Self-emp-not-inc,201273,Some-college,10,Widowed,Machine-op-inspct,Not-in-family,White,Female,0,0,40,United-States,0
65,Local-gov,180869,Some-college,10,Widowed,Adm-clerical,Not-in-family,White,Female,0,0,35,United-States,0
43,Private,111949,HS-grad,9,Married-civ-spouse,Other-service,Wife,White,Female,0,0,35,United-States,0
62,Local-gov,223637,HS-grad,9,Divorced,Other-service,Not-in-family,Black,Female,0,0,35,United-States,0
52,Self-emp-inc,206054,Some-college,10,Married-civ-spouse,Craft-repair,Husband,White,Male,0,0,40,United-States,0
44,Private,174283,HS-grad,9,Married-civ-spouse,Craft-repair,Husband,White,Male,0,0,40,United-States,1
30,Private,59496,Bachelors,13,Married-civ-spouse,Sales,Husband,White,Male,2407,0,40,United-States,0
34,Private,79637,Bachelors,13,Never-married,Exec-managerial,Own-child,Amer-Indian-Eskimo,Female,0,0,40,United-States,0
46,Private,143189,5th-6th,3,Never-married,Machine-op-inspct,Own-child,White,Female,0,0,40,Dominican-Republic,0
23,Private,181820,Some-college,10,Never-married,Machine-op-inspct,Own-child,White,Male,0,0,40,United-States,0
34,State-gov,177331,Some-college,10,Married-civ-spouse,Prof-specialty,Husband,Black,Male,4386,0,40,United-States,1
52,Private,46788,Bachelors,13,Divorced,Craft-repair,Unmarried,White,Male,0,0,25,United-States,0
37,Private,112497,Masters,14,Married-civ-spouse,Exec-managerial,Husband,White,Male,0,0,40,United-States,1
50,Private,234037,HS-grad,9,Married-civ-spouse,Machine-op-inspct,Husband,White,Male,0,0,58,United-States,0
40,Private,338740,HS-grad,9,Married-civ-spouse,Exec-managerial,Husband,White,Male,0,0,40,United-States,0
41,Private,193524,HS-grad,9,Married-civ-spouse,Craft-repair,Husband,White,Male,0,1485,40,United-States,0
53,Private,152373,Some-college,10,Divorced,Craft-repair,Not-in-family,White,Male,0,0,48,United-States,1
31,Private,197672,Bachelors,13,Married-civ-spouse,Prof-specialty,Husband,White,Male,0,0,40,United-States,0
68,Private,201732,Some-college,10,Divorced,Adm-clerical,Unmarried,White,Female,0,0,40,United-States,0
58,Private,247276,7th-8th,4,Widowed,Other-service,Not-in-family,Other,Female,0,0,30,United-States,0
44,Private,100584,HS-grad,9,Married-civ-spouse,Machine-op-inspct,Husband,Amer-Indian-Eskimo,Male,0,0,40,United-States,0
28,Private,287268,Some-college,10,Never-married,Other-service,Not-in-family,White,Male,0,0,35,United-States,0
50,Self-emp-not-inc,114117,HS-grad,9,Married-civ-spouse,Exec-managerial,Husband,White,Male,0,0,32,United-States,0
24,Private,267843,Bachelors,13,Never-married,Prof-specialty,Own-child,Black,Female,0,0,35,United-States,0
49,Self-emp-not-inc,117634,Some-college,10,Widowed,Craft-repair,Unmarried,White,Female,0,0,30,United-States,0
62,Local-gov,114045,HS-grad,9,Divorced,Other-service,Not-in-family,White,Female,0,0,35,United-States,0
46,Private,179869,HS-grad,9,Married-civ-spouse,Craft-repair,Husband,White,Male,0,0,40,United-States,0
38,Private,213716,Assoc-voc,11,Divorced,Other-service,Not-in-family,White,Female,0,0,30,United-States,0
32,Private,168981,HS-grad,9,Never-married,Adm-clerical,Other-relative,White,Female,0,0,35,United-States,0
17,Private,198146,11th,7,Never-married,Sales,Own-child,White,Female,0,0,15,United-States,0
50,Local-gov,117791,HS-grad,9,Divorced,Adm-clerical,Not-in-family,White,Female,0,0,40,United-States,0
41,Private,212894,5th-6th,3,Married-civ-spouse,Handlers-cleaners,Husband,White,Male,0,0,40,Guatemala,0
38,Federal-gov,48123,Some-college,10,Divorced,Exec-managerial,Not-in-family,White,Female,0,0,40,United-States,0
17,Private,117549,10th,6,Never-married,Sales,Other-relative,Black,Female,0,0,12,United-States,0
28,Private,181659,11th,7,Never-married,Transport-moving,Own-child,White,Male,0,0,50,United-States,0
25,Private,148300,Bachelors,13,Never-married,Prof-specialty,Own-child,White,Female,0,0,15,United-States,0
47,Self-emp-not-inc,216657,HS-grad,9,Married-civ-spouse,Farming-fishing,Husband,White,Male,0,0,60,United-States,0
31,Private,196025,Doctorate,16,Married-spouse-absent,Prof-specialty,Not-in-family,Asian-Pac-Islander,Male,0,0,60,China,0
25,Private,277444,Bachelors,13,Married-civ-spouse,Sales,Husband,White,Male,0,0,50,United-States,0
22,Private,35663,HS-grad,9,Never-married,Other-service,Not-in-family,White,Female,0,0,40,United-States,0
17,Private,207637,11th,7,Never-married,Handlers-cleaners,Own-child,White,Male,0,0,10,United-States,0
26,Private,167350,12th,8,Never-married,Handlers-cleaners,Own-child,White,Male,0,0,40,United-States,0
19,Local-gov,202184,Some-college,10,Never-married,Adm-clerical,Own-child,White,Male,0,0,15,United-States,0
42,Private,98427,HS-grad,9,Married-civ-spouse,Other-service,Wife,Black,Female,0,0,35,United-States,0
38,Private,405284,Bachelors,13,Never-married,Other-service,Own-child,White,Female,0,0,35,United-States,0
19,State-gov,144429,Some-college,10,Never-married,Prof-specialty,Own-child,White,Male,0,0,10,United-States,0
69,Private,200560,Bachelors,13,Married-civ-spouse,Handlers-cleaners,Husband,White,Male,0,0,20,United-States,0
24,Private,202959,Assoc-voc,11,Never-married,Adm-clerical,Not-in-family,White,Female,0,0,40,United-States,0
20,Private,133352,Some-college,10,Never-married,Adm-clerical,Own-child,Asian-Pac-Islander,Female,0,0,40,Vietnam,0
28,Private,92262,Bachelors,13,Married-civ-spouse,Sales,Husband,White,Male,0,0,40,United-States,0
37,Private,342768,HS-grad,9,Married-civ-spouse,Craft-repair,Husband,White,Male,0,0,40,United-States,0
54,Private,144586,Some-college,10,Married-civ-spouse,Sales,Wife,White,Female,0,0,40,United-States,1
37,Private,278576,HS-grad,9,Married-civ-spouse,Machine-op-inspct,Husband,White,Male,0,0,60,United-States,1
52,Local-gov,137753,HS-grad,9,Married-civ-spouse,Other-service,Wife,Black,Female,0,0,20,United-States,0
46,Private,169180,Assoc-voc,11,Divorced,Adm-clerical,Not-in-family,White,Female,0,0,40,United-States,0
27,Private,106935,Some-college,10,Separated,Sales,Not-in-family,White,Male,0,0,40,United-States,0
40,Private,115932,Bachelors,13,Married-civ-spouse,Prof-specialty,Husband,White,Male,0,0,60,Ireland,1
49,Self-emp-not-inc,48495,HS-grad,9,Married-civ-spouse,Exec-managerial,Husband,White,Male,0,0,45,United-States,0
57,Private,180779,Bachelors,13,Married-civ-spouse,Prof-specialty,Husband,White,Male,7298,0,40,United-States,1
26,Private,339324,HS-grad,9,Married-civ-spouse,Machine-op-inspct,Husband,White,Male,0,0,96,United-States,0
19,Private,206874,Assoc-voc,11,Never-married,Adm-clerical,Own-child,Black,Female,0,0,40,United-States,0
18,Private,301948,HS-grad,9,Never-married,Protective-serv,Own-child,White,Male,34095,0,3,United-States,0
40,Private,104196,Bachelors,13,Married-civ-spouse,Prof-specialty,Husband,White,Male,0,1887,40,United-States,1
21,Private,186314,HS-grad,9,Married-civ-spouse,Adm-clerical,Husband,White,Male,0,0,40,United-States,0
55,Self-emp-not-inc,35340,Some-college,10,Married-civ-spouse,Craft-repair,Husband,White,Male,0,0,50,United-States,0
26,Private,78424,Assoc-voc,11,Never-married,Sales,Unmarried,White,Female,0,0,54,United-States,0
33,Private,174789,Some-college,10,Never-married,Adm-clerical,Not-in-family,White,Male,0,0,50,United-States,0
42,Private,149210,Bachelors,13,Married-civ-spouse,Prof-specialty,Husband,White,Male,7298,0,45,United-States,1
42,Private,100800,HS-grad,9,Never-married,Craft-repair,Not-in-family,White,Male,0,0,40,United-States,0
22,Private,113550,HS-grad,9,Never-married,Adm-clerical,Own-child,White,Female,0,0,40,United-States,0
36,Private,169469,Some-college,10,Married-civ-spouse,Exec-managerial,Husband,White,Male,7298,0,40,United-States,1
50,Private,341797,HS-grad,9,Divorced,Craft-repair,Not-in-family,White,Male,0,0,40,United-States,0
55,Local-gov,177163,Masters,14,Widowed,Prof-specialty,Unmarried,White,Female,914,0,50,United-States,0
30,Private,114691,HS-grad,9,Never-married,Farming-fishing,Own-child,White,Male,0,0,40,United-States,0
51,Private,71046,Some-college,10,Divorced,Exec-managerial,Unmarried,White,Male,0,0,45,Scotland,0
58,Self-emp-not-inc,106942,Some-college,10,Divorced,Craft-repair,Unmarried,White,Male,0,0,40,United-States,0
37,Private,215503,HS-grad,9,Married-civ-spouse,Exec-managerial,Husband,White,Male,4386,0,45,United-States,1
23,Private,112683,Some-college,10,Never-married,Sales,Own-child,White,Female,0,0,12,United-States,0
48,Private,278039,HS-grad,9,Divorced,Sales,Not-in-family,White,Male,0,0,60,United-States,0
50,Local-gov,212685,HS-grad,9,Married-civ-spouse,Other-service,Husband,Black,Male,0,0,40,United-States,0
45,Private,255014,Some-college,10,Married-civ-spouse,Craft-repair,Husband,White,Male,0,0,55,United-States,1
43,Private,188199,9th,5,Divorced,Handlers-cleaners,Unmarried,White,Female,0,0,40,United-States,0
31,Private,225053,HS-grad,9,Divorced,Transport-moving,Not-in-family,White,Male,0,0,45,United-States,0
45,Private,31339,Bachelors,13,Married-civ-spouse,Adm-clerical,Husband,White,Male,0,0,45,United-States,1
35,Local-gov,33975,Bachelors,13,Married-civ-spouse,Prof-specialty,Husband,White,Male,0,0,40,United-States,1
18,Self-emp-inc,38307,11th,7,Never-married,Farming-fishing,Own-child,White,Male,0,0,30,United-States,0
54,Private,425804,Some-college,10,Never-married,Exec-managerial,Not-in-family,White,Female,0,0,45,United-States,1
35,Private,145704,HS-grad,9,Married-civ-spouse,Prof-specialty,Wife,White,Female,3942,0,35,United-States,0
62,Private,272209,HS-grad,9,Divorced,Priv-house-serv,Unmarried,Black,Female,0,0,99,United-States,0
22,Private,107882,Bachelors,13,Never-married,Exec-managerial,Own-child,White,Female,0,0,35,United-States,0
27,Private,164607,Bachelors,13,Married-civ-spouse,Other-service,Husband,White,Male,0,0,40,United-States,0
29,Private,183627,HS-grad,9,Married-civ-spouse,Machine-op-inspct,Husband,White,Male,3137,0,48,Ireland,0
37,Local-gov,218184,Bachelors,13,Married-civ-spouse,Prof-specialty,Husband,White,Male,0,1887,40,United-States,1
45,Self-emp-not-inc,28497,Bachelors,13,Married-civ-spouse,Farming-fishing,Husband,White,Male,0,1485,70,United-States,1
34,Private,102130,HS-grad,9,Married-civ-spouse,Sales,Husband,White,Male,0,0,65,United-States,1
70,Private,184176,HS-grad,9,Divorced,Other-service,Not-in-family,White,Female,0,0,28,United-States,0
34,Private,339142,HS-grad,9,Separated,Handlers-cleaners,Unmarried,White,Female,0,0,40,United-States,0
18,Private,120781,10th,6,Never-married,Other-service,Own-child,White,Male,0,0,20,United-States,0
25,Private,133373,HS-grad,9,Separated,Craft-repair,Not-in-family,White,Male,0,0,40,United-States,0
34,Local-gov,231826,HS-grad,9,Married-civ-spouse,Prof-specialty,Husband,White,Male,0,0,40,El-Salvador,0
33,Private,143540,HS-grad,9,Married-civ-spouse,Craft-repair,Husband,White,Male,0,0,40,United-States,0
61,Private,147280,Masters,14,Married-civ-spouse,Exec-managerial,Husband,White,Male,0,0,60,United-States,1
35,Private,255635,9th,5,Married-civ-spouse,Craft-repair,Husband,Other,Male,0,0,40,Mexico,0
36,Private,162424,HS-grad,9,Married-civ-spouse,Craft-repair,Husband,White,Male,0,0,45,United-States,0
23,Private,234663,HS-grad,9,Never-married,Machine-op-inspct,Not-in-family,White,Male,0,0,40,United-States,0
61,Private,85434,HS-grad,9,Married-civ-spouse,Transport-moving,Husband,White,Male,0,0,40,United-States,0
21,Private,654141,HS-grad,9,Never-married,Craft-repair,Not-in-family,Black,Male,0,0,32,United-States,0
41,Private,237452,Bachelors,13,Married-civ-spouse,Prof-specialty,Wife,White,Female,0,0,15,Cuba,1
57,Private,172291,HS-grad,9,Divorced,Adm-clerical,Other-relative,Black,Female,0,0,40,United-States,0
41,State-gov,214985,HS-grad,9,Divorced,Exec-managerial,Not-in-family,White,Female,0,0,40,United-States,0
35,Self-emp-inc,186845,Bachelors,13,Married-civ-spouse,Sales,Own-child,White,Male,5178,0,50,United-States,1
39,Local-gov,111499,Assoc-acdm,12,Married-civ-spouse,Adm-clerical,Wife,White,Female,0,0,20,United-States,1
50,Private,177896,HS-grad,9,Married-civ-spouse,Craft-repair,Husband,White,Male,0,0,50,United-States,0
45,Private,187730,Bachelors,13,Never-married,Prof-specialty,Own-child,White,Male,0,0,40,United-States,0
22,Private,197613,Assoc-voc,11,Never-married,Other-service,Not-in-family,White,Female,0,0,30,United-States,0
40,Private,255675,Some-college,10,Married-civ-spouse,Prof-specialty,Husband,White,Male,0,0,40,United-States,1
63,Private,102412,HS-grad,9,Divorced,Sales,Not-in-family,White,Female,0,0,40,United-States,0
71,Private,179574,Prof-school,15,Married-civ-spouse,Prof-specialty,Husband,White,Male,0,0,12,United-States,1
23,Private,117767,HS-grad,9,Never-married,Other-service,Own-child,White,Male,0,0,35,United-States,0
32,Private,53260,HS-grad,9,Divorced,Other-service,Unmarried,Other,Female,0,0,28,United-States,0
30,Private,206051,HS-grad,9,Married-civ-spouse,Transport-moving,Husband,White,Male,0,0,40,United-States,0
28,Private,148645,Assoc-acdm,12,Divorced,Prof-specialty,Not-in-family,White,Female,0,0,40,United-States,0
26,Private,68895,HS-grad,9,Never-married,Adm-clerical,Not-in-family,White,Male,0,0,50,Mexico,0
46,Private,73434,Masters,14,Divorced,Exec-managerial,Not-in-family,White,Female,0,0,45,United-States,0
35,Private,81280,Bachelors,13,Married-civ-spouse,Farming-fishing,Husband,White,Male,0,0,65,Yugoslavia,1
50,Private,283281,7th-8th,4,Married-civ-spouse,Machine-op-inspct,Husband,Black,Male,0,0,40,United-States,0
69,Private,41419,7th-8th,4,Married-civ-spouse,Other-service,Husband,White,Male,0,0,20,United-States,0
47,Self-emp-inc,201699,Assoc-acdm,12,Married-civ-spouse,Exec-managerial,Husband,White,Male,0,0,50,United-States,1
39,Private,150057,Masters,14,Never-married,Sales,Not-in-family,White,Male,0,0,50,United-States,1
19,Private,301911,Some-college,10,Never-married,Sales,Own-child,Asian-Pac-Islander,Male,0,0,35,Laos,0
39,Private,290321,10th,6,Married-civ-spouse,Machine-op-inspct,Husband,White,Male,0,0,40,United-States,0
55,Federal-gov,176904,HS-grad,9,Married-civ-spouse,Exec-managerial,Husband,White,Male,0,0,40,United-States,0
36,Private,175759,Bachelors,13,Married-civ-spouse,Exec-managerial,Husband,White,Male,7298,0,50,United-States,1
60,Private,225526,HS-grad,9,Separated,Sales,Not-in-family,White,Female,0,0,32,United-States,0
44,Private,79531,HS-grad,9,Married-civ-spouse,Craft-repair,Husband,White,Male,0,0,45,United-States,0
28,Self-emp-inc,204247,Bachelors,13,Married-civ-spouse,Prof-specialty,Husband,White,Male,0,0,50,United-States,1
31,Local-gov,209103,Some-college,10,Married-civ-spouse,Protective-serv,Husband,White,Male,3464,0,45,United-States,0
46,Private,166546,Some-college,10,Divorced,Adm-clerical,Not-in-family,White,Female,0,0,24,United-States,0
44,Private,83237,Bachelors,13,Married-civ-spouse,Prof-specialty,Husband,White,Male,0,0,55,United-States,1
50,Private,146325,HS-grad,9,Married-civ-spouse,Craft-repair,Husband,White,Male,0,0,44,United-States,1
22,Private,167868,HS-grad,9,Never-married,Sales,Not-in-family,White,Female,0,0,30,United-States,0
44,Federal-gov,399155,HS-grad,9,Never-married,Craft-repair,Own-child,Black,Female,0,0,40,United-States,0
37,Self-emp-not-inc,103925,Bachelors,13,Married-civ-spouse,Sales,Wife,White,Female,0,0,50,United-States,0
58,Self-emp-not-inc,266707,1st-4th,2,Married-civ-spouse,Transport-moving,Husband,White,Male,0,2179,18,United-States,0
74,Self-emp-inc,167537,Some-college,10,Married-civ-spouse,Exec-managerial,Husband,White,Male,0,0,35,United-States,1
33,Private,254221,HS-grad,9,Never-married,Adm-clerical,Not-in-family,White,Female,0,0,40,United-States,0
60,Self-emp-not-inc,176839,Prof-school,15,Married-civ-spouse,Sales,Husband,White,Male,0,0,45,United-States,1
49,Self-emp-not-inc,199590,HS-grad,9,Married-civ-spouse,Craft-repair,Husband,White,Male,0,0,50,Mexico,0
32,Private,199529,Some-college,10,Separated,Tech-support,Not-in-family,Amer-Indian-Eskimo,Male,0,1980,40,United-States,0
62,Federal-gov,224277,Some-college,10,Widowed,Protective-serv,Not-in-family,White,Female,0,0,40,United-States,0
36,Local-gov,196529,Masters,14,Married-civ-spouse,Prof-specialty,Wife,White,Female,0,0,40,United-States,1
52,Private,94391,HS-grad,9,Married-civ-spouse,Adm-clerical,Husband,White,Male,0,0,40,United-States,0
37,Private,185359,HS-grad,9,Married-civ-spouse,Adm-clerical,Husband,White,Male,0,0,40,United-States,0
48,Private,118831,HS-grad,9,Divorced,Handlers-cleaners,Unmarried,Asian-Pac-Islander,Female,0,0,40,South,0
55,Private,143266,HS-grad,9,Divorced,Adm-clerical,Unmarried,White,Male,0,0,25,United-States,0
56,Private,134286,Some-college,10,Married-civ-spouse,Exec-managerial,Husband,White,Male,0,0,45,United-States,0
38,Private,180303,Bachelors,13,Married-civ-spouse,Exec-managerial,Husband,Asian-Pac-Islander,Male,0,0,50,Japan,1
53,Private,139127,HS-grad,9,Divorced,Other-service,Not-in-family,White,Female,0,0,40,United-States,0
45,State-gov,50567,HS-grad,9,Married-civ-spouse,Exec-managerial,Wife,White,Female,0,0,40,United-States,0
44,Private,193524,Some-college,10,Married-civ-spouse,Prof-specialty,Husband,White,Male,0,0,40,United-States,0
37,Private,79586,Bachelors,13,Married-civ-spouse,Exec-managerial,Husband,Asian-Pac-Islander,Male,0,0,40,Iran,0
26,Private,34110,Some-college,10,Never-married,Protective-serv,Not-in-family,White,Male,0,0,44,United-States,0
70,Private,642830,HS-grad,9,Divorced,Protective-serv,Not-in-family,White,Female,0,0,32,United-States,0
68,Self-emp-not-inc,197015,HS-grad,9,Married-civ-spouse,Farming-fishing,Husband,White,Male,0,0,45,United-States,0
39,Private,36376,Some-college,10,Married-civ-spouse,Farming-fishing,Husband,White,Male,0,0,60,United-States,0
58,Self-emp-not-inc,164065,Masters,14,Divorced,Sales,Not-in-family,White,Male,0,0,18,United-States,0
33,Private,229732,Bachelors,13,Never-married,Sales,Not-in-family,White,Male,0,0,45,United-States,1
60,Private,36077,7th-8th,4,Married-spouse-absent,Machine-op-inspct,Not-in-family,White,Male,0,0,40,United-States,0
45,Local-gov,348172,Bachelors,13,Married-civ-spouse,Farming-fishing,Husband,Asian-Pac-Islander,Male,7298,0,40,United-States,1
43,Private,112181,Assoc-voc,11,Married-civ-spouse,Tech-support,Wife,White,Female,0,1902,32,United-States,1
28,Private,263614,Bachelors,13,Married-civ-spouse,Exec-managerial,Husband,White,Male,0,0,40,United-States,1
34,Private,304872,9th,5,Divorced,Other-service,Unmarried,White,Female,0,0,40,United-States,0
51,State-gov,213296,Bachelors,13,Widowed,Adm-clerical,Not-in-family,White,Male,0,0,40,United-States,0
42,Private,108506,HS-grad,9,Married-civ-spouse,Transport-moving,Husband,Amer-Indian-Eskimo,Male,0,0,60,United-States,0
41,Private,187881,Some-college,10,Married-civ-spouse,Sales,Husband,White,Male,3942,0,40,United-States,0
53,Private,139671,Some-college,10,Married-civ-spouse,Craft-repair,Husband,White,Male,0,0,40,United-States,1
51,Private,189511,Assoc-voc,11,Married-civ-spouse,Other-service,Husband,White,Male,0,0,50,Germany,1
36,Private,208068,Preschool,1,Divorced,Other-service,Not-in-family,Other,Male,0,0,72,Mexico,0
34,Private,215047,Some-college,10,Never-married,Exec-managerial,Not-in-family,White,Male,0,0,45,United-States,0
65,Private,105491,Bachelors,13,Married-civ-spouse,Exec-managerial,Husband,White,Male,99999,0,40,United-States,1
27,Private,347153,Some-college,10,Never-married,Transport-moving,Other-relative,White,Male,0,0,40,United-States,0
23,Private,228230,Some-college,10,Married-civ-spouse,Sales,Wife,White,Female,0,0,47,United-States,0
45,Private,102202,Assoc-voc,11,Divorced,Adm-clerical,Not-in-family,White,Female,0,0,40,United-States,0
59,Private,146391,Assoc-voc,11,Married-civ-spouse,Tech-support,Husband,White,Male,7298,0,40,United-States,1
33,Self-emp-inc,144949,Bachelors,13,Married-civ-spouse,Sales,Husband,White,Male,0,0,65,United-States,0
35,Private,273612,Bachelors,13,Never-married,Exec-managerial,Not-in-family,White,Male,0,0,45,United-States,0
26,Private,154966,Some-college,10,Married-civ-spouse,Sales,Husband,White,Male,0,0,50,United-States,1
22,Private,123727,Some-college,10,Never-married,Handlers-cleaners,Not-in-family,White,Female,0,0,30,United-States,0
48,Private,172709,HS-grad,9,Divorced,Other-service,Unmarried,Black,Female,0,0,40,United-States,0
54,Self-emp-not-inc,168723,HS-grad,9,Married-civ-spouse,Sales,Husband,White,Male,0,0,40,United-States,0
45,Private,146857,Bachelors,13,Married-civ-spouse,Exec-managerial,Husband,White,Male,0,0,38,United-States,1
44,Private,191256,HS-grad,9,Married-civ-spouse,Machine-op-inspct,Husband,White,Male,0,0,40,United-States,0
36,Private,215392,Bachelors,13,Divorced,Tech-support,Not-in-family,White,Female,0,0,40,United-States,0
60,Self-emp-inc,181196,Some-college,10,Married-civ-spouse,Exec-managerial,Husband,White,Male,0,0,40,United-States,1
29,Private,246974,Assoc-voc,11,Never-married,Tech-support,Not-in-family,White,Male,0,0,40,United-States,0
45,Private,288437,HS-grad,9,Married-civ-spouse,Transport-moving,Husband,Other,Male,4064,0,40,United-States,0
32,Private,268147,Assoc-voc,11,Never-married,Tech-support,Unmarried,White,Female,0,0,60,United-States,0
27,Private,492263,10th,6,Separated,Machine-op-inspct,Own-child,White,Male,0,0,35,Mexico,0
42,Self-emp-not-inc,29320,Prof-school,15,Divorced,Prof-specialty,Unmarried,White,Male,0,0,60,United-States,1
36,Private,187046,HS-grad,9,Married-civ-spouse,Sales,Husband,White,Male,0,0,40,United-States,1
35,Self-emp-inc,64874,Assoc-acdm,12,Never-married,Sales,Own-child,White,Male,0,0,40,United-States,0
53,Private,234721,11th,7,Married-civ-spouse,Handlers-cleaners,Husband,Black,Male,0,0,40,United-States,0
53,Local-gov,248834,Bachelors,13,Married-civ-spouse,Prof-specialty,Wife,White,Female,0,0,50,United-States,1
58,Private,205235,HS-grad,9,Married-civ-spouse,Transport-moving,Husband,White,Male,0,0,60,United-States,1
55,Private,197399,Masters,14,Married-civ-spouse,Exec-managerial,Husband,White,Male,99999,0,55,United-States,1
53,Private,95469,Bachelors,13,Married-civ-spouse,Adm-clerical,Husband,White,Male,0,1902,40,United-States,1
34,Private,152246,HS-grad,9,Married-civ-spouse,Transport-moving,Husband,Amer-Indian-Eskimo,Male,0,0,52,United-States,0
42,Private,79036,HS-grad,9,Divorced,Handlers-cleaners,Unmarried,White,Male,0,0,40,United-States,0
22,Private,181773,HS-grad,9,Never-married,Transport-moving,Own-child,Black,Male,0,0,40,United-States,0
36,Private,175759,HS-grad,9,Divorced,Exec-managerial,Unmarried,White,Male,0,0,40,United-States,0
25,Local-gov,225193,Bachelors,13,Never-married,Prof-specialty,Not-in-family,Black,Female,0,0,40,United-States,0
34,Private,122616,Some-college,10,Married-civ-spouse,Tech-support,Husband,White,Male,0,0,84,United-States,1
25,Private,120238,Bachelors,13,Never-married,Exec-managerial,Not-in-family,White,Male,0,0,40,United-States,0
38,Private,192337,12th,8,Married-civ-spouse,Craft-repair,Husband,White,Male,0,0,40,United-States,1
43,Private,210844,Bachelors,13,Divorced,Exec-managerial,Not-in-family,Black,Female,0,0,40,United-States,1
27,Local-gov,206125,10th,6,Married-civ-spouse,Craft-repair,Husband,White,Male,0,0,60,United-States,0
42,Private,188808,Bachelors,13,Divorced,Adm-clerical,Unmarried,White,Male,0,0,30,United-States,0
42,Private,113770,HS-grad,9,Married-civ-spouse,Adm-clerical,Wife,White,Female,0,0,40,United-States,0
42,Private,424855,Some-college,10,Married-civ-spouse,Machine-op-inspct,Husband,White,Male,3908,0,40,United-States,0
43,Private,40024,11th,7,Never-married,Transport-moving,Not-in-family,White,Male,0,0,42,United-States,0
49,Private,98092,HS-grad,9,Married-civ-spouse,Craft-repair,Husband,White,Male,0,0,40,United-States,1
37,Private,241805,Some-college,10,Married-civ-spouse,Other-service,Husband,Black,Male,0,0,30,United-States,0
34,Private,198634,Assoc-voc,11,Never-married,Adm-clerical,Not-in-family,White,Female,0,0,40,United-States,0
26,Private,58371,HS-grad,9,Never-married,Adm-clerical,Own-child,White,Male,0,0,40,United-States,0
60,Private,145493,Some-college,10,Divorced,Adm-clerical,Not-in-family,White,Female,0,0,40,United-States,0
39,State-gov,318918,Bachelors,13,Married-civ-spouse,Exec-managerial,Husband,White,Male,0,0,40,United-States,0
50,Private,138852,Some-college,10,Divorced,Craft-repair,Not-in-family,White,Male,4650,0,22,United-States,0
23,Private,207415,Bachelors,13,Never-married,Exec-managerial,Own-child,White,Female,0,0,15,United-States,0
46,Private,271828,HS-grad,9,Married-civ-spouse,Machine-op-inspct,Husband,White,Male,0,0,40,United-States,1
41,Private,291965,Some-college,10,Never-married,Tech-support,Unmarried,Asian-Pac-Islander,Female,0,0,40,Philippines,0
35,Private,163237,Bachelors,13,Married-civ-spouse,Sales,Husband,White,Male,0,0,52,United-States,1
30,State-gov,23037,Some-college,10,Never-married,Other-service,Own-child,Amer-Indian-Eskimo,Male,0,0,84,United-States,0
21,Private,231866,Assoc-voc,11,Never-married,Craft-repair,Own-child,White,Male,0,0,40,United-States,0
43,Private,220609,Some-college,10,Divorced,Tech-support,Not-in-family,White,Female,0,0,50,United-States,0
28,State-gov,200775,Masters,14,Married-civ-spouse,Exec-managerial,Wife,White,Female,0,0,40,United-States,0
55,Private,306164,HS-grad,9,Married-civ-spouse,Other-service,Husband,Black,Male,0,0,40,United-States,0
25,Private,123586,Some-college,10,Never-married,Adm-clerical,Unmarried,Other,Male,0,0,40,United-States,0
30,Private,277314,HS-grad,9,Separated,Machine-op-inspct,Not-in-family,Black,Male,0,0,40,United-States,0
34,Self-emp-inc,209538,Bachelors,13,Married-civ-spouse,Sales,Husband,White,Male,0,0,50,United-States,1
55,Self-emp-not-inc,283635,Prof-school,15,Divorced,Prof-specialty,Not-in-family,White,Female,0,0,35,United-States,0
48,Private,174533,HS-grad,9,Married-civ-spouse,Machine-op-inspct,Husband,White,Male,0,0,40,United-States,0
25,Private,164938,HS-grad,9,Never-married,Machine-op-inspct,Own-child,White,Male,4416,0,40,United-States,0
50,Private,140592,HS-grad,9,Married-civ-spouse,Machine-op-inspct,Wife,White,Female,0,0,40,United-States,0
38,Private,312108,HS-grad,9,Never-married,Other-service,Unmarried,Black,Female,0,0,40,United-States,0
61,Local-gov,167670,Bachelors,13,Married-spouse-absent,Prof-specialty,Not-in-family,White,Male,0,0,40,United-States,0
32,Federal-gov,148138,Bachelors,13,Married-civ-spouse,Prof-specialty,Husband,Asian-Pac-Islander,Male,0,2002,40,Iran,0
45,Private,278151,HS-grad,9,Married-civ-spouse,Protective-serv,Husband,White,Male,0,0,40,United-States,0
62,Self-emp-not-inc,320376,HS-grad,9,Married-civ-spouse,Sales,Wife,White,Female,0,0,48,United-States,0
44,Self-emp-not-inc,70884,HS-grad,9,Married-civ-spouse,Farming-fishing,Husband,White,Male,0,0,60,United-States,0
56,Self-emp-not-inc,48102,Some-college,10,Married-civ-spouse,Exec-managerial,Wife,White,Female,0,1977,50,United-States,1
46,Local-gov,175428,Masters,14,Married-civ-spouse,Prof-specialty,Husband,White,Male,0,0,40,United-States,1
48,Self-emp-inc,250674,Assoc-voc,11,Married-civ-spouse,Craft-repair,Husband,White,Male,0,0,60,United-States,0
42,Private,30824,Masters,14,Divorced,Prof-specialty,Not-in-family,White,Female,2354,0,16,United-States,0
20,Local-gov,247794,Assoc-voc,11,Never-married,Adm-clerical,Own-child,White,Female,0,0,35,United-States,0
49,Private,139268,HS-grad,9,Married-civ-spouse,Craft-repair,Husband,White,Male,7298,0,40,United-States,1
42,Private,183205,HS-grad,9,Divorced,Exec-managerial,Unmarried,White,Female,0,0,45,United-States,0
20,Private,435469,HS-grad,9,Never-married,Other-service,Own-child,White,Female,0,0,40,Mexico,0
46,Private,45288,Bachelors,13,Never-married,Other-service,Not-in-family,White,Male,0,0,40,United-States,0
49,Self-emp-inc,109705,Some-college,10,Divorced,Exec-managerial,Unmarried,White,Female,0,0,32,United-States,0
50,Private,94885,Bachelors,13,Divorced,Prof-specialty,Not-in-family,White,Male,0,0,45,United-States,1
30,Local-gov,370990,Masters,14,Never-married,Prof-specialty,Not-in-family,White,Female,0,0,40,United-States,0
30,Private,156464,Masters,14,Never-married,Prof-specialty,Not-in-family,White,Male,0,0,45,United-States,1
41,Private,195897,Some-college,10,Married-civ-spouse,Sales,Husband,White,Male,0,0,50,United-States,0
36,Local-gov,61299,Some-college,10,Married-civ-spouse,Craft-repair,Husband,White,Male,0,0,40,United-States,0
36,Private,180150,12th,8,Divorced,Handlers-cleaners,Not-in-family,White,Male,0,0,40,United-States,0
40,Private,99373,10th,6,Divorced,Machine-op-inspct,Unmarried,White,Female,0,0,40,United-States,0
19,Private,44797,Some-college,10,Never-married,Farming-fishing,Not-in-family,White,Female,0,0,15,United-States,0
36,Private,117312,Assoc-acdm,12,Divorced,Tech-support,Not-in-family,White,Female,0,0,60,United-States,0
46,Local-gov,114160,Masters,14,Married-civ-spouse,Exec-managerial,Husband,White,Male,0,1902,45,United-States,1
52,Self-emp-inc,210736,Bachelors,13,Married-civ-spouse,Sales,Husband,White,Male,0,0,60,United-States,0
73,Self-emp-not-inc,190078,Some-college,10,Married-civ-spouse,Exec-managerial,Husband,White,Male,0,0,35,United-States,0
29,State-gov,118520,HS-grad,9,Married-civ-spouse,Protective-serv,Husband,White,Male,0,0,42,United-States,0
40,Private,226388,HS-grad,9,Married-civ-spouse,Craft-repair,Husband,Black,Male,0,0,40,United-States,0
44,Private,77313,Some-college,10,Divorced,Adm-clerical,Unmarried,White,Female,0,0,38,United-States,0
60,Local-gov,124987,Bachelors,13,Married-civ-spouse,Prof-specialty,Husband,White,Male,7298,0,40,United-States,1
52,Private,117700,HS-grad,9,Divorced,Adm-clerical,Not-in-family,White,Female,0,0,40,United-States,0
19,Private,226913,Some-college,10,Never-married,Sales,Own-child,White,Female,0,0,20,United-States,0
29,Self-emp-not-inc,128516,Assoc-acdm,12,Widowed,Sales,Unmarried,White,Female,0,0,40,United-States,1
65,Private,242580,Some-college,10,Divorced,Prof-specialty,Not-in-family,White,Male,11678,0,50,United-States,1
25,Private,195481,HS-grad,9,Married-civ-spouse,Adm-clerical,Other-relative,White,Male,0,0,40,United-States,0
37,Private,143582,Assoc-voc,11,Never-married,Adm-clerical,Not-in-family,Other,Female,4101,0,35,United-States,0
44,Private,277533,Some-college,10,Married-civ-spouse,Craft-repair,Husband,White,Male,0,0,40,United-States,0
50,Self-emp-not-inc,324506,HS-grad,9,Widowed,Exec-managerial,Unmarried,Asian-Pac-Islander,Female,0,0,48,South,0
35,Private,140564,Bachelors,13,Married-civ-spouse,Sales,Husband,White,Male,0,0,40,United-States,1
25,Private,114483,Some-college,10,Married-civ-spouse,Exec-managerial,Husband,White,Male,0,0,50,United-States,0
44,Federal-gov,218062,Some-college,10,Divorced,Adm-clerical,Unmarried,Black,Female,0,0,40,United-States,0
36,Private,129263,HS-grad,9,Widowed,Other-service,Not-in-family,White,Female,0,0,40,United-States,0
40,Self-emp-inc,45054,Some-college,10,Married-civ-spouse,Transport-moving,Husband,White,Male,0,0,40,United-States,1
55,Self-emp-not-inc,141409,10th,6,Married-civ-spouse,Sales,Husband,White,Male,7688,0,50,United-States,1
53,Self-emp-not-inc,152810,10th,6,Married-civ-spouse,Craft-repair,Husband,White,Male,0,0,40,United-States,0
28,Private,76313,Some-college,10,Married-civ-spouse,Craft-repair,Husband,Amer-Indian-Eskimo,Male,0,0,60,United-States,0
44,Private,194049,Some-college,10,Divorced,Other-service,Unmarried,Black,Female,0,0,35,United-States,0
44,Private,268098,12th,8,Never-married,Transport-moving,Not-in-family,Black,Male,0,0,36,United-States,0
60,Private,114413,Assoc-acdm,12,Married-civ-spouse,Sales,Husband,White,Male,0,0,30,United-States,0
32,Self-emp-not-inc,171091,HS-grad,9,Married-civ-spouse,Sales,Husband,White,Male,0,0,40,United-States,0
35,Private,208165,HS-grad,9,Divorced,Exec-managerial,Unmarried,White,Female,0,0,50,United-States,0
50,Private,104501,HS-grad,9,Married-civ-spouse,Craft-repair,Husband,White,Male,0,0,40,United-States,1
32,Private,402089,Bachelors,13,Married-civ-spouse,Adm-clerical,Wife,White,Female,0,0,2,United-States,0
45,Local-gov,125933,Some-college,10,Divorced,Adm-clerical,Unmarried,Black,Female,0,0,40,United-States,0
24,Private,33088,11th,7,Never-married,Handlers-cleaners,Not-in-family,White,Male,0,0,40,United-States,0
70,Private,145419,HS-grad,9,Widowed,Adm-clerical,Unmarried,White,Female,0,0,5,United-States,0
37,Private,271767,Bachelors,13,Never-married,Exec-managerial,Not-in-family,White,Male,0,0,48,United-States,1
34,Private,227689,Assoc-voc,11,Divorced,Tech-support,Not-in-family,White,Female,0,0,64,United-States,0
41,Private,187322,HS-grad,9,Married-civ-spouse,Machine-op-inspct,Husband,White,Male,0,0,48,United-States,0
35,Private,113481,Doctorate,16,Married-civ-spouse,Prof-specialty,Husband,White,Male,0,0,60,United-States,0
55,Private,325007,Assoc-acdm,12,Married-civ-spouse,Tech-support,Husband,White,Male,0,0,25,United-States,0
27,Private,401723,HS-grad,9,Never-married,Adm-clerical,Not-in-family,Black,Female,0,0,40,United-States,0
43,Private,347653,Some-college,10,Married-civ-spouse,Prof-specialty,Husband,White,Male,0,0,48,United-States,1
22,Private,110677,Some-college,10,Separated,Other-service,Own-child,White,Female,0,0,40,United-States,0
34,Private,134737,Masters,14,Married-civ-spouse,Prof-specialty,Husband,White,Male,7688,0,55,United-States,1
46,Private,102388,Prof-school,15,Married-civ-spouse,Prof-specialty,Husband,White,Male,15024,0,45,United-States,1
41,Local-gov,193524,Assoc-acdm,12,Married-civ-spouse,Tech-support,Husband,White,Male,0,0,40,United-States,1
31,Private,56510,Some-college,10,Married-civ-spouse,Craft-repair,Husband,Asian-Pac-Islander,Male,0,0,40,United-States,0
30,Private,186420,Bachelors,13,Never-married,Tech-support,Not-in-family,White,Female,0,0,35,United-States,0
27,Private,367329,Assoc-voc,11,Married-civ-spouse,Farming-fishing,Husband,White,Male,0,0,40,United-States,0
65,Private,129426,Some-college,10,Widowed,Adm-clerical,Not-in-family,White,Female,0,0,40,United-States,0
48,Private,62605,HS-grad,9,Divorced,Adm-clerical,Not-in-family,White,Female,0,0,35,United-States,0
38,Private,197711,10th,6,Divorced,Machine-op-inspct,Not-in-family,Asian-Pac-Islander,Female,0,0,40,Portugal,0
55,Local-gov,98545,10th,6,Married-civ-spouse,Adm-clerical,Husband,White,Male,0,0,40,United-States,0
24,Private,611029,10th,6,Married-civ-spouse,Handlers-cleaners,Husband,White,Male,0,0,40,United-States,0
29,Private,423024,5th-6th,3,Married-civ-spouse,Farming-fishing,Husband,White,Male,0,0,40,Mexico,0
28,Private,791084,Some-college,10,Never-married,Craft-repair,Own-child,White,Male,0,0,50,United-States,0
32,Private,73621,Some-college,10,Divorced,Exec-managerial,Unmarried,White,Female,0,0,42,United-States,0
21,Private,32616,HS-grad,9,Never-married,Other-service,Not-in-family,White,Female,0,1719,16,United-States,0
45,State-gov,67544,Masters,14,Divorced,Protective-serv,Not-in-family,White,Male,0,0,50,United-States,0
62,Private,88055,Bachelors,13,Married-civ-spouse,Machine-op-inspct,Husband,White,Male,0,0,40,United-States,0
36,State-gov,143385,Some-college,10,Married-civ-spouse,Protective-serv,Husband,White,Male,0,0,40,United-States,0
21,Private,170108,Some-college,10,Never-married,Other-service,Own-child,White,Male,0,0,40,United-States,0
39,Self-emp-inc,329980,Bachelors,13,Married-civ-spouse,Exec-managerial,Husband,White,Male,15024,0,50,United-States,1
27,Private,263614,Assoc-acdm,12,Married-civ-spouse,Craft-repair,Husband,White,Male,0,0,45,United-States,1
44,Private,99651,Masters,14,Married-civ-spouse,Exec-managerial,Husband,White,Male,5178,0,40,United-States,1
41,Local-gov,90692,HS-grad,9,Divorced,Prof-specialty,Unmarried,Asian-Pac-Islander,Female,0,0,40,United-States,0
19,Private,203061,Some-college,10,Never-married,Tech-support,Not-in-family,White,Female,0,0,25,United-States,0
37,Private,172232,HS-grad,9,Divorced,Other-service,Not-in-family,Black,Female,0,0,30,United-States,0
42,Local-gov,193537,7th-8th,4,Married-spouse-absent,Other-service,Not-in-family,White,Female,0,0,35,Puerto-Rico,0
33,Local-gov,55921,Assoc-voc,11,Never-married,Protective-serv,Not-in-family,White,Male,0,0,70,United-States,0
32,Local-gov,29235,Some-college,10,Married-civ-spouse,Protective-serv,Wife,White,Female,0,0,40,France,1
41,Local-gov,174491,HS-grad,9,Separated,Other-service,Unmarried,Black,Female,0,0,40,United-States,0
41,Private,168071,Bachelors,13,Married-civ-spouse,Exec-managerial,Husband,White,Male,7298,0,50,United-States,1
55,Private,134120,10th,6,Married-civ-spouse,Craft-repair,Husband,White,Male,99999,0,40,United-States,1
49,Local-gov,193249,Assoc-acdm,12,Married-civ-spouse,Adm-clerical,Husband,White,Male,0,0,40,United-States,0
48,Private,26490,Bachelors,13,Widowed,Other-service,Unmarried,White,Female,0,0,20,United-States,0
22,Private,138504,Some-college,10,Never-married,Adm-clerical,Unmarried,Black,Female,0,0,30,United-States,0
31,Private,157640,HS-grad,9,Married-civ-spouse,Prof-specialty,Husband,White,Male,0,0,55,United-States,1
22,Private,234474,Some-college,10,Never-married,Adm-clerical,Own-child,Black,Female,0,0,25,United-States,0
23,Federal-gov,344394,Some-college,10,Married-civ-spouse,Adm-clerical,Other-relative,White,Female,0,0,40,United-States,0
31,Private,202822,Some-college,10,Divorced,Adm-clerical,Unmarried,Black,Female,0,0,40,United-States,0
49,Private,245305,10th,6,Married-civ-spouse,Transport-moving,Husband,Black,Male,0,0,42,United-States,1
24,Private,283806,Some-college,10,Never-married,Other-service,Not-in-family,White,Female,0,0,40,United-States,0
54,Private,90363,Assoc-acdm,12,Married-civ-spouse,Exec-managerial,Husband,White,Male,0,0,40,United-States,1
50,Local-gov,183390,Bachelors,13,Separated,Prof-specialty,Not-in-family,White,Male,0,0,40,United-States,1
77,Private,235775,HS-grad,9,Married-civ-spouse,Other-service,Husband,White,Male,0,0,25,Cuba,0
36,Private,337039,Assoc-acdm,12,Never-married,Tech-support,Not-in-family,Black,Male,14344,0,40,England,1
35,Private,125933,Bachelors,13,Married-civ-spouse,Sales,Husband,White,Male,0,0,60,United-States,1
38,Private,220585,HS-grad,9,Married-civ-spouse,Craft-repair,Husband,White,Male,0,0,40,United-States,0
26,Private,212800,Assoc-acdm,12,Never-married,Prof-specialty,Own-child,White,Female,0,0,36,United-States,0
47,Federal-gov,27067,HS-grad,9,Divorced,Adm-clerical,Not-in-family,White,Female,0,0,40,United-States,0
26,Private,100147,Bachelors,13,Married-civ-spouse,Exec-managerial,Wife,White,Female,0,0,45,United-States,1
47,Federal-gov,380127,HS-grad,9,Never-married,Exec-managerial,Not-in-family,White,Female,0,0,40,United-States,0
52,Private,232132,12th,8,Married-civ-spouse,Machine-op-inspct,Husband,White,Male,0,0,45,United-States,1
46,Private,181810,HS-grad,9,Married-civ-spouse,Craft-repair,Husband,Black,Male,4064,0,40,United-States,0
55,Private,164857,Some-college,10,Divorced,Machine-op-inspct,Own-child,White,Male,0,0,40,United-States,0
51,Private,96609,Some-college,10,Married-civ-spouse,Craft-repair,Husband,White,Male,0,0,40,United-States,0
20,Private,157595,HS-grad,9,Married-civ-spouse,Craft-repair,Husband,White,Male,0,0,40,United-States,0
32,Private,127875,Bachelors,13,Married-civ-spouse,Tech-support,Wife,White,Female,0,0,40,United-States,1
49,Private,177211,Bachelors,13,Married-civ-spouse,Exec-managerial,Husband,White,Male,0,0,50,United-States,1
36,Private,99270,HS-grad,9,Married-civ-spouse,Farming-fishing,Wife,White,Female,0,0,40,United-States,0
36,Private,171393,Masters,14,Married-civ-spouse,Prof-specialty,Husband,White,Male,7298,0,55,United-States,1
27,Private,189702,7th-8th,4,Married-civ-spouse,Craft-repair,Husband,White,Male,0,0,40,United-States,0
28,Private,303440,Bachelors,13,Separated,Exec-managerial,Not-in-family,White,Female,0,0,50,United-States,1
30,Private,197558,HS-grad,9,Married-civ-spouse,Handlers-cleaners,Husband,White,Male,0,0,40,United-States,0
21,Private,43535,Some-college,10,Never-married,Sales,Not-in-family,White,Female,0,0,40,United-States,0
47,Federal-gov,282830,Assoc-acdm,12,Married-civ-spouse,Adm-clerical,Husband,Black,Male,0,0,40,United-States,1
56,Private,188856,Bachelors,13,Never-married,Exec-managerial,Not-in-family,White,Female,8614,0,55,United-States,1
61,Local-gov,248595,1st-4th,2,Married-civ-spouse,Other-service,Husband,White,Male,0,0,40,Mexico,0
30,Private,236861,HS-grad,9,Never-married,Exec-managerial,Not-in-family,White,Male,0,1876,45,United-States,0
51,Private,246519,10th,6,Married-civ-spouse,Handlers-cleaners,Husband,White,Male,2105,0,45,United-States,0
21,Private,174503,HS-grad,9,Never-married,Adm-clerical,Not-in-family,White,Female,0,0,30,United-States,0
34,Private,137814,Some-college,10,Separated,Sales,Not-in-family,White,Male,0,0,45,United-States,0
18,Self-emp-not-inc,157131,11th,7,Never-married,Sales,Own-child,White,Female,0,0,40,United-States,0
32,Private,732102,Bachelors,13,Never-married,Exec-managerial,Not-in-family,White,Male,0,0,40,United-States,0
27,Self-emp-not-inc,123116,HS-grad,9,Married-civ-spouse,Transport-moving,Husband,White,Male,0,0,40,United-States,0
36,Local-gov,188236,HS-grad,9,Married-civ-spouse,Adm-clerical,Wife,White,Female,0,0,40,United-States,1
43,Self-emp-inc,172826,Some-college,10,Married-civ-spouse,Sales,Husband,White,Male,99999,0,55,United-States,1
25,Private,372728,Bachelors,13,Never-married,Other-service,Not-in-family,Black,Female,0,0,24,Jamaica,0
51,Private,237630,HS-grad,9,Married-civ-spouse,Tech-support,Husband,White,Male,7298,0,50,United-States,1
57,Self-emp-inc,101338,Bachelors,13,Married-civ-spouse,Exec-managerial,Husband,White,Male,0,0,20,United-States,0
27,State-gov,315640,Masters,14,Never-married,Prof-specialty,Not-in-family,Asian-Pac-Islander,Male,0,0,20,China,0
33,Private,178449,Some-college,10,Never-married,Adm-clerical,Not-in-family,White,Male,0,0,49,United-States,0
18,Private,177722,HS-grad,9,Never-married,Other-service,Own-child,White,Female,0,0,20,United-States,0
31,State-gov,440129,Some-college,10,Divorced,Protective-serv,Not-in-family,White,Male,0,0,40,United-States,1
45,Private,235646,Bachelors,13,Married-civ-spouse,Exec-managerial,Husband,White,Male,0,0,40,United-States,1
45,Private,266860,Bachelors,13,Married-civ-spouse,Exec-managerial,Husband,White,Male,0,0,50,United-States,1
56,Self-emp-not-inc,115439,Some-college,10,Married-civ-spouse,Craft-repair,Husband,White,Male,0,0,60,United-States,0
24,Private,403671,HS-grad,9,Married-civ-spouse,Craft-repair,Husband,White,Male,0,0,60,United-States,0
42,Local-gov,188291,Bachelors,13,Married-civ-spouse,Protective-serv,Husband,White,Male,0,1902,40,United-States,1
42,Private,212737,9th,5,Separated,Craft-repair,Unmarried,Black,Male,0,0,40,United-States,0
35,Private,197719,Some-college,10,Never-married,Machine-op-inspct,Other-relative,Amer-Indian-Eskimo,Male,0,0,40,United-States,0
36,Private,112264,HS-grad,9,Married-civ-spouse,Transport-moving,Husband,White,Male,0,0,50,United-States,0
28,Private,119793,HS-grad,9,Married-civ-spouse,Craft-repair,Husband,White,Male,0,0,40,Portugal,0
21,Private,202373,Some-college,10,Married-civ-spouse,Handlers-cleaners,Husband,Black,Male,0,0,40,United-States,0
22,Private,54825,HS-grad,9,Never-married,Sales,Not-in-family,White,Male,0,0,40,United-States,0
47,Self-emp-not-inc,162236,Bachelors,13,Never-married,Craft-repair,Not-in-family,White,Female,0,0,40,United-States,0
49,Private,214169,Some-college,10,Married-civ-spouse,Craft-repair,Husband,White,Male,0,0,40,United-States,1
33,Private,116508,10th,6,Married-civ-spouse,Craft-repair,Husband,White,Male,0,0,40,United-States,0
19,Private,225294,HS-grad,9,Never-married,Other-service,Own-child,Black,Female,0,0,40,United-States,0
50,Self-emp-not-inc,93705,Some-college,10,Divorced,Sales,Not-in-family,White,Female,0,0,40,United-States,0
42,Private,153160,HS-grad,9,Widowed,Other-service,Unmarried,White,Female,0,0,40,United-States,0
35,Private,199288,11th,7,Separated,Transport-moving,Not-in-family,White,Male,0,0,90,United-States,0
23,Private,294701,HS-grad,9,Never-married,Adm-clerical,Unmarried,White,Female,0,0,40,United-States,0
40,Private,119225,Assoc-voc,11,Married-civ-spouse,Prof-specialty,Husband,White,Male,0,0,40,United-States,0
46,Private,247286,Some-college,10,Divorced,Sales,Unmarried,White,Female,0,0,40,United-States,0
33,Private,73054,HS-grad,9,Divorced,Sales,Unmarried,White,Female,0,0,40,United-States,0
42,Private,173704,Some-college,10,Married-civ-spouse,Sales,Husband,White,Male,0,1887,50,United-States,1
24,Private,116934,Some-college,10,Separated,Sales,Unmarried,White,Female,0,0,45,United-States,0
43,Private,342567,Bachelors,13,Married-spouse-absent,Adm-clerical,Unmarried,White,Female,0,0,40,United-States,0
55,Private,229029,Bachelors,13,Married-civ-spouse,Exec-managerial,Husband,White,Male,15024,0,48,United-States,1
35,Private,236910,Bachelors,13,Married-civ-spouse,Exec-managerial,Husband,White,Male,0,0,60,United-States,0
50,Local-gov,308764,HS-grad,9,Widowed,Transport-moving,Unmarried,White,Female,0,0,40,United-States,0
27,Private,329426,Masters,14,Never-married,Exec-managerial,Not-in-family,White,Male,0,0,37,United-States,0
28,Private,298696,Bachelors,13,Never-married,Adm-clerical,Own-child,White,Female,0,0,40,United-States,0
34,Private,324254,HS-grad,9,Married-civ-spouse,Machine-op-inspct,Husband,White,Male,0,0,40,United-States,0
26,Private,192652,Bachelors,13,Never-married,Other-service,Own-child,White,Male,0,0,40,United-States,0
21,Private,96844,Some-college,10,Never-married,Adm-clerical,Not-in-family,White,Female,0,0,20,United-States,0
66,Private,169435,HS-grad,9,Widowed,Craft-repair,Not-in-family,White,Male,0,0,16,United-States,0
37,Private,161111,Bachelors,13,Never-married,Sales,Not-in-family,White,Female,0,0,40,United-States,0
20,Private,184756,Some-college,10,Never-married,Adm-clerical,Own-child,White,Female,0,0,12,United-States,0
30,Private,113129,Some-college,10,Never-married,Other-service,Not-in-family,White,Male,0,0,24,United-States,0
47,Private,145290,HS-grad,9,Married-civ-spouse,Machine-op-inspct,Husband,White,Male,0,0,45,United-States,0
35,Private,108293,Bachelors,13,Widowed,Prof-specialty,Unmarried,White,Female,0,0,32,United-States,1
35,Private,275522,7th-8th,4,Widowed,Other-service,Unmarried,White,Female,0,0,80,United-States,0
36,Private,241998,Bachelors,13,Married-civ-spouse,Craft-repair,Husband,White,Male,0,0,50,United-States,1
53,Private,103931,Some-college,10,Married-civ-spouse,Prof-specialty,Husband,White,Male,0,0,40,United-States,0
38,Private,32916,Assoc-voc,11,Married-civ-spouse,Craft-repair,Husband,White,Male,0,0,55,United-States,1
76,Self-emp-not-inc,174309,Masters,14,Married-civ-spouse,Craft-repair,Husband,White,Male,0,0,10,United-States,0
26,Private,164386,HS-grad,9,Never-married,Craft-repair,Own-child,White,Male,0,0,48,United-States,0
66,Self-emp-inc,220543,HS-grad,9,Married-civ-spouse,Adm-clerical,Wife,White,Female,0,0,40,United-States,1
34,Private,379412,HS-grad,9,Married-civ-spouse,Craft-repair,Husband,White,Male,0,0,50,United-States,0
40,Private,142657,Assoc-voc,11,Married-civ-spouse,Craft-repair,Husband,Black,Male,0,0,45,United-States,0
47,Private,116279,HS-grad,9,Divorced,Craft-repair,Unmarried,White,Female,0,0,43,United-States,0
41,Private,196344,1st-4th,2,Married-civ-spouse,Sales,Husband,White,Male,0,0,50,Mexico,0
26,Private,341353,Bachelors,13,Never-married,Other-service,Other-relative,White,Male,0,0,15,United-States,0
22,Private,406978,Bachelors,13,Never-married,Exec-managerial,Other-relative,White,Female,0,0,40,United-States,0
30,State-gov,141297,Bachelors,13,Married-civ-spouse,Prof-specialty,Husband,Asian-Pac-Islander,Male,0,0,40,India,1
30,Local-gov,44566,Bachelors,13,Married-civ-spouse,Prof-specialty,Husband,White,Male,0,0,40,United-States,0
38,Self-emp-inc,124665,Bachelors,13,Never-married,Craft-repair,Not-in-family,White,Female,0,0,20,United-States,0
47,State-gov,205712,Some-college,10,Married-civ-spouse,Other-service,Husband,White,Male,0,0,38,United-States,0
41,Private,124692,Some-college,10,Married-civ-spouse,Exec-managerial,Own-child,White,Male,0,0,40,United-States,1
49,Private,170165,HS-grad,9,Divorced,Machine-op-inspct,Other-relative,White,Female,0,0,55,United-States,0
21,Private,376929,5th-6th,3,Never-married,Priv-house-serv,Not-in-family,White,Female,0,0,40,Mexico,0
30,Self-emp-inc,443546,Assoc-voc,11,Married-civ-spouse,Sales,Husband,White,Male,0,0,35,United-States,0
25,Private,336440,Some-college,10,Never-married,Other-service,Not-in-family,White,Male,0,0,40,United-States,0
24,Private,1085515,HS-grad,9,Never-married,Other-service,Not-in-family,White,Female,0,0,30,United-States,0
18,Private,267965,11th,7,Never-married,Sales,Not-in-family,White,Female,0,0,15,United-States,0
33,Private,122116,HS-grad,9,Married-civ-spouse,Sales,Husband,White,Male,0,0,45,United-States,0
27,Self-emp-not-inc,328518,Assoc-voc,11,Never-married,Prof-specialty,Other-relative,White,Male,0,0,30,United-States,0
32,Private,153078,Bachelors,13,Never-married,Other-service,Not-in-family,Asian-Pac-Islander,Male,0,0,40,South,0
36,Self-emp-not-inc,109133,Bachelors,13,Married-civ-spouse,Sales,Husband,White,Male,0,0,50,United-States,1
39,Self-emp-inc,543042,HS-grad,9,Married-civ-spouse,Craft-repair,Husband,White,Male,5178,0,50,United-States,1
44,Private,196545,Bachelors,13,Married-civ-spouse,Craft-repair,Husband,White,Male,7298,0,40,United-States,1
32,Private,198068,HS-grad,9,Never-married,Transport-moving,Not-in-family,White,Male,0,0,60,United-States,0
44,Local-gov,68318,Masters,14,Never-married,Prof-specialty,Own-child,White,Female,0,0,55,United-States,0
29,Private,105422,HS-grad,9,Married-civ-spouse,Prof-specialty,Husband,White,Male,0,0,40,United-States,1
38,Self-emp-not-inc,100316,Bachelors,13,Married-civ-spouse,Craft-repair,Husband,White,Male,0,0,35,United-States,0
19,Private,278480,Some-college,10,Never-married,Exec-managerial,Not-in-family,White,Male,0,0,40,United-States,0
50,Private,211319,Bachelors,13,Married-civ-spouse,Exec-managerial,Husband,White,Male,7298,0,50,United-States,1
35,Private,272338,Assoc-voc,11,Divorced,Prof-specialty,Unmarried,White,Female,0,0,40,United-States,0
56,Private,121362,Bachelors,13,Divorced,Other-service,Not-in-family,White,Female,0,0,32,United-States,0
27,Private,55390,Some-college,10,Never-married,Farming-fishing,Own-child,White,Male,0,0,45,United-States,0
44,Private,213416,5th-6th,3,Married-civ-spouse,Machine-op-inspct,Husband,White,Male,0,0,40,Mexico,0
39,Private,198654,Prof-school,15,Married-civ-spouse,Prof-specialty,Husband,Asian-Pac-Islander,Male,0,2415,67,India,1
37,Private,170174,HS-grad,9,Married-civ-spouse,Exec-managerial,Husband,White,Male,0,0,46,United-States,1
28,Private,452808,10th,6,Never-married,Handlers-cleaners,Not-in-family,White,Male,0,0,40,United-States,0
47,Private,464945,HS-grad,9,Never-married,Transport-moving,Not-in-family,White,Male,0,0,45,United-States,0
27,Private,34701,Bachelors,13,Never-married,Other-service,Not-in-family,White,Male,0,0,40,United-States,0
48,Private,174829,Assoc-acdm,12,Married-civ-spouse,Machine-op-inspct,Husband,White,Male,0,0,40,United-States,0
41,Local-gov,132125,HS-grad,9,Married-civ-spouse,Protective-serv,Husband,White,Male,0,0,40,United-States,0
28,Private,64940,Some-college,10,Never-married,Other-service,Own-child,White,Female,0,0,30,United-States,0
39,Private,150480,Prof-school,15,Married-civ-spouse,Prof-specialty,Husband,White,Male,0,0,55,United-States,1
29,Private,261375,HS-grad,9,Never-married,Adm-clerical,Own-child,Black,Female,0,0,60,United-States,0
44,Federal-gov,184099,HS-grad,9,Married-civ-spouse,Adm-clerical,Husband,White,Male,0,0,40,United-States,1
30,Private,342709,HS-grad,9,Married-civ-spouse,Handlers-cleaners,Husband,White,Male,0,0,40,United-States,0
43,State-gov,206139,Bachelors,13,Married-civ-spouse,Adm-clerical,Husband,White,Male,0,0,50,United-States,1
23,Private,312017,Some-college,10,Never-married,Exec-managerial,Not-in-family,White,Male,0,0,40,United-States,0
31,Private,175548,HS-grad,9,Never-married,Other-service,Not-in-family,Other,Female,0,0,35,United-States,0
61,Self-emp-inc,66614,HS-grad,9,Married-civ-spouse,Craft-repair,Husband,White,Male,0,0,40,United-States,0
63,Private,264968,Bachelors,13,Never-married,Adm-clerical,Not-in-family,White,Male,0,0,40,United-States,0
70,Private,195739,10th,6,Widowed,Craft-repair,Unmarried,White,Male,0,0,45,United-States,0
42,Self-emp-inc,187702,Prof-school,15,Married-civ-spouse,Prof-specialty,Husband,White,Male,0,2415,60,United-States,1
39,Private,184801,Bachelors,13,Married-civ-spouse,Prof-specialty,Husband,White,Male,0,0,40,United-States,1
21,Private,133471,Some-college,10,Never-married,Exec-managerial,Own-child,White,Male,0,0,40,United-States,0
59,Self-emp-not-inc,140957,Assoc-voc,11,Never-married,Exec-managerial,Not-in-family,White,Male,0,0,35,United-States,1
27,Private,209205,Bachelors,13,Never-married,Tech-support,Own-child,White,Male,0,0,40,United-States,0
18,Private,132652,11th,7,Never-married,Other-service,Own-child,White,Male,0,0,20,United-States,0
30,Local-gov,47085,10th,6,Married-civ-spouse,Craft-repair,Husband,White,Male,0,0,40,United-States,0
48,Private,280422,Some-college,10,Separated,Other-service,Not-in-family,White,Female,0,0,25,Peru,0
49,Private,452402,Some-college,10,Separated,Exec-managerial,Unmarried,Black,Female,0,0,60,United-States,0
42,Self-emp-not-inc,102069,7th-8th,4,Married-civ-spouse,Sales,Husband,White,Male,0,0,30,United-States,0
30,Private,176123,10th,6,Never-married,Machine-op-inspct,Other-relative,Asian-Pac-Islander,Male,0,0,40,Vietnam,0
66,Self-emp-inc,112376,7th-8th,4,Married-civ-spouse,Craft-repair,Husband,White,Male,0,0,40,United-States,1
26,Private,198163,Masters,14,Married-civ-spouse,Sales,Wife,White,Female,0,0,40,United-States,0
18,Private,334026,11th,7,Never-married,Craft-repair,Own-child,White,Male,0,0,25,United-States,0
50,Private,40623,Some-college,10,Divorced,Sales,Not-in-family,White,Female,0,0,40,United-States,0
49,Local-gov,329144,Some-college,10,Married-civ-spouse,Protective-serv,Husband,White,Male,0,0,44,United-States,1
27,Private,80165,Some-college,10,Separated,Adm-clerical,Unmarried,White,Female,0,0,20,United-States,0
41,State-gov,101603,Assoc-voc,11,Married-civ-spouse,Craft-repair,Husband,White,Male,0,0,40,United-States,0
23,Private,417605,5th-6th,3,Never-married,Craft-repair,Not-in-family,White,Male,0,0,40,Mexico,0
42,Private,121055,Bachelors,13,Married-civ-spouse,Sales,Husband,White,Male,0,0,60,United-States,0
31,Private,32550,10th,6,Divorced,Handlers-cleaners,Not-in-family,White,Male,0,0,40,United-States,0
46,Private,121168,HS-grad,9,Divorced,Craft-repair,Not-in-family,White,Female,0,0,40,United-States,0
19,Private,223648,HS-grad,9,Never-married,Sales,Not-in-family,White,Male,4101,0,48,United-States,0
52,Self-emp-not-inc,44728,Some-college,10,Married-civ-spouse,Sales,Husband,White,Male,0,0,55,United-States,1
58,Local-gov,489085,Bachelors,13,Married-civ-spouse,Prof-specialty,Husband,Black,Male,0,0,40,United-States,0
22,Private,229456,Some-college,10,Never-married,Adm-clerical,Own-child,Black,Female,0,0,35,United-States,0
39,Private,117381,Some-college,10,Divorced,Transport-moving,Not-in-family,White,Male,0,0,65,United-States,0
38,Self-emp-not-inc,43712,11th,7,Married-civ-spouse,Exec-managerial,Husband,White,Male,0,1887,45,United-States,1
39,Private,160120,Some-college,10,Never-married,Machine-op-inspct,Other-relative,Asian-Pac-Islander,Male,0,0,40,Philippines,0
27,Self-emp-not-inc,65308,HS-grad,9,Married-civ-spouse,Farming-fishing,Husband,White,Male,0,0,50,United-States,0
51,Private,244572,HS-grad,9,Separated,Other-service,Not-in-family,Black,Female,0,0,37,United-States,0
26,Self-emp-inc,246025,HS-grad,9,Separated,Sales,Unmarried,White,Female,0,0,20,Honduras,0
31,Private,110643,Bachelors,13,Married-civ-spouse,Exec-managerial,Husband,White,Male,0,1977,55,United-States,1
32,Private,77634,11th,7,Married-civ-spouse,Adm-clerical,Husband,White,Male,0,0,45,United-States,0
44,Private,120057,Assoc-acdm,12,Married-civ-spouse,Exec-managerial,Husband,White,Male,4386,0,45,United-States,1
41,Private,100451,HS-grad,9,Married-civ-spouse,Craft-repair,Husband,White,Male,7688,0,38,United-States,1
26,Private,383306,12th,8,Married-civ-spouse,Craft-repair,Husband,White,Male,0,0,40,United-States,0
40,Private,347890,Bachelors,13,Married-civ-spouse,Prof-specialty,Husband,White,Male,0,0,40,United-States,1
33,Private,227282,HS-grad,9,Married-civ-spouse,Transport-moving,Husband,White,Male,0,0,60,United-States,0
20,State-gov,177787,Some-college,10,Never-married,Other-service,Own-child,White,Female,0,0,20,United-States,0
40,Private,316820,Some-college,10,Married-civ-spouse,Other-service,Husband,White,Male,0,1485,40,United-States,0
30,Private,70377,Some-college,10,Never-married,Machine-op-inspct,Not-in-family,White,Female,0,0,40,United-States,0
53,State-gov,153486,10th,6,Married-civ-spouse,Transport-moving,Husband,White,Male,0,0,40,United-States,1
61,Private,101500,Assoc-voc,11,Married-civ-spouse,Adm-clerical,Husband,White,Male,0,0,40,United-States,0
38,Local-gov,115634,Some-college,10,Married-civ-spouse,Exec-managerial,Husband,White,Male,0,0,40,United-States,0
17,Private,165918,11th,7,Never-married,Handlers-cleaners,Own-child,White,Male,0,0,20,Peru,0
31,Local-gov,168906,Assoc-acdm,12,Married-civ-spouse,Adm-clerical,Wife,White,Female,0,0,35,United-States,0
31,Private,120460,Some-college,10,Married-civ-spouse,Farming-fishing,Husband,White,Male,0,0,50,United-States,1
32,Private,184833,10th,6,Separated,Craft-repair,Unmarried,White,Female,0,0,40,United-States,0
32,Private,312667,Bachelors,13,Married-civ-spouse,Prof-specialty,Husband,White,Male,15024,0,50,United-States,1
44,Private,219441,10th,6,Never-married,Sales,Unmarried,Other,Female,0,0,35,Dominican-Republic,0
37,Local-gov,89491,Masters,14,Divorced,Exec-managerial,Not-in-family,White,Female,0,0,40,United-States,0
43,Private,176138,Bachelors,13,Married-civ-spouse,Exec-managerial,Husband,White,Male,0,0,50,United-States,0
46,Local-gov,160187,Masters,14,Widowed,Exec-managerial,Unmarried,Black,Female,0,0,35,United-States,0
31,Private,192900,Some-college,10,Never-married,Other-service,Not-in-family,White,Male,0,0,40,United-States,0
53,Private,123092,HS-grad,9,Widowed,Machine-op-inspct,Not-in-family,White,Female,0,0,40,United-States,0
42,Local-gov,143046,HS-grad,9,Widowed,Transport-moving,Unmarried,White,Female,0,0,40,United-States,0
29,Private,213842,Some-college,10,Married-civ-spouse,Craft-repair,Husband,White,Male,0,0,40,United-States,0
34,Local-gov,210164,Some-college,10,Married-civ-spouse,Craft-repair,Husband,White,Male,0,1740,40,United-States,0
31,Private,157887,Some-college,10,Married-civ-spouse,Exec-managerial,Husband,White,Male,0,0,65,United-States,1
44,Private,260046,HS-grad,9,Divorced,Transport-moving,Not-in-family,White,Male,0,0,40,United-States,0
46,Private,122026,HS-grad,9,Married-civ-spouse,Craft-repair,Husband,White,Male,0,0,50,United-States,0
26,State-gov,326033,Bachelors,13,Never-married,Adm-clerical,Not-in-family,White,Female,0,0,80,United-States,0
18,Private,311795,12th,8,Never-married,Sales,Own-child,Black,Female,0,0,20,United-States,0
37,Private,178948,Bachelors,13,Never-married,Prof-specialty,Not-in-family,White,Female,0,0,45,United-States,0
56,Private,659558,12th,8,Widowed,Other-service,Unmarried,Black,Female,0,0,40,United-States,0
32,Private,123253,Assoc-acdm,12,Married-civ-spouse,Craft-repair,Husband,White,Male,0,0,42,United-States,0
33,Private,268571,Some-college,10,Married-civ-spouse,Other-service,Husband,White,Male,0,0,40,United-States,0
21,Private,155818,HS-grad,9,Never-married,Other-service,Own-child,White,Female,0,0,20,United-States,0
19,Private,544091,HS-grad,9,Married-AF-spouse,Adm-clerical,Wife,White,Female,0,0,25,United-States,0
60,Private,114263,Bachelors,13,Divorced,Exec-managerial,Not-in-family,White,Female,0,0,40,Hungary,1
41,Private,27444,Some-college,10,Married-civ-spouse,Adm-clerical,Husband,White,Male,0,0,46,United-States,1
19,Private,372483,Some-college,10,Never-married,Other-service,Other-relative,Black,Male,0,0,35,United-States,0
37,Federal-gov,187046,Some-college,10,Married-civ-spouse,Prof-specialty,Husband,White,Male,0,0,40,United-States,1
25,Private,362912,Some-college,10,Never-married,Craft-repair,Own-child,White,Female,0,0,50,United-States,0
25,Private,104993,9th,5,Never-married,Handlers-cleaners,Own-child,Black,Male,2907,0,40,United-States,0
41,Private,179580,Some-college,10,Divorced,Other-service,Not-in-family,White,Female,0,0,36,United-States,1
29,Private,184806,Prof-school,15,Never-married,Prof-specialty,Other-relative,White,Male,0,0,50,United-States,0
44,Private,176063,HS-grad,9,Married-civ-spouse,Transport-moving,Husband,White,Male,0,0,50,United-States,1
35,Private,180647,Some-college,10,Never-married,Prof-specialty,Not-in-family,Black,Female,0,0,40,United-States,0
31,Self-emp-not-inc,122749,Assoc-voc,11,Divorced,Craft-repair,Own-child,White,Male,0,0,20,United-States,0
60,State-gov,136939,Some-college,10,Married-civ-spouse,Transport-moving,Husband,White,Male,0,0,40,United-States,0
33,Federal-gov,159548,Assoc-acdm,12,Never-married,Adm-clerical,Unmarried,Black,Female,0,0,40,United-States,0
23,Federal-gov,41031,Some-college,10,Never-married,Sales,Not-in-family,White,Female,0,0,35,United-States,0
31,Private,51471,HS-grad,9,Divorced,Adm-clerical,Unmarried,White,Female,0,0,38,United-States,0
20,Private,109952,Some-college,10,Never-married,Handlers-cleaners,Own-child,White,Male,0,0,25,United-States,0
27,Private,167031,Bachelors,13,Never-married,Prof-specialty,Unmarried,Other,Female,0,0,33,United-States,0
25,Private,122489,Bachelors,13,Never-married,Exec-managerial,Own-child,White,Female,0,1726,60,United-States,0
21,Private,170456,Assoc-acdm,12,Never-married,Handlers-cleaners,Own-child,White,Male,0,0,15,United-States,0
22,Private,200593,Some-college,10,Never-married,Sales,Own-child,White,Male,0,0,40,United-States,0
33,Private,319422,Some-college,10,Married-civ-spouse,Transport-moving,Husband,White,Male,0,0,60,Peru,0
42,State-gov,74334,Masters,14,Married-civ-spouse,Adm-clerical,Husband,Amer-Indian-Eskimo,Male,0,0,40,United-States,1
18,Private,57957,HS-grad,9,Never-married,Sales,Own-child,White,Female,0,0,15,United-States,0
54,Private,115284,Bachelors,13,Divorced,Exec-managerial,Unmarried,White,Male,0,0,45,United-States,1
41,Private,174201,HS-grad,9,Divorced,Handlers-cleaners,Unmarried,White,Male,0,0,40,United-States,0
38,Private,391040,Assoc-voc,11,Separated,Tech-support,Unmarried,White,Female,0,0,20,United-States,0
51,Private,57101,9th,5,Married-civ-spouse,Craft-repair,Husband,White,Male,0,0,40,United-States,0
33,Self-emp-not-inc,203784,Assoc-voc,11,Married-civ-spouse,Farming-fishing,Husband,White,Male,0,0,62,United-States,0
24,Local-gov,32950,Bachelors,13,Never-married,Prof-specialty,Not-in-family,White,Male,0,0,35,United-States,0
41,Local-gov,97064,Assoc-voc,11,Divorced,Adm-clerical,Unmarried,White,Female,0,0,44,United-States,0
42,State-gov,455553,HS-grad,9,Never-married,Adm-clerical,Unmarried,Black,Female,0,0,40,United-States,0
20,Private,133061,HS-grad,9,Never-married,Handlers-cleaners,Own-child,White,Male,0,0,40,United-States,0
57,Local-gov,190747,9th,5,Married-civ-spouse,Other-service,Husband,White,Male,0,0,40,United-States,0
57,Private,314153,Bachelors,13,Married-civ-spouse,Sales,Husband,White,Male,0,1887,55,United-States,1
38,Local-gov,225605,Some-college,10,Married-civ-spouse,Prof-specialty,Husband,White,Male,0,0,44,United-States,0
32,Private,174215,Some-college,10,Divorced,Sales,Unmarried,White,Female,0,0,40,United-States,0
51,Private,102828,Assoc-voc,11,Married-civ-spouse,Handlers-cleaners,Husband,White,Male,0,0,40,Greece,0
52,Private,146378,HS-grad,9,Married-civ-spouse,Craft-repair,Husband,White,Male,0,0,40,United-States,1
36,Private,131414,Some-college,10,Never-married,Sales,Not-in-family,Black,Female,0,0,36,United-States,0
61,Private,115023,Assoc-voc,11,Married-civ-spouse,Craft-repair,Husband,White,Male,0,1887,60,United-States,1
42,Private,152676,7th-8th,4,Divorced,Craft-repair,Unmarried,White,Male,0,0,40,Puerto-Rico,0
24,Private,24243,HS-grad,9,Never-married,Craft-repair,Not-in-family,White,Male,0,1590,40,United-States,0
22,Private,283969,HS-grad,9,Never-married,Machine-op-inspct,Own-child,White,Male,0,0,40,Mexico,0
33,Private,204494,Some-college,10,Married-civ-spouse,Exec-managerial,Husband,White,Male,0,0,56,United-States,1
58,State-gov,109567,Doctorate,16,Married-civ-spouse,Prof-specialty,Husband,White,Male,0,0,1,United-States,1
61,Self-emp-inc,148577,HS-grad,9,Married-civ-spouse,Sales,Husband,White,Male,0,0,55,United-States,1
33,Private,198211,HS-grad,9,Married-civ-spouse,Tech-support,Husband,White,Male,0,0,40,United-States,0
32,Private,113364,Bachelors,13,Never-married,Transport-moving,Not-in-family,White,Male,0,0,40,United-States,0
47,Self-emp-inc,139268,Prof-school,15,Married-civ-spouse,Prof-specialty,Husband,White,Male,0,1977,60,United-States,1
34,Private,277314,Assoc-acdm,12,Married-civ-spouse,Sales,Husband,Black,Male,0,1902,50,United-States,1
44,Private,456236,Masters,14,Married-civ-spouse,Adm-clerical,Husband,White,Male,0,0,40,United-States,0
32,Local-gov,217296,HS-grad,9,Married-civ-spouse,Transport-moving,Wife,White,Female,4064,0,22,United-States,0
40,Private,287079,HS-grad,9,Never-married,Farming-fishing,Not-in-family,White,Male,0,0,55,United-States,0
46,Private,377401,HS-grad,9,Married-civ-spouse,Transport-moving,Husband,White,Male,0,1902,70,Canada,1
28,Private,37933,HS-grad,9,Never-married,Other-service,Not-in-family,Black,Female,0,0,48,United-States,0
28,Private,211184,Some-college,10,Never-married,Sales,Not-in-family,White,Female,0,0,50,United-States,0
41,Private,110562,Bachelors,13,Married-civ-spouse,Exec-managerial,Husband,White,Male,0,0,40,United-States,0
30,Private,19302,Some-college,10,Never-married,Adm-clerical,Not-in-family,White,Male,0,0,48,United-States,0
43,State-gov,222978,Doctorate,16,Separated,Prof-specialty,Unmarried,White,Female,0,0,40,United-States,1
52,Private,150812,Some-college,10,Divorced,Adm-clerical,Unmarried,White,Female,0,0,35,United-States,0
37,Private,222450,11th,7,Married-spouse-absent,Other-service,Other-relative,White,Male,0,0,40,El-Salvador,0
35,Private,139086,HS-grad,9,Married-civ-spouse,Handlers-cleaners,Husband,White,Male,0,0,40,United-States,0
21,State-gov,48121,Some-college,10,Never-married,Exec-managerial,Own-child,White,Male,0,1602,10,United-States,0
31,Private,240441,Masters,14,Never-married,Exec-managerial,Not-in-family,White,Male,0,1564,40,United-States,1
33,Private,296453,Masters,14,Married-civ-spouse,Tech-support,Husband,White,Male,0,0,15,United-States,0
17,Private,140027,11th,7,Never-married,Other-service,Own-child,White,Female,0,0,25,United-States,0
34,Private,286675,HS-grad,9,Married-civ-spouse,Transport-moving,Husband,White,Male,0,0,40,United-States,0
65,Self-emp-not-inc,225473,Some-college,10,Widowed,Craft-repair,Not-in-family,White,Female,0,0,35,United-States,0
36,Private,123983,Bachelors,13,Married-civ-spouse,Prof-specialty,Husband,Asian-Pac-Islander,Male,0,0,55,Japan,1
43,Private,55395,Some-college,10,Married-civ-spouse,Craft-repair,Husband,White,Male,0,0,40,United-States,0
41,State-gov,197558,Bachelors,13,Divorced,Exec-managerial,Not-in-family,White,Male,0,0,40,United-States,0
21,Private,129980,9th,5,Never-married,Transport-moving,Own-child,White,Male,0,0,40,United-States,0
27,Private,267325,HS-grad,9,Married-civ-spouse,Sales,Wife,White,Female,3464,0,40,United-States,0
30,Private,45781,HS-grad,9,Never-married,Adm-clerical,Unmarried,White,Female,0,0,40,United-States,0
56,Private,235197,HS-grad,9,Never-married,Adm-clerical,Not-in-family,White,Female,0,0,38,United-States,0
44,Private,317535,1st-4th,2,Married-civ-spouse,Protective-serv,Other-relative,White,Male,0,0,40,Mexico,0
30,Private,399088,Some-college,10,Divorced,Adm-clerical,Not-in-family,White,Female,0,0,45,United-States,0
56,Self-emp-not-inc,214323,11th,7,Married-civ-spouse,Craft-repair,Husband,White,Male,0,0,40,United-States,0
48,Federal-gov,215389,HS-grad,9,Married-civ-spouse,Transport-moving,Husband,Black,Male,0,0,40,United-States,1
54,Private,77336,HS-grad,9,Married-civ-spouse,Sales,Husband,White,Male,0,0,40,United-States,0
34,Private,134737,Assoc-voc,11,Married-civ-spouse,Machine-op-inspct,Husband,White,Male,0,0,40,United-States,0
40,Private,202565,Assoc-acdm,12,Married-civ-spouse,Sales,Husband,White,Male,0,0,52,United-States,0
39,Federal-gov,290321,Assoc-voc,11,Married-civ-spouse,Prof-specialty,Husband,White,Male,0,0,50,United-States,0
30,Self-emp-inc,109282,Bachelors,13,Married-civ-spouse,Sales,Husband,White,Male,0,0,52,United-States,1
18,Private,92008,HS-grad,9,Never-married,Handlers-cleaners,Other-relative,White,Female,0,0,28,United-States,0
26,Private,258768,Some-college,10,Never-married,Transport-moving,Not-in-family,Black,Male,2174,0,75,United-States,0
47,Private,185399,HS-grad,9,Married-civ-spouse,Other-service,Wife,White,Female,0,0,38,United-States,0
42,Self-emp-not-inc,109273,Some-college,10,Never-married,Craft-repair,Unmarried,White,Male,0,0,40,United-States,0
36,Private,75826,Bachelors,13,Divorced,Adm-clerical,Unmarried,White,Female,0,0,40,United-States,0
51,Private,161691,HS-grad,9,Married-civ-spouse,Adm-clerical,Wife,White,Female,0,0,40,United-States,0
33,Private,80058,HS-grad,9,Never-married,Other-service,Own-child,White,Male,0,0,48,United-States,0
18,Private,279593,11th,7,Never-married,Prof-specialty,Own-child,White,Female,0,0,2,United-States,0
59,Private,291529,10th,6,Widowed,Machine-op-inspct,Not-in-family,White,Male,0,0,52,United-States,0
68,Private,159191,Some-college,10,Never-married,Adm-clerical,Not-in-family,White,Female,0,0,40,United-States,0
47,Private,110669,Bachelors,13,Separated,Prof-specialty,Unmarried,White,Female,0,0,50,United-States,0
57,Self-emp-not-inc,138285,Assoc-acdm,12,Married-civ-spouse,Other-service,Husband,White,Male,0,0,40,Iran,0
26,State-gov,180886,Masters,14,Married-civ-spouse,Prof-specialty,Husband,White,Male,0,0,30,United-States,0
30,Private,219318,HS-grad,9,Never-married,Machine-op-inspct,Other-relative,White,Female,0,0,35,Puerto-Rico,0
48,Local-gov,148121,Bachelors,13,Married-spouse-absent,Adm-clerical,Unmarried,Asian-Pac-Islander,Female,0,0,40,Philippines,0
57,Local-gov,189824,Some-college,10,Married-civ-spouse,Handlers-cleaners,Husband,Black,Male,7298,0,40,United-States,1
53,Private,276369,HS-grad,9,Married-civ-spouse,Exec-managerial,Husband,White,Male,0,0,45,United-States,0
23,Private,120172,Bachelors,13,Never-married,Exec-managerial,Not-in-family,White,Male,0,0,40,United-States,0
47,Private,169180,Masters,14,Never-married,Prof-specialty,Not-in-family,White,Female,0,0,35,United-States,0
44,Self-emp-not-inc,155930,Bachelors,13,Married-civ-spouse,Exec-managerial,Husband,White,Male,0,0,60,United-States,0
47,Local-gov,200808,12th,8,Married-civ-spouse,Adm-clerical,Husband,White,Male,0,0,35,Puerto-Rico,0
48,Private,331482,Prof-school,15,Married-civ-spouse,Tech-support,Husband,White,Male,0,1977,40,United-States,1
63,Private,175777,10th,6,Separated,Machine-op-inspct,Not-in-family,Black,Male,0,0,40,United-States,0
24,Private,50341,Bachelors,13,Never-married,Adm-clerical,Not-in-family,White,Female,0,0,40,United-States,0
37,Private,37778,Assoc-voc,11,Married-civ-spouse,Sales,Husband,White,Male,0,0,54,United-States,0
28,Local-gov,163942,Some-college,10,Never-married,Protective-serv,Own-child,White,Male,0,0,40,United-States,0
36,Private,247321,HS-grad,9,Married-civ-spouse,Craft-repair,Husband,White,Male,0,0,45,United-States,0
38,State-gov,134069,Masters,14,Married-civ-spouse,Exec-managerial,Husband,White,Male,7298,0,60,United-States,1
41,Private,167106,Bachelors,13,Married-civ-spouse,Adm-clerical,Husband,Asian-Pac-Islander,Male,3103,0,35,Philippines,1
28,Private,263128,Some-college,10,Never-married,Adm-clerical,Not-in-family,White,Female,0,0,60,United-States,0
36,Private,47310,HS-grad,9,Never-married,Other-service,Not-in-family,Black,Female,0,0,40,United-States,0
31,Self-emp-not-inc,210164,HS-grad,9,Married-civ-spouse,Exec-managerial,Husband,White,Male,0,0,40,United-States,1
33,Private,296538,HS-grad,9,Married-civ-spouse,Sales,Husband,White,Male,0,0,45,United-States,1
33,State-gov,208785,Some-college,10,Separated,Prof-specialty,Not-in-family,White,Male,10520,0,40,United-States,1
23,Private,87528,Bachelors,13,Never-married,Sales,Not-in-family,White,Female,0,0,45,United-States,0
35,Self-emp-not-inc,181705,HS-grad,9,Married-civ-spouse,Craft-repair,Husband,White,Male,3103,0,40,United-States,1
70,Private,170428,Bachelors,13,Widowed,Prof-specialty,Unmarried,White,Female,0,0,20,Puerto-Rico,0
41,Local-gov,177599,Bachelors,13,Divorced,Prof-specialty,Unmarried,White,Female,0,0,35,United-States,0
63,Self-emp-not-inc,33487,7th-8th,4,Married-civ-spouse,Craft-repair,Husband,White,Male,0,0,40,United-States,0
35,Private,26999,Bachelors,13,Separated,Exec-managerial,Unmarried,White,Female,0,0,42,United-States,0
33,Private,67072,HS-grad,9,Married-civ-spouse,Sales,Husband,White,Male,0,0,50,United-States,1
58,Local-gov,92141,Assoc-acdm,12,Widowed,Adm-clerical,Not-in-family,Black,Female,0,0,40,United-States,0
46,Self-emp-not-inc,110015,7th-8th,4,Married-civ-spouse,Exec-managerial,Husband,White,Male,0,0,75,Greece,0
29,Private,264166,Assoc-voc,11,Divorced,Other-service,Unmarried,White,Female,0,0,45,Columbia,0
64,Self-emp-not-inc,106538,Masters,14,Divorced,Prof-specialty,Not-in-family,White,Male,0,0,50,United-States,0
36,Federal-gov,218542,Assoc-acdm,12,Married-civ-spouse,Adm-clerical,Wife,White,Female,0,0,40,United-States,1
43,Private,174295,Masters,14,Married-civ-spouse,Prof-specialty,Husband,White,Male,0,0,55,United-States,0
22,Private,211678,HS-grad,9,Never-married,Handlers-cleaners,Own-child,White,Male,0,0,40,United-States,0
27,Self-emp-not-inc,229125,11th,7,Married-civ-spouse,Craft-repair,Husband,White,Male,0,0,40,United-States,0
27,Local-gov,124680,Masters,14,Never-married,Prof-specialty,Not-in-family,White,Female,0,0,40,United-States,0
58,Private,234213,HS-grad,9,Divorced,Craft-repair,Not-in-family,White,Male,14344,0,48,United-States,1
47,Private,199058,Bachelors,13,Married-civ-spouse,Prof-specialty,Husband,White,Male,0,0,60,United-States,1
60,Private,230545,7th-8th,4,Divorced,Adm-clerical,Not-in-family,White,Female,0,0,35,Cuba,0
43,State-gov,126701,Bachelors,13,Married-civ-spouse,Exec-managerial,Husband,White,Male,0,0,35,United-States,1
30,Private,94413,Some-college,10,Divorced,Transport-moving,Not-in-family,White,Male,0,0,30,United-States,0
57,Private,96779,5th-6th,3,Married-civ-spouse,Craft-repair,Husband,White,Male,0,0,40,United-States,0
60,Self-emp-not-inc,106118,HS-grad,9,Married-civ-spouse,Sales,Husband,White,Male,0,0,70,United-States,1
29,Private,100764,Bachelors,13,Married-civ-spouse,Exec-managerial,Husband,White,Male,0,0,45,United-States,1
55,Self-emp-inc,120920,Masters,14,Divorced,Prof-specialty,Not-in-family,White,Female,0,0,35,United-States,0
37,Local-gov,365430,Some-college,10,Married-civ-spouse,Adm-clerical,Husband,White,Male,0,0,40,Canada,1
50,Local-gov,124076,Bachelors,13,Married-civ-spouse,Prof-specialty,Wife,White,Female,0,0,40,United-States,1
30,Private,339773,HS-grad,9,Never-married,Machine-op-inspct,Not-in-family,White,Male,0,0,45,United-States,0
35,Private,203628,Masters,14,Never-married,Prof-specialty,Not-in-family,White,Male,0,0,60,United-States,1
18,Private,220836,11th,7,Never-married,Other-service,Not-in-family,White,Female,0,0,20,United-States,0
50,State-gov,276241,Bachelors,13,Married-civ-spouse,Exec-managerial,Husband,White,Male,0,0,40,United-States,1
25,Private,166971,HS-grad,9,Married-civ-spouse,Sales,Husband,White,Male,0,0,52,United-States,0
55,Self-emp-not-inc,278228,10th,6,Married-civ-spouse,Sales,Husband,White,Male,0,0,35,United-States,0
44,Private,408717,HS-grad,9,Divorced,Sales,Not-in-family,White,Male,3674,0,50,United-States,0
27,Local-gov,105830,Bachelors,13,Never-married,Prof-specialty,Not-in-family,White,Female,0,0,60,United-States,0
70,Private,206232,10th,6,Married-civ-spouse,Machine-op-inspct,Husband,White,Male,0,0,50,United-States,0
38,Private,133454,Assoc-acdm,12,Never-married,Craft-repair,Not-in-family,White,Male,0,0,40,United-States,0
56,Private,266091,Bachelors,13,Never-married,Prof-specialty,Not-in-family,White,Female,0,0,45,Mexico,0
41,Private,221947,Some-college,10,Married-civ-spouse,Exec-managerial,Husband,White,Male,0,1887,50,United-States,1
52,Private,137658,11th,7,Married-civ-spouse,Machine-op-inspct,Husband,Other,Male,0,0,40,Dominican-Republic,0
48,Private,121124,Some-college,10,Married-civ-spouse,Other-service,Husband,White,Male,0,0,40,United-States,1
20,Private,216436,Bachelors,13,Never-married,Sales,Other-relative,Black,Female,0,0,30,United-States,0
41,Self-emp-not-inc,188738,HS-grad,9,Divorced,Craft-repair,Unmarried,White,Male,0,0,27,United-States,0
26,Private,18827,Some-college,10,Never-married,Transport-moving,Not-in-family,White,Male,0,0,40,United-States,0
48,Self-emp-inc,193188,Bachelors,13,Married-civ-spouse,Exec-managerial,Husband,White,Male,0,0,40,United-States,1
37,Private,238959,HS-grad,9,Married-civ-spouse,Adm-clerical,Wife,White,Female,0,0,40,United-States,0
39,Private,257726,Some-college,10,Never-married,Machine-op-inspct,Own-child,White,Male,0,0,40,United-States,0
47,Private,160647,HS-grad,9,Never-married,Farming-fishing,Unmarried,White,Female,0,0,46,United-States,0
23,Private,393248,Some-college,10,Never-married,Adm-clerical,Own-child,White,Male,0,0,40,United-States,0
33,Federal-gov,348491,Some-college,10,Married-civ-spouse,Exec-managerial,Wife,Black,Female,0,0,40,United-States,1
50,Private,108926,Some-college,10,Divorced,Machine-op-inspct,Not-in-family,Black,Female,0,0,40,United-States,0
27,Self-emp-inc,193868,HS-grad,9,Never-married,Sales,Not-in-family,White,Male,0,0,50,United-States,0
38,Self-emp-not-inc,322143,Bachelors,13,Married-civ-spouse,Other-service,Husband,White,Male,0,0,10,United-States,0
30,Private,140869,HS-grad,9,Never-married,Other-service,Unmarried,White,Female,0,0,40,United-States,0
33,Private,37274,Some-college,10,Married-civ-spouse,Sales,Husband,White,Male,0,0,40,United-States,0
55,Private,276229,HS-grad,9,Widowed,Sales,Not-in-family,White,Female,0,0,38,United-States,0
47,Self-emp-not-inc,213668,Prof-school,15,Married-civ-spouse,Prof-specialty,Husband,White,Male,0,1977,50,United-States,1
46,Private,185041,HS-grad,9,Married-civ-spouse,Machine-op-inspct,Husband,White,Male,0,0,50,United-States,0
27,Private,190525,HS-grad,9,Never-married,Sales,Not-in-family,White,Male,0,0,50,United-States,1
18,Private,174732,HS-grad,9,Never-married,Other-service,Other-relative,Black,Male,0,0,36,United-States,0
30,Private,207668,Some-college,10,Never-married,Sales,Own-child,White,Male,0,0,30,United-States,0
50,State-gov,103063,Bachelors,13,Married-civ-spouse,Exec-managerial,Husband,White,Male,0,0,40,United-States,1
66,Private,146454,Some-college,10,Married-civ-spouse,Sales,Husband,White,Male,5556,0,40,United-States,1
29,Self-emp-not-inc,132686,Prof-school,15,Never-married,Prof-specialty,Own-child,White,Male,0,0,50,Italy,1
39,Private,257942,Bachelors,13,Married-civ-spouse,Sales,Husband,White,Male,0,0,60,United-States,1
36,Private,254202,HS-grad,9,Divorced,Exec-managerial,Unmarried,White,Female,0,0,50,United-States,0
20,Private,290504,HS-grad,9,Never-married,Other-service,Other-relative,White,Male,0,0,40,United-States,0
39,Private,25803,Some-college,10,Married-civ-spouse,Sales,Husband,White,Male,0,0,55,United-States,0
47,Private,27624,Assoc-voc,11,Never-married,Other-service,Not-in-family,White,Female,0,0,55,United-States,0
31,Private,120857,HS-grad,9,Married-civ-spouse,Sales,Wife,White,Female,0,0,18,United-States,0
36,Private,190759,Bachelors,13,Married-civ-spouse,Prof-specialty,Husband,White,Male,0,0,45,United-States,1
56,Local-gov,212864,HS-grad,9,Married-civ-spouse,Transport-moving,Husband,White,Male,0,0,40,United-States,1
56,Self-emp-inc,98418,Prof-school,15,Married-civ-spouse,Prof-specialty,Husband,White,Male,99999,0,40,United-States,1
45,State-gov,32186,Bachelors,13,Separated,Prof-specialty,Not-in-family,White,Female,0,0,40,United-States,0
58,Self-emp-not-inc,49884,HS-grad,9,Married-civ-spouse,Farming-fishing,Husband,White,Male,0,0,50,United-States,0
52,Private,42924,12th,8,Married-civ-spouse,Craft-repair,Husband,White,Male,0,0,45,United-States,0
41,State-gov,309056,Doctorate,16,Married-civ-spouse,Prof-specialty,Husband,White,Male,0,0,50,United-States,1
39,Private,338320,10th,6,Married-civ-spouse,Craft-repair,Husband,White,Male,0,0,60,United-States,1
37,Local-gov,257588,HS-grad,9,Divorced,Adm-clerical,Unmarried,White,Female,0,0,40,United-States,0
41,Private,42563,Bachelors,13,Married-civ-spouse,Tech-support,Wife,White,Female,0,0,25,United-States,1
40,Local-gov,370502,Some-college,10,Married-civ-spouse,Handlers-cleaners,Husband,White,Male,0,0,40,Mexico,0
26,Private,154604,HS-grad,9,Divorced,Sales,Unmarried,White,Female,0,0,40,United-States,0
36,Private,269318,Bachelors,13,Married-civ-spouse,Exec-managerial,Husband,White,Male,0,0,50,United-States,1
24,Private,117363,Bachelors,13,Never-married,Sales,Own-child,White,Female,0,0,35,United-States,0
33,Private,221966,Bachelors,13,Never-married,Prof-specialty,Not-in-family,White,Male,2202,0,50,United-States,0
40,Local-gov,39581,Prof-school,15,Separated,Prof-specialty,Own-child,Black,Female,0,0,40,United-States,0
24,Private,280134,10th,6,Never-married,Sales,Not-in-family,White,Male,0,0,49,El-Salvador,0
51,Local-gov,159755,Masters,14,Married-civ-spouse,Prof-specialty,Husband,White,Male,0,0,40,United-States,1
36,Private,200360,Some-college,10,Never-married,Craft-repair,Not-in-family,White,Male,0,0,40,United-States,0
35,Private,126675,HS-grad,9,Married-civ-spouse,Exec-managerial,Husband,White,Male,0,0,48,United-States,0
49,Private,403112,HS-grad,9,Divorced,Other-service,Unmarried,Black,Female,0,0,32,United-States,0
74,Self-emp-not-inc,119129,HS-grad,9,Married-civ-spouse,Sales,Husband,White,Male,0,2149,20,United-States,0
19,Private,223392,HS-grad,9,Never-married,Handlers-cleaners,Own-child,White,Male,0,0,15,United-States,0
27,Local-gov,163862,HS-grad,9,Married-civ-spouse,Transport-moving,Husband,White,Male,0,0,60,United-States,0
20,Private,293091,11th,7,Never-married,Transport-moving,Own-child,White,Male,0,0,60,United-States,0
40,Private,209040,HS-grad,9,Never-married,Other-service,Not-in-family,White,Male,0,0,40,United-States,0
25,Private,109080,Some-college,10,Never-married,Craft-repair,Own-child,White,Male,0,0,55,United-States,0
27,Private,366066,Assoc-acdm,12,Never-married,Sales,Own-child,White,Female,0,0,40,United-States,0
20,Private,53878,HS-grad,9,Never-married,Craft-repair,Unmarried,White,Male,0,0,40,United-States,0
40,Private,226585,Some-college,10,Married-civ-spouse,Adm-clerical,Wife,White,Female,0,0,35,United-States,1
54,Private,53833,5th-6th,3,Married-civ-spouse,Transport-moving,Husband,White,Male,0,0,40,United-States,1
61,Private,129246,10th,6,Married-civ-spouse,Craft-repair,Husband,White,Male,0,0,48,United-States,0
46,Private,276087,HS-grad,9,Married-civ-spouse,Sales,Husband,White,Male,5013,0,50,United-States,0
45,State-gov,110311,Masters,14,Divorced,Exec-managerial,Unmarried,White,Female,0,0,40,United-States,0
27,Private,225142,Some-college,10,Never-married,Craft-repair,Own-child,White,Male,0,0,40,United-States,0
33,Private,96635,Some-college,10,Never-married,Sales,Not-in-family,Asian-Pac-Islander,Male,0,0,26,South,0
27,Local-gov,199172,HS-grad,9,Married-civ-spouse,Protective-serv,Wife,White,Female,0,0,40,United-States,0
24,Private,113515,HS-grad,9,Never-married,Exec-managerial,Not-in-family,White,Female,0,0,40,United-States,0
23,Private,32616,Bachelors,13,Never-married,Adm-clerical,Own-child,White,Female,0,0,20,United-States,0
33,Private,158688,Some-college,10,Married-civ-spouse,Transport-moving,Husband,White,Male,0,0,40,United-States,0
36,Private,219483,Some-college,10,Never-married,Adm-clerical,Not-in-family,White,Female,0,0,40,United-States,0
61,Private,97128,Bachelors,13,Married-civ-spouse,Sales,Husband,White,Male,0,0,45,United-States,1
41,Private,336643,Some-college,10,Divorced,Exec-managerial,Not-in-family,White,Female,0,0,80,United-States,0
46,Federal-gov,340718,11th,7,Widowed,Adm-clerical,Not-in-family,White,Female,0,0,40,United-States,0
57,Private,222247,12th,8,Married-civ-spouse,Transport-moving,Husband,White,Male,0,0,40,United-States,1
39,Private,203070,Assoc-voc,11,Married-civ-spouse,Handlers-cleaners,Husband,White,Male,0,0,49,United-States,0
46,Private,375606,Doctorate,16,Never-married,Prof-specialty,Not-in-family,White,Male,0,0,40,United-States,1
60,Private,106850,10th,6,Divorced,Machine-op-inspct,Not-in-family,White,Female,0,0,40,United-States,0
57,Private,141570,Masters,14,Married-civ-spouse,Exec-managerial,Husband,Black,Male,0,1977,40,United-States,1
44,Self-emp-not-inc,104973,Masters,14,Married-civ-spouse,Farming-fishing,Husband,White,Male,0,0,40,United-States,1
48,Private,117251,HS-grad,9,Widowed,Adm-clerical,Not-in-family,White,Female,0,0,32,United-States,0
33,Private,23871,HS-grad,9,Divorced,Other-service,Unmarried,White,Female,0,0,30,United-States,0
39,Local-gov,189911,11th,7,Divorced,Adm-clerical,Unmarried,White,Female,0,0,40,United-States,0
45,Private,261278,Bachelors,13,Married-civ-spouse,Prof-specialty,Wife,Asian-Pac-Islander,Female,5178,0,40,Philippines,1
43,State-gov,182254,Some-college,10,Divorced,Adm-clerical,Unmarried,White,Female,0,0,40,United-States,0
33,Federal-gov,391122,HS-grad,9,Never-married,Adm-clerical,Own-child,White,Female,0,0,30,United-States,0
22,Private,223019,HS-grad,9,Never-married,Adm-clerical,Own-child,White,Female,0,0,20,United-States,0
26,Private,37202,Bachelors,13,Never-married,Prof-specialty,Not-in-family,White,Female,0,0,45,United-States,0
37,Private,327323,5th-6th,3,Separated,Farming-fishing,Not-in-family,White,Male,0,0,32,Guatemala,0
53,Private,158294,Masters,14,Married-civ-spouse,Prof-specialty,Husband,White,Male,7298,0,40,United-States,1
58,Private,293399,11th,7,Widowed,Machine-op-inspct,Not-in-family,White,Female,0,0,40,United-States,0
19,Private,197714,HS-grad,9,Never-married,Sales,Own-child,White,Female,0,0,35,United-States,0
48,Private,216999,HS-grad,9,Married-civ-spouse,Craft-repair,Husband,White,Male,0,0,40,United-States,1
20,Private,27049,Some-college,10,Never-married,Exec-managerial,Own-child,White,Female,0,0,20,United-States,0
32,Private,171116,HS-grad,9,Divorced,Other-service,Own-child,White,Female,0,0,40,United-States,0
28,Federal-gov,163862,Bachelors,13,Married-civ-spouse,Exec-managerial,Husband,White,Male,5178,0,40,United-States,1
32,Private,186824,HS-grad,9,Never-married,Machine-op-inspct,Unmarried,White,Male,0,0,40,United-States,0
35,Local-gov,185769,Some-college,10,Married-civ-spouse,Other-service,Husband,White,Male,0,0,40,United-States,0
56,Private,204049,Some-college,10,Married-civ-spouse,Sales,Husband,White,Male,0,1848,50,United-States,1
49,Private,59612,Some-college,10,Married-civ-spouse,Sales,Husband,White,Male,0,0,44,United-States,0
19,Private,212468,Some-college,10,Never-married,Other-service,Own-child,White,Female,0,0,15,United-States,0
41,Private,207779,HS-grad,9,Separated,Other-service,Not-in-family,White,Female,0,0,40,United-States,0
20,Private,172232,HS-grad,9,Never-married,Adm-clerical,Own-child,White,Male,0,0,48,United-States,0
36,Private,240323,HS-grad,9,Separated,Sales,Unmarried,Black,Female,0,0,17,United-States,0
31,Private,382368,11th,7,Married-civ-spouse,Craft-repair,Husband,White,Male,0,0,40,United-States,0
31,Self-emp-not-inc,340939,Bachelors,13,Never-married,Tech-support,Not-in-family,White,Male,0,0,40,United-States,0
27,Self-emp-not-inc,114225,Some-college,10,Never-married,Exec-managerial,Not-in-family,White,Male,0,0,60,United-States,1
34,Private,305619,HS-grad,9,Married-civ-spouse,Craft-repair,Husband,White,Male,0,0,40,United-States,1
41,Private,262038,5th-6th,3,Married-spouse-absent,Farming-fishing,Not-in-family,White,Male,0,0,35,Mexico,0
30,State-gov,137613,Masters,14,Married-civ-spouse,Prof-specialty,Husband,Asian-Pac-Islander,Male,0,0,17,Taiwan,0
75,Self-emp-not-inc,31428,HS-grad,9,Married-civ-spouse,Farming-fishing,Husband,White,Male,3456,0,40,United-States,0
77,Self-emp-not-inc,138714,Some-college,10,Married-civ-spouse,Sales,Husband,White,Male,0,0,40,United-States,0
44,Federal-gov,320071,HS-grad,9,Married-civ-spouse,Craft-repair,Husband,White,Male,0,0,40,United-States,1
40,Self-emp-inc,37997,Some-college,10,Married-civ-spouse,Farming-fishing,Husband,White,Male,0,0,50,United-States,0
44,Local-gov,73199,Assoc-voc,11,Divorced,Tech-support,Unmarried,Asian-Pac-Islander,Male,0,0,40,United-States,0
45,Private,169092,HS-grad,9,Divorced,Sales,Not-in-family,White,Female,0,0,55,United-States,0
45,Private,170846,Assoc-voc,11,Married-civ-spouse,Exec-managerial,Wife,White,Female,0,0,40,United-States,1
30,Private,55481,Masters,14,Never-married,Tech-support,Unmarried,White,Male,0,0,45,Nicaragua,0
35,Private,42044,HS-grad,9,Married-civ-spouse,Machine-op-inspct,Husband,White,Male,0,0,30,United-States,0
17,Private,52967,10th,6,Never-married,Other-service,Own-child,White,Female,0,0,6,United-States,0
32,Private,62374,Assoc-voc,11,Married-civ-spouse,Transport-moving,Husband,White,Male,0,0,40,United-States,0
30,Private,26543,Bachelors,13,Divorced,Other-service,Not-in-family,White,Male,0,0,40,United-States,0
43,Local-gov,194360,Masters,14,Never-married,Prof-specialty,Not-in-family,White,Male,0,0,38,United-States,0
31,Private,184889,HS-grad,9,Never-married,Other-service,Own-child,Black,Female,0,0,20,United-States,0
45,Private,123681,HS-grad,9,Married-civ-spouse,Sales,Husband,White,Male,0,0,40,United-States,1
32,State-gov,317647,HS-grad,9,Never-married,Transport-moving,Own-child,White,Male,0,0,40,United-States,0
23,Private,335570,Some-college,10,Never-married,Handlers-cleaners,Own-child,White,Male,0,0,35,United-States,0
23,Private,442274,12th,8,Never-married,Adm-clerical,Unmarried,White,Male,0,0,40,United-States,0
42,State-gov,148316,Assoc-voc,11,Married-civ-spouse,Protective-serv,Husband,White,Male,0,0,40,United-States,1
54,Private,286989,Preschool,1,Married-civ-spouse,Farming-fishing,Husband,White,Male,0,0,60,United-States,0
44,Private,103218,HS-grad,9,Divorced,Adm-clerical,Unmarried,Black,Female,0,0,40,United-States,0
48,Private,75104,Bachelors,13,Married-civ-spouse,Prof-specialty,Husband,White,Male,0,0,50,United-States,0
54,Private,234938,HS-grad,9,Married-civ-spouse,Sales,Husband,White,Male,4064,0,55,United-States,0
34,Private,108116,Bachelors,13,Married-civ-spouse,Prof-specialty,Husband,White,Male,0,0,50,United-States,1
37,Private,404661,Some-college,10,Never-married,Exec-managerial,Not-in-family,Black,Male,0,0,40,United-States,0
58,Private,119386,Assoc-voc,11,Divorced,Adm-clerical,Not-in-family,White,Female,0,0,60,United-States,0
35,Private,331831,Bachelors,13,Married-civ-spouse,Sales,Husband,White,Male,0,0,40,United-States,0
40,Self-emp-not-inc,282678,Masters,14,Separated,Exec-managerial,Unmarried,White,Female,0,0,20,United-States,0
44,Private,442035,Some-college,10,Divorced,Prof-specialty,Not-in-family,White,Female,0,0,40,United-States,0
27,Private,41099,Some-college,10,Never-married,Sales,Not-in-family,White,Male,0,0,50,United-States,0
29,Private,194940,Bachelors,13,Married-civ-spouse,Exec-managerial,Husband,White,Male,0,0,40,United-States,0
63,Local-gov,379940,Bachelors,13,Married-civ-spouse,Prof-specialty,Husband,White,Male,0,0,40,United-States,1
25,Private,353795,Some-college,10,Married-civ-spouse,Adm-clerical,Wife,Black,Female,3103,0,40,United-States,1
49,Private,93639,Bachelors,13,Married-civ-spouse,Exec-managerial,Wife,White,Female,0,0,43,United-States,0
36,Local-gov,293358,Some-college,10,Never-married,Exec-managerial,Unmarried,Black,Female,0,0,48,United-States,0
55,Private,272656,Bachelors,13,Married-civ-spouse,Tech-support,Husband,White,Male,0,0,55,United-States,1
36,Self-emp-inc,180477,Some-college,10,Married-civ-spouse,Exec-managerial,Husband,White,Male,0,0,50,United-States,1
53,Private,191025,Some-college,10,Divorced,Adm-clerical,Not-in-family,White,Female,0,0,43,United-States,0
58,Self-emp-not-inc,318106,HS-grad,9,Married-civ-spouse,Exec-managerial,Husband,White,Male,0,0,40,United-States,1
29,Federal-gov,208534,Prof-school,15,Married-civ-spouse,Prof-specialty,Husband,White,Male,0,0,80,United-States,0
64,Private,47298,Doctorate,16,Married-civ-spouse,Prof-specialty,Husband,White,Male,0,0,60,United-States,1
34,Private,230246,Bachelors,13,Married-civ-spouse,Prof-specialty,Husband,White,Male,0,0,42,United-States,1
28,Private,189257,9th,5,Never-married,Handlers-cleaners,Own-child,Black,Female,0,0,24,United-States,0
39,Self-emp-inc,202937,Masters,14,Married-civ-spouse,Prof-specialty,Wife,White,Female,0,0,40,United-States,1
64,State-gov,114650,9th,5,Married-civ-spouse,Craft-repair,Husband,White,Male,0,0,40,United-States,0
51,Private,56915,HS-grad,9,Married-civ-spouse,Craft-repair,Husband,Amer-Indian-Eskimo,Male,0,0,40,United-States,0
21,Private,399022,HS-grad,9,Never-married,Farming-fishing,Own-child,White,Male,0,0,24,United-States,0
32,Local-gov,161478,Bachelors,13,Divorced,Adm-clerical,Unmarried,Asian-Pac-Islander,Female,0,0,46,United-States,0
39,Private,111499,Bachelors,13,Never-married,Exec-managerial,Not-in-family,White,Female,0,0,40,United-States,0
30,Private,402539,HS-grad,9,Never-married,Adm-clerical,Unmarried,White,Female,0,0,40,United-States,0
32,Private,256609,12th,8,Married-civ-spouse,Machine-op-inspct,Husband,White,Male,0,0,40,Mexico,0
37,Private,38468,Some-college,10,Never-married,Adm-clerical,Not-in-family,White,Female,0,0,40,United-States,0
23,Private,435604,Assoc-voc,11,Separated,Exec-managerial,Own-child,White,Female,0,0,40,United-States,0
42,Private,230624,10th,6,Never-married,Transport-moving,Unmarried,White,Male,0,0,40,United-States,1
39,Private,53926,Bachelors,13,Married-civ-spouse,Prof-specialty,Husband,White,Male,0,0,40,United-States,0
34,Private,245487,7th-8th,4,Married-civ-spouse,Transport-moving,Husband,Amer-Indian-Eskimo,Male,0,0,45,Mexico,0
43,Local-gov,231964,Some-college,10,Divorced,Adm-clerical,Unmarried,White,Female,0,0,40,United-States,0
39,Private,214117,Some-college,10,Divorced,Craft-repair,Unmarried,Black,Male,0,0,40,United-States,0
47,Private,208872,Some-college,10,Married-civ-spouse,Craft-repair,Husband,White,Male,0,0,40,United-States,0
40,Private,214242,HS-grad,9,Married-civ-spouse,Machine-op-inspct,Husband,White,Male,0,0,50,United-States,0
39,Private,342448,Bachelors,13,Married-civ-spouse,Adm-clerical,Husband,White,Male,0,0,45,United-States,0
37,Self-emp-not-inc,137527,Doctorate,16,Never-married,Prof-specialty,Not-in-family,White,Female,0,2559,60,United-States,1
33,Private,189265,Bachelors,13,Never-married,Exec-managerial,Not-in-family,White,Female,0,0,40,United-States,0
37,Private,241998,Bachelors,13,Married-civ-spouse,Tech-support,Husband,White,Male,0,0,50,United-States,1
53,Local-gov,324021,Some-college,10,Divorced,Other-service,Not-in-family,White,Female,0,0,40,United-States,0
45,Private,262802,Bachelors,13,Divorced,Exec-managerial,Unmarried,White,Female,0,0,40,United-States,0
44,Private,207578,Bachelors,13,Married-civ-spouse,Prof-specialty,Husband,White,Male,0,0,35,United-States,1
44,Self-emp-inc,383493,HS-grad,9,Married-civ-spouse,Craft-repair,Husband,White,Male,0,0,60,United-States,1
42,Private,142424,Assoc-voc,11,Never-married,Adm-clerical,Not-in-family,White,Female,0,0,40,United-States,0
17,Private,56986,12th,8,Never-married,Sales,Own-child,White,Female,0,0,18,United-States,0
30,Private,137606,HS-grad,9,Married-civ-spouse,Transport-moving,Husband,White,Male,5013,0,40,United-States,0
30,Private,177531,HS-grad,9,Never-married,Sales,Unmarried,Black,Female,0,0,25,United-States,0
44,Private,291568,HS-grad,9,Married-civ-spouse,Farming-fishing,Husband,Other,Male,0,0,40,United-States,0
47,Local-gov,93618,Some-college,10,Divorced,Adm-clerical,Not-in-family,White,Female,0,0,33,United-States,0
37,Self-emp-inc,162164,HS-grad,9,Married-civ-spouse,Craft-repair,Husband,White,Male,0,0,40,United-States,0
39,Private,356838,HS-grad,9,Never-married,Farming-fishing,Own-child,White,Male,0,0,12,United-States,0
33,Private,245777,HS-grad,9,Divorced,Sales,Not-in-family,White,Male,0,0,40,United-States,0
32,Private,167531,Prof-school,15,Married-civ-spouse,Prof-specialty,Wife,Asian-Pac-Islander,Female,15024,0,50,United-States,1
42,Private,303155,Assoc-acdm,12,Divorced,Adm-clerical,Not-in-family,White,Male,0,0,40,United-States,0
33,Local-gov,133876,HS-grad,9,Divorced,Craft-repair,Unmarried,White,Male,0,0,40,United-States,0
35,Private,171327,HS-grad,9,Married-civ-spouse,Craft-repair,Husband,White,Male,0,0,40,United-States,0
24,Private,69640,Bachelors,13,Never-married,Sales,Own-child,White,Male,0,0,40,United-States,0
34,Private,269243,Some-college,10,Never-married,Adm-clerical,Own-child,White,Female,0,0,40,United-States,0
36,Self-emp-not-inc,344351,HS-grad,9,Never-married,Transport-moving,Own-child,White,Male,0,0,40,United-States,0
30,Local-gov,200892,Masters,14,Married-civ-spouse,Prof-specialty,Husband,White,Male,0,0,40,United-States,0
25,Private,146117,Some-college,10,Never-married,Machine-op-inspct,Not-in-family,White,Male,0,0,42,United-States,0
28,Private,107389,HS-grad,9,Never-married,Exec-managerial,Own-child,White,Male,0,0,32,United-States,0
30,Private,341051,Masters,14,Married-civ-spouse,Exec-managerial,Husband,White,Male,15024,0,60,United-States,1
39,Private,269722,Bachelors,13,Married-civ-spouse,Exec-managerial,Husband,White,Male,0,0,70,United-States,0
59,Private,159008,Some-college,10,Married-civ-spouse,Protective-serv,Husband,White,Male,0,0,56,United-States,0
21,Private,383603,10th,6,Never-married,Other-service,Not-in-family,White,Female,0,0,35,United-States,0
41,Private,157025,HS-grad,9,Never-married,Machine-op-inspct,Unmarried,Black,Male,0,0,40,United-States,0
44,Local-gov,101593,Masters,14,Never-married,Prof-specialty,Not-in-family,White,Male,0,1876,42,United-States,0
50,Private,209464,HS-grad,9,Separated,Other-service,Unmarried,White,Female,0,0,35,United-States,0
25,Private,209286,Some-college,10,Married-civ-spouse,Craft-repair,Husband,White,Male,0,0,40,United-States,0
56,Federal-gov,61885,Bachelors,13,Never-married,Transport-moving,Not-in-family,Black,Male,0,2001,65,United-States,0
51,Federal-gov,198186,Bachelors,13,Widowed,Prof-specialty,Not-in-family,Black,Female,0,0,40,United-States,0
46,Private,206889,Bachelors,13,Widowed,Adm-clerical,Not-in-family,White,Female,0,0,25,United-States,0
27,Private,410351,HS-grad,9,Married-civ-spouse,Craft-repair,Husband,White,Male,0,0,40,United-States,0
18,Private,192409,Some-college,10,Never-married,Sales,Own-child,White,Female,0,0,20,United-States,0
53,Private,82646,Doctorate,16,Divorced,Exec-managerial,Not-in-family,White,Female,0,0,55,United-States,1
50,Local-gov,164127,HS-grad,9,Never-married,Other-service,Not-in-family,Black,Female,0,0,40,United-States,0
38,Private,203836,Some-college,10,Married-civ-spouse,Sales,Husband,White,Male,0,0,50,United-States,1
38,Private,83727,HS-grad,9,Divorced,Other-service,Unmarried,White,Female,0,0,48,United-States,0
43,Private,198330,Masters,14,Widowed,Prof-specialty,Unmarried,Black,Female,0,0,37,United-States,0
35,Self-emp-not-inc,127930,HS-grad,9,Married-spouse-absent,Farming-fishing,Not-in-family,White,Male,0,0,60,United-States,0
55,Local-gov,223716,Some-college,10,Divorced,Exec-managerial,Not-in-family,Amer-Indian-Eskimo,Female,0,0,40,United-States,0
36,Local-gov,127772,Bachelors,13,Divorced,Prof-specialty,Unmarried,White,Male,0,0,40,United-States,0
53,Self-emp-not-inc,284329,Masters,14,Divorced,Exec-managerial,Not-in-family,White,Male,0,0,50,United-States,1
30,Private,115963,11th,7,Married-civ-spouse,Craft-repair,Husband,White,Male,0,0,40,United-States,0
30,Private,390879,Assoc-voc,11,Divorced,Prof-specialty,Unmarried,White,Female,0,0,36,United-States,0
41,Self-emp-inc,139916,Assoc-voc,11,Married-civ-spouse,Sales,Husband,Other,Male,0,2179,84,Mexico,0
32,Self-emp-inc,275094,Bachelors,13,Married-civ-spouse,Sales,Husband,White,Male,7688,0,55,Mexico,1
46,Private,160061,Some-college,10,Married-civ-spouse,Machine-op-inspct,Husband,Black,Male,0,0,40,United-States,0
20,Private,183594,Some-college,10,Never-married,Handlers-cleaners,Own-child,White,Male,0,0,50,United-States,0
58,Private,194733,Assoc-acdm,12,Married-civ-spouse,Craft-repair,Husband,White,Male,0,0,40,United-States,1
56,Private,199763,Some-college,10,Married-civ-spouse,Craft-repair,Husband,White,Male,0,0,45,United-States,0
54,Private,288992,10th,6,Divorced,Prof-specialty,Unmarried,White,Male,14344,0,68,United-States,1
29,Self-emp-not-inc,104423,Some-college,10,Married-civ-spouse,Exec-managerial,Other-relative,White,Male,4386,0,45,United-States,1
32,Private,73498,7th-8th,4,Divorced,Other-service,Unmarried,White,Female,0,0,40,United-States,0
62,Private,138157,HS-grad,9,Married-civ-spouse,Exec-managerial,Husband,White,Male,0,0,12,United-States,0
60,Self-emp-not-inc,376973,HS-grad,9,Married-civ-spouse,Craft-repair,Husband,White,Male,0,0,42,United-States,1
43,Private,180138,HS-grad,9,Never-married,Craft-repair,Not-in-family,White,Male,0,0,45,United-States,0
40,Private,155190,10th,6,Never-married,Craft-repair,Other-relative,Black,Male,0,0,55,United-States,0
26,Private,391349,Bachelors,13,Never-married,Adm-clerical,Not-in-family,White,Female,0,0,40,United-States,0
37,Federal-gov,29054,Some-college,10,Married-civ-spouse,Adm-clerical,Husband,White,Male,0,0,42,United-States,1
33,Private,167771,Some-college,10,Separated,Other-service,Not-in-family,White,Female,0,0,30,United-States,0
34,Private,56150,11th,7,Never-married,Transport-moving,Unmarried,White,Male,0,0,40,United-States,0
35,Private,360814,9th,5,Divorced,Craft-repair,Not-in-family,White,Male,0,0,45,United-States,0
34,Local-gov,177675,Some-college,10,Never-married,Protective-serv,Not-in-family,White,Male,0,0,50,United-States,1
19,State-gov,37332,HS-grad,9,Never-married,Adm-clerical,Not-in-family,White,Female,0,0,20,United-States,0
27,Private,265314,HS-grad,9,Married-civ-spouse,Transport-moving,Husband,White,Male,0,0,45,United-States,1
41,Self-emp-not-inc,144002,Bachelors,13,Married-civ-spouse,Exec-managerial,Husband,White,Male,0,0,60,United-States,1
38,Private,331395,7th-8th,4,Married-civ-spouse,Farming-fishing,Husband,White,Male,3942,0,84,Portugal,0
37,Private,19899,HS-grad,9,Married-civ-spouse,Craft-repair,Husband,White,Male,15024,0,45,United-States,1
35,Private,491000,Assoc-voc,11,Divorced,Prof-specialty,Own-child,Black,Male,0,0,40,United-States,0
40,Private,252392,5th-6th,3,Married-civ-spouse,Other-service,Husband,White,Male,0,0,40,Mexico,0
44,Self-emp-inc,95150,Some-college,10,Married-civ-spouse,Exec-managerial,Husband,White,Male,0,0,50,United-States,1
50,Private,210217,Bachelors,13,Divorced,Sales,Unmarried,Black,Male,0,0,40,United-States,0
33,Private,110978,Some-college,10,Divorced,Craft-repair,Other-relative,Other,Female,0,0,40,United-States,0
19,Without-pay,43887,HS-grad,9,Never-married,Farming-fishing,Own-child,White,Male,0,0,10,United-States,0
23,Private,386019,9th,5,Never-married,Farming-fishing,Unmarried,White,Male,0,0,70,United-States,0
33,Private,149726,HS-grad,9,Married-civ-spouse,Transport-moving,Husband,White,Male,0,0,46,United-States,0
19,Private,104112,HS-grad,9,Never-married,Sales,Unmarried,Black,Male,0,0,30,Haiti,0
32,Private,195891,Assoc-acdm,12,Married-civ-spouse,Prof-specialty,Husband,White,Male,0,0,45,United-States,1
39,Self-emp-not-inc,134475,Bachelors,13,Divorced,Adm-clerical,Not-in-family,White,Male,0,1762,40,United-States,0
36,Private,135289,Bachelors,13,Married-civ-spouse,Craft-repair,Husband,White,Male,0,0,48,United-States,1
32,Private,157287,Bachelors,13,Married-civ-spouse,Sales,Husband,White,Male,0,0,40,United-States,0
19,Private,100999,Bachelors,13,Never-married,Prof-specialty,Own-child,White,Female,0,0,30,United-States,0
18,Private,266489,Some-college,10,Never-married,Exec-managerial,Not-in-family,White,Male,0,0,50,United-States,0
49,Self-emp-not-inc,111959,Bachelors,13,Married-civ-spouse,Exec-managerial,Husband,White,Male,0,0,60,Scotland,1
34,Private,27494,HS-grad,9,Divorced,Craft-repair,Not-in-family,Amer-Indian-Eskimo,Male,0,0,48,United-States,1
30,Self-emp-not-inc,172748,7th-8th,4,Never-married,Craft-repair,Own-child,White,Male,0,0,40,United-States,0
34,Private,301591,HS-grad,9,Never-married,Exec-managerial,Unmarried,White,Female,0,0,35,United-States,0
30,Private,302149,Bachelors,13,Married-civ-spouse,Sales,Husband,Asian-Pac-Islander,Male,0,0,40,India,0
56,Self-emp-inc,303090,Some-college,10,Married-civ-spouse,Sales,Husband,White,Male,0,0,50,United-States,0
69,Self-emp-not-inc,76968,9th,5,Married-civ-spouse,Farming-fishing,Husband,White,Male,0,0,25,United-States,0
30,Private,191385,11th,7,Married-civ-spouse,Machine-op-inspct,Husband,White,Male,0,0,40,United-States,0
28,Local-gov,135567,Bachelors,13,Never-married,Adm-clerical,Not-in-family,Black,Female,4101,0,60,United-States,0
44,Private,259479,HS-grad,9,Divorced,Transport-moving,Unmarried,White,Male,0,0,50,United-States,0
66,Local-gov,157942,HS-grad,9,Widowed,Transport-moving,Not-in-family,Black,Female,0,0,40,United-States,0
32,State-gov,147215,Bachelors,13,Married-civ-spouse,Exec-managerial,Wife,White,Female,0,0,55,United-States,1
24,Private,191948,HS-grad,9,Divorced,Sales,Unmarried,White,Female,0,0,30,United-States,0
43,Private,186188,Some-college,10,Divorced,Exec-managerial,Unmarried,White,Female,0,0,45,Iran,0
46,Private,90042,Some-college,10,Married-civ-spouse,Craft-repair,Husband,White,Male,0,0,40,United-States,1
33,Federal-gov,188246,HS-grad,9,Married-civ-spouse,Craft-repair,Husband,White,Male,0,0,40,United-States,0
29,Private,250967,Assoc-voc,11,Married-civ-spouse,Prof-specialty,Husband,White,Male,0,0,40,United-States,0
21,Private,50341,Some-college,10,Never-married,Adm-clerical,Not-in-family,White,Female,0,0,38,United-States,0
36,Private,102864,HS-grad,9,Never-married,Machine-op-inspct,Own-child,White,Female,0,0,40,United-States,0
67,State-gov,423561,Some-college,10,Married-civ-spouse,Transport-moving,Husband,White,Male,0,0,40,United-States,0
27,Private,180262,Some-college,10,Never-married,Exec-managerial,Not-in-family,White,Female,0,0,40,United-States,0
34,Private,101345,HS-grad,9,Married-civ-spouse,Other-service,Wife,White,Female,0,0,40,United-States,1
19,Private,466458,Some-college,10,Never-married,Adm-clerical,Own-child,White,Female,0,0,20,United-States,0
45,Private,462440,11th,7,Widowed,Other-service,Not-in-family,Black,Female,0,0,20,United-States,0
34,Local-gov,175856,Some-college,10,Never-married,Craft-repair,Not-in-family,White,Male,0,0,40,United-States,0
23,Private,119704,Some-college,10,Separated,Sales,Unmarried,White,Female,0,0,40,United-States,0
58,Private,114495,HS-grad,9,Married-civ-spouse,Exec-managerial,Husband,White,Male,0,0,40,United-States,0
40,Private,67852,HS-grad,9,Divorced,Transport-moving,Not-in-family,White,Male,0,0,35,United-States,0
47,Private,223342,HS-grad,9,Widowed,Adm-clerical,Not-in-family,White,Female,2174,0,40,England,0
46,Local-gov,324561,Masters,14,Married-civ-spouse,Prof-specialty,Wife,White,Female,0,0,45,United-States,1
46,Private,250821,Prof-school,15,Divorced,Farming-fishing,Unmarried,White,Male,0,0,48,United-States,0
33,Private,409172,Bachelors,13,Married-civ-spouse,Exec-managerial,Own-child,White,Male,0,0,55,United-States,0
22,Private,138542,Some-college,10,Married-civ-spouse,Handlers-cleaners,Husband,White,Male,0,0,35,United-States,0
39,Private,175390,HS-grad,9,Never-married,Sales,Unmarried,Black,Female,0,0,40,United-States,0
46,Private,175625,Prof-school,15,Divorced,Prof-specialty,Unmarried,White,Female,0,0,40,United-States,0
35,Private,187119,Bachelors,13,Divorced,Sales,Not-in-family,White,Female,0,1980,65,United-States,0
28,Private,195000,Bachelors,13,Never-married,Sales,Other-relative,White,Female,0,0,45,United-States,0
33,Private,194141,HS-grad,9,Married-civ-spouse,Machine-op-inspct,Husband,White,Male,0,0,40,United-States,0
35,Private,105813,Bachelors,13,Married-civ-spouse,Prof-specialty,Husband,White,Male,0,0,48,United-States,1
41,Private,242619,Assoc-acdm,12,Divorced,Prof-specialty,Not-in-family,White,Male,0,0,80,United-States,0
43,Private,257780,HS-grad,9,Married-civ-spouse,Adm-clerical,Husband,White,Male,0,0,40,United-States,0
46,Local-gov,102076,HS-grad,9,Divorced,Adm-clerical,Unmarried,White,Female,0,0,25,United-States,0
26,Private,269060,HS-grad,9,Never-married,Adm-clerical,Not-in-family,White,Female,0,0,40,United-States,0
36,Private,116608,HS-grad,9,Divorced,Exec-managerial,Not-in-family,White,Female,0,0,40,United-States,0
30,Self-emp-not-inc,116666,Masters,14,Divorced,Prof-specialty,Not-in-family,Asian-Pac-Islander,Male,0,0,50,India,1
24,Private,142227,Bachelors,13,Never-married,Adm-clerical,Not-in-family,White,Female,0,0,30,United-States,0
48,Private,164966,Bachelors,13,Married-civ-spouse,Exec-managerial,Husband,Asian-Pac-Islander,Male,0,0,40,India,1
32,Private,178623,Assoc-acdm,12,Never-married,Sales,Not-in-family,Black,Female,0,0,46,Trinadad&Tobago,0
52,Private,168381,HS-grad,9,Widowed,Other-service,Unmarried,Asian-Pac-Islander,Female,0,0,40,India,1
29,Private,144556,HS-grad,9,Married-civ-spouse,Machine-op-inspct,Husband,White,Male,0,0,45,United-States,0
33,Private,113326,Some-college,10,Married-civ-spouse,Craft-repair,Husband,White,Male,0,0,50,United-States,0
36,Private,29702,HS-grad,9,Married-civ-spouse,Sales,Husband,White,Male,7688,0,40,United-States,1
21,State-gov,341410,Some-college,10,Never-married,Adm-clerical,Not-in-family,White,Female,0,0,15,United-States,0
72,Private,157913,Bachelors,13,Married-civ-spouse,Protective-serv,Husband,White,Male,0,0,17,United-States,0
36,Private,127573,HS-grad,9,Separated,Adm-clerical,Not-in-family,White,Female,0,0,38,United-States,0
40,Local-gov,99679,Prof-school,15,Never-married,Exec-managerial,Not-in-family,White,Male,0,0,60,United-States,1
30,Private,261023,Some-college,10,Divorced,Machine-op-inspct,Unmarried,White,Male,0,0,50,United-States,0
47,Local-gov,200471,HS-grad,9,Married-civ-spouse,Transport-moving,Husband,White,Male,5178,0,40,United-States,1
49,Private,151584,Some-college,10,Married-civ-spouse,Other-service,Husband,White,Male,0,0,32,United-States,0
43,Private,180303,Bachelors,13,Married-civ-spouse,Exec-managerial,Husband,Asian-Pac-Islander,Male,0,0,50,United-States,1
37,Federal-gov,214542,Some-college,10,Divorced,Adm-clerical,Unmarried,Black,Female,0,0,40,United-States,0
44,Self-emp-inc,120277,Bachelors,13,Married-civ-spouse,Exec-managerial,Husband,White,Male,99999,0,45,United-States,1
45,Self-emp-inc,40666,Prof-school,15,Married-civ-spouse,Prof-specialty,Husband,White,Male,0,0,55,United-States,1
45,Private,81132,Some-college,10,Married-civ-spouse,Tech-support,Husband,Asian-Pac-Islander,Male,0,0,55,United-States,1
33,Private,354573,Masters,14,Married-civ-spouse,Prof-specialty,Husband,White,Male,15024,0,44,United-States,1
21,Private,105577,Some-college,10,Never-married,Other-service,Own-child,White,Female,0,0,30,United-States,0
43,Private,413297,HS-grad,9,Married-civ-spouse,Craft-repair,Husband,White,Male,0,0,45,United-States,0
27,Private,51025,HS-grad,9,Never-married,Other-service,Not-in-family,White,Female,0,0,40,United-States,0
19,Private,407759,HS-grad,9,Never-married,Adm-clerical,Own-child,White,Male,0,0,40,United-States,0
41,Private,350387,Bachelors,13,Never-married,Prof-specialty,Not-in-family,White,Male,0,0,40,United-States,1
33,Private,209768,Bachelors,13,Married-civ-spouse,Prof-specialty,Husband,White,Male,0,0,40,United-States,1
66,Self-emp-not-inc,427422,Doctorate,16,Married-civ-spouse,Sales,Husband,White,Male,0,2377,25,United-States,1
47,Self-emp-not-inc,229394,11th,7,Divorced,Exec-managerial,Unmarried,White,Female,0,0,55,United-States,0
50,Private,256861,HS-grad,9,Married-civ-spouse,Sales,Husband,White,Male,0,0,80,United-States,0
27,Private,234664,Some-college,10,Married-civ-spouse,Prof-specialty,Husband,White,Male,0,0,40,United-States,1
29,Private,199499,Assoc-voc,11,Never-married,Other-service,Not-in-family,Black,Male,0,0,40,United-States,0
37,Private,113120,Assoc-voc,11,Divorced,Prof-specialty,Not-in-family,White,Female,0,0,40,United-States,0
33,Private,120201,HS-grad,9,Divorced,Adm-clerical,Own-child,Other,Female,0,0,65,United-States,0
62,Private,160143,Prof-school,15,Married-civ-spouse,Prof-specialty,Husband,White,Male,0,0,30,United-States,1
50,Private,176609,Some-college,10,Divorced,Other-service,Not-in-family,White,Male,0,0,45,United-States,0
45,Self-emp-not-inc,26781,Some-college,10,Married-civ-spouse,Exec-managerial,Husband,Amer-Indian-Eskimo,Male,0,0,40,United-States,0
32,Private,194740,Bachelors,13,Married-civ-spouse,Sales,Husband,White,Male,0,1902,40,United-States,1
42,Self-emp-not-inc,104118,Some-college,10,Never-married,Exec-managerial,Not-in-family,White,Male,0,0,40,United-States,0
38,Private,333651,Bachelors,13,Married-civ-spouse,Prof-specialty,Husband,White,Male,15024,0,70,United-States,1
29,Private,363425,Bachelors,13,Never-married,Prof-specialty,Not-in-family,White,Male,0,0,40,United-States,0
35,Private,260578,HS-grad,9,Divorced,Exec-managerial,Unmarried,White,Female,0,0,40,United-States,1
19,Private,280146,Some-college,10,Never-married,Handlers-cleaners,Own-child,White,Male,0,0,20,United-States,0
31,Private,206541,Some-college,10,Married-civ-spouse,Adm-clerical,Husband,White,Male,0,0,40,United-States,0
45,Private,135044,HS-grad,9,Divorced,Machine-op-inspct,Not-in-family,White,Female,0,0,40,United-States,0
75,Private,191446,1st-4th,2,Married-civ-spouse,Other-service,Other-relative,Black,Female,0,0,16,United-States,0
54,Private,204397,Some-college,10,Married-civ-spouse,Farming-fishing,Husband,White,Male,0,0,50,United-States,0
32,Private,255424,Bachelors,13,Married-civ-spouse,Sales,Husband,White,Male,0,0,60,United-States,1
42,Private,78765,Some-college,10,Married-civ-spouse,Craft-repair,Husband,White,Male,3103,0,45,United-States,1
26,Private,323044,Some-college,10,Married-civ-spouse,Exec-managerial,Husband,White,Male,0,0,45,Germany,1
39,Private,208778,HS-grad,9,Married-civ-spouse,Machine-op-inspct,Wife,White,Female,0,0,40,United-States,1
52,Local-gov,317733,Bachelors,13,Married-civ-spouse,Prof-specialty,Husband,White,Male,7688,0,40,United-States,1
18,Private,200047,12th,8,Never-married,Adm-clerical,Own-child,White,Male,0,0,35,United-States,0
27,Private,37088,Bachelors,13,Married-civ-spouse,Tech-support,Husband,White,Male,0,0,30,United-States,0
45,Private,174794,Bachelors,13,Separated,Prof-specialty,Unmarried,White,Female,0,0,56,Germany,0
18,Private,294253,HS-grad,9,Never-married,Other-service,Own-child,White,Female,0,0,27,United-States,0
52,Private,139176,HS-grad,9,Married-civ-spouse,Sales,Husband,White,Male,0,0,8,United-States,0
44,Private,124563,HS-grad,9,Married-civ-spouse,Machine-op-inspct,Husband,Black,Male,0,0,40,United-States,0
49,Private,239865,11th,7,Married-civ-spouse,Transport-moving,Husband,White,Male,0,0,40,United-States,0
36,Private,108997,HS-grad,9,Divorced,Adm-clerical,Unmarried,White,Female,0,0,40,United-States,0
25,Self-emp-not-inc,108001,9th,5,Never-married,Craft-repair,Not-in-family,White,Male,0,0,15,United-States,0
61,Private,34632,12th,8,Married-spouse-absent,Prof-specialty,Not-in-family,White,Male,0,0,40,United-States,0
45,Private,241350,HS-grad,9,Never-married,Transport-moving,Not-in-family,White,Male,0,0,40,United-States,0
34,Private,176831,Bachelors,13,Divorced,Prof-specialty,Unmarried,White,Female,0,0,40,United-States,1
39,Private,249720,Bachelors,13,Divorced,Exec-managerial,Unmarried,Black,Female,0,0,60,United-States,0
47,State-gov,216414,Doctorate,16,Married-civ-spouse,Prof-specialty,Husband,White,Male,0,0,40,United-States,1
56,Private,95763,10th,6,Divorced,Craft-repair,Not-in-family,White,Male,0,0,45,United-States,0
32,Local-gov,186993,HS-grad,9,Married-civ-spouse,Transport-moving,Husband,White,Male,0,0,40,United-States,0
40,State-gov,140108,9th,5,Separated,Machine-op-inspct,Not-in-family,Black,Male,0,0,40,United-States,0
34,Private,182401,Assoc-acdm,12,Divorced,Adm-clerical,Not-in-family,Black,Male,0,0,40,United-States,0
43,Private,151089,Some-college,10,Married-civ-spouse,Transport-moving,Husband,White,Male,0,0,50,United-States,0
68,Private,195868,Bachelors,13,Married-civ-spouse,Sales,Husband,White,Male,20051,0,40,United-States,1
32,Self-emp-not-inc,173314,Assoc-voc,11,Married-civ-spouse,Prof-specialty,Husband,Other,Male,0,0,60,United-States,0
70,Private,187891,11th,7,Married-civ-spouse,Transport-moving,Husband,White,Male,0,0,40,United-States,0
70,Self-emp-not-inc,280639,HS-grad,9,Widowed,Other-service,Other-relative,White,Female,2329,0,20,United-States,0
17,Private,271122,12th,8,Never-married,Other-service,Own-child,White,Female,0,0,16,United-States,0
29,Private,420054,HS-grad,9,Married-civ-spouse,Machine-op-inspct,Husband,White,Male,0,0,40,United-States,0
40,Private,123306,Assoc-voc,11,Married-civ-spouse,Prof-specialty,Husband,White,Male,0,0,40,United-States,1
23,Private,107578,Bachelors,13,Never-married,Adm-clerical,Own-child,White,Female,2174,0,40,United-States,0
20,Private,154779,Some-college,10,Never-married,Sales,Other-relative,Other,Female,0,0,40,United-States,0
38,Private,171150,Assoc-acdm,12,Married-civ-spouse,Prof-specialty,Husband,White,Male,0,0,40,United-States,1
51,Self-emp-not-inc,218311,Some-college,10,Divorced,Sales,Unmarried,White,Female,0,0,50,United-States,0
40,Private,124747,HS-grad,9,Married-civ-spouse,Craft-repair,Wife,White,Female,7298,0,40,United-States,1
45,Private,88781,Bachelors,13,Married-civ-spouse,Craft-repair,Husband,White,Male,0,0,40,Germany,1
64,Private,256466,HS-grad,9,Married-civ-spouse,Tech-support,Husband,Asian-Pac-Islander,Male,0,0,60,Philippines,1
22,Private,418405,Some-college,10,Married-civ-spouse,Craft-repair,Husband,White,Male,0,0,40,United-States,0
48,Private,199739,HS-grad,9,Divorced,Craft-repair,Unmarried,White,Female,0,0,40,United-States,0
29,State-gov,293287,Some-college,10,Never-married,Other-service,Unmarried,White,Female,0,0,40,United-States,0
23,Private,194247,Some-college,10,Never-married,Sales,Not-in-family,White,Male,0,0,40,United-States,0
37,Private,138192,HS-grad,9,Married-civ-spouse,Craft-repair,Husband,White,Male,0,0,45,United-States,0
44,Private,343591,HS-grad,9,Divorced,Craft-repair,Not-in-family,White,Female,14344,0,40,United-States,1
48,Private,143098,Doctorate,16,Married-civ-spouse,Prof-specialty,Husband,Asian-Pac-Islander,Male,0,1902,40,China,1
51,Private,306790,HS-grad,9,Divorced,Craft-repair,Not-in-family,White,Male,0,0,40,United-States,0
32,Local-gov,255004,Some-college,10,Never-married,Craft-repair,Not-in-family,White,Male,0,0,40,United-States,0
38,Private,100375,Prof-school,15,Married-civ-spouse,Prof-specialty,Husband,White,Male,99999,0,60,United-States,1
37,Local-gov,217689,Some-college,10,Married-civ-spouse,Other-service,Husband,Amer-Indian-Eskimo,Male,0,0,32,United-States,0
26,Private,182178,Some-college,10,Married-civ-spouse,Craft-repair,Husband,White,Male,2829,0,40,United-States,0
22,Private,199555,Some-college,10,Never-married,Farming-fishing,Own-child,White,Male,0,0,25,United-States,0
51,Private,194908,HS-grad,9,Married-civ-spouse,Adm-clerical,Wife,White,Female,0,0,40,United-States,0
42,Private,263608,Some-college,10,Divorced,Craft-repair,Own-child,White,Male,0,0,40,United-States,0
52,Private,317032,HS-grad,9,Married-civ-spouse,Craft-repair,Husband,White,Male,0,0,50,United-States,1
32,Private,212276,Bachelors,13,Married-civ-spouse,Prof-specialty,Husband,White,Male,0,0,60,United-States,1
34,Private,737315,Bachelors,13,Married-civ-spouse,Prof-specialty,Husband,White,Male,0,0,40,United-States,1
45,Private,67716,HS-grad,9,Never-married,Craft-repair,Own-child,White,Male,10520,0,48,United-States,1
43,Private,350379,5th-6th,3,Divorced,Priv-house-serv,Unmarried,White,Female,0,0,40,Mexico,0
41,Local-gov,401134,Bachelors,13,Divorced,Prof-specialty,Unmarried,White,Female,0,0,40,United-States,0
33,Private,168030,HS-grad,9,Divorced,Other-service,Unmarried,White,Female,0,0,32,United-States,0
24,Private,172146,9th,5,Never-married,Machine-op-inspct,Not-in-family,White,Male,0,1721,40,United-States,0
