age,workclass,fnlwgt,education,education.num,marital.status,occupation,relationship,race,sex,capital.gain,capital.loss,hours.per.week,native.country,income
35,Private,192626,Some-college,10,Married-civ-spouse,Prof-specialty,Husband,White,Male,0,0,50,United-States,1
31,Private,356689,Bachelors,13,Never-married,Farming-fishing,Not-in-family,White,Male,0,0,40,United-States,0
32,Private,419691,12th,8,Married-civ-spouse,Sales,Husband,White,Male,0,0,40,United-States,1
20,Private,181370,Some-college,10,Never-married,Other-service,Own-child,Black,Male,0,0,40,United-States,0
22,State-gov,477505,Assoc-acdm,12,Never-married,Adm-clerical,Not-in-family,White,Male,0,0,40,United-States,0
42,Private,45363,Assoc-acdm,12,Married-civ-spouse,Prof-specialty,Husband,White,Male,0,0,50,United-States,0
39,Private,155603,Some-college,10,Never-married,Other-service,Own-child,Black,Female,0,2205,40,United-States,0
59,Self-emp-not-inc,73411,Prof-school,15,Married-civ-spouse,Farming-fishing,Husband,White,Male,0,0,30,United-States,0
51,Private,154949,HS-grad,9,Widowed,Machine-op-inspct,Not-in-family,Black,Female,0,0,40,United-States,0
20,Private,177287,HS-grad,9,Never-married,Sales,Not-in-family,White,Female,0,0,38,United-States,0
51,Federal-gov,20795,HS-grad,9,Married-civ-spouse,Transport-moving,Husband,White,Male,7688,0,40,United-States,1
38,Private,143123,Bachelors,13,Married-civ-spouse,Exec-managerial,Husband,White,Male,0,0,40,United-States,1
36,Private,103110,Doctorate,16,Never-married,Prof-specialty,Not-in-family,White,Male,0,0,40,England,0
43,Private,361280,10th,6,Married-civ-spouse,Craft-repair,Husband,Asian-Pac-Islander,Male,0,0,42,China,0
36,Self-emp-inc,180419,HS-grad,9,Married-civ-spouse,Farming-fishing,Husband,White,Male,0,0,45,United-States,0
47,State-gov,199512,Bachelors,13,Married-civ-spouse,Exec-managerial,Husband,White,Male,0,0,40,United-States,1
28,Private,59335,Bachelors,13,Married-civ-spouse,Adm-clerical,Other-relative,White,Female,0,0,15,United-States,0
26,Self-emp-inc,187652,HS-grad,9,Divorced,Exec-managerial,Not-in-family,White,Male,0,0,78,United-States,1
61,Private,221447,HS-grad,9,Never-married,Machine-op-inspct,Not-in-family,Black,Female,0,0,40,United-States,0
52,Local-gov,40641,10th,6,Married-civ-spouse,Craft-repair,Husband,White,Male,5013,0,40,United-States,0
21,Private,176356,Assoc-acdm,12,Never-married,Adm-clerical,Own-child,White,Female,0,0,20,United-States,0
63,Private,230823,12th,8,Married-civ-spouse,Transport-moving,Husband,White,Male,0,0,40,Cuba,0
39,Federal-gov,116608,HS-grad,9,Divorced,Adm-clerical,Unmarried,White,Female,0,0,40,United-States,0
38,Private,175120,HS-grad,9,Divorced,Craft-repair,Not-in-family,White,Male,0,0,40,United-States,0
36,Private,41624,10th,6,Married-civ-spouse,Craft-repair,Husband,White,Male,0,0,70,Mexico,0
42,Private,288154,Some-college,10,Married-civ-spouse,Craft-repair,Husband,White,Male,0,0,89,United-States,1
56,Private,81220,Some-college,10,Never-married,Adm-clerical,Not-in-family,White,Female,0,0,40,Canada,0
56,Private,201344,Some-college,10,Widowed,Craft-repair,Unmarried,White,Female,0,0,38,United-States,0
40,Private,209547,Bachelors,13,Married-civ-spouse,Prof-specialty,Husband,White,Male,0,0,60,United-States,1
34,Local-gov,51543,Some-college,10,Never-married,Other-service,Not-in-family,White,Male,0,0,48,United-States,0
42,Private,102606,Bachelors,13,Married-civ-spouse,Tech-support,Husband,White,Male,0,0,40,United-States,1
75,Private,101887,10th,6,Widowed,Priv-house-serv,Not-in-family,White,Female,0,0,70,United-States,0
33,Private,124052,HS-grad,9,Married-civ-spouse,Craft-repair,Husband,White,Male,0,0,40,United-States,0
19,Private,63918,Some-college,10,Never-married,Adm-clerical,Not-in-family,White,Male,0,0,40,United-States,0
43,Private,242488,Some-college,10,Married-civ-spouse,Adm-clerical,Husband,White,Male,5013,0,40,United-States,0
59,Private,53481,Some-college,10,Married-civ-spouse,Sales,Husband,White,Male,0,0,50,United-States,0
71,Private,217971,9th,5,Widowed,Sales,Unmarried,White,Female,0,0,13,United-States,0
37,Self-emp-inc,163998,Assoc-acdm,12,Married-civ-spouse,Sales,Husband,White,Male,0,0,50,United-States,1
53,Local-gov,202733,Masters,14,Married-civ-spouse,Exec-managerial,Husband,White,Male,7688,0,70,United-States,1
45,Private,188950,Masters,14,Married-civ-spouse,Exec-managerial,Husband,White,Male,0,0,50,United-States,1
26,Local-gov,166295,Bachelors,13,Married-civ-spouse,Adm-clerical,Husband,White,Male,0,0,41,United-States,0
54,Private,115912,Some-college,10,Married-civ-spouse,Craft-repair,Husband,White,Male,0,0,40,United-States,0
18,Private,89478,Some-college,10,Never-married,Sales,Own-child,White,Female,0,0,20,United-States,0
48,Self-emp-not-inc,243631,Some-college,10,Married-civ-spouse,Craft-repair,Husband,Amer-Indian-Eskimo,Male,7688,0,40,United-States,1
50,Local-gov,97449,Some-college,10,Married-civ-spouse,Protective-serv,Husband,White,Male,0,0,48,United-States,0
38,Local-gov,329980,HS-grad,9,Never-married,Craft-repair,Not-in-family,White,Male,0,1876,40,Canada,0
58,Private,160662,10th,6,Married-civ-spouse,Craft-repair,Husband,White,Male,0,0,40,United-States,1
53,Self-emp-inc,100029,Doctorate,16,Married-civ-spouse,Prof-specialty,Husband,White,Male,0,0,40,United-States,1
25,Private,182227,Assoc-acdm,12,Never-married,Prof-specialty,Not-in-family,White,Male,0,0,55,United-States,0
64,Private,61892,HS-grad,9,Widowed,Priv-house-serv,Not-in-family,White,Female,0,0,15,United-States,0
53,Self-emp-not-inc,321865,Prof-school,15,Divorced,Prof-specialty,Not-in-family,White,Male,0,0,60,United-States,1
39,Private,346478,Some-college,10,Never-married,Exec-managerial,Not-in-family,White,Male,0,0,45,United-States,0
50,State-gov,24647,Some-college,10,Married-civ-spouse,Adm-clerical,Husband,White,Male,0,0,40,United-States,1
35,Private,247750,HS-grad,9,Widowed,Other-service,Unmarried,Black,Male,0,0,40,United-States,0
21,Private,170302,HS-grad,9,Never-married,Farming-fishing,Other-relative,White,Male,0,0,50,United-States,0
47,Private,142719,HS-grad,9,Married-civ-spouse,Machine-op-inspct,Husband,White,Male,0,0,40,United-States,0
38,State-gov,364958,HS-grad,9,Married-civ-spouse,Adm-clerical,Husband,White,Male,3464,0,40,United-States,0
29,Private,159768,HS-grad,9,Never-married,Machine-op-inspct,Not-in-family,White,Male,3325,0,40,Ecuador,0
29,Private,278637,Bachelors,13,Married-civ-spouse,Sales,Husband,White,Male,3103,0,45,United-States,1
26,Local-gov,150553,Bachelors,13,Never-married,Adm-clerical,Own-child,Asian-Pac-Islander,Female,0,0,50,United-States,0
28,Private,198813,HS-grad,9,Never-married,Handlers-cleaners,Own-child,Black,Female,0,0,40,United-States,0
42,Self-emp-not-inc,320744,HS-grad,9,Married-civ-spouse,Sales,Husband,White,Male,3908,0,45,United-States,0
55,Local-gov,143949,Masters,14,Married-civ-spouse,Prof-specialty,Wife,White,Female,3103,0,45,United-States,1
25,Private,131976,Bachelors,13,Never-married,Exec-managerial,Own-child,White,Male,0,0,55,United-States,0
48,Private,99127,Assoc-acdm,12,Married-civ-spouse,Transport-moving,Husband,White,Male,0,0,45,United-States,0
41,Private,130408,HS-grad,9,Divorced,Sales,Unmarried,Black,Female,0,0,38,United-States,0
66,Private,116468,Masters,14,Married-civ-spouse,Prof-specialty,Husband,White,Male,2936,0,20,United-States,0
56,Private,170324,5th-6th,3,Married-civ-spouse,Craft-repair,Husband,Black,Male,0,0,40,Trinadad&Tobago,0
40,Private,173607,10th,6,Married-civ-spouse,Transport-moving,Husband,White,Male,0,0,40,United-States,0
28,Private,95566,1st-4th,2,Married-spouse-absent,Other-service,Own-child,Other,Female,0,0,35,Dominican-Republic,0
39,Private,51264,11th,7,Divorced,Other-service,Own-child,White,Male,0,0,40,United-States,0
44,Self-emp-inc,95150,Some-college,10,Married-civ-spouse,Exec-managerial,Husband,White,Male,0,0,50,United-States,1
51,Local-gov,96190,Some-college,10,Married-civ-spouse,Adm-clerical,Wife,White,Female,0,0,40,United-States,0
56,Federal-gov,255386,Some-college,10,Married-civ-spouse,Adm-clerical,Husband,Asian-Pac-Islander,Male,0,0,40,Laos,0
57,Self-emp-inc,51016,HS-grad,9,Married-civ-spouse,Exec-managerial,Husband,White,Male,0,0,60,United-States,1
43,Private,105936,HS-grad,9,Married-civ-spouse,Adm-clerical,Wife,White,Female,0,0,35,United-States,1
28,Private,154863,Bachelors,13,Never-married,Adm-clerical,Own-child,Black,Male,0,0,35,United-States,0
34,State-gov,259705,Some-college,10,Separated,Exec-managerial,Own-child,White,Female,0,0,40,United-States,0
50,Private,114056,Assoc-voc,11,Married-civ-spouse,Protective-serv,Husband,White,Male,0,0,84,United-States,0
54,Private,156877,HS-grad,9,Married-civ-spouse,Craft-repair,Husband,White,Male,0,0,40,Greece,0
33,Private,104509,HS-grad,9,Divorced,Adm-clerical,Own-child,White,Female,0,0,40,United-States,0
57,Self-emp-not-inc,353808,Some-college,10,Married-civ-spouse,Sales,Husband,White,Male,0,0,60,United-States,1
18,Private,141363,Some-college,10,Never-married,Other-service,Not-in-family,White,Female,0,0,40,United-States,0
34,Local-gov,246104,Masters,14,Married-civ-spouse,Prof-specialty,Husband,Black,Male,0,0,40,United-States,0
22,Private,127647,HS-grad,9,Never-married,Other-service,Own-child,White,Female,0,0,36,United-States,0
47,Self-emp-not-inc,126500,7th-8th,4,Married-civ-spouse,Sales,Husband,White,Male,0,0,40,Puerto-Rico,0
46,Federal-gov,44706,Bachelors,13,Divorced,Prof-specialty,Unmarried,White,Female,0,0,50,United-States,1
50,Private,313546,HS-grad,9,Separated,Other-service,Unmarried,Black,Female,0,0,40,United-States,0
28,Private,107411,HS-grad,9,Never-married,Exec-managerial,Not-in-family,White,Female,0,0,45,United-States,0
26,Private,159732,HS-grad,9,Never-married,Machine-op-inspct,Not-in-family,White,Male,0,0,52,United-States,0
48,Private,216093,Bachelors,13,Married-civ-spouse,Handlers-cleaners,Husband,White,Male,0,0,40,United-States,0
42,Private,94600,HS-grad,9,Married-civ-spouse,Craft-repair,Husband,White,Male,5178,0,40,United-States,1
64,Private,151540,11th,7,Widowed,Tech-support,Unmarried,White,Female,0,0,16,United-States,0
48,Private,198000,Some-college,10,Never-married,Craft-repair,Unmarried,White,Female,0,0,38,United-States,1
22,Private,210474,HS-grad,9,Never-married,Other-service,Not-in-family,White,Female,0,0,40,United-States,0
45,Private,138626,Assoc-voc,11,Divorced,Exec-managerial,Not-in-family,White,Male,2174,0,50,United-States,0
55,Federal-gov,88876,Masters,14,Married-civ-spouse,Exec-managerial,Husband,Asian-Pac-Islander,Male,0,0,60,United-States,1
22,Private,264874,HS-grad,9,Never-married,Craft-repair,Own-child,White,Female,0,0,40,United-States,0
26,Private,202033,Bachelors,13,Married-civ-spouse,Transport-moving,Husband,White,Male,0,0,40,United-States,1
59,Self-emp-not-inc,119344,10th,6,Married-civ-spouse,Exec-managerial,Wife,White,Female,0,0,36,United-States,0
35,Private,150125,Assoc-voc,11,Divorced,Other-service,Unmarried,Black,Female,0,0,40,United-States,0
58,Federal-gov,243929,Bachelors,13,Never-married,Prof-specialty,Not-in-family,White,Male,0,0,48,United-States,0
33,Private,141229,Some-college,10,Divorced,Other-service,Not-in-family,White,Female,0,0,50,United-States,0
20,Private,184779,Some-college,10,Never-married,Tech-support,Own-child,White,Female,0,0,20,United-States,0
30,Private,54608,Some-college,10,Married-civ-spouse,Machine-op-inspct,Husband,White,Male,0,0,48,United-States,0
35,Private,144322,HS-grad,9,Divorced,Machine-op-inspct,Unmarried,White,Female,0,0,40,United-States,0
40,Private,198452,11th,7,Married-civ-spouse,Farming-fishing,Husband,White,Male,0,0,40,United-States,0
39,Self-emp-inc,124685,Masters,14,Divorced,Exec-managerial,Not-in-family,Asian-Pac-Islander,Male,0,0,99,Japan,1
72,Self-emp-inc,172407,Prof-school,15,Married-civ-spouse,Prof-specialty,Husband,White,Male,99999,0,50,United-States,1
23,Private,260254,HS-grad,9,Never-married,Sales,Own-child,White,Male,0,0,40,United-States,0
44,Private,109273,Some-college,10,Never-married,Craft-repair,Not-in-family,White,Male,0,0,38,United-States,0
47,Local-gov,246891,Bachelors,13,Married-civ-spouse,Protective-serv,Husband,White,Male,0,0,40,United-States,0
42,Private,322385,Assoc-voc,11,Married-civ-spouse,Machine-op-inspct,Husband,White,Male,2407,0,40,United-States,0
32,Self-emp-inc,124919,Bachelors,13,Married-civ-spouse,Other-service,Husband,Asian-Pac-Islander,Male,0,0,50,Iran,1
39,Private,150057,Some-college,10,Married-civ-spouse,Craft-repair,Husband,White,Male,0,0,55,United-States,1
58,State-gov,223400,Bachelors,13,Married-civ-spouse,Prof-specialty,Wife,White,Female,0,0,20,United-States,1
21,Private,307371,Some-college,10,Never-married,Protective-serv,Own-child,White,Male,0,0,15,United-States,0
55,Private,120970,10th,6,Married-civ-spouse,Craft-repair,Husband,Black,Male,0,0,40,United-States,1
31,Private,209538,10th,6,Married-civ-spouse,Machine-op-inspct,Husband,White,Male,0,0,40,United-States,0
43,Private,160943,HS-grad,9,Married-civ-spouse,Other-service,Husband,Black,Male,0,0,40,United-States,1
28,Private,37359,Assoc-voc,11,Married-civ-spouse,Prof-specialty,Husband,White,Male,99999,0,50,United-States,1
32,Private,130304,HS-grad,9,Married-civ-spouse,Prof-specialty,Husband,White,Male,0,1485,48,United-States,0
23,Private,409230,Bachelors,13,Never-married,Sales,Not-in-family,White,Male,0,0,25,United-States,0
33,Local-gov,256529,HS-grad,9,Separated,Other-service,Own-child,White,Female,0,0,80,United-States,0
30,Private,114691,HS-grad,9,Never-married,Farming-fishing,Own-child,White,Male,0,0,40,United-States,0
40,Private,347890,Bachelors,13,Married-civ-spouse,Prof-specialty,Husband,White,Male,0,0,40,United-States,1
46,Private,197731,Assoc-voc,11,Married-spouse-absent,Machine-op-inspct,Unmarried,White,Male,0,0,40,United-States,0
41,Private,147314,HS-grad,9,Married-civ-spouse,Sales,Husband,Amer-Indian-Eskimo,Male,0,0,50,United-States,0
37,Private,359591,10th,6,Married-civ-spouse,Craft-repair,Husband,White,Male,0,0,40,United-States,0
63,Private,200127,HS-grad,9,Widowed,Adm-clerical,Not-in-family,White,Female,0,0,40,United-States,0
22,Self-emp-not-inc,197387,HS-grad,9,Never-married,Farming-fishing,Own-child,White,Male,0,0,40,United-States,0
53,Private,158294,Masters,14,Married-civ-spouse,Prof-specialty,Husband,White,Male,7298,0,40,United-States,1
26,Private,210812,Some-college,10,Divorced,Craft-repair,Not-in-family,White,Male,0,0,43,United-States,0
39,Private,177075,HS-grad,9,Divorced,Adm-clerical,Not-in-family,White,Female,0,0,40,United-States,0
71,State-gov,100063,HS-grad,9,Married-civ-spouse,Craft-repair,Husband,Black,Male,0,0,40,United-States,0
37,Private,278924,HS-grad,9,Divorced,Sales,Not-in-family,White,Male,0,0,40,United-States,0
40,Private,146908,HS-grad,9,Married-civ-spouse,Prof-specialty,Husband,White,Male,0,1902,40,United-States,1
21,Self-emp-not-inc,304602,Assoc-voc,11,Never-married,Farming-fishing,Own-child,White,Male,0,0,98,United-States,0
31,Private,198069,HS-grad,9,Never-married,Other-service,Own-child,White,Male,0,0,24,United-States,0
17,Private,114420,11th,7,Never-married,Sales,Own-child,White,Female,0,0,30,United-States,0
50,Self-emp-not-inc,324506,HS-grad,9,Widowed,Exec-managerial,Unmarried,Asian-Pac-Islander,Female,0,0,48,South,0
49,Private,403112,HS-grad,9,Divorced,Other-service,Unmarried,Black,Female,0,0,32,United-States,0
18,Private,116528,Some-college,10,Never-married,Craft-repair,Not-in-family,White,Male,0,0,30,United-States,0
38,Private,85244,Bachelors,13,Separated,Craft-repair,Not-in-family,White,Male,0,0,40,United-States,0
50,Self-emp-inc,121441,11th,7,Never-married,Exec-managerial,Other-relative,White,Male,0,2444,40,United-States,1
46,Federal-gov,349230,Assoc-voc,11,Married-civ-spouse,Tech-support,Husband,White,Male,0,1848,40,United-States,1
34,Self-emp-not-inc,152109,HS-grad,9,Married-civ-spouse,Transport-moving,Husband,White,Male,0,0,60,United-States,0
39,Self-emp-not-inc,326400,Masters,14,Never-married,Prof-specialty,Not-in-family,White,Male,0,0,40,United-States,0
33,Private,256211,HS-grad,9,Married-civ-spouse,Machine-op-inspct,Husband,Asian-Pac-Islander,Male,0,0,40,South,0
30,Private,104223,HS-grad,9,Never-married,Other-service,Unmarried,Black,Female,0,0,32,United-States,0
30,Private,257849,7th-8th,4,Married-civ-spouse,Craft-repair,Husband,White,Male,0,0,48,United-States,0
24,Private,106085,HS-grad,9,Never-married,Other-service,Own-child,Black,Male,0,1721,30,United-States,0
27,Private,91501,HS-grad,9,Married-civ-spouse,Tech-support,Wife,White,Female,0,0,40,United-States,0
27,Private,297457,HS-grad,9,Never-married,Adm-clerical,Own-child,Black,Male,0,0,40,United-States,0
40,Private,179666,Bachelors,13,Never-married,Exec-managerial,Not-in-family,White,Male,0,0,30,Canada,0
24,State-gov,165201,Some-college,10,Married-civ-spouse,Adm-clerical,Wife,White,Female,0,0,45,United-States,0
66,Private,234743,Some-college,10,Married-civ-spouse,Exec-managerial,Husband,White,Male,0,0,50,United-States,0
35,Private,335777,Some-college,10,Divorced,Exec-managerial,Not-in-family,White,Male,0,0,40,Mexico,0
31,Private,42485,HS-grad,9,Married-civ-spouse,Machine-op-inspct,Husband,White,Male,0,0,55,United-States,0
37,Private,294919,Some-college,10,Divorced,Transport-moving,Not-in-family,White,Male,0,0,40,United-States,0
39,Private,167728,Bachelors,13,Married-civ-spouse,Exec-managerial,Husband,White,Male,0,0,40,United-States,1
22,Private,356567,Assoc-voc,11,Divorced,Tech-support,Not-in-family,White,Male,0,0,60,United-States,0
44,Private,226129,Assoc-voc,11,Married-civ-spouse,Prof-specialty,Husband,White,Male,0,0,50,United-States,1
40,Private,221172,Masters,14,Married-civ-spouse,Exec-managerial,Husband,White,Male,0,0,65,United-States,1
39,Private,192614,HS-grad,9,Married-civ-spouse,Transport-moving,Husband,White,Male,0,0,56,United-States,0
43,Local-gov,193755,Bachelors,13,Married-civ-spouse,Prof-specialty,Husband,White,Male,0,0,40,United-States,0
26,Private,152035,HS-grad,9,Never-married,Adm-clerical,Not-in-family,White,Female,0,0,40,United-States,0
25,Private,204536,HS-grad,9,Never-married,Craft-repair,Not-in-family,White,Male,0,0,35,United-States,0
20,Private,204641,HS-grad,9,Never-married,Adm-clerical,Own-child,White,Male,0,0,20,United-States,0
41,Local-gov,112797,Masters,14,Divorced,Prof-specialty,Unmarried,White,Female,0,0,60,United-States,0
50,Private,222020,HS-grad,9,Married-civ-spouse,Craft-repair,Husband,White,Male,0,0,40,United-States,0
32,Private,258406,Some-college,10,Never-married,Craft-repair,Unmarried,White,Male,0,0,72,Mexico,0
33,Private,184784,10th,6,Divorced,Machine-op-inspct,Not-in-family,White,Female,0,0,40,United-States,0
30,Private,54608,Bachelors,13,Married-civ-spouse,Adm-clerical,Husband,White,Male,0,0,40,United-States,0
19,Private,112269,Some-college,10,Never-married,Other-service,Other-relative,White,Female,0,0,40,United-States,0
38,Self-emp-not-inc,93206,Bachelors,13,Married-civ-spouse,Exec-managerial,Husband,Asian-Pac-Islander,Male,0,1902,65,United-States,1
47,Private,202856,Some-college,10,Divorced,Adm-clerical,Not-in-family,White,Female,0,0,36,United-States,0
21,Private,205759,HS-grad,9,Never-married,Handlers-cleaners,Own-child,White,Male,0,0,40,United-States,0
56,Private,174744,HS-grad,9,Married-civ-spouse,Other-service,Husband,White,Male,0,0,40,United-States,0
45,Private,187370,Masters,14,Divorced,Exec-managerial,Unmarried,White,Male,7430,0,70,United-States,1
58,Private,316000,HS-grad,9,Married-civ-spouse,Exec-managerial,Husband,White,Male,0,0,40,United-States,1
41,Private,184846,Some-college,10,Divorced,Adm-clerical,Unmarried,White,Female,0,0,40,United-States,0
39,State-gov,318918,Bachelors,13,Married-civ-spouse,Exec-managerial,Husband,White,Male,0,0,40,United-States,0
60,State-gov,358893,Bachelors,13,Divorced,Prof-specialty,Not-in-family,White,Female,0,2339,40,United-States,0
62,Private,98076,Bachelors,13,Married-civ-spouse,Exec-managerial,Husband,White,Male,0,0,40,United-States,1
29,Federal-gov,182344,HS-grad,9,Married-spouse-absent,Other-service,Unmarried,Black,Male,0,0,40,United-States,0
42,Self-emp-not-inc,175674,HS-grad,9,Married-civ-spouse,Sales,Husband,White,Male,0,0,60,United-States,0
35,Private,119098,Masters,14,Married-civ-spouse,Exec-managerial,Husband,White,Male,0,0,40,United-States,0
49,Private,122177,HS-grad,9,Never-married,Handlers-cleaners,Own-child,White,Male,0,0,80,United-States,0
36,Local-gov,150309,Assoc-voc,11,Married-civ-spouse,Transport-moving,Husband,Amer-Indian-Eskimo,Male,0,0,40,United-States,0
33,Private,373662,1st-4th,2,Married-spouse-absent,Priv-house-serv,Not-in-family,White,Female,0,0,40,Guatemala,0
31,Private,113667,HS-grad,9,Never-married,Sales,Unmarried,Black,Female,0,0,25,United-States,0
23,State-gov,283499,HS-grad,9,Never-married,Protective-serv,Own-child,White,Male,0,0,40,United-States,0
39,Private,80680,Some-college,10,Divorced,Machine-op-inspct,Own-child,White,Female,0,0,40,United-States,0
19,Private,183041,11th,7,Never-married,Handlers-cleaners,Own-child,White,Male,0,0,24,United-States,0
25,Private,295108,HS-grad,9,Never-married,Handlers-cleaners,Unmarried,Black,Female,0,0,25,United-States,0
32,Private,152940,Some-college,10,Married-civ-spouse,Sales,Husband,White,Male,0,0,40,United-States,1
20,State-gov,243986,Some-college,10,Never-married,Prof-specialty,Own-child,White,Female,0,0,20,United-States,0
40,State-gov,150874,Masters,14,Divorced,Exec-managerial,Unmarried,White,Female,1506,0,40,United-States,0
40,Private,115932,Bachelors,13,Married-civ-spouse,Prof-specialty,Husband,White,Male,0,0,60,Ireland,1
35,Private,241306,HS-grad,9,Married-civ-spouse,Adm-clerical,Husband,White,Male,0,0,45,United-States,0
35,Private,113322,Assoc-voc,11,Married-civ-spouse,Sales,Husband,White,Male,0,0,40,United-States,0
32,Private,127451,Some-college,10,Married-civ-spouse,Prof-specialty,Husband,White,Male,0,0,38,United-States,1
54,Private,447555,10th,6,Married-civ-spouse,Transport-moving,Husband,Black,Male,0,0,40,United-States,0
47,Self-emp-not-inc,159869,HS-grad,9,Married-civ-spouse,Farming-fishing,Husband,White,Male,0,0,56,United-States,1
77,Self-emp-inc,84979,Doctorate,16,Married-civ-spouse,Farming-fishing,Husband,White,Male,20051,0,40,United-States,1
46,Private,604380,HS-grad,9,Married-civ-spouse,Other-service,Husband,Black,Male,0,0,40,United-States,0
44,Private,103459,HS-grad,9,Married-civ-spouse,Sales,Wife,White,Female,0,0,40,United-States,1
30,Private,177531,HS-grad,9,Never-married,Sales,Unmarried,Black,Female,0,0,25,United-States,0
53,Private,88842,HS-grad,9,Married-civ-spouse,Exec-managerial,Husband,White,Male,99999,0,40,United-States,1
51,Private,123703,HS-grad,9,Married-civ-spouse,Machine-op-inspct,Husband,White,Male,4386,0,40,United-States,1
66,Private,350498,Some-college,10,Married-civ-spouse,Transport-moving,Husband,White,Male,0,1258,20,United-States,0
18,Private,162840,12th,8,Never-married,Sales,Own-child,White,Female,0,0,20,United-States,0
42,State-gov,83411,HS-grad,9,Married-civ-spouse,Exec-managerial,Husband,White,Male,0,0,40,United-States,1
52,Private,225317,5th-6th,3,Married-civ-spouse,Craft-repair,Husband,White,Male,0,0,40,Mexico,0
46,Private,154430,Masters,14,Divorced,Exec-managerial,Not-in-family,White,Female,0,0,50,United-States,1
36,Private,199346,Masters,14,Married-civ-spouse,Prof-specialty,Wife,White,Female,0,0,50,United-States,1
35,Self-emp-not-inc,108198,HS-grad,9,Divorced,Craft-repair,Own-child,Amer-Indian-Eskimo,Male,0,0,15,United-States,0
18,Local-gov,466325,11th,7,Never-married,Adm-clerical,Own-child,White,Male,0,0,12,United-States,0
47,Private,386136,Assoc-acdm,12,Married-civ-spouse,Prof-specialty,Husband,White,Male,0,0,40,United-States,1
29,Private,140830,HS-grad,9,Never-married,Other-service,Own-child,White,Female,0,0,40,United-States,0
46,Private,182715,7th-8th,4,Divorced,Exec-managerial,Not-in-family,White,Male,0,0,40,United-States,0
42,Private,29320,Bachelors,13,Married-civ-spouse,Prof-specialty,Husband,White,Male,0,0,40,United-States,0
25,Private,312966,9th,5,Separated,Handlers-cleaners,Other-relative,White,Male,0,0,40,El-Salvador,0
22,Private,194630,Bachelors,13,Never-married,Sales,Not-in-family,White,Male,0,0,45,United-States,0
37,Private,167613,HS-grad,9,Married-civ-spouse,Other-service,Husband,White,Male,0,0,40,United-States,0
29,Private,420054,HS-grad,9,Married-civ-spouse,Machine-op-inspct,Husband,White,Male,0,0,40,United-States,0
39,State-gov,176949,Assoc-acdm,12,Married-civ-spouse,Protective-serv,Husband,White,Male,0,0,52,United-States,0
43,Private,190786,HS-grad,9,Married-civ-spouse,Other-service,Husband,White,Male,0,0,40,United-States,1
39,Self-emp-not-inc,597843,Masters,14,Never-married,Prof-specialty,Not-in-family,White,Female,0,0,50,Columbia,0
23,Private,213811,Bachelors,13,Never-married,Exec-managerial,Own-child,White,Female,0,0,40,United-States,0
55,Self-emp-not-inc,119762,10th,6,Married-civ-spouse,Transport-moving,Husband,White,Male,0,0,50,United-States,0
49,State-gov,175109,Some-college,10,Married-civ-spouse,Prof-specialty,Husband,White,Male,0,0,50,United-States,1
35,State-gov,193241,HS-grad,9,Married-civ-spouse,Craft-repair,Husband,White,Male,0,1651,40,United-States,0
41,Self-emp-not-inc,32533,Assoc-voc,11,Married-civ-spouse,Farming-fishing,Husband,White,Male,0,0,45,United-States,0
32,Private,159187,Assoc-voc,11,Never-married,Prof-specialty,Not-in-family,White,Male,0,0,40,United-States,0
46,Private,163021,HS-grad,9,Never-married,Adm-clerical,Own-child,White,Female,0,0,40,United-States,0
49,Private,50474,HS-grad,9,Married-civ-spouse,Exec-managerial,Husband,White,Male,0,0,40,United-States,0
43,Private,220589,HS-grad,9,Divorced,Exec-managerial,Unmarried,White,Female,0,0,40,United-States,0
33,Private,231826,7th-8th,4,Married-civ-spouse,Machine-op-inspct,Husband,White,Male,0,0,40,Mexico,0
42,Private,188693,Some-college,10,Married-civ-spouse,Craft-repair,Husband,White,Male,0,0,40,United-States,0
46,Local-gov,192323,Some-college,10,Married-civ-spouse,Protective-serv,Husband,White,Male,0,0,38,United-States,1
23,Private,82777,HS-grad,9,Married-civ-spouse,Exec-managerial,Husband,White,Male,0,0,30,United-States,0
47,Private,27815,9th,5,Divorced,Other-service,Not-in-family,White,Female,0,1719,30,United-States,0
42,Private,253770,Some-college,10,Divorced,Adm-clerical,Unmarried,White,Female,0,0,40,United-States,0
34,Private,230246,Bachelors,13,Married-civ-spouse,Prof-specialty,Husband,White,Male,0,0,42,United-States,1
38,Private,334999,HS-grad,9,Married-civ-spouse,Sales,Husband,White,Male,0,0,45,United-States,0
38,Private,154641,Assoc-voc,11,Married-civ-spouse,Craft-repair,Husband,White,Male,0,0,40,United-States,0
27,Private,168138,HS-grad,9,Never-married,Exec-managerial,Own-child,White,Male,0,0,40,United-States,0
26,Private,105787,HS-grad,9,Never-married,Craft-repair,Own-child,White,Male,0,0,36,United-States,0
33,Private,133278,HS-grad,9,Never-married,Adm-clerical,Own-child,Black,Female,0,0,40,United-States,0
43,Federal-gov,347720,Bachelors,13,Never-married,Tech-support,Not-in-family,White,Male,0,0,50,United-States,0
38,Self-emp-inc,206951,HS-grad,9,Married-civ-spouse,Exec-managerial,Husband,White,Male,0,0,65,United-States,0
19,Private,472807,1st-4th,2,Never-married,Handlers-cleaners,Other-relative,White,Male,0,0,52,Mexico,0
40,Self-emp-inc,207578,HS-grad,9,Married-civ-spouse,Adm-clerical,Husband,White,Male,0,0,50,United-States,1
48,Private,413363,11th,7,Married-civ-spouse,Transport-moving,Husband,White,Male,0,2002,40,United-States,0
25,Local-gov,63996,HS-grad,9,Divorced,Adm-clerical,Not-in-family,White,Female,0,0,40,United-States,0
27,Private,588905,HS-grad,9,Married-civ-spouse,Craft-repair,Husband,White,Male,0,0,40,United-States,0
69,Private,114801,HS-grad,9,Married-civ-spouse,Other-service,Husband,White,Male,0,0,20,United-States,0
45,Local-gov,102359,Bachelors,13,Married-civ-spouse,Prof-specialty,Husband,White,Male,0,0,37,United-States,0
19,Private,292590,HS-grad,9,Married-civ-spouse,Sales,Other-relative,White,Female,0,0,25,United-States,0
35,Private,30381,Bachelors,13,Married-civ-spouse,Sales,Husband,White,Male,0,0,45,United-States,1
20,Private,205970,Some-college,10,Never-married,Craft-repair,Own-child,White,Female,0,0,25,United-States,0
31,Self-emp-not-inc,177675,Bachelors,13,Married-civ-spouse,Prof-specialty,Husband,White,Male,0,0,40,United-States,1
26,Private,38232,Bachelors,13,Never-married,Prof-specialty,Not-in-family,White,Male,0,0,50,United-States,0
37,Private,126675,Some-college,10,Married-civ-spouse,Exec-managerial,Husband,White,Male,0,0,57,United-States,0
44,Private,889965,HS-grad,9,Married-civ-spouse,Handlers-cleaners,Wife,White,Female,3137,0,30,United-States,0
33,Private,59944,HS-grad,9,Never-married,Transport-moving,Not-in-family,White,Male,0,0,40,United-States,0
36,Private,214378,HS-grad,9,Divorced,Prof-specialty,Own-child,White,Female,0,0,40,United-States,1
19,Private,124486,12th,8,Never-married,Other-service,Own-child,White,Male,0,1602,20,United-States,0
47,Private,171807,HS-grad,9,Divorced,Sales,Unmarried,White,Female,0,0,45,United-States,0
43,Private,188199,9th,5,Divorced,Handlers-cleaners,Unmarried,White,Female,0,0,40,United-States,0
33,Private,283602,5th-6th,3,Married-civ-spouse,Other-service,Husband,White,Male,0,0,59,Mexico,0
20,State-gov,147280,HS-grad,9,Never-married,Other-service,Other-relative,Other,Male,0,0,40,United-States,0
42,Private,33002,HS-grad,9,Married-civ-spouse,Exec-managerial,Husband,White,Male,0,0,48,United-States,0
45,Self-emp-inc,271901,HS-grad,9,Married-civ-spouse,Sales,Husband,White,Male,0,0,32,United-States,1
32,Private,172415,HS-grad,9,Never-married,Other-service,Unmarried,Black,Female,0,0,40,United-States,0
43,Private,136721,12th,8,Married-civ-spouse,Craft-repair,Husband,White,Male,0,0,40,United-States,0
46,Private,219021,HS-grad,9,Married-civ-spouse,Transport-moving,Husband,White,Male,15024,0,44,United-States,1
31,Private,49923,HS-grad,9,Married-civ-spouse,Transport-moving,Husband,White,Male,0,0,40,United-States,0
26,Private,233777,HS-grad,9,Married-civ-spouse,Craft-repair,Husband,White,Male,0,0,72,Mexico,0
31,Local-gov,356689,Bachelors,13,Married-civ-spouse,Prof-specialty,Husband,White,Male,0,0,40,United-States,0
31,Private,69056,HS-grad,9,Divorced,Other-service,Own-child,White,Female,0,0,15,United-States,0
18,Self-emp-not-inc,230373,11th,7,Never-married,Other-service,Own-child,White,Female,594,0,4,United-States,0
43,Self-emp-inc,104892,HS-grad,9,Married-civ-spouse,Farming-fishing,Husband,White,Male,0,0,45,United-States,0
43,Private,159549,Some-college,10,Married-civ-spouse,Sales,Husband,White,Male,0,0,50,United-States,1
46,Self-emp-not-inc,28281,Bachelors,13,Married-civ-spouse,Farming-fishing,Husband,White,Male,0,0,40,United-States,1
34,Private,56121,11th,7,Divorced,Craft-repair,Unmarried,White,Male,0,0,40,United-States,0
20,Private,137974,Some-college,10,Never-married,Other-service,Own-child,White,Female,0,0,30,United-States,0
41,Private,106900,Bachelors,13,Married-civ-spouse,Tech-support,Husband,White,Male,0,1902,42,United-States,1
48,Private,254291,Masters,14,Married-civ-spouse,Prof-specialty,Husband,White,Male,0,0,40,United-States,1
20,Private,191910,HS-grad,9,Never-married,Protective-serv,Own-child,White,Male,0,0,40,United-States,0
70,Self-emp-inc,207938,Bachelors,13,Married-civ-spouse,Exec-managerial,Husband,White,Male,0,2377,50,United-States,1
51,Local-gov,319054,HS-grad,9,Married-civ-spouse,Transport-moving,Husband,Black,Male,0,0,60,United-States,0
20,Private,241752,HS-grad,9,Married-civ-spouse,Machine-op-inspct,Husband,White,Male,0,0,40,United-States,0
21,Private,202871,HS-grad,9,Never-married,Sales,Own-child,White,Male,0,0,44,United-States,0
37,Private,103408,HS-grad,9,Never-married,Farming-fishing,Not-in-family,Black,Male,0,0,40,United-States,0
32,State-gov,119033,HS-grad,9,Married-civ-spouse,Transport-moving,Husband,White,Male,0,0,40,United-States,1
41,Private,210844,Some-college,10,Married-spouse-absent,Sales,Unmarried,Black,Female,0,0,40,United-States,0
43,Private,174524,HS-grad,9,Married-civ-spouse,Machine-op-inspct,Husband,White,Male,0,0,40,United-States,1
21,Private,410439,Some-college,10,Never-married,Sales,Own-child,White,Male,0,0,24,United-States,0
53,Self-emp-not-inc,175456,Some-college,10,Married-civ-spouse,Farming-fishing,Husband,White,Male,0,0,30,United-States,0
26,Local-gov,242464,HS-grad,9,Married-civ-spouse,Protective-serv,Husband,White,Male,3103,0,40,United-States,1
28,Private,109165,HS-grad,9,Married-civ-spouse,Tech-support,Husband,White,Male,0,0,40,United-States,0
36,Self-emp-inc,242080,Prof-school,15,Married-civ-spouse,Prof-specialty,Husband,White,Male,0,0,80,United-States,1
43,Private,336042,HS-grad,9,Separated,Transport-moving,Not-in-family,White,Male,0,0,40,United-States,0
31,Private,306459,1st-4th,2,Separated,Handlers-cleaners,Unmarried,White,Male,0,0,35,Honduras,0
32,Private,133503,HS-grad,9,Married-civ-spouse,Adm-clerical,Husband,White,Male,0,0,40,United-States,0
40,Private,436493,HS-grad,9,Never-married,Other-service,Own-child,White,Male,0,0,25,United-States,0
31,Private,39054,HS-grad,9,Married-civ-spouse,Craft-repair,Husband,White,Male,0,0,20,United-States,0
64,Self-emp-inc,181408,Assoc-voc,11,Married-civ-spouse,Craft-repair,Husband,White,Male,0,0,10,United-States,0
22,Private,187052,HS-grad,9,Never-married,Adm-clerical,Own-child,White,Female,0,0,40,United-States,0
34,Private,242960,Assoc-voc,11,Married-civ-spouse,Craft-repair,Husband,White,Male,0,0,50,United-States,0
34,Private,195602,Assoc-acdm,12,Married-civ-spouse,Craft-repair,Husband,White,Male,0,0,44,United-States,0
44,Self-emp-not-inc,195486,HS-grad,9,Married-civ-spouse,Sales,Husband,Black,Male,0,0,70,Jamaica,0
31,Private,291052,Some-college,10,Married-civ-spouse,Adm-clerical,Husband,White,Male,0,2051,40,United-States,0
32,Private,188246,Some-college,10,Married-civ-spouse,Sales,Husband,White,Male,0,0,40,United-States,1
46,Private,98012,Assoc-voc,11,Divorced,Adm-clerical,Not-in-family,White,Female,0,0,40,United-States,0
38,Private,273640,HS-grad,9,Never-married,Other-service,Unmarried,White,Female,0,0,40,United-States,0
22,Private,459463,12th,8,Married-spouse-absent,Other-service,Unmarried,Black,Female,0,0,50,United-States,0
26,Self-emp-not-inc,227858,Some-college,10,Never-married,Other-service,Not-in-family,White,Female,0,0,48,United-States,0
50,Private,160724,Masters,14,Married-civ-spouse,Exec-managerial,Husband,Asian-Pac-Islander,Male,7298,0,40,Philippines,1
19,Private,238474,11th,7,Never-married,Machine-op-inspct,Own-child,White,Male,0,0,40,United-States,0
19,Private,211355,HS-grad,9,Never-married,Adm-clerical,Own-child,White,Male,0,0,12,United-States,0
37,Private,329026,HS-grad,9,Married-civ-spouse,Adm-clerical,Wife,White,Female,0,0,40,United-States,1
25,Private,267044,Some-college,10,Never-married,Adm-clerical,Not-in-family,Amer-Indian-Eskimo,Female,0,0,20,United-States,0
35,Private,381583,Some-college,10,Married-civ-spouse,Craft-repair,Husband,Other,Male,0,0,45,United-States,1
29,Private,151382,Assoc-voc,11,Divorced,Handlers-cleaners,Unmarried,White,Male,0,0,50,United-States,0
43,Self-emp-not-inc,174090,HS-grad,9,Married-civ-spouse,Adm-clerical,Wife,White,Female,0,0,20,United-States,1
28,Private,91299,Assoc-voc,11,Never-married,Adm-clerical,Not-in-family,Asian-Pac-Islander,Female,0,0,45,United-States,0
34,Private,126838,HS-grad,9,Married-civ-spouse,Transport-moving,Husband,White,Male,0,0,40,United-States,0
55,Local-gov,219775,HS-grad,9,Divorced,Other-service,Unmarried,White,Female,0,0,38,United-States,0
38,Private,79619,Bachelors,13,Married-civ-spouse,Sales,Husband,White,Male,0,0,42,United-States,1
22,Local-gov,134181,HS-grad,9,Never-married,Handlers-cleaners,Other-relative,White,Male,0,0,50,United-States,0
27,Private,129629,Assoc-voc,11,Never-married,Tech-support,Other-relative,White,Female,0,0,36,United-States,0
22,Private,310152,Some-college,10,Never-married,Protective-serv,Not-in-family,White,Male,0,0,40,United-States,0
51,Private,159755,HS-grad,9,Married-civ-spouse,Craft-repair,Husband,White,Male,0,0,20,United-States,0
30,Private,149118,HS-grad,9,Divorced,Craft-repair,Not-in-family,White,Female,0,0,40,United-States,0
54,Private,53833,5th-6th,3,Married-civ-spouse,Transport-moving,Husband,White,Male,0,0,40,United-States,1
48,Local-gov,273402,7th-8th,4,Married-civ-spouse,Transport-moving,Husband,White,Male,0,1902,40,United-States,0
61,Self-emp-not-inc,115882,1st-4th,2,Married-civ-spouse,Craft-repair,Husband,White,Male,0,0,20,United-States,0
63,Private,28334,Masters,14,Divorced,Exec-managerial,Not-in-family,White,Female,0,0,40,United-States,1
37,Local-gov,593246,Bachelors,13,Married-civ-spouse,Prof-specialty,Wife,White,Female,0,0,50,United-States,1
17,Private,225106,10th,6,Never-married,Other-service,Own-child,White,Female,0,1602,18,United-States,0
42,Private,117319,HS-grad,9,Married-civ-spouse,Craft-repair,Husband,White,Male,0,1672,40,United-States,0
34,Private,159929,HS-grad,9,Divorced,Handlers-cleaners,Own-child,White,Male,0,0,40,United-States,0
27,Private,258768,Bachelors,13,Never-married,Handlers-cleaners,Not-in-family,Black,Male,0,0,40,United-States,0
31,Private,165949,HS-grad,9,Divorced,Other-service,Unmarried,White,Female,0,0,40,United-States,0
65,Self-emp-not-inc,175202,HS-grad,9,Married-civ-spouse,Exec-managerial,Husband,White,Male,0,0,24,United-States,0
48,Private,156926,Bachelors,13,Divorced,Adm-clerical,Not-in-family,White,Male,0,0,40,United-States,0
25,State-gov,218184,Bachelors,13,Never-married,Protective-serv,Not-in-family,Black,Female,0,0,40,United-States,0
30,Private,170130,HS-grad,9,Divorced,Adm-clerical,Unmarried,White,Female,0,0,40,United-States,0
42,Private,136986,Bachelors,13,Married-civ-spouse,Exec-managerial,Husband,White,Male,0,0,40,United-States,1
51,Private,180807,Some-college,10,Divorced,Exec-managerial,Unmarried,White,Female,0,0,40,United-States,0
32,Private,191856,Masters,14,Married-civ-spouse,Sales,Wife,White,Female,0,0,45,United-States,1
45,State-gov,144351,Masters,14,Married-civ-spouse,Prof-specialty,Husband,White,Male,0,0,40,United-States,1
25,Private,175370,Some-college,10,Divorced,Machine-op-inspct,Own-child,White,Female,0,0,40,United-States,0
63,Self-emp-not-inc,106551,HS-grad,9,Married-civ-spouse,Craft-repair,Husband,White,Male,0,0,40,United-States,0
34,Self-emp-not-inc,181087,Assoc-voc,11,Married-civ-spouse,Craft-repair,Husband,White,Male,0,0,45,United-States,0
33,Private,452924,HS-grad,9,Married-civ-spouse,Machine-op-inspct,Husband,Other,Male,0,0,40,Mexico,0
58,State-gov,109567,Doctorate,16,Married-civ-spouse,Prof-specialty,Husband,White,Male,0,0,1,United-States,1
49,Self-emp-not-inc,148254,HS-grad,9,Divorced,Farming-fishing,Not-in-family,White,Female,0,0,28,United-States,0
49,Federal-gov,110373,Some-college,10,Married-civ-spouse,Tech-support,Husband,White,Male,0,0,40,United-States,1
24,Private,145964,Bachelors,13,Never-married,Exec-managerial,Unmarried,White,Male,0,0,40,United-States,1
36,Private,83089,5th-6th,3,Married-civ-spouse,Machine-op-inspct,Husband,White,Male,7298,0,40,Mexico,1
35,Self-emp-not-inc,60269,HS-grad,9,Married-civ-spouse,Exec-managerial,Husband,White,Male,0,0,60,United-States,0
46,Local-gov,175754,Masters,14,Divorced,Prof-specialty,Not-in-family,White,Female,0,1876,60,United-States,0
36,Private,217926,Assoc-acdm,12,Married-civ-spouse,Machine-op-inspct,Husband,Black,Male,0,0,50,United-States,0
29,Private,236436,HS-grad,9,Never-married,Adm-clerical,Not-in-family,White,Female,0,0,40,United-States,0
34,Private,221396,Some-college,10,Married-civ-spouse,Adm-clerical,Husband,White,Male,0,0,40,United-States,0
50,Local-gov,141875,HS-grad,9,Married-civ-spouse,Transport-moving,Husband,White,Male,0,0,40,United-States,0
56,Private,176118,HS-grad,9,Married-civ-spouse,Craft-repair,Husband,White,Male,3103,0,40,United-States,1
20,Private,117789,HS-grad,9,Never-married,Other-service,Own-child,White,Female,0,0,40,United-States,0
60,Self-emp-not-inc,73091,HS-grad,9,Separated,Other-service,Not-in-family,Black,Male,0,1876,50,United-States,0
17,Private,240143,11th,7,Never-married,Craft-repair,Own-child,White,Male,0,0,30,United-States,0
50,Private,238959,Some-college,10,Married-civ-spouse,Adm-clerical,Husband,White,Male,0,0,45,United-States,1
28,Local-gov,86615,HS-grad,9,Never-married,Other-service,Own-child,Black,Male,0,0,30,United-States,0
64,Federal-gov,199298,7th-8th,4,Widowed,Other-service,Unmarried,White,Female,0,0,30,Puerto-Rico,0
27,Private,195678,Bachelors,13,Married-civ-spouse,Prof-specialty,Husband,White,Male,0,0,40,United-States,0
21,Private,170108,Some-college,10,Never-married,Other-service,Own-child,White,Male,0,0,40,United-States,0
50,Private,188186,Masters,14,Divorced,Sales,Not-in-family,White,Female,0,1590,45,United-States,0
59,Private,243226,10th,6,Divorced,Machine-op-inspct,Not-in-family,White,Female,0,0,40,United-States,0
23,Private,142766,Some-college,10,Never-married,Adm-clerical,Own-child,White,Male,1055,0,20,United-States,0
49,Private,28791,Some-college,10,Divorced,Other-service,Not-in-family,White,Female,0,0,40,United-States,0
41,Private,106627,Assoc-acdm,12,Divorced,Exec-managerial,Unmarried,Black,Female,0,0,50,United-States,0
46,Private,180505,HS-grad,9,Married-civ-spouse,Machine-op-inspct,Husband,Black,Male,0,0,40,United-States,0
39,Private,106347,HS-grad,9,Married-civ-spouse,Transport-moving,Husband,White,Male,0,0,40,United-States,0
36,Private,184655,10th,6,Divorced,Transport-moving,Unmarried,White,Male,0,0,48,United-States,0
42,Self-emp-not-inc,215219,11th,7,Separated,Other-service,Unmarried,White,Female,0,0,30,United-States,0
25,Private,262778,Bachelors,13,Never-married,Sales,Not-in-family,White,Female,6849,0,50,United-States,0
37,Self-emp-not-inc,80324,HS-grad,9,Married-civ-spouse,Exec-managerial,Husband,White,Male,0,0,60,United-States,1
29,Private,134890,Assoc-voc,11,Married-civ-spouse,Farming-fishing,Husband,White,Male,0,0,40,United-States,1
17,Private,721712,10th,6,Never-married,Other-service,Own-child,White,Male,0,0,15,United-States,0
58,Self-emp-not-inc,105592,7th-8th,4,Married-civ-spouse,Transport-moving,Husband,White,Male,0,0,40,United-States,1
44,Self-emp-not-inc,112507,5th-6th,3,Married-civ-spouse,Craft-repair,Husband,White,Male,0,0,40,United-States,0
31,Private,187901,Some-college,10,Never-married,Sales,Not-in-family,White,Female,0,1504,40,United-States,0
23,Local-gov,157331,Bachelors,13,Never-married,Prof-specialty,Not-in-family,White,Female,0,0,40,United-States,0
28,Private,195573,HS-grad,9,Married-civ-spouse,Transport-moving,Husband,White,Male,0,0,50,United-States,0
43,Private,413297,HS-grad,9,Married-civ-spouse,Craft-repair,Husband,White,Male,0,0,45,United-States,0
25,Self-emp-not-inc,113436,Some-college,10,Never-married,Craft-repair,Unmarried,White,Male,0,0,35,United-States,0
32,Private,153326,Bachelors,13,Married-civ-spouse,Prof-specialty,Other-relative,White,Male,0,0,40,United-States,0
38,Federal-gov,172571,Some-college,10,Divorced,Adm-clerical,Not-in-family,White,Male,0,0,40,United-States,1
59,Self-emp-not-inc,83542,Assoc-acdm,12,Divorced,Tech-support,Not-in-family,White,Male,0,0,40,United-States,0
25,Private,421467,Assoc-acdm,12,Never-married,Handlers-cleaners,Own-child,White,Male,0,0,26,United-States,0
37,Local-gov,65291,Assoc-voc,11,Never-married,Protective-serv,Not-in-family,White,Female,0,0,40,United-States,0
27,Private,336951,HS-grad,9,Married-civ-spouse,Transport-moving,Husband,White,Male,0,0,99,United-States,0
41,Private,101739,Assoc-acdm,12,Married-civ-spouse,Exec-managerial,Wife,White,Female,0,0,50,United-States,1
26,Private,304283,HS-grad,9,Married-civ-spouse,Machine-op-inspct,Husband,White,Male,0,0,40,United-States,0
27,Private,289147,Bachelors,13,Never-married,Prof-specialty,Own-child,White,Female,0,0,40,United-States,0
46,Private,128645,Some-college,10,Divorced,Prof-specialty,Not-in-family,White,Female,0,0,40,United-States,0
31,Private,114691,HS-grad,9,Never-married,Sales,Own-child,White,Male,0,0,40,United-States,0
39,Private,484475,11th,7,Never-married,Craft-repair,Not-in-family,Black,Male,0,0,40,United-States,0
33,Private,67072,HS-grad,9,Married-civ-spouse,Sales,Husband,White,Male,0,0,50,United-States,1
25,Private,81286,HS-grad,9,Married-civ-spouse,Craft-repair,Husband,White,Male,0,0,45,United-States,0
21,Self-emp-not-inc,99199,HS-grad,9,Married-civ-spouse,Craft-repair,Husband,White,Male,0,0,40,United-States,0
31,Private,96480,HS-grad,9,Never-married,Adm-clerical,Not-in-family,White,Female,0,0,50,United-States,0
35,Private,361888,Assoc-acdm,12,Married-civ-spouse,Tech-support,Husband,White,Male,0,0,40,United-States,1
20,Private,333505,HS-grad,9,Never-married,Adm-clerical,Own-child,White,Male,0,0,30,Nicaragua,0
44,Private,99203,7th-8th,4,Married-civ-spouse,Machine-op-inspct,Husband,White,Male,0,0,40,United-States,0
68,Local-gov,31725,HS-grad,9,Married-civ-spouse,Farming-fishing,Husband,White,Male,0,0,40,United-States,0
56,Self-emp-not-inc,50791,Masters,14,Divorced,Sales,Not-in-family,White,Male,0,1876,60,United-States,0
31,Private,237317,9th,5,Never-married,Craft-repair,Not-in-family,Other,Male,0,0,45,United-States,0
37,Private,238311,HS-grad,9,Married-civ-spouse,Machine-op-inspct,Husband,Black,Male,0,0,36,United-States,1
40,Private,572751,Prof-school,15,Married-civ-spouse,Craft-repair,Husband,White,Male,5178,0,40,Mexico,1
45,Private,81534,HS-grad,9,Married-civ-spouse,Other-service,Husband,Asian-Pac-Islander,Male,0,0,84,Japan,1
47,Local-gov,114459,Masters,14,Married-civ-spouse,Prof-specialty,Husband,White,Male,7688,0,45,United-States,1
50,Federal-gov,221532,Assoc-acdm,12,Married-civ-spouse,Craft-repair,Husband,White,Male,0,0,40,United-States,1
17,Private,73145,9th,5,Never-married,Craft-repair,Own-child,White,Female,0,0,16,United-States,0
58,Private,202652,HS-grad,9,Widowed,Adm-clerical,Not-in-family,White,Female,0,0,37,United-States,0
38,Private,243872,Bachelors,13,Married-civ-spouse,Sales,Husband,White,Male,0,0,70,United-States,1
24,Private,194654,HS-grad,9,Married-civ-spouse,Protective-serv,Husband,White,Male,0,0,40,United-States,0
47,Private,107682,HS-grad,9,Divorced,Adm-clerical,Unmarried,White,Female,0,0,48,United-States,0
30,Private,287908,HS-grad,9,Married-civ-spouse,Machine-op-inspct,Husband,Black,Male,0,0,40,United-States,0
46,Self-emp-inc,283004,Assoc-voc,11,Divorced,Exec-managerial,Unmarried,Asian-Pac-Islander,Female,0,0,63,Thailand,0
48,Private,140782,Masters,14,Married-civ-spouse,Exec-managerial,Wife,White,Female,0,1902,38,United-States,1
48,Local-gov,407495,Assoc-acdm,12,Married-civ-spouse,Protective-serv,Husband,White,Male,0,0,56,United-States,1
34,Federal-gov,436341,Some-college,10,Married-AF-spouse,Adm-clerical,Wife,White,Female,0,0,40,United-States,1
20,Private,316702,Some-college,10,Never-married,Prof-specialty,Own-child,White,Male,0,0,20,United-States,0
41,Private,289669,HS-grad,9,Widowed,Machine-op-inspct,Not-in-family,White,Female,0,0,40,United-States,0
54,Private,284952,10th,6,Separated,Sales,Unmarried,White,Female,0,0,43,Italy,0
22,Private,436798,Some-college,10,Married-civ-spouse,Tech-support,Husband,White,Male,0,0,40,United-States,0
37,Private,126743,1st-4th,2,Married-civ-spouse,Other-service,Husband,White,Male,0,0,53,Mexico,0
37,Private,82521,Bachelors,13,Married-civ-spouse,Exec-managerial,Husband,White,Male,15024,0,40,United-States,1
49,Private,139268,HS-grad,9,Married-civ-spouse,Craft-repair,Husband,White,Male,7298,0,40,United-States,1
51,Self-emp-not-inc,204322,HS-grad,9,Married-civ-spouse,Transport-moving,Husband,White,Male,0,0,50,United-States,0
55,Private,234213,HS-grad,9,Married-civ-spouse,Transport-moving,Husband,White,Male,0,0,60,United-States,0
51,Private,210736,10th,6,Married-spouse-absent,Craft-repair,Other-relative,White,Male,0,0,40,United-States,0
60,Private,160339,Some-college,10,Married-civ-spouse,Craft-repair,Husband,White,Male,0,0,40,Columbia,0
81,Self-emp-not-inc,136063,HS-grad,9,Married-civ-spouse,Exec-managerial,Husband,White,Male,0,0,30,United-States,0
34,Self-emp-not-inc,204375,Prof-school,15,Never-married,Prof-specialty,Not-in-family,White,Female,0,0,60,United-States,1
45,Private,89325,Masters,14,Divorced,Prof-specialty,Not-in-family,White,Male,0,0,45,United-States,0
30,Private,187618,HS-grad,9,Married-civ-spouse,Exec-managerial,Husband,White,Male,0,0,50,United-States,0
25,Private,281627,Masters,14,Never-married,Prof-specialty,Not-in-family,White,Female,0,0,40,United-States,0
30,Private,254905,HS-grad,9,Married-civ-spouse,Machine-op-inspct,Husband,White,Male,0,0,40,United-States,0
30,Private,467108,Bachelors,13,Never-married,Prof-specialty,Not-in-family,White,Male,0,0,45,United-States,0
20,Private,102607,HS-grad,9,Never-married,Handlers-cleaners,Own-child,White,Male,0,0,30,United-States,0
32,Private,194740,Bachelors,13,Married-civ-spouse,Sales,Husband,White,Male,0,1902,40,United-States,1
43,Private,50356,Some-college,10,Married-civ-spouse,Craft-repair,Husband,White,Male,0,1485,50,United-States,0
49,Self-emp-not-inc,130206,HS-grad,9,Divorced,Other-service,Not-in-family,White,Female,0,0,40,United-States,0
22,Private,215395,Some-college,10,Never-married,Other-service,Not-in-family,White,Male,0,1602,10,United-States,0
59,Private,205949,HS-grad,9,Separated,Craft-repair,Unmarried,Amer-Indian-Eskimo,Female,0,0,40,United-States,0
19,Private,318822,Some-college,10,Never-married,Adm-clerical,Other-relative,White,Female,0,0,40,United-States,0
29,Private,185019,12th,8,Never-married,Other-service,Not-in-family,Other,Male,0,0,40,United-States,0
27,Private,265314,HS-grad,9,Married-civ-spouse,Transport-moving,Husband,White,Male,0,0,45,United-States,1
26,Private,270276,HS-grad,9,Never-married,Adm-clerical,Not-in-family,White,Female,0,0,40,United-States,0
32,Private,35595,Bachelors,13,Never-married,Adm-clerical,Not-in-family,White,Male,0,0,40,United-States,0
47,State-gov,216414,Doctorate,16,Married-civ-spouse,Prof-specialty,Husband,White,Male,0,0,40,United-States,1
50,Self-emp-inc,158294,Prof-school,15,Married-civ-spouse,Prof-specialty,Husband,White,Male,99999,0,80,United-States,1
24,Private,109053,HS-grad,9,Never-married,Other-service,Other-relative,White,Male,0,0,25,United-States,0
21,Private,251603,HS-grad,9,Never-married,Adm-clerical,Not-in-family,White,Female,0,0,40,United-States,0
31,Private,106437,Prof-school,15,Married-civ-spouse,Prof-specialty,Wife,White,Female,0,0,60,United-States,1
37,Private,182668,10th,6,Married-civ-spouse,Transport-moving,Husband,White,Male,0,0,35,United-States,0
23,Private,171705,HS-grad,9,Never-married,Sales,Unmarried,White,Female,0,0,48,United-States,0
30,Private,117393,HS-grad,9,Never-married,Sales,Not-in-family,White,Female,0,0,40,United-States,0
20,Private,33221,Some-college,10,Never-married,Other-service,Own-child,White,Female,0,0,25,United-States,0
30,Private,97453,HS-grad,9,Divorced,Sales,Unmarried,White,Female,0,0,54,United-States,0
41,State-gov,518030,Bachelors,13,Never-married,Protective-serv,Not-in-family,Black,Male,0,1590,40,Puerto-Rico,0
48,Private,175221,HS-grad,9,Married-civ-spouse,Machine-op-inspct,Husband,White,Male,0,0,40,United-States,0
23,Private,244408,Some-college,10,Never-married,Adm-clerical,Other-relative,Asian-Pac-Islander,Female,0,0,24,Vietnam,0
58,Private,178644,HS-grad,9,Widowed,Craft-repair,Unmarried,White,Male,0,0,40,United-States,0
46,Private,216666,5th-6th,3,Married-civ-spouse,Machine-op-inspct,Husband,White,Male,0,0,40,Mexico,0
45,Self-emp-inc,142719,HS-grad,9,Married-civ-spouse,Sales,Husband,White,Male,0,0,40,United-States,0
51,Private,178241,HS-grad,9,Married-civ-spouse,Machine-op-inspct,Husband,Black,Male,0,0,40,United-States,1
49,Private,123584,11th,7,Married-civ-spouse,Transport-moving,Husband,White,Male,0,0,75,United-States,0
57,Local-gov,130532,Bachelors,13,Widowed,Prof-specialty,Not-in-family,White,Female,0,0,35,United-States,0
34,Private,204470,Masters,14,Married-civ-spouse,Exec-managerial,Husband,White,Male,0,0,50,United-States,1
58,Local-gov,92141,Assoc-acdm,12,Widowed,Adm-clerical,Not-in-family,Black,Female,0,0,40,United-States,0
69,Private,36956,Some-college,10,Married-civ-spouse,Exec-managerial,Husband,White,Male,20051,0,50,United-States,1
38,Private,175232,HS-grad,9,Divorced,Machine-op-inspct,Not-in-family,White,Male,0,0,45,United-States,0
50,Local-gov,425804,Bachelors,13,Divorced,Exec-managerial,Not-in-family,White,Female,0,0,40,United-States,1
48,Private,345831,HS-grad,9,Divorced,Machine-op-inspct,Not-in-family,White,Male,0,0,40,United-States,0
21,Federal-gov,181096,Some-college,10,Never-married,Tech-support,Own-child,Black,Male,0,0,20,United-States,0
51,Private,82566,HS-grad,9,Married-civ-spouse,Craft-repair,Husband,White,Male,0,0,50,United-States,0
34,Private,176711,HS-grad,9,Divorced,Other-service,Own-child,White,Male,0,0,40,United-States,0
38,Private,196123,HS-grad,9,Married-civ-spouse,Craft-repair,Husband,White,Male,0,0,50,United-States,0
48,Private,34845,HS-grad,9,Divorced,Craft-repair,Other-relative,White,Male,0,0,40,United-States,0
43,Local-gov,598995,Bachelors,13,Divorced,Prof-specialty,Unmarried,Black,Female,0,0,42,United-States,0
32,State-gov,167049,12th,8,Never-married,Adm-clerical,Unmarried,White,Female,0,0,40,United-States,0
56,Self-emp-not-inc,179594,HS-grad,9,Married-civ-spouse,Exec-managerial,Husband,White,Male,0,0,48,United-States,0
38,Local-gov,201410,Bachelors,13,Married-civ-spouse,Exec-managerial,Husband,White,Male,0,0,40,United-States,1
26,Private,189590,Some-college,10,Never-married,Adm-clerical,Not-in-family,White,Male,0,0,30,United-States,0
43,Private,298161,HS-grad,9,Married-civ-spouse,Machine-op-inspct,Wife,White,Female,0,0,40,Nicaragua,0
58,Self-emp-inc,210563,HS-grad,9,Married-civ-spouse,Sales,Wife,White,Female,15024,0,35,United-States,1
59,Private,182460,HS-grad,9,Married-civ-spouse,Exec-managerial,Husband,White,Male,0,0,30,United-States,1
36,Private,207568,HS-grad,9,Married-civ-spouse,Craft-repair,Husband,White,Male,0,0,50,United-States,0
58,Private,27385,HS-grad,9,Married-civ-spouse,Exec-managerial,Husband,White,Male,0,0,60,United-States,1
43,Private,209894,HS-grad,9,Married-civ-spouse,Adm-clerical,Wife,White,Female,0,0,40,United-States,1
39,Local-gov,177907,HS-grad,9,Married-civ-spouse,Protective-serv,Husband,White,Male,0,1887,40,United-States,1
52,Federal-gov,424012,Some-college,10,Divorced,Exec-managerial,Not-in-family,White,Female,0,0,40,United-States,0
22,Private,181773,HS-grad,9,Never-married,Transport-moving,Own-child,Black,Male,0,0,40,United-States,0
45,Private,191703,HS-grad,9,Never-married,Adm-clerical,Own-child,Black,Female,0,0,40,United-States,0
51,Private,234057,HS-grad,9,Married-civ-spouse,Craft-repair,Husband,White,Male,0,0,45,United-States,1
43,Private,76487,11th,7,Married-civ-spouse,Craft-repair,Husband,White,Male,0,0,40,United-States,0
47,Federal-gov,168109,HS-grad,9,Married-civ-spouse,Adm-clerical,Husband,White,Male,0,0,70,United-States,0
74,Private,161387,HS-grad,9,Divorced,Handlers-cleaners,Not-in-family,White,Female,0,0,16,United-States,0
46,Private,94809,Some-college,10,Divorced,Priv-house-serv,Unmarried,White,Female,0,0,30,United-States,0
34,Private,134886,Some-college,10,Never-married,Adm-clerical,Not-in-family,White,Female,0,0,40,United-States,0
37,Private,160920,Some-college,10,Married-civ-spouse,Sales,Husband,White,Male,0,0,45,United-States,0
27,Private,161683,11th,7,Married-civ-spouse,Machine-op-inspct,Husband,White,Male,0,0,42,United-States,0
74,Self-emp-not-inc,192413,Prof-school,15,Divorced,Prof-specialty,Other-relative,White,Male,0,0,40,United-States,0
36,Private,218490,Assoc-voc,11,Married-civ-spouse,Sales,Husband,White,Male,0,0,60,United-States,0
25,Private,254933,11th,7,Married-civ-spouse,Transport-moving,Husband,White,Male,0,0,40,United-States,0
52,Private,101752,Assoc-voc,11,Married-civ-spouse,Transport-moving,Husband,White,Male,0,0,56,United-States,0
38,Private,71701,Assoc-voc,11,Never-married,Craft-repair,Not-in-family,White,Female,0,0,40,Portugal,0
25,Local-gov,176162,Assoc-voc,11,Never-married,Protective-serv,Own-child,White,Male,0,0,30,United-States,0
30,Private,204704,Bachelors,13,Never-married,Exec-managerial,Unmarried,White,Female,0,0,45,United-States,1
68,Private,67791,Some-college,10,Widowed,Sales,Not-in-family,White,Male,0,0,40,United-States,0
23,Local-gov,203353,Bachelors,13,Never-married,Exec-managerial,Own-child,White,Female,0,0,12,United-States,0
44,Self-emp-not-inc,246862,HS-grad,9,Married-civ-spouse,Prof-specialty,Wife,White,Female,0,0,40,Italy,1
23,Private,117789,Bachelors,13,Never-married,Prof-specialty,Not-in-family,White,Female,0,0,60,United-States,0
31,Private,109917,7th-8th,4,Separated,Craft-repair,Not-in-family,White,Female,0,0,40,United-States,0
28,Self-emp-inc,204247,Bachelors,13,Married-civ-spouse,Prof-specialty,Husband,White,Male,0,0,50,United-States,1
30,Private,188403,Some-college,10,Never-married,Machine-op-inspct,Not-in-family,White,Male,0,0,40,United-States,0
19,Private,501144,Some-college,10,Never-married,Sales,Other-relative,Black,Female,0,0,40,United-States,0
37,Private,105044,Some-college,10,Married-civ-spouse,Exec-managerial,Husband,White,Male,0,0,42,United-States,1
31,Local-gov,153005,Bachelors,13,Married-civ-spouse,Prof-specialty,Husband,White,Male,0,0,40,United-States,1
38,Private,380543,HS-grad,9,Never-married,Other-service,Unmarried,Black,Female,0,0,30,United-States,0
46,Private,127089,Some-college,10,Married-civ-spouse,Prof-specialty,Husband,White,Male,5178,0,38,United-States,1
44,Private,85604,HS-grad,9,Divorced,Craft-repair,Not-in-family,White,Male,0,0,40,United-States,1
37,Private,125550,HS-grad,9,Divorced,Sales,Not-in-family,White,Female,0,0,60,United-States,0
38,Private,170861,Some-college,10,Never-married,Adm-clerical,Own-child,White,Female,0,0,40,United-States,0
63,Private,187635,HS-grad,9,Never-married,Exec-managerial,Not-in-family,White,Male,0,0,40,United-States,0
23,Private,193090,Bachelors,13,Never-married,Adm-clerical,Own-child,White,Female,0,0,30,United-States,0
24,Private,215243,Bachelors,13,Never-married,Adm-clerical,Not-in-family,White,Female,0,0,42,United-States,0
19,State-gov,37332,HS-grad,9,Never-married,Adm-clerical,Not-in-family,White,Female,0,0,20,United-States,0
44,Private,145441,Bachelors,13,Married-civ-spouse,Exec-managerial,Husband,White,Male,7298,0,48,United-States,1
45,Private,33300,Assoc-voc,11,Married-civ-spouse,Sales,Husband,White,Male,0,1977,50,United-States,1
18,Private,156950,HS-grad,9,Never-married,Adm-clerical,Own-child,White,Male,0,0,35,United-States,0
32,Private,160634,Bachelors,13,Married-civ-spouse,Farming-fishing,Husband,White,Male,0,0,60,United-States,0
67,Self-emp-not-inc,354405,HS-grad,9,Widowed,Other-service,Not-in-family,White,Female,0,0,20,United-States,0
34,Private,203488,Some-college,10,Married-civ-spouse,Transport-moving,Husband,White,Male,0,0,40,United-States,0
43,Private,320277,Bachelors,13,Married-civ-spouse,Exec-managerial,Husband,White,Male,0,0,40,United-States,0
20,Private,266015,Some-college,10,Never-married,Sales,Own-child,Black,Male,0,0,44,United-States,0
22,Private,190916,Some-college,10,Never-married,Tech-support,Own-child,White,Female,0,0,40,United-States,0
35,State-gov,349066,HS-grad,9,Divorced,Machine-op-inspct,Own-child,White,Male,0,0,40,United-States,0
50,Private,146429,HS-grad,9,Married-civ-spouse,Craft-repair,Husband,White,Male,0,0,40,United-States,0
27,Private,105817,Bachelors,13,Never-married,Craft-repair,Not-in-family,White,Male,0,0,45,United-States,0
22,Private,303822,10th,6,Never-married,Craft-repair,Own-child,White,Male,0,0,40,United-States,0
27,State-gov,142621,Bachelors,13,Never-married,Prof-specialty,Not-in-family,White,Female,4101,0,40,United-States,0
60,Private,198170,Some-college,10,Married-civ-spouse,Transport-moving,Husband,White,Male,0,0,40,United-States,1
46,Self-emp-inc,181413,Assoc-acdm,12,Married-civ-spouse,Exec-managerial,Wife,White,Female,0,0,40,United-States,0
32,Private,204374,Prof-school,15,Married-civ-spouse,Prof-specialty,Husband,White,Male,0,1977,60,United-States,1
30,Private,285295,Bachelors,13,Married-civ-spouse,Other-service,Wife,Asian-Pac-Islander,Female,0,0,40,Philippines,0
64,Local-gov,113324,HS-grad,9,Widowed,Exec-managerial,Not-in-family,White,Male,0,0,40,United-States,0
50,Private,108926,Some-college,10,Divorced,Machine-op-inspct,Not-in-family,Black,Female,0,0,40,United-States,0
40,Private,167919,HS-grad,9,Married-civ-spouse,Craft-repair,Husband,White,Male,0,0,40,United-States,0
41,Private,153031,Some-college,10,Married-civ-spouse,Sales,Husband,White,Male,0,0,65,United-States,1
33,Private,182423,HS-grad,9,Divorced,Other-service,Unmarried,Black,Male,0,0,40,United-States,0
45,Private,123681,HS-grad,9,Married-civ-spouse,Sales,Husband,White,Male,0,0,40,United-States,1
45,Self-emp-not-inc,160724,Bachelors,13,Married-civ-spouse,Exec-managerial,Husband,Asian-Pac-Islander,Male,0,0,45,China,1
51,Private,237630,HS-grad,9,Married-civ-spouse,Tech-support,Husband,White,Male,7298,0,50,United-States,1
32,Private,152940,Assoc-acdm,12,Never-married,Adm-clerical,Own-child,White,Male,0,0,30,United-States,0
23,Private,178272,Bachelors,13,Never-married,Prof-specialty,Not-in-family,White,Female,0,0,40,United-States,0
51,Private,100933,HS-grad,9,Never-married,Exec-managerial,Other-relative,White,Female,0,0,40,United-States,0
21,Private,240517,Some-college,10,Never-married,Machine-op-inspct,Own-child,White,Female,0,0,70,United-States,0
46,Private,360096,Bachelors,13,Married-civ-spouse,Exec-managerial,Husband,White,Male,15024,0,60,United-States,1
38,Private,22245,Assoc-voc,11,Married-civ-spouse,Craft-repair,Husband,White,Male,0,0,40,United-States,0
18,Private,446771,Some-college,10,Never-married,Adm-clerical,Own-child,White,Male,0,0,25,United-States,0
22,Self-emp-not-inc,143062,HS-grad,9,Never-married,Other-service,Own-child,White,Male,0,0,40,Greece,0
38,Private,172538,Bachelors,13,Married-civ-spouse,Tech-support,Husband,White,Male,0,1977,40,United-States,1
34,Private,228873,Bachelors,13,Never-married,Exec-managerial,Own-child,White,Male,0,0,40,United-States,0
42,Self-emp-inc,144236,Some-college,10,Never-married,Sales,Not-in-family,White,Male,0,0,60,United-States,0
65,Self-emp-inc,178771,HS-grad,9,Married-civ-spouse,Exec-managerial,Husband,White,Male,0,0,40,United-States,0
30,Self-emp-inc,119422,Some-college,10,Married-civ-spouse,Exec-managerial,Husband,White,Male,0,0,70,United-States,0
50,Private,175339,HS-grad,9,Married-civ-spouse,Handlers-cleaners,Husband,White,Male,0,0,40,United-States,1
44,Private,67671,Some-college,10,Married-civ-spouse,Handlers-cleaners,Husband,White,Male,0,0,40,United-States,0
41,Private,445382,Masters,14,Married-civ-spouse,Exec-managerial,Husband,White,Male,0,1977,65,United-States,1
61,Self-emp-not-inc,140300,HS-grad,9,Never-married,Sales,Not-in-family,White,Female,0,0,44,United-States,0
33,Private,178587,Some-college,10,Separated,Prof-specialty,Unmarried,White,Female,0,0,37,United-States,0
52,Private,124993,HS-grad,9,Never-married,Craft-repair,Own-child,White,Male,0,0,55,United-States,0
25,Private,76144,HS-grad,9,Never-married,Exec-managerial,Not-in-family,White,Male,0,0,50,United-States,0
23,Private,164231,11th,7,Separated,Prof-specialty,Own-child,White,Male,0,0,35,United-States,0
48,Federal-gov,110457,Some-college,10,Divorced,Exec-managerial,Not-in-family,White,Male,0,0,40,United-States,0
41,Self-emp-not-inc,97277,Assoc-voc,11,Divorced,Other-service,Unmarried,White,Female,0,0,10,United-States,0
53,Private,53812,Some-college,10,Widowed,Exec-managerial,Not-in-family,White,Female,0,0,54,United-States,0
22,Private,310380,HS-grad,9,Never-married,Adm-clerical,Unmarried,Black,Female,0,0,40,United-States,0
69,Self-emp-not-inc,128206,HS-grad,9,Married-civ-spouse,Tech-support,Husband,White,Male,0,0,30,United-States,0
18,Private,215190,12th,8,Never-married,Sales,Own-child,White,Female,0,0,20,United-States,0
36,Local-gov,113337,Some-college,10,Married-civ-spouse,Tech-support,Husband,White,Male,0,0,42,United-States,1
46,Private,190115,Some-college,10,Married-civ-spouse,Sales,Husband,White,Male,0,1887,40,United-States,1
51,Private,155408,HS-grad,9,Married-spouse-absent,Sales,Not-in-family,Black,Female,0,0,38,United-States,0
57,Private,199934,Bachelors,13,Married-civ-spouse,Exec-managerial,Husband,White,Male,0,0,40,United-States,1
57,Private,319733,Bachelors,13,Married-civ-spouse,Machine-op-inspct,Husband,White,Male,0,0,40,Poland,1
31,Local-gov,80058,HS-grad,9,Never-married,Machine-op-inspct,Own-child,White,Male,0,0,64,United-States,0
45,State-gov,36032,HS-grad,9,Divorced,Protective-serv,Unmarried,Black,Female,0,0,40,United-States,0
48,Private,182313,Some-college,10,Married-civ-spouse,Handlers-cleaners,Husband,White,Male,0,0,40,United-States,0
31,State-gov,350651,12th,8,Married-civ-spouse,Tech-support,Wife,White,Female,0,0,40,United-States,1
34,Private,112115,Prof-school,15,Married-civ-spouse,Prof-specialty,Husband,White,Male,0,1977,55,United-States,1
42,Private,176716,Masters,14,Never-married,Exec-managerial,Not-in-family,White,Male,0,0,40,United-States,1
28,Private,334368,Assoc-voc,11,Never-married,Prof-specialty,Not-in-family,White,Female,4650,0,40,United-States,0
46,Private,124733,Some-college,10,Married-civ-spouse,Craft-repair,Husband,Asian-Pac-Islander,Male,0,0,40,Vietnam,0
64,Private,102103,HS-grad,9,Divorced,Priv-house-serv,Not-in-family,White,Female,0,0,50,United-States,0
39,Private,103456,Bachelors,13,Married-civ-spouse,Adm-clerical,Husband,White,Male,0,0,45,United-States,1
50,Private,31014,HS-grad,9,Married-civ-spouse,Prof-specialty,Wife,White,Female,0,0,40,United-States,1
31,Local-gov,128016,Bachelors,13,Never-married,Sales,Own-child,White,Female,0,0,40,United-States,0
50,Private,171924,Bachelors,13,Married-civ-spouse,Prof-specialty,Husband,White,Male,0,0,43,United-States,1
40,Private,284303,Some-college,10,Married-civ-spouse,Exec-managerial,Wife,White,Female,7688,0,40,United-States,1
26,Local-gov,206721,Bachelors,13,Never-married,Protective-serv,Own-child,White,Male,0,0,40,United-States,0
26,Private,236068,Some-college,10,Never-married,Sales,Other-relative,White,Female,0,0,20,United-States,0
28,Private,335357,HS-grad,9,Never-married,Handlers-cleaners,Own-child,Black,Male,0,0,40,United-States,0
46,Self-emp-not-inc,182541,HS-grad,9,Married-civ-spouse,Farming-fishing,Husband,White,Male,0,1672,50,United-States,0
27,State-gov,280618,Masters,14,Never-married,Prof-specialty,Not-in-family,White,Male,0,0,40,United-States,0
49,Self-emp-inc,86701,Some-college,10,Married-civ-spouse,Craft-repair,Husband,Asian-Pac-Islander,Male,0,0,56,United-States,1
39,Private,191502,Assoc-voc,11,Married-civ-spouse,Craft-repair,Husband,White,Male,0,0,40,United-States,0
30,Self-emp-inc,127651,HS-grad,9,Married-civ-spouse,Craft-repair,Husband,White,Male,0,1887,48,United-States,1
56,Private,345730,Bachelors,13,Married-civ-spouse,Prof-specialty,Husband,White,Male,0,0,45,United-States,1
38,Private,161141,Some-college,10,Married-civ-spouse,Craft-repair,Husband,White,Male,0,0,48,United-States,1
58,Private,236596,Some-college,10,Married-civ-spouse,Exec-managerial,Husband,White,Male,0,0,40,United-States,1
23,Private,384651,Some-college,10,Married-civ-spouse,Handlers-cleaners,Husband,White,Male,0,0,40,United-States,0
49,Private,83622,Assoc-acdm,12,Separated,Adm-clerical,Not-in-family,White,Female,2597,0,40,United-States,0
21,Private,34616,Some-college,10,Never-married,Sales,Own-child,White,Female,0,0,20,United-States,0
23,Private,133239,Assoc-voc,11,Never-married,Tech-support,Not-in-family,White,Female,0,0,40,United-States,0
50,Private,217083,HS-grad,9,Married-civ-spouse,Adm-clerical,Wife,White,Female,0,0,40,United-States,1
33,Private,194901,Assoc-voc,11,Separated,Craft-repair,Not-in-family,White,Male,0,2444,42,United-States,1
65,Private,94552,Some-college,10,Divorced,Adm-clerical,Not-in-family,White,Female,0,0,40,United-States,0
33,Private,181091,10th,6,Divorced,Craft-repair,Not-in-family,White,Male,0,0,35,England,0
23,Private,139187,11th,7,Never-married,Handlers-cleaners,Own-child,White,Male,0,0,50,United-States,0
48,Private,105838,Bachelors,13,Married-civ-spouse,Exec-managerial,Husband,White,Male,0,0,45,United-States,1
32,Private,190228,HS-grad,9,Never-married,Other-service,Not-in-family,White,Male,0,0,60,United-States,0
46,Self-emp-not-inc,245724,Some-college,10,Divorced,Exec-managerial,Not-in-family,White,Male,0,0,50,United-States,0
31,Private,137952,Some-college,10,Married-civ-spouse,Other-service,Husband,Other,Male,0,0,40,Puerto-Rico,0
30,Local-gov,200892,Masters,14,Married-civ-spouse,Prof-specialty,Husband,White,Male,0,0,40,United-States,0
54,Private,315804,HS-grad,9,Divorced,Craft-repair,Not-in-family,White,Male,0,0,40,United-States,0
54,Private,343242,Some-college,10,Married-civ-spouse,Exec-managerial,Husband,White,Male,0,0,44,United-States,1
32,Private,294121,Assoc-acdm,12,Divorced,Machine-op-inspct,Not-in-family,White,Female,0,0,50,United-States,0
29,Self-emp-not-inc,125190,HS-grad,9,Married-civ-spouse,Craft-repair,Husband,White,Male,0,0,40,United-States,0
30,Private,164190,Assoc-voc,11,Married-civ-spouse,Prof-specialty,Husband,White,Male,5178,0,52,United-States,1
44,Self-emp-inc,118212,Bachelors,13,Married-civ-spouse,Exec-managerial,Husband,White,Male,99999,0,70,United-States,1
39,Self-emp-not-inc,109766,Prof-school,15,Married-civ-spouse,Prof-specialty,Husband,White,Male,15024,0,50,United-States,1
41,Private,221947,Some-college,10,Married-civ-spouse,Craft-repair,Husband,White,Male,0,0,56,United-States,1
45,Self-emp-inc,120131,HS-grad,9,Married-civ-spouse,Craft-repair,Husband,White,Male,0,0,50,United-States,1
27,State-gov,23740,HS-grad,9,Never-married,Transport-moving,Not-in-family,Amer-Indian-Eskimo,Male,0,0,38,United-States,1
25,Private,212495,Bachelors,13,Never-married,Exec-managerial,Own-child,White,Male,0,1340,40,United-States,0
46,Local-gov,160187,Masters,14,Widowed,Exec-managerial,Unmarried,Black,Female,0,0,35,United-States,0
53,Private,374588,HS-grad,9,Married-civ-spouse,Transport-moving,Husband,Black,Male,0,0,60,United-States,0
40,Private,51290,Masters,14,Married-civ-spouse,Prof-specialty,Husband,White,Male,0,0,50,United-States,1
36,State-gov,183735,Masters,14,Married-civ-spouse,Prof-specialty,Husband,White,Male,0,0,40,United-States,1
43,Private,306440,Prof-school,15,Never-married,Prof-specialty,Not-in-family,White,Male,0,0,66,France,0
46,Self-emp-inc,201865,Prof-school,15,Married-civ-spouse,Prof-specialty,Husband,White,Male,0,0,60,United-States,1
44,Local-gov,241851,Assoc-voc,11,Married-civ-spouse,Transport-moving,Husband,White,Male,4386,0,40,United-States,1
46,Private,218329,Some-college,10,Never-married,Craft-repair,Own-child,White,Male,0,0,40,United-States,0
39,Private,337898,Bachelors,13,Divorced,Exec-managerial,Not-in-family,White,Male,0,0,55,United-States,0
33,Private,222654,Bachelors,13,Never-married,Prof-specialty,Not-in-family,White,Male,0,0,40,United-States,0
65,Private,113323,Assoc-acdm,12,Married-civ-spouse,Exec-managerial,Husband,White,Male,3818,0,40,United-States,0
41,Local-gov,248406,HS-grad,9,Separated,Transport-moving,Own-child,White,Male,0,0,40,United-States,0
53,Private,288353,Bachelors,13,Married-civ-spouse,Exec-managerial,Husband,White,Male,0,0,40,United-States,1
35,Private,285102,Masters,14,Never-married,Prof-specialty,Not-in-family,Asian-Pac-Islander,Female,0,0,40,Taiwan,1
28,Private,57066,HS-grad,9,Married-civ-spouse,Transport-moving,Husband,White,Male,0,0,40,United-States,0
34,Private,157747,HS-grad,9,Married-civ-spouse,Transport-moving,Husband,White,Male,0,0,45,United-States,0
76,Self-emp-not-inc,174309,Masters,14,Married-civ-spouse,Craft-repair,Husband,White,Male,0,0,10,United-States,0
19,Private,125591,11th,7,Never-married,Other-service,Not-in-family,White,Female,0,0,40,United-States,0
23,State-gov,101094,Some-college,10,Never-married,Protective-serv,Own-child,White,Male,0,0,60,United-States,0
41,Local-gov,174575,HS-grad,9,Married-civ-spouse,Craft-repair,Husband,White,Male,0,0,40,United-States,0
31,Private,157886,Some-college,10,Married-civ-spouse,Other-service,Wife,White,Female,0,0,40,United-States,0
41,Private,213019,Assoc-voc,11,Married-civ-spouse,Tech-support,Wife,White,Female,0,0,38,United-States,1
36,Private,187983,Bachelors,13,Married-civ-spouse,Prof-specialty,Wife,White,Female,0,0,40,United-States,0
37,Private,77820,Bachelors,13,Married-civ-spouse,Exec-managerial,Husband,White,Male,0,0,50,United-States,1
42,Private,184105,Some-college,10,Never-married,Farming-fishing,Not-in-family,White,Male,0,0,28,United-States,0
29,Private,176760,Prof-school,15,Never-married,Prof-specialty,Not-in-family,Asian-Pac-Islander,Male,0,0,55,United-States,0
56,Private,192869,HS-grad,9,Married-civ-spouse,Machine-op-inspct,Husband,White,Male,0,0,40,United-States,1
28,Private,55360,Some-college,10,Never-married,Sales,Not-in-family,Black,Male,0,0,50,United-States,0
24,Private,216129,HS-grad,9,Never-married,Craft-repair,Own-child,White,Male,0,1408,50,United-States,0
61,Private,162397,Bachelors,13,Married-civ-spouse,Sales,Husband,White,Male,0,0,40,United-States,1
26,Self-emp-not-inc,189238,Some-college,10,Never-married,Prof-specialty,Not-in-family,White,Female,0,0,4,Mexico,0
36,Private,152307,HS-grad,9,Married-civ-spouse,Machine-op-inspct,Husband,White,Male,0,0,40,United-States,0
29,Self-emp-not-inc,181466,HS-grad,9,Married-civ-spouse,Sales,Husband,White,Male,0,0,35,United-States,0
32,Private,231263,Some-college,10,Married-civ-spouse,Machine-op-inspct,Husband,White,Male,0,0,50,United-States,0
30,Private,267161,Some-college,10,Married-civ-spouse,Tech-support,Wife,Black,Female,0,0,45,United-States,0
52,Private,94988,5th-6th,3,Never-married,Handlers-cleaners,Not-in-family,White,Male,0,0,50,United-States,0
35,Private,272019,11th,7,Married-civ-spouse,Craft-repair,Husband,White,Male,0,2057,40,United-States,0
19,Private,139466,Some-college,10,Never-married,Sales,Own-child,White,Female,0,0,25,United-States,0
33,Self-emp-not-inc,235271,Some-college,10,Never-married,Other-service,Not-in-family,White,Male,0,0,35,United-States,0
18,Private,168740,11th,7,Never-married,Handlers-cleaners,Own-child,White,Male,0,0,30,United-States,0
47,Private,230136,HS-grad,9,Married-civ-spouse,Other-service,Husband,Black,Male,0,0,60,United-States,1
18,Private,156764,11th,7,Never-married,Other-service,Own-child,White,Male,0,0,40,United-States,0
18,Private,294253,HS-grad,9,Never-married,Other-service,Own-child,White,Female,0,0,27,United-States,0
29,Private,36601,Bachelors,13,Never-married,Prof-specialty,Not-in-family,White,Female,0,0,50,United-States,0
42,Self-emp-not-inc,24763,Doctorate,16,Married-civ-spouse,Prof-specialty,Husband,White,Male,15024,0,40,United-States,1
33,Private,183557,Assoc-acdm,12,Never-married,Prof-specialty,Not-in-family,White,Female,0,0,40,United-States,0
69,Private,197080,HS-grad,9,Widowed,Adm-clerical,Unmarried,White,Male,0,0,8,United-States,0
40,Private,132222,Some-college,10,Married-civ-spouse,Machine-op-inspct,Husband,White,Male,4386,0,50,United-States,1
25,Private,137301,Assoc-acdm,12,Never-married,Prof-specialty,Own-child,White,Female,0,0,40,United-States,0
47,Private,408788,Assoc-voc,11,Married-civ-spouse,Prof-specialty,Husband,White,Male,0,0,40,United-States,1
30,Private,84119,Some-college,10,Married-civ-spouse,Craft-repair,Husband,White,Male,0,2051,40,United-States,0
58,Private,119558,HS-grad,9,Married-civ-spouse,Exec-managerial,Husband,White,Male,0,0,50,United-States,1
43,Federal-gov,214541,Some-college,10,Married-civ-spouse,Exec-managerial,Husband,White,Male,0,0,40,United-States,1
33,Self-emp-inc,374905,HS-grad,9,Married-civ-spouse,Sales,Husband,White,Male,0,0,50,United-States,1
27,Private,97490,Some-college,10,Divorced,Craft-repair,Unmarried,White,Female,0,0,40,United-States,0
39,Private,365739,HS-grad,9,Married-civ-spouse,Craft-repair,Husband,White,Male,0,0,40,United-States,1
43,Private,96483,HS-grad,9,Divorced,Other-service,Own-child,Asian-Pac-Islander,Female,0,0,40,South,0
72,Private,192732,HS-grad,9,Married-civ-spouse,Handlers-cleaners,Husband,White,Male,0,0,20,United-States,0
54,Self-emp-inc,383365,Bachelors,13,Married-civ-spouse,Sales,Husband,White,Male,0,0,70,United-States,1
36,Private,127573,HS-grad,9,Separated,Adm-clerical,Not-in-family,White,Female,0,0,38,United-States,0
28,Private,115464,HS-grad,9,Never-married,Other-service,Own-child,Black,Female,0,0,40,United-States,0
26,Local-gov,72594,Some-college,10,Married-civ-spouse,Protective-serv,Husband,White,Male,0,0,55,United-States,1
31,Local-gov,189843,HS-grad,9,Divorced,Protective-serv,Not-in-family,White,Male,0,0,47,United-States,1
22,State-gov,311512,Some-college,10,Married-civ-spouse,Other-service,Husband,Black,Male,0,0,15,United-States,0
28,Private,184078,12th,8,Divorced,Machine-op-inspct,Not-in-family,White,Female,0,0,40,United-States,0
77,Self-emp-not-inc,209507,Some-college,10,Never-married,Craft-repair,Not-in-family,White,Male,0,0,40,United-States,0
37,Private,178948,Bachelors,13,Never-married,Prof-specialty,Not-in-family,White,Female,0,0,45,United-States,0
39,State-gov,326566,Some-college,10,Never-married,Transport-moving,Own-child,Black,Male,0,0,40,United-States,0
26,Private,98155,HS-grad,9,Married-civ-spouse,Exec-managerial,Husband,White,Male,0,0,40,United-States,0
37,Self-emp-not-inc,348739,Prof-school,15,Married-civ-spouse,Prof-specialty,Husband,White,Male,0,0,50,United-States,1
28,Private,81540,HS-grad,9,Never-married,Handlers-cleaners,Not-in-family,White,Male,0,0,40,United-States,0
46,Local-gov,162566,Masters,14,Divorced,Prof-specialty,Unmarried,White,Female,0,0,50,Canada,0
24,Private,191954,Some-college,10,Never-married,Machine-op-inspct,Not-in-family,White,Male,0,0,40,United-States,0
41,Private,182108,Doctorate,16,Never-married,Machine-op-inspct,Not-in-family,White,Female,0,0,40,United-States,1
42,Private,165599,HS-grad,9,Married-civ-spouse,Handlers-cleaners,Husband,White,Male,0,0,40,United-States,1
23,Private,210474,Some-college,10,Never-married,Other-service,Own-child,White,Female,0,0,30,United-States,0
33,Federal-gov,293550,Some-college,10,Married-civ-spouse,Tech-support,Wife,White,Female,4064,0,40,United-States,0
42,Private,319016,HS-grad,9,Married-civ-spouse,Transport-moving,Husband,White,Male,2885,0,45,United-States,0
61,Private,110920,10th,6,Married-civ-spouse,Sales,Husband,White,Male,0,0,40,United-States,0
37,Private,117381,HS-grad,9,Married-civ-spouse,Tech-support,Husband,White,Male,0,0,80,United-States,1
45,Private,77764,Assoc-acdm,12,Married-civ-spouse,Craft-repair,Husband,White,Male,0,0,40,United-States,0
45,Local-gov,119199,Assoc-acdm,12,Divorced,Prof-specialty,Unmarried,White,Female,0,0,48,United-States,0
39,Private,49436,Assoc-acdm,12,Divorced,Prof-specialty,Unmarried,White,Female,0,1380,40,United-States,0
21,Private,225890,Some-college,10,Never-married,Other-service,Other-relative,White,Female,0,0,30,United-States,0
28,Private,142764,HS-grad,9,Never-married,Machine-op-inspct,Not-in-family,White,Male,0,0,48,United-States,0
48,Private,185039,HS-grad,9,Divorced,Sales,Unmarried,White,Female,0,0,30,United-States,0
42,Federal-gov,172307,HS-grad,9,Married-civ-spouse,Adm-clerical,Husband,White,Male,0,0,48,United-States,1
50,Self-emp-not-inc,170562,Assoc-acdm,12,Married-civ-spouse,Protective-serv,Husband,White,Male,0,0,20,United-States,0
77,Local-gov,144608,HS-grad,9,Married-civ-spouse,Exec-managerial,Husband,White,Male,0,0,6,United-States,0
50,Private,185407,Assoc-voc,11,Married-civ-spouse,Tech-support,Husband,White,Male,0,0,38,United-States,1
38,State-gov,31352,Some-college,10,Divorced,Protective-serv,Unmarried,Amer-Indian-Eskimo,Female,0,0,40,United-States,1
26,Private,276548,HS-grad,9,Married-civ-spouse,Sales,Wife,White,Female,0,0,20,United-States,0
23,Private,149704,HS-grad,9,Never-married,Adm-clerical,Own-child,White,Female,0,0,40,United-States,0
60,Private,63296,Masters,14,Divorced,Prof-specialty,Other-relative,Black,Male,0,0,40,United-States,0
34,Private,101345,Bachelors,13,Married-civ-spouse,Sales,Wife,White,Female,0,0,40,United-States,1
41,Private,173370,Bachelors,13,Separated,Sales,Unmarried,White,Female,0,0,30,United-States,0
33,Private,220860,HS-grad,9,Divorced,Transport-moving,Not-in-family,White,Male,0,0,45,United-States,0
36,Private,105021,Bachelors,13,Married-civ-spouse,Prof-specialty,Husband,White,Male,0,0,55,United-States,0
40,Self-emp-not-inc,27242,HS-grad,9,Married-civ-spouse,Farming-fishing,Husband,White,Male,0,0,84,United-States,0
39,Private,184128,11th,7,Divorced,Sales,Other-relative,White,Female,0,0,40,United-States,0
38,Private,65324,Prof-school,15,Married-civ-spouse,Prof-specialty,Husband,White,Male,0,0,40,United-States,1
50,Private,344621,HS-grad,9,Divorced,Machine-op-inspct,Not-in-family,White,Female,0,0,40,United-States,0
31,Private,84130,Some-college,10,Married-civ-spouse,Adm-clerical,Husband,White,Male,0,0,50,United-States,1
52,Private,110954,HS-grad,9,Married-civ-spouse,Craft-repair,Husband,White,Male,0,0,45,El-Salvador,1
41,Private,132222,Prof-school,15,Married-civ-spouse,Prof-specialty,Husband,White,Male,0,2415,40,United-States,1
34,Self-emp-not-inc,198664,Bachelors,13,Married-civ-spouse,Craft-repair,Husband,Asian-Pac-Islander,Male,15024,0,70,South,1
42,Local-gov,267138,Some-college,10,Married-civ-spouse,Craft-repair,Husband,Black,Male,0,0,40,United-States,0
60,Local-gov,204062,Masters,14,Married-civ-spouse,Prof-specialty,Husband,White,Male,0,0,48,United-States,1
31,Private,377850,HS-grad,9,Married-civ-spouse,Craft-repair,Husband,White,Male,0,0,65,United-States,0
24,Self-emp-not-inc,236769,7th-8th,4,Married-civ-spouse,Craft-repair,Husband,White,Male,0,0,40,United-States,0
46,Private,326857,Masters,14,Married-civ-spouse,Sales,Husband,White,Male,0,2415,65,United-States,1
53,Self-emp-inc,136823,11th,7,Widowed,Exec-managerial,Not-in-family,White,Female,0,0,30,United-States,0
31,Private,163003,Assoc-acdm,12,Never-married,Prof-specialty,Other-relative,Asian-Pac-Islander,Female,0,0,40,Philippines,0
84,Self-emp-inc,172907,Some-college,10,Married-civ-spouse,Sales,Husband,White,Male,0,0,35,United-States,1
26,Self-emp-not-inc,281678,Assoc-voc,11,Married-civ-spouse,Farming-fishing,Husband,White,Male,0,0,55,United-States,0
40,Private,76487,HS-grad,9,Married-civ-spouse,Machine-op-inspct,Husband,White,Male,0,0,40,United-States,0
42,Self-emp-not-inc,373403,HS-grad,9,Married-civ-spouse,Farming-fishing,Husband,White,Male,0,0,50,United-States,0
34,State-gov,154246,Bachelors,13,Divorced,Prof-specialty,Not-in-family,White,Male,4865,0,55,United-States,0
24,Private,183594,Assoc-voc,11,Never-married,Craft-repair,Own-child,White,Male,0,0,20,United-States,0
53,Private,209906,1st-4th,2,Married-civ-spouse,Other-service,Husband,Black,Male,0,0,35,Puerto-Rico,0
53,Private,191025,Some-college,10,Divorced,Adm-clerical,Not-in-family,White,Female,0,0,43,United-States,0
44,Private,215468,Bachelors,13,Separated,Machine-op-inspct,Unmarried,Black,Female,0,0,7,United-States,0
22,Private,344176,HS-grad,9,Never-married,Sales,Unmarried,White,Male,0,0,20,United-States,0
36,Private,154835,HS-grad,9,Separated,Adm-clerical,Own-child,Asian-Pac-Islander,Female,0,0,40,Philippines,0
45,Private,289353,HS-grad,9,Married-civ-spouse,Transport-moving,Husband,Black,Male,0,0,24,United-States,0
53,Private,49715,HS-grad,9,Divorced,Transport-moving,Unmarried,White,Male,0,0,40,United-States,0
28,Private,198258,Assoc-voc,11,Married-civ-spouse,Sales,Husband,White,Male,0,0,40,United-States,0
29,Private,136277,10th,6,Never-married,Other-service,Own-child,Black,Female,0,0,32,United-States,0
28,Private,350254,1st-4th,2,Never-married,Priv-house-serv,Not-in-family,White,Female,0,0,40,Mexico,0
18,Private,184016,11th,7,Never-married,Sales,Own-child,White,Female,0,0,20,United-States,0
25,Private,248990,1st-4th,2,Never-married,Machine-op-inspct,Not-in-family,White,Male,0,0,24,Mexico,0
37,Private,86150,Bachelors,13,Married-civ-spouse,Other-service,Wife,Asian-Pac-Islander,Female,0,0,30,United-States,1
34,Private,213887,Some-college,10,Married-civ-spouse,Craft-repair,Husband,White,Male,0,0,40,United-States,0
56,Private,98809,7th-8th,4,Married-civ-spouse,Machine-op-inspct,Wife,White,Female,5013,0,45,United-States,0
41,Private,138907,HS-grad,9,Divorced,Priv-house-serv,Other-relative,Black,Female,0,0,40,United-States,0
23,Private,60847,Assoc-voc,11,Never-married,Sales,Unmarried,White,Female,0,0,60,United-States,0
28,Private,214689,Bachelors,13,Never-married,Handlers-cleaners,Other-relative,White,Male,0,0,25,United-States,0
53,Private,22154,Some-college,10,Married-civ-spouse,Craft-repair,Husband,White,Male,0,0,40,United-States,0
40,Private,155190,10th,6,Never-married,Craft-repair,Other-relative,Black,Male,0,0,55,United-States,0
19,Private,571853,HS-grad,9,Never-married,Other-service,Own-child,White,Male,0,0,30,United-States,0
42,Private,223548,7th-8th,4,Married-civ-spouse,Handlers-cleaners,Husband,White,Male,0,0,30,Mexico,0
32,Federal-gov,42900,Prof-school,15,Married-civ-spouse,Prof-specialty,Husband,White,Male,15024,0,50,United-States,1
24,Private,190457,Some-college,10,Never-married,Adm-clerical,Own-child,White,Female,0,0,40,United-States,0
24,Private,123983,11th,7,Married-civ-spouse,Transport-moving,Husband,Asian-Pac-Islander,Male,0,0,40,Vietnam,0
21,Private,99199,HS-grad,9,Never-married,Machine-op-inspct,Own-child,White,Male,0,0,32,United-States,0
37,Private,267085,Some-college,10,Married-civ-spouse,Adm-clerical,Husband,White,Male,0,0,40,United-States,0
28,Local-gov,356089,Bachelors,13,Never-married,Prof-specialty,Other-relative,White,Male,0,0,50,United-States,0
20,Private,293726,Some-college,10,Never-married,Craft-repair,Not-in-family,White,Male,0,0,40,United-States,0
24,Private,176389,HS-grad,9,Married-civ-spouse,Craft-repair,Husband,White,Male,0,0,40,United-States,0
50,Self-emp-inc,52565,Some-college,10,Married-civ-spouse,Sales,Husband,White,Male,0,1485,40,United-States,0
41,Federal-gov,130760,Bachelors,13,Married-civ-spouse,Tech-support,Husband,White,Male,0,0,24,United-States,0
62,Federal-gov,209433,HS-grad,9,Married-civ-spouse,Adm-clerical,Husband,Black,Male,0,0,40,United-States,0
23,Private,107882,Bachelors,13,Never-married,Adm-clerical,Own-child,White,Female,0,0,40,United-States,0
45,Private,329603,Doctorate,16,Married-civ-spouse,Prof-specialty,Husband,White,Male,0,0,40,Poland,1
18,Private,41381,HS-grad,9,Never-married,Sales,Own-child,White,Female,0,1602,20,United-States,0
38,Private,174242,Some-college,10,Married-civ-spouse,Tech-support,Husband,White,Male,0,0,40,United-States,1
43,Private,336513,Some-college,10,Married-civ-spouse,Exec-managerial,Husband,White,Male,0,1902,40,United-States,1
51,Private,22211,Masters,14,Married-civ-spouse,Prof-specialty,Husband,White,Male,0,1902,60,United-States,1
34,Self-emp-inc,198613,HS-grad,9,Married-civ-spouse,Exec-managerial,Husband,White,Male,0,2002,40,United-States,0
42,Private,259757,Bachelors,13,Divorced,Prof-specialty,Unmarried,White,Male,0,653,50,United-States,1
58,Local-gov,237879,Bachelors,13,Married-civ-spouse,Prof-specialty,Husband,White,Male,0,0,58,United-States,0
37,Private,186434,HS-grad,9,Married-civ-spouse,Other-service,Husband,Black,Male,0,0,40,United-States,1
43,Private,117915,Masters,14,Never-married,Adm-clerical,Not-in-family,White,Male,0,0,40,United-States,0
42,Private,230624,10th,6,Never-married,Transport-moving,Unmarried,White,Male,0,0,40,United-States,1
41,Private,178983,HS-grad,9,Married-civ-spouse,Adm-clerical,Wife,White,Female,0,0,40,United-States,0
36,Private,266461,HS-grad,9,Never-married,Transport-moving,Own-child,Black,Male,0,0,48,United-States,0
18,Private,177648,HS-grad,9,Never-married,Sales,Own-child,White,Female,0,0,25,United-States,0
39,Private,203204,Assoc-acdm,12,Married-civ-spouse,Adm-clerical,Wife,White,Female,0,0,25,United-States,1
30,Private,382368,HS-grad,9,Married-civ-spouse,Handlers-cleaners,Husband,White,Male,0,0,40,United-States,0
41,Private,131591,HS-grad,9,Married-civ-spouse,Adm-clerical,Husband,Black,Male,0,0,45,United-States,0
31,Private,144064,HS-grad,9,Married-civ-spouse,Craft-repair,Husband,White,Male,0,0,48,United-States,1
45,Self-emp-not-inc,142871,Some-college,10,Separated,Sales,Unmarried,White,Male,0,0,50,United-States,0
26,Private,103700,Some-college,10,Never-married,Tech-support,Own-child,White,Female,0,0,40,United-States,0
48,Federal-gov,435503,Masters,14,Married-civ-spouse,Prof-specialty,Husband,White,Male,0,0,40,United-States,1
35,Private,338611,Some-college,10,Divorced,Adm-clerical,Unmarried,White,Female,0,0,40,United-States,0
46,Self-emp-not-inc,140121,HS-grad,9,Divorced,Craft-repair,Own-child,White,Male,0,0,50,United-States,0
34,Private,101345,HS-grad,9,Married-civ-spouse,Other-service,Wife,White,Female,0,0,40,United-States,1
52,Private,145081,7th-8th,4,Never-married,Machine-op-inspct,Not-in-family,Black,Female,0,0,40,United-States,0
56,Private,156052,HS-grad,9,Widowed,Other-service,Unmarried,Black,Female,594,0,20,United-States,0
33,Private,311194,11th,7,Never-married,Sales,Unmarried,Black,Female,0,0,17,United-States,0
32,Federal-gov,90653,HS-grad,9,Never-married,Exec-managerial,Unmarried,White,Female,0,1380,40,United-States,0
65,Self-emp-not-inc,22907,7th-8th,4,Married-civ-spouse,Farming-fishing,Husband,White,Male,0,0,40,United-States,0
31,Private,174201,Assoc-acdm,12,Married-civ-spouse,Exec-managerial,Husband,White,Male,0,0,40,United-States,0
52,Private,91048,HS-grad,9,Divorced,Machine-op-inspct,Own-child,Black,Female,0,0,35,United-States,0
42,Private,230684,HS-grad,9,Married-civ-spouse,Sales,Husband,White,Male,5178,0,50,United-States,1
52,Self-emp-inc,100506,Some-college,10,Married-civ-spouse,Sales,Husband,White,Male,15024,0,50,United-States,1
40,Private,175398,Assoc-voc,11,Divorced,Prof-specialty,Not-in-family,White,Female,0,0,20,United-States,0
30,Local-gov,363032,HS-grad,9,Married-civ-spouse,Protective-serv,Husband,Black,Male,0,0,40,United-States,0
28,Private,183780,HS-grad,9,Married-civ-spouse,Transport-moving,Husband,White,Male,0,1740,40,United-States,0
44,State-gov,175696,Bachelors,13,Married-civ-spouse,Exec-managerial,Husband,White,Male,0,0,40,United-States,1
55,Private,83401,5th-6th,3,Widowed,Machine-op-inspct,Unmarried,White,Female,0,0,40,United-States,0
45,Private,247043,11th,7,Married-civ-spouse,Craft-repair,Husband,White,Male,0,0,42,United-States,0
35,Private,280966,Some-college,10,Married-civ-spouse,Sales,Husband,White,Male,0,0,40,United-States,0
32,Private,177792,Bachelors,13,Divorced,Exec-managerial,Not-in-family,White,Female,0,0,48,United-States,1
39,Local-gov,112284,Masters,14,Divorced,Prof-specialty,Not-in-family,White,Female,0,0,40,United-States,0
23,Private,26248,HS-grad,9,Never-married,Adm-clerical,Own-child,White,Female,0,0,40,United-States,0
53,Private,151580,Some-college,10,Married-civ-spouse,Prof-specialty,Husband,White,Male,15024,0,40,United-States,1
38,Self-emp-not-inc,164526,Prof-school,15,Never-married,Prof-specialty,Not-in-family,White,Male,0,2824,45,United-States,1
18,Private,192409,12th,8,Never-married,Other-service,Own-child,White,Female,0,0,25,United-States,0
59,Self-emp-not-inc,75804,HS-grad,9,Married-civ-spouse,Farming-fishing,Husband,White,Male,0,0,65,United-States,1
30,Private,70377,HS-grad,9,Divorced,Prof-specialty,Own-child,White,Female,0,0,40,United-States,0
23,Private,102942,Bachelors,13,Never-married,Prof-specialty,Own-child,White,Female,0,2258,40,United-States,1
21,Private,177711,HS-grad,9,Never-married,Transport-moving,Own-child,Black,Male,0,0,40,United-States,0
37,Private,179481,Bachelors,13,Married-civ-spouse,Machine-op-inspct,Husband,White,Male,0,0,40,United-States,1
51,Local-gov,240358,HS-grad,9,Married-civ-spouse,Protective-serv,Husband,White,Male,0,0,40,United-States,1
44,Private,62258,11th,7,Never-married,Other-service,Not-in-family,White,Female,0,0,40,United-States,0
22,Private,54825,HS-grad,9,Never-married,Sales,Not-in-family,White,Male,0,0,40,United-States,0
65,Self-emp-inc,66360,11th,7,Married-civ-spouse,Exec-managerial,Husband,White,Male,6418,0,35,United-States,1
30,Private,151989,Assoc-voc,11,Married-civ-spouse,Tech-support,Wife,White,Female,0,0,40,United-States,0
19,Private,229756,HS-grad,9,Never-married,Sales,Own-child,White,Male,0,0,50,United-States,0
22,Private,333158,HS-grad,9,Never-married,Machine-op-inspct,Not-in-family,White,Female,0,0,48,United-States,0
43,Private,184378,Bachelors,13,Never-married,Prof-specialty,Not-in-family,White,Male,0,0,40,United-States,0
65,Private,169047,HS-grad,9,Never-married,Machine-op-inspct,Not-in-family,White,Male,0,0,10,United-States,0
34,Private,175413,Assoc-acdm,12,Divorced,Sales,Unmarried,Black,Female,0,0,45,United-States,0
17,Private,115551,11th,7,Never-married,Other-service,Own-child,White,Female,0,0,20,United-States,0
52,Private,167794,Doctorate,16,Married-civ-spouse,Exec-managerial,Husband,White,Male,0,0,38,United-States,1
28,Private,309566,HS-grad,9,Never-married,Adm-clerical,Unmarried,White,Female,0,0,20,United-States,0
54,Self-emp-not-inc,83311,Prof-school,15,Married-civ-spouse,Prof-specialty,Husband,White,Male,0,0,30,United-States,1
51,Private,71046,Some-college,10,Divorced,Exec-managerial,Unmarried,White,Male,0,0,45,Scotland,0
52,Private,145879,Some-college,10,Married-civ-spouse,Sales,Husband,White,Male,0,0,65,United-States,0
37,Private,308691,Bachelors,13,Married-civ-spouse,Craft-repair,Husband,White,Male,0,0,45,United-States,1
30,Private,101283,Some-college,10,Never-married,Other-service,Not-in-family,White,Female,0,0,40,United-States,0
47,Private,151584,HS-grad,9,Divorced,Sales,Own-child,White,Male,0,1876,40,United-States,0
41,Self-emp-not-inc,112362,HS-grad,9,Married-civ-spouse,Farming-fishing,Husband,White,Male,0,0,38,United-States,0
32,Private,36467,Assoc-acdm,12,Married-civ-spouse,Adm-clerical,Husband,White,Male,0,0,45,United-States,1
39,Private,203070,Assoc-voc,11,Married-civ-spouse,Handlers-cleaners,Husband,White,Male,0,0,49,United-States,0
29,Private,236436,Assoc-acdm,12,Never-married,Prof-specialty,Not-in-family,White,Female,8614,0,40,United-States,1
67,Self-emp-inc,76860,HS-grad,9,Married-civ-spouse,Exec-managerial,Husband,Asian-Pac-Islander,Male,0,0,40,United-States,1
29,Local-gov,190330,Some-college,10,Never-married,Other-service,Own-child,White,Female,0,0,10,United-States,0
18,Private,217743,11th,7,Never-married,Sales,Own-child,White,Female,0,0,40,United-States,0
39,Private,206074,Bachelors,13,Married-civ-spouse,Prof-specialty,Husband,White,Male,0,0,45,United-States,1
26,Private,139098,Masters,14,Married-civ-spouse,Prof-specialty,Husband,White,Male,5013,0,40,United-States,0
34,Local-gov,325792,Some-college,10,Married-civ-spouse,Craft-repair,Husband,White,Male,0,0,40,United-States,0
58,Private,132606,5th-6th,3,Divorced,Machine-op-inspct,Not-in-family,Black,Male,0,0,40,United-States,0
33,Private,191335,Assoc-acdm,12,Married-civ-spouse,Craft-repair,Husband,White,Male,0,1902,50,United-States,1
31,Private,94235,Bachelors,13,Married-civ-spouse,Craft-repair,Husband,White,Male,0,0,46,United-States,0
49,Private,200471,1st-4th,2,Married-civ-spouse,Craft-repair,Husband,White,Male,0,0,40,Portugal,0
18,Self-emp-not-inc,258474,10th,6,Never-married,Farming-fishing,Own-child,White,Male,0,0,40,United-States,0
49,Private,225454,Assoc-acdm,12,Married-civ-spouse,Prof-specialty,Husband,White,Male,0,0,45,United-States,1
29,Private,126208,HS-grad,9,Married-civ-spouse,Machine-op-inspct,Husband,Black,Male,0,0,40,United-States,0
36,Private,258102,HS-grad,9,Never-married,Handlers-cleaners,Not-in-family,White,Male,0,0,40,United-States,0
36,Private,347491,Bachelors,13,Married-civ-spouse,Exec-managerial,Husband,White,Male,0,0,50,United-States,1
37,Private,147638,Bachelors,13,Separated,Other-service,Unmarried,Asian-Pac-Islander,Female,0,0,36,Philippines,0
46,Private,155664,Some-college,10,Never-married,Handlers-cleaners,Not-in-family,White,Male,0,0,40,United-States,0
19,Private,165310,HS-grad,9,Married-civ-spouse,Machine-op-inspct,Other-relative,White,Male,0,0,20,United-States,0
35,Private,287658,Assoc-acdm,12,Never-married,Transport-moving,Not-in-family,Black,Male,0,0,30,Jamaica,0
20,Private,385077,12th,8,Never-married,Machine-op-inspct,Own-child,White,Male,0,0,40,United-States,0
41,Private,202872,10th,6,Married-spouse-absent,Craft-repair,Not-in-family,White,Female,0,0,40,United-States,0
52,Local-gov,378045,HS-grad,9,Divorced,Adm-clerical,Not-in-family,White,Female,0,0,45,United-States,0
26,Private,366219,HS-grad,9,Married-civ-spouse,Craft-repair,Husband,Black,Male,0,1848,60,United-States,1
59,Private,70720,Bachelors,13,Divorced,Sales,Not-in-family,White,Male,0,0,55,United-States,1
30,Private,182771,Masters,14,Married-civ-spouse,Prof-specialty,Husband,Asian-Pac-Islander,Male,0,0,40,United-States,1
18,Private,115215,HS-grad,9,Never-married,Other-service,Own-child,White,Male,0,0,25,United-States,0
51,State-gov,226885,HS-grad,9,Never-married,Transport-moving,Not-in-family,White,Male,0,0,40,United-States,0
28,Private,54243,HS-grad,9,Divorced,Transport-moving,Not-in-family,White,Male,0,0,60,United-States,0
22,State-gov,48121,Some-college,10,Married-civ-spouse,Other-service,Husband,White,Male,0,0,25,United-States,0
37,Federal-gov,45937,Assoc-acdm,12,Married-civ-spouse,Exec-managerial,Wife,White,Female,0,0,40,United-States,1
37,Private,210438,11th,7,Never-married,Handlers-cleaners,Not-in-family,Black,Male,0,0,40,United-States,0
31,Private,487742,Some-college,10,Separated,Sales,Unmarried,White,Female,0,0,40,United-States,0
35,Private,114605,HS-grad,9,Divorced,Handlers-cleaners,Not-in-family,White,Male,0,0,25,United-States,0
45,Private,329144,Some-college,10,Married-civ-spouse,Sales,Husband,White,Male,0,0,40,United-States,1
55,Private,163083,Bachelors,13,Separated,Exec-managerial,Not-in-family,White,Male,14084,0,45,United-States,1
34,Private,214288,HS-grad,9,Never-married,Craft-repair,Own-child,White,Male,0,0,40,United-States,0
24,Private,336088,HS-grad,9,Divorced,Exec-managerial,Not-in-family,Amer-Indian-Eskimo,Female,0,0,50,United-States,0
53,Private,223660,HS-grad,9,Widowed,Machine-op-inspct,Not-in-family,White,Male,6849,0,40,United-States,0
47,Private,280483,HS-grad,9,Separated,Craft-repair,Unmarried,Black,Female,0,0,40,United-States,0
46,Private,105444,Bachelors,13,Married-civ-spouse,Exec-managerial,Husband,White,Male,0,0,50,United-States,1
31,Local-gov,48520,Assoc-acdm,12,Never-married,Protective-serv,Unmarried,White,Male,0,0,40,United-States,0
36,Private,143123,Prof-school,15,Married-civ-spouse,Prof-specialty,Husband,White,Male,0,0,50,United-States,1
34,Private,127195,Some-college,10,Married-civ-spouse,Exec-managerial,Husband,White,Male,0,0,40,United-States,0
24,Private,208882,HS-grad,9,Never-married,Craft-repair,Not-in-family,Black,Male,0,0,40,United-States,0
40,Private,72791,Some-college,10,Never-married,Craft-repair,Own-child,Black,Male,0,0,40,United-States,0
28,Private,119793,Some-college,10,Never-married,Adm-clerical,Own-child,White,Male,0,0,40,United-States,0
52,Local-gov,30118,Some-college,10,Married-civ-spouse,Protective-serv,Husband,White,Male,3137,0,42,United-States,0
67,Private,140849,HS-grad,9,Widowed,Other-service,Not-in-family,White,Female,0,0,24,United-States,0
39,Private,387068,HS-grad,9,Married-civ-spouse,Exec-managerial,Husband,White,Male,0,0,40,United-States,1
41,Private,84610,Bachelors,13,Married-civ-spouse,Exec-managerial,Husband,White,Male,0,1902,60,United-States,1
30,Private,30226,11th,7,Divorced,Sales,Own-child,White,Male,0,0,40,United-States,0
26,Private,205036,HS-grad,9,Never-married,Handlers-cleaners,Not-in-family,White,Male,0,0,42,United-States,0
28,Private,110981,Some-college,10,Never-married,Other-service,Not-in-family,White,Male,0,0,40,United-States,0
46,Private,181363,Assoc-acdm,12,Married-civ-spouse,Exec-managerial,Husband,White,Male,0,0,40,United-States,1
42,Private,204235,HS-grad,9,Married-civ-spouse,Sales,Husband,White,Male,0,0,40,United-States,0
38,Private,75826,Prof-school,15,Married-civ-spouse,Prof-specialty,Wife,White,Female,0,0,40,United-States,0
27,Self-emp-not-inc,114225,Some-college,10,Never-married,Exec-managerial,Not-in-family,White,Male,0,0,60,United-States,1
35,Private,49020,Masters,14,Married-civ-spouse,Exec-managerial,Husband,White,Male,0,0,60,United-States,1
20,Private,284737,Some-college,10,Never-married,Other-service,Own-child,White,Male,0,0,20,United-States,0
39,Private,498785,HS-grad,9,Divorced,Adm-clerical,Not-in-family,White,Male,0,0,40,United-States,0
40,Private,245529,Assoc-acdm,12,Divorced,Prof-specialty,Not-in-family,White,Female,0,0,40,United-States,0
34,Private,265706,Masters,14,Never-married,Sales,Unmarried,White,Male,0,0,60,United-States,1
35,Self-emp-not-inc,348771,11th,7,Married-civ-spouse,Craft-repair,Husband,White,Male,0,0,36,United-States,0
39,Self-emp-not-inc,174308,HS-grad,9,Married-civ-spouse,Exec-managerial,Husband,White,Male,0,0,40,United-States,0
34,Private,178615,HS-grad,9,Never-married,Handlers-cleaners,Not-in-family,White,Male,0,0,40,United-States,0
51,Private,194908,HS-grad,9,Married-civ-spouse,Adm-clerical,Wife,White,Female,0,0,40,United-States,0
44,Private,303521,Some-college,10,Divorced,Craft-repair,Not-in-family,White,Male,0,0,40,United-States,0
34,Private,200117,10th,6,Married-civ-spouse,Craft-repair,Husband,White,Male,0,0,40,United-States,0
20,Private,256240,HS-grad,9,Never-married,Other-service,Own-child,White,Male,0,0,30,United-States,0
36,Private,248445,HS-grad,9,Separated,Transport-moving,Other-relative,White,Male,0,0,60,Mexico,0
42,Self-emp-not-inc,69333,Assoc-voc,11,Married-civ-spouse,Transport-moving,Husband,White,Male,4386,0,80,United-States,1
41,Private,392167,10th,6,Divorced,Sales,Not-in-family,White,Male,0,0,48,United-States,0
37,Private,193855,HS-grad,9,Married-civ-spouse,Transport-moving,Husband,White,Male,0,0,45,United-States,0
61,Private,101265,Some-college,10,Divorced,Adm-clerical,Unmarried,White,Female,0,0,43,United-States,0
35,Private,276552,HS-grad,9,Divorced,Craft-repair,Not-in-family,White,Male,0,0,40,United-States,0
23,Private,478994,Some-college,10,Never-married,Other-service,Own-child,White,Female,0,0,40,United-States,0
29,Self-emp-inc,138597,Assoc-acdm,12,Never-married,Prof-specialty,Other-relative,Black,Female,0,0,40,United-States,0
40,Private,69333,Bachelors,13,Married-civ-spouse,Farming-fishing,Husband,White,Male,0,0,40,United-States,0
37,Private,166497,HS-grad,9,Never-married,Adm-clerical,Own-child,White,Male,0,0,38,United-States,0
31,Private,79190,HS-grad,9,Never-married,Other-service,Own-child,White,Female,0,0,35,United-States,0
38,Self-emp-not-inc,53628,Assoc-voc,11,Divorced,Exec-managerial,Unmarried,White,Male,0,0,35,United-States,0
26,Private,154604,HS-grad,9,Divorced,Sales,Unmarried,White,Female,0,0,40,United-States,0
60,State-gov,194252,Masters,14,Married-civ-spouse,Exec-managerial,Wife,White,Female,3103,0,40,United-States,1
36,Private,215392,Assoc-voc,11,Married-civ-spouse,Prof-specialty,Wife,White,Female,0,0,40,United-States,1
17,Private,147069,10th,6,Never-married,Sales,Own-child,White,Female,0,0,16,United-States,0
29,Private,163167,HS-grad,9,Divorced,Sales,Own-child,White,Male,0,0,40,United-States,0
45,Private,53524,Some-college,10,Married-civ-spouse,Craft-repair,Husband,White,Male,0,0,40,United-States,0
31,Private,202729,HS-grad,9,Married-civ-spouse,Machine-op-inspct,Husband,White,Male,0,0,40,United-States,1
23,Private,398904,Bachelors,13,Married-civ-spouse,Prof-specialty,Wife,White,Female,0,0,40,United-States,0
41,Self-emp-not-inc,174395,Doctorate,16,Married-civ-spouse,Prof-specialty,Husband,White,Male,15024,0,55,United-States,1
49,Private,188694,Bachelors,13,Never-married,Exec-managerial,Not-in-family,White,Male,0,0,40,United-States,1
61,Private,208919,Masters,14,Married-civ-spouse,Sales,Husband,White,Male,0,0,60,United-States,1
30,Private,327202,12th,8,Never-married,Craft-repair,Not-in-family,Black,Male,0,0,40,United-States,0
46,Private,171228,HS-grad,9,Married-civ-spouse,Machine-op-inspct,Husband,White,Male,3411,0,35,Guatemala,0
37,Private,177895,Some-college,10,Married-civ-spouse,Tech-support,Wife,White,Female,5013,0,40,United-States,0
18,Private,318082,Some-college,10,Never-married,Sales,Own-child,White,Male,0,0,35,United-States,0
39,Private,169249,HS-grad,9,Separated,Other-service,Other-relative,Black,Male,0,0,40,United-States,0
46,State-gov,265554,HS-grad,9,Never-married,Transport-moving,Not-in-family,Black,Male,0,0,40,United-States,0
33,Private,159548,Some-college,10,Divorced,Adm-clerical,Unmarried,Black,Female,0,0,38,United-States,0
53,Private,149784,Bachelors,13,Married-civ-spouse,Prof-specialty,Husband,White,Male,7688,0,40,United-States,1
33,Private,175479,5th-6th,3,Never-married,Other-service,Unmarried,White,Female,0,0,40,Mexico,0
41,Private,302122,Assoc-voc,11,Divorced,Craft-repair,Not-in-family,White,Female,0,0,40,United-States,0
53,Private,68898,Some-college,10,Married-civ-spouse,Tech-support,Husband,White,Male,0,0,40,United-States,0
24,Private,304602,HS-grad,9,Never-married,Handlers-cleaners,Own-child,White,Male,0,0,40,United-States,0
49,Private,122493,HS-grad,9,Widowed,Tech-support,Unmarried,White,Male,0,0,40,United-States,0
22,Private,214635,HS-grad,9,Never-married,Machine-op-inspct,Not-in-family,White,Male,0,0,42,United-States,0
20,Private,179423,Some-college,10,Never-married,Transport-moving,Own-child,White,Female,0,0,40,United-States,0
44,Private,33521,Some-college,10,Married-civ-spouse,Exec-managerial,Husband,White,Male,0,0,40,United-States,1
38,Private,49020,HS-grad,9,Married-civ-spouse,Craft-repair,Husband,White,Male,0,0,40,United-States,0
23,Private,227594,HS-grad,9,Never-married,Adm-clerical,Not-in-family,White,Female,0,0,30,United-States,0
28,Private,76313,Some-college,10,Married-civ-spouse,Craft-repair,Husband,Amer-Indian-Eskimo,Male,0,0,60,United-States,0
55,Private,213615,HS-grad,9,Married-civ-spouse,Craft-repair,Husband,White,Male,0,0,40,United-States,1
24,Private,188925,Assoc-voc,11,Married-civ-spouse,Machine-op-inspct,Husband,White,Male,0,0,40,United-States,0
64,Private,182979,HS-grad,9,Married-civ-spouse,Machine-op-inspct,Husband,White,Male,0,0,40,United-States,0
55,Private,24694,Some-college,10,Divorced,Prof-specialty,Not-in-family,White,Female,0,0,40,United-States,0
24,Private,175183,HS-grad,9,Never-married,Adm-clerical,Not-in-family,White,Female,0,0,40,United-States,0
36,Private,133974,Assoc-voc,11,Divorced,Sales,Unmarried,White,Female,0,0,40,United-States,0
37,Private,208391,Some-college,10,Married-civ-spouse,Transport-moving,Husband,White,Male,0,0,40,United-States,1
19,Private,63434,12th,8,Never-married,Farming-fishing,Own-child,White,Female,0,0,30,United-States,0
45,Private,102147,HS-grad,9,Married-civ-spouse,Craft-repair,Husband,White,Male,0,0,40,United-States,0
34,Private,134737,Assoc-voc,11,Married-civ-spouse,Machine-op-inspct,Husband,White,Male,0,0,40,United-States,0
70,Private,642830,HS-grad,9,Divorced,Protective-serv,Not-in-family,White,Female,0,0,32,United-States,0
33,Private,261511,HS-grad,9,Married-civ-spouse,Craft-repair,Husband,White,Male,0,0,40,United-States,0
17,Private,132636,11th,7,Never-married,Sales,Own-child,White,Female,0,0,15,United-States,0
61,State-gov,159908,11th,7,Widowed,Other-service,Unmarried,White,Female,0,0,32,United-States,1
37,Private,291251,HS-grad,9,Divorced,Machine-op-inspct,Not-in-family,White,Female,0,0,40,United-States,0
45,Federal-gov,368947,Bachelors,13,Never-married,Protective-serv,Not-in-family,Black,Female,0,0,40,United-States,0
49,Private,189462,HS-grad,9,Married-civ-spouse,Craft-repair,Husband,White,Male,0,0,40,United-States,0
23,Private,51985,HS-grad,9,Never-married,Transport-moving,Not-in-family,White,Male,0,0,38,United-States,0
22,Private,279041,Some-college,10,Never-married,Handlers-cleaners,Own-child,Black,Male,0,0,10,United-States,0
68,Private,185537,Some-college,10,Divorced,Sales,Not-in-family,White,Female,0,0,20,United-States,0
28,Private,378460,Bachelors,13,Never-married,Adm-clerical,Not-in-family,White,Male,10520,0,60,United-States,1
42,Private,219288,7th-8th,4,Widowed,Craft-repair,Unmarried,White,Male,0,0,40,United-States,0
50,Private,285200,Some-college,10,Married-civ-spouse,Craft-repair,Husband,White,Male,0,1887,35,United-States,1
32,Private,375833,11th,7,Never-married,Craft-repair,Other-relative,White,Male,0,0,40,United-States,0
33,Private,178429,Bachelors,13,Married-civ-spouse,Prof-specialty,Husband,White,Male,0,0,40,United-States,1
19,Self-emp-not-inc,285263,9th,5,Never-married,Prof-specialty,Not-in-family,White,Male,0,0,35,Mexico,0
51,Private,99185,Bachelors,13,Married-civ-spouse,Exec-managerial,Husband,White,Male,0,0,60,United-States,1
50,Private,120914,11th,7,Married-civ-spouse,Craft-repair,Husband,White,Male,0,0,40,United-States,0
30,Private,460408,HS-grad,9,Married-civ-spouse,Craft-repair,Husband,White,Male,0,0,40,United-States,1
49,Self-emp-not-inc,43479,Some-college,10,Married-civ-spouse,Craft-repair,Husband,White,Male,0,0,40,United-States,0
51,Private,163948,Assoc-voc,11,Married-civ-spouse,Tech-support,Husband,White,Male,0,0,40,United-States,1
38,Private,186959,Bachelors,13,Married-civ-spouse,Prof-specialty,Husband,White,Male,0,0,50,United-States,0
41,Private,168730,Some-college,10,Married-civ-spouse,Sales,Husband,White,Male,0,0,50,United-States,1
46,Private,403911,HS-grad,9,Married-civ-spouse,Craft-repair,Husband,Black,Male,0,1902,40,United-States,1
30,Local-gov,164493,Some-college,10,Never-married,Adm-clerical,Own-child,White,Female,0,0,10,United-States,0
21,Private,276709,Some-college,10,Never-married,Sales,Other-relative,White,Female,0,0,40,United-States,0
41,Self-emp-inc,73431,Bachelors,13,Widowed,Prof-specialty,Unmarried,White,Female,0,0,40,United-States,0
38,Private,276559,HS-grad,9,Married-civ-spouse,Exec-managerial,Husband,White,Male,7688,0,70,United-States,1
46,Self-emp-not-inc,233974,HS-grad,9,Married-civ-spouse,Farming-fishing,Husband,White,Male,0,0,35,United-States,0
39,Local-gov,166497,HS-grad,9,Divorced,Handlers-cleaners,Not-in-family,White,Male,0,0,40,United-States,1
44,Private,202872,Bachelors,13,Never-married,Prof-specialty,Not-in-family,White,Female,0,0,45,United-States,0
63,Self-emp-inc,38472,Some-college,10,Widowed,Sales,Not-in-family,White,Female,14084,0,60,United-States,1
31,Private,57781,HS-grad,9,Divorced,Adm-clerical,Unmarried,White,Female,0,0,50,United-States,0
49,Private,115613,9th,5,Married-civ-spouse,Other-service,Husband,White,Male,0,0,40,United-States,0
56,Private,117872,Assoc-voc,11,Married-civ-spouse,Craft-repair,Husband,Black,Male,0,0,40,United-States,1
36,Private,297847,HS-grad,9,Never-married,Other-service,Not-in-family,Black,Female,0,2001,40,United-States,0
37,State-gov,166744,HS-grad,9,Married-spouse-absent,Other-service,Unmarried,White,Female,0,0,20,United-States,0
26,Private,178140,Bachelors,13,Married-civ-spouse,Other-service,Husband,White,Male,0,0,45,United-States,1
22,Private,109482,Some-college,10,Never-married,Prof-specialty,Own-child,White,Male,0,0,98,United-States,0
51,Private,143822,Some-college,10,Married-civ-spouse,Craft-repair,Husband,White,Male,7298,0,40,United-States,1
39,State-gov,55568,HS-grad,9,Married-civ-spouse,Adm-clerical,Wife,White,Female,0,0,40,United-States,0
37,Private,173968,HS-grad,9,Married-civ-spouse,Transport-moving,Husband,White,Male,0,0,40,United-States,0
30,Self-emp-inc,204470,Some-college,10,Married-civ-spouse,Exec-managerial,Husband,White,Male,0,0,36,United-States,1
27,Private,406662,HS-grad,9,Never-married,Adm-clerical,Not-in-family,White,Male,4416,0,40,United-States,0
29,Local-gov,214706,HS-grad,9,Never-married,Other-service,Unmarried,White,Female,0,0,40,United-States,0
26,Private,33610,HS-grad,9,Never-married,Transport-moving,Own-child,White,Male,0,0,40,United-States,0
46,Private,100067,11th,7,Married-civ-spouse,Other-service,Wife,Black,Female,0,0,35,United-States,1
32,Private,509350,Some-college,10,Married-civ-spouse,Handlers-cleaners,Husband,White,Male,0,0,50,Canada,1
58,Private,94345,HS-grad,9,Married-civ-spouse,Sales,Husband,White,Male,0,0,40,United-States,0
19,Private,141868,HS-grad,9,Never-married,Transport-moving,Own-child,White,Male,0,0,40,United-States,0
41,Private,95168,HS-grad,9,Never-married,Machine-op-inspct,Unmarried,Black,Female,0,0,40,United-States,0
58,Private,187487,HS-grad,9,Married-civ-spouse,Machine-op-inspct,Husband,White,Male,0,0,40,United-States,0
59,Self-emp-not-inc,181070,HS-grad,9,Married-civ-spouse,Sales,Husband,White,Male,0,0,40,England,1
29,Private,179008,HS-grad,9,Married-civ-spouse,Farming-fishing,Husband,White,Male,0,0,55,United-States,0
50,Self-emp-inc,123429,Bachelors,13,Married-civ-spouse,Prof-specialty,Husband,White,Male,0,0,45,Italy,1
43,Private,170730,Bachelors,13,Married-civ-spouse,Exec-managerial,Husband,White,Male,0,1977,50,United-States,1
38,Private,405284,Bachelors,13,Never-married,Other-service,Own-child,White,Female,0,0,35,United-States,0
24,Federal-gov,283918,Some-college,10,Divorced,Adm-clerical,Unmarried,Black,Female,0,0,25,United-States,0
43,Private,351576,Bachelors,13,Never-married,Sales,Not-in-family,White,Male,0,0,50,United-States,1
40,Self-emp-not-inc,173716,Bachelors,13,Married-civ-spouse,Sales,Husband,White,Male,0,0,45,United-States,1
50,Local-gov,183390,Bachelors,13,Separated,Prof-specialty,Not-in-family,White,Male,0,0,40,United-States,1
62,Private,73292,Some-college,10,Married-civ-spouse,Other-service,Husband,White,Male,0,0,40,United-States,0
47,Self-emp-inc,337050,Some-college,10,Married-civ-spouse,Farming-fishing,Husband,White,Male,0,0,40,United-States,0
31,Private,207685,HS-grad,9,Never-married,Other-service,Unmarried,Black,Female,0,0,34,United-States,0
24,Self-emp-not-inc,83374,Some-college,10,Never-married,Prof-specialty,Not-in-family,Asian-Pac-Islander,Male,0,0,30,United-States,1
24,Private,50341,Bachelors,13,Never-married,Adm-clerical,Not-in-family,White,Female,0,0,40,United-States,0
27,Private,51025,HS-grad,9,Never-married,Other-service,Not-in-family,White,Female,0,0,40,United-States,0
38,Self-emp-not-inc,112158,HS-grad,9,Married-civ-spouse,Exec-managerial,Husband,White,Male,0,0,99,United-States,0
36,State-gov,166606,HS-grad,9,Married-civ-spouse,Protective-serv,Husband,White,Male,0,0,40,United-States,0
24,Private,117779,Bachelors,13,Never-married,Prof-specialty,Not-in-family,White,Male,0,0,10,Hungary,0
56,Private,318450,Masters,14,Married-civ-spouse,Adm-clerical,Husband,White,Male,0,0,80,United-States,1
35,Self-emp-not-inc,199753,Some-college,10,Married-civ-spouse,Other-service,Husband,White,Male,0,0,60,United-States,0
65,Private,109351,9th,5,Widowed,Priv-house-serv,Unmarried,Black,Female,0,0,24,United-States,0
41,Private,190885,HS-grad,9,Separated,Other-service,Unmarried,White,Female,0,0,40,Mexico,0
57,Private,191983,Some-college,10,Married-civ-spouse,Protective-serv,Husband,White,Male,0,0,50,United-States,0
46,Private,585361,9th,5,Divorced,Exec-managerial,Unmarried,White,Female,0,0,40,United-States,0
17,Private,209949,11th,7,Never-married,Sales,Own-child,White,Female,0,1602,12,United-States,0
30,Private,97757,Assoc-voc,11,Married-civ-spouse,Prof-specialty,Wife,White,Female,0,0,36,United-States,1
28,Self-emp-not-inc,315417,Prof-school,15,Never-married,Prof-specialty,Not-in-family,White,Male,2176,0,40,United-States,0
27,State-gov,230922,Masters,14,Never-married,Exec-managerial,Not-in-family,White,Male,0,0,40,Scotland,0
50,Self-emp-inc,140516,Bachelors,13,Married-civ-spouse,Adm-clerical,Husband,White,Male,0,0,40,United-States,0
35,Private,276153,Bachelors,13,Never-married,Tech-support,Not-in-family,Asian-Pac-Islander,Female,4650,0,40,United-States,0
43,Self-emp-inc,172826,Some-college,10,Married-civ-spouse,Sales,Husband,White,Male,99999,0,55,United-States,1
62,Private,162825,HS-grad,9,Married-civ-spouse,Machine-op-inspct,Husband,White,Male,0,0,40,United-States,1
30,Private,341051,Masters,14,Married-civ-spouse,Exec-managerial,Husband,White,Male,15024,0,60,United-States,1
57,State-gov,68830,HS-grad,9,Divorced,Exec-managerial,Not-in-family,White,Female,0,0,50,United-States,0
37,Private,134088,Assoc-acdm,12,Never-married,Adm-clerical,Not-in-family,White,Female,0,0,40,United-States,0
57,Private,176079,HS-grad,9,Divorced,Adm-clerical,Not-in-family,White,Female,0,0,40,United-States,0
27,Private,57052,HS-grad,9,Married-civ-spouse,Craft-repair,Husband,White,Male,2885,0,40,United-States,0
35,Self-emp-not-inc,108808,HS-grad,9,Divorced,Craft-repair,Not-in-family,White,Male,0,0,50,United-States,0
18,Private,137646,11th,7,Never-married,Other-service,Own-child,White,Female,0,0,15,United-States,0
38,Private,207202,HS-grad,9,Married-civ-spouse,Machine-op-inspct,Husband,White,Male,0,0,48,United-States,1
40,Private,198790,11th,7,Married-civ-spouse,Machine-op-inspct,Husband,White,Male,0,0,30,United-States,0
18,Private,127388,12th,8,Never-married,Other-service,Not-in-family,White,Female,0,0,25,United-States,0
41,Private,352812,Some-college,10,Married-civ-spouse,Exec-managerial,Wife,White,Female,0,1902,40,United-States,1
37,Private,170563,Assoc-voc,11,Separated,Prof-specialty,Unmarried,White,Female,0,0,32,United-States,0
45,Private,132847,HS-grad,9,Never-married,Handlers-cleaners,Not-in-family,White,Female,0,0,40,United-States,0
60,Private,183162,HS-grad,9,Widowed,Machine-op-inspct,Not-in-family,White,Female,0,0,40,United-States,0
46,Private,247286,Some-college,10,Divorced,Sales,Unmarried,White,Female,0,0,40,United-States,0
24,Private,206008,Assoc-acdm,12,Never-married,Prof-specialty,Own-child,Black,Male,0,0,20,United-States,0
43,Private,74581,HS-grad,9,Married-civ-spouse,Craft-repair,Husband,White,Male,0,0,48,United-States,1
22,Private,50136,5th-6th,3,Married-civ-spouse,Other-service,Husband,White,Male,0,0,40,El-Salvador,0
40,Private,170108,Masters,14,Married-civ-spouse,Prof-specialty,Husband,White,Male,0,0,40,United-States,0
66,Private,196674,Bachelors,13,Married-civ-spouse,Sales,Husband,White,Male,0,0,15,United-States,1
62,Private,96099,HS-grad,9,Never-married,Craft-repair,Not-in-family,White,Male,0,0,40,United-States,0
18,Private,200876,11th,7,Never-married,Transport-moving,Own-child,White,Male,0,0,16,United-States,0
64,Private,153894,Bachelors,13,Never-married,Sales,Unmarried,White,Female,0,0,40,Peru,0
23,Private,256628,7th-8th,4,Married-civ-spouse,Transport-moving,Husband,White,Male,0,0,32,United-States,0
41,Private,351161,HS-grad,9,Married-civ-spouse,Sales,Husband,White,Male,0,1848,45,United-States,1
18,Private,181712,11th,7,Never-married,Handlers-cleaners,Own-child,White,Male,0,0,12,United-States,0
21,Private,257781,Some-college,10,Never-married,Craft-repair,Own-child,White,Male,0,1719,30,United-States,0
53,Private,149217,HS-grad,9,Married-civ-spouse,Craft-repair,Husband,White,Male,0,0,40,Puerto-Rico,0
66,Private,127921,HS-grad,9,Never-married,Transport-moving,Not-in-family,White,Male,2050,0,55,United-States,0
40,Private,207578,Assoc-acdm,12,Married-civ-spouse,Tech-support,Husband,White,Male,0,1977,60,United-States,1
61,Federal-gov,230545,HS-grad,9,Never-married,Adm-clerical,Unmarried,White,Female,0,0,35,Puerto-Rico,0
56,Federal-gov,107314,Some-college,10,Divorced,Adm-clerical,Not-in-family,Black,Female,0,0,40,United-States,0
40,Private,181265,Some-college,10,Married-civ-spouse,Craft-repair,Husband,White,Male,0,0,52,United-States,0
39,Self-emp-inc,154641,HS-grad,9,Divorced,Craft-repair,Unmarried,White,Male,0,0,60,United-States,0
41,Private,271753,Bachelors,13,Married-civ-spouse,Farming-fishing,Husband,White,Male,0,0,40,United-States,0
37,Private,206699,HS-grad,9,Divorced,Tech-support,Own-child,White,Male,0,0,45,United-States,0
33,Private,193285,Bachelors,13,Married-civ-spouse,Prof-specialty,Husband,White,Male,0,0,38,United-States,1
34,Private,227359,Some-college,10,Married-civ-spouse,Other-service,Husband,White,Male,0,0,42,United-States,0
25,Private,106889,HS-grad,9,Married-civ-spouse,Adm-clerical,Wife,White,Female,0,0,30,United-States,0
23,Private,433669,Assoc-acdm,12,Never-married,Adm-clerical,Not-in-family,White,Male,0,0,40,United-States,0
55,Self-emp-not-inc,26683,HS-grad,9,Married-civ-spouse,Farming-fishing,Husband,White,Male,0,0,60,United-States,0
41,Private,147372,HS-grad,9,Married-civ-spouse,Adm-clerical,Husband,White,Male,0,0,48,United-States,0
40,State-gov,270324,Assoc-voc,11,Married-civ-spouse,Other-service,Husband,Black,Male,0,0,30,United-States,0
40,Private,184378,Some-college,10,Married-civ-spouse,Sales,Husband,White,Male,0,0,60,Puerto-Rico,0
61,Private,213321,Some-college,10,Married-civ-spouse,Exec-managerial,Husband,White,Male,0,1672,40,United-States,0
48,Private,109832,Masters,14,Married-civ-spouse,Prof-specialty,Husband,White,Male,0,1902,40,United-States,1
27,Local-gov,204098,HS-grad,9,Married-civ-spouse,Handlers-cleaners,Other-relative,White,Male,0,0,50,United-States,0
41,Federal-gov,34178,Bachelors,13,Divorced,Prof-specialty,Not-in-family,White,Male,0,0,40,United-States,0
19,Private,354104,HS-grad,9,Never-married,Handlers-cleaners,Own-child,White,Male,0,0,30,United-States,0
19,Private,199495,HS-grad,9,Never-married,Craft-repair,Own-child,White,Male,0,0,40,United-States,0
40,Private,408229,1st-4th,2,Never-married,Other-service,Not-in-family,White,Male,0,0,45,El-Salvador,0
24,Private,149396,Some-college,10,Never-married,Other-service,Other-relative,Black,Female,0,0,30,Haiti,0
57,Private,116878,1st-4th,2,Married-civ-spouse,Handlers-cleaners,Husband,White,Male,0,0,40,Italy,0
40,Self-emp-not-inc,29036,Some-college,10,Never-married,Machine-op-inspct,Not-in-family,White,Male,0,0,35,United-States,0
45,Self-emp-not-inc,271828,Bachelors,13,Married-civ-spouse,Craft-repair,Husband,White,Male,0,0,20,United-States,0
40,Private,341204,Some-college,10,Divorced,Exec-managerial,Unmarried,White,Female,1831,0,30,United-States,0
28,Local-gov,175796,Assoc-acdm,12,Never-married,Adm-clerical,Not-in-family,White,Female,0,0,40,United-States,0
49,Local-gov,174981,Masters,14,Married-civ-spouse,Exec-managerial,Husband,Black,Male,0,0,47,United-States,1
19,Private,187161,Some-college,10,Never-married,Sales,Own-child,White,Female,0,0,25,United-States,0
53,Private,187356,Some-college,10,Married-civ-spouse,Craft-repair,Husband,White,Male,0,0,66,United-States,0
39,Private,48093,HS-grad,9,Never-married,Handlers-cleaners,Not-in-family,White,Male,0,0,40,United-States,0
24,Private,172496,Masters,14,Never-married,Tech-support,Not-in-family,White,Male,0,0,50,United-States,0
19,Private,495982,Some-college,10,Never-married,Adm-clerical,Own-child,White,Male,0,0,10,United-States,0
20,Private,148509,HS-grad,9,Never-married,Other-service,Not-in-family,White,Female,0,0,40,United-States,0
23,Private,224954,Some-college,10,Never-married,Machine-op-inspct,Own-child,White,Male,0,0,25,United-States,0
40,Private,99373,10th,6,Divorced,Machine-op-inspct,Unmarried,White,Female,0,0,40,United-States,0
43,Private,58447,Doctorate,16,Married-civ-spouse,Prof-specialty,Husband,White,Male,99999,0,55,United-States,1
24,Private,186452,HS-grad,9,Never-married,Exec-managerial,Not-in-family,White,Male,0,0,50,United-States,0
38,Private,35429,HS-grad,9,Married-civ-spouse,Handlers-cleaners,Husband,White,Male,0,2042,40,United-States,0
62,Private,88055,Some-college,10,Married-civ-spouse,Adm-clerical,Husband,White,Male,0,0,60,United-States,1
25,Self-emp-not-inc,263300,HS-grad,9,Never-married,Farming-fishing,Not-in-family,White,Male,0,0,50,United-States,0
40,Federal-gov,73883,Some-college,10,Married-civ-spouse,Tech-support,Husband,White,Male,0,0,40,United-States,1
49,Private,209057,Some-college,10,Divorced,Tech-support,Not-in-family,White,Male,0,0,40,United-States,0
42,Private,143046,HS-grad,9,Never-married,Other-service,Own-child,White,Female,0,0,40,United-States,0
53,Private,321865,Masters,14,Married-civ-spouse,Exec-managerial,Husband,White,Male,0,0,40,United-States,1
50,Private,258819,HS-grad,9,Divorced,Craft-repair,Not-in-family,White,Male,0,0,40,United-States,1
46,Private,95636,Some-college,10,Divorced,Handlers-cleaners,Not-in-family,White,Male,0,0,45,United-States,0
17,Private,198830,11th,7,Never-married,Adm-clerical,Other-relative,White,Female,0,0,10,United-States,0
39,Private,174330,HS-grad,9,Separated,Craft-repair,Unmarried,White,Male,0,0,40,United-States,0
69,Local-gov,197288,HS-grad,9,Married-civ-spouse,Exec-managerial,Husband,White,Male,0,0,35,United-States,0
31,Private,164569,Some-college,10,Divorced,Other-service,Unmarried,White,Female,0,0,48,United-States,0
40,Private,27821,Assoc-voc,11,Married-civ-spouse,Transport-moving,Husband,White,Male,2829,0,40,United-States,0
40,Private,137421,HS-grad,9,Married-civ-spouse,Transport-moving,Husband,Asian-Pac-Islander,Male,0,0,60,Trinadad&Tobago,0
57,Private,79830,HS-grad,9,Married-civ-spouse,Craft-repair,Husband,Asian-Pac-Islander,Male,0,0,40,United-States,0
36,Private,281021,HS-grad,9,Never-married,Transport-moving,Not-in-family,White,Male,0,0,45,United-States,0
21,Private,411068,Some-college,10,Never-married,Adm-clerical,Own-child,White,Female,0,0,35,United-States,0
31,Private,62932,HS-grad,9,Never-married,Craft-repair,Own-child,White,Male,0,0,40,United-States,0
21,State-gov,184678,Some-college,10,Never-married,Adm-clerical,Own-child,White,Female,0,0,35,United-States,0
25,Private,251915,Bachelors,13,Never-married,Sales,Own-child,White,Female,0,0,40,United-States,0
32,Private,234755,HS-grad,9,Separated,Craft-repair,Unmarried,Black,Male,0,0,40,United-States,0
27,Private,137063,Bachelors,13,Married-civ-spouse,Sales,Husband,White,Male,0,0,50,United-States,0
47,Private,201865,HS-grad,9,Married-civ-spouse,Transport-moving,Husband,White,Male,0,0,40,United-States,0
20,Private,406641,HS-grad,9,Never-married,Adm-clerical,Not-in-family,White,Female,0,0,30,United-States,0
49,Private,248895,HS-grad,9,Married-civ-spouse,Machine-op-inspct,Husband,White,Male,0,0,45,United-States,0
38,State-gov,220421,Bachelors,13,Never-married,Exec-managerial,Not-in-family,White,Female,0,0,40,United-States,0
22,Private,56582,HS-grad,9,Never-married,Farming-fishing,Not-in-family,White,Male,0,0,50,United-States,0
32,Self-emp-inc,345489,Some-college,10,Married-civ-spouse,Exec-managerial,Husband,White,Male,0,0,55,United-States,1
21,Private,548303,HS-grad,9,Married-civ-spouse,Prof-specialty,Own-child,White,Male,0,0,40,Mexico,1
28,Private,51461,Bachelors,13,Married-civ-spouse,Adm-clerical,Husband,White,Male,0,1887,40,United-States,1
42,Private,163003,Bachelors,13,Married-spouse-absent,Tech-support,Own-child,Asian-Pac-Islander,Female,0,0,40,United-States,0
56,Private,91905,HS-grad,9,Married-civ-spouse,Sales,Wife,White,Female,0,0,4,United-States,0
23,Private,183789,HS-grad,9,Never-married,Sales,Own-child,White,Male,0,0,40,United-States,0
31,Local-gov,188798,Bachelors,13,Never-married,Exec-managerial,Not-in-family,White,Female,0,0,50,United-States,0
90,Local-gov,153602,HS-grad,9,Married-civ-spouse,Other-service,Husband,White,Male,6767,0,40,United-States,0
39,Private,154641,Assoc-voc,11,Married-civ-spouse,Adm-clerical,Husband,White,Male,0,0,40,United-States,0
68,Self-emp-not-inc,133736,Some-college,10,Married-civ-spouse,Sales,Husband,White,Male,20051,0,40,United-States,1
32,Private,132601,Bachelors,13,Married-civ-spouse,Prof-specialty,Husband,White,Male,0,0,50,United-States,0
48,Private,141511,Masters,14,Married-civ-spouse,Exec-managerial,Husband,White,Male,0,0,40,United-States,1
54,Private,36480,HS-grad,9,Married-civ-spouse,Sales,Husband,White,Male,15024,0,50,United-States,1
33,Federal-gov,137059,Some-college,10,Never-married,Other-service,Not-in-family,White,Female,0,0,10,United-States,0
34,Private,379798,Masters,14,Married-civ-spouse,Exec-managerial,Husband,White,Male,0,0,40,United-States,1
40,Self-emp-inc,132222,HS-grad,9,Married-civ-spouse,Exec-managerial,Husband,White,Male,0,0,40,United-States,0
38,Private,368140,Bachelors,13,Married-civ-spouse,Exec-managerial,Husband,White,Male,0,0,50,United-States,1
52,Private,186785,HS-grad,9,Never-married,Sales,Not-in-family,White,Male,0,1876,50,United-States,0
44,Local-gov,263871,Some-college,10,Divorced,Exec-managerial,Not-in-family,White,Male,0,0,50,United-States,0
44,Private,184105,Assoc-acdm,12,Married-civ-spouse,Sales,Husband,White,Male,4386,0,40,United-States,1
66,Self-emp-inc,253741,HS-grad,9,Married-civ-spouse,Sales,Husband,White,Male,0,1825,10,United-States,1
23,Private,336360,7th-8th,4,Never-married,Craft-repair,Own-child,Black,Male,0,0,40,United-States,0
45,State-gov,213646,Bachelors,13,Married-civ-spouse,Exec-managerial,Husband,White,Male,7298,0,40,United-States,1
39,Local-gov,305597,HS-grad,9,Separated,Exec-managerial,Unmarried,White,Male,0,0,40,United-States,0
32,Private,120426,HS-grad,9,Separated,Adm-clerical,Unmarried,White,Female,0,0,40,United-States,0
19,Private,260333,HS-grad,9,Never-married,Other-service,Own-child,White,Female,0,0,20,United-States,0
46,Self-emp-not-inc,157117,HS-grad,9,Married-civ-spouse,Transport-moving,Husband,White,Male,0,0,40,United-States,0
21,Private,170456,Some-college,10,Never-married,Other-service,Own-child,White,Male,0,0,35,Italy,0
82,Self-emp-inc,130329,7th-8th,4,Married-civ-spouse,Farming-fishing,Husband,White,Male,0,0,50,United-States,0
40,State-gov,269733,Assoc-voc,11,Never-married,Craft-repair,Not-in-family,White,Male,0,0,40,United-States,0
41,Private,207779,HS-grad,9,Separated,Other-service,Not-in-family,White,Female,0,0,40,United-States,0
41,Private,118619,Bachelors,13,Married-civ-spouse,Exec-managerial,Husband,Black,Male,0,0,50,United-States,0
47,Private,151584,Prof-school,15,Married-civ-spouse,Exec-managerial,Husband,White,Male,7688,0,60,United-States,1
17,Private,99175,11th,7,Never-married,Other-service,Not-in-family,White,Female,0,0,20,United-States,0
46,Private,102308,HS-grad,9,Married-civ-spouse,Handlers-cleaners,Husband,White,Male,0,0,56,United-States,1
32,Private,362259,Bachelors,13,Never-married,Exec-managerial,Not-in-family,White,Female,0,0,40,United-States,0
56,Federal-gov,196307,Doctorate,16,Married-civ-spouse,Prof-specialty,Husband,White,Male,0,0,40,United-States,1
32,Private,93213,Assoc-acdm,12,Married-civ-spouse,Machine-op-inspct,Husband,White,Male,0,0,62,United-States,0
35,State-gov,119421,Bachelors,13,Married-civ-spouse,Exec-managerial,Wife,White,Female,0,0,35,United-States,1
51,Private,103407,HS-grad,9,Divorced,Adm-clerical,Not-in-family,White,Female,0,0,40,United-States,0
31,Private,86958,9th,5,Married-civ-spouse,Exec-managerial,Wife,White,Female,0,0,40,United-States,0
23,Private,123490,11th,7,Divorced,Other-service,Unmarried,White,Female,0,0,35,United-States,0
71,Federal-gov,149386,HS-grad,9,Widowed,Exec-managerial,Not-in-family,White,Male,0,0,9,United-States,0
35,Private,115803,11th,7,Divorced,Transport-moving,Not-in-family,White,Male,0,0,40,United-States,0
29,Private,159479,HS-grad,9,Married-civ-spouse,Transport-moving,Husband,Other,Male,0,0,55,United-States,0
32,Self-emp-not-inc,62272,HS-grad,9,Divorced,Exec-managerial,Unmarried,White,Female,0,0,40,United-States,0
20,Private,32426,Some-college,10,Never-married,Sales,Not-in-family,White,Male,0,0,25,United-States,0
35,State-gov,226789,Masters,14,Married-civ-spouse,Prof-specialty,Husband,White,Male,0,0,75,United-States,0
38,Self-emp-inc,125324,Some-college,10,Married-civ-spouse,Exec-managerial,Husband,White,Male,0,0,80,United-States,1
24,Private,55424,Bachelors,13,Never-married,Exec-managerial,Own-child,White,Male,0,0,40,United-States,0
26,Private,164386,HS-grad,9,Never-married,Craft-repair,Own-child,White,Male,0,0,48,United-States,0
46,Private,185041,HS-grad,9,Married-civ-spouse,Craft-repair,Husband,White,Male,0,0,75,United-States,1
61,Private,153790,HS-grad,9,Married-civ-spouse,Adm-clerical,Wife,Black,Female,0,0,40,United-States,0
24,Private,199883,Some-college,10,Married-civ-spouse,Craft-repair,Husband,White,Male,0,0,60,United-States,0
30,Local-gov,194740,Bachelors,13,Married-civ-spouse,Protective-serv,Husband,White,Male,0,0,40,United-States,0
22,Private,308334,HS-grad,9,Never-married,Other-service,Own-child,White,Female,0,0,19,United-States,0
42,Private,190767,Bachelors,13,Divorced,Adm-clerical,Not-in-family,White,Female,0,0,40,United-States,0
46,Private,266337,Assoc-voc,11,Divorced,Craft-repair,Unmarried,White,Male,0,0,40,United-States,0
31,Private,213002,12th,8,Never-married,Sales,Not-in-family,White,Male,4650,0,50,United-States,0
54,Local-gov,238257,Bachelors,13,Never-married,Prof-specialty,Not-in-family,White,Male,0,0,50,United-States,0
31,Private,189461,Assoc-acdm,12,Divorced,Adm-clerical,Unmarried,White,Female,0,0,41,United-States,0
22,Private,333910,Some-college,10,Never-married,Tech-support,Not-in-family,White,Female,0,0,43,United-States,0
44,Private,85440,HS-grad,9,Married-civ-spouse,Adm-clerical,Husband,White,Male,0,0,45,United-States,0
36,Private,173542,Bachelors,13,Married-civ-spouse,Prof-specialty,Husband,White,Male,0,0,40,United-States,1
29,Private,181280,HS-grad,9,Married-civ-spouse,Machine-op-inspct,Husband,White,Male,0,0,40,United-States,0
42,Self-emp-not-inc,248406,HS-grad,9,Married-civ-spouse,Transport-moving,Husband,White,Male,0,0,40,United-States,0
22,Private,412156,Some-college,10,Never-married,Adm-clerical,Own-child,White,Female,0,0,40,United-States,0
35,Private,340110,Bachelors,13,Married-civ-spouse,Exec-managerial,Husband,White,Male,0,1848,70,United-States,1
41,State-gov,129865,HS-grad,9,Divorced,Craft-repair,Unmarried,White,Male,0,0,40,United-States,0
27,Private,210313,HS-grad,9,Married-civ-spouse,Sales,Husband,White,Male,0,0,50,Guatemala,0
63,Self-emp-not-inc,35021,Bachelors,13,Married-civ-spouse,Prof-specialty,Husband,Asian-Pac-Islander,Male,0,1977,32,China,1
43,Self-emp-not-inc,260696,Masters,14,Divorced,Prof-specialty,Not-in-family,White,Female,0,0,20,United-States,0
69,Self-emp-not-inc,37745,Assoc-voc,11,Married-civ-spouse,Sales,Husband,White,Male,0,0,8,United-States,0
46,State-gov,192323,HS-grad,9,Divorced,Exec-managerial,Not-in-family,White,Male,0,0,40,United-States,0
42,Private,195584,Assoc-acdm,12,Separated,Adm-clerical,Unmarried,Black,Female,0,0,40,United-States,0
31,Federal-gov,168312,Assoc-voc,11,Never-married,Exec-managerial,Not-in-family,White,Female,0,0,40,United-States,0
36,Private,320811,Some-college,10,Married-civ-spouse,Craft-repair,Husband,White,Male,0,0,40,United-States,1
18,Private,205004,Some-college,10,Never-married,Other-service,Own-child,White,Male,0,0,26,United-States,0
51,Private,348099,HS-grad,9,Never-married,Machine-op-inspct,Not-in-family,White,Female,0,1590,40,United-States,0
56,Private,282023,HS-grad,9,Married-civ-spouse,Adm-clerical,Husband,White,Male,0,0,40,United-States,0
23,Private,223019,HS-grad,9,Never-married,Adm-clerical,Own-child,White,Female,0,0,40,United-States,0
35,Private,28160,Bachelors,13,Married-spouse-absent,Exec-managerial,Unmarried,White,Female,0,0,40,United-States,0
62,Private,65868,HS-grad,9,Widowed,Sales,Not-in-family,White,Female,0,0,43,United-States,0
20,Federal-gov,55233,Some-college,10,Never-married,Adm-clerical,Other-relative,White,Female,0,0,40,United-States,0
45,Local-gov,215862,Doctorate,16,Married-civ-spouse,Exec-managerial,Husband,White,Male,7688,0,45,United-States,1
57,Private,217886,HS-grad,9,Widowed,Adm-clerical,Not-in-family,White,Female,0,0,36,United-States,0
33,Private,63079,HS-grad,9,Divorced,Adm-clerical,Unmarried,Black,Female,0,0,40,United-States,0
60,Private,31577,HS-grad,9,Married-civ-spouse,Transport-moving,Husband,White,Male,0,0,60,United-States,1
38,Private,168407,Some-college,10,Divorced,Adm-clerical,Unmarried,White,Female,5721,0,44,United-States,0
39,Federal-gov,257175,Bachelors,13,Divorced,Tech-support,Unmarried,Black,Female,0,625,40,United-States,0
27,Private,366066,Assoc-acdm,12,Never-married,Sales,Own-child,White,Female,0,0,40,United-States,0
44,Private,180609,Some-college,10,Divorced,Craft-repair,Not-in-family,White,Male,0,0,42,United-States,0
19,Private,41745,Some-college,10,Never-married,Exec-managerial,Own-child,White,Female,0,0,40,United-States,0
30,Private,235271,Bachelors,13,Married-civ-spouse,Sales,Husband,White,Male,0,0,40,United-States,1
18,State-gov,76142,11th,7,Never-married,Other-service,Own-child,White,Male,0,0,8,United-States,0
36,Private,346478,Bachelors,13,Married-civ-spouse,Sales,Husband,White,Male,0,2415,45,United-States,1
31,Private,369825,Bachelors,13,Never-married,Sales,Not-in-family,White,Male,4101,0,50,United-States,0
37,Federal-gov,408229,HS-grad,9,Divorced,Tech-support,Unmarried,White,Female,0,0,40,United-States,0
40,Federal-gov,196456,Some-college,10,Never-married,Adm-clerical,Own-child,White,Female,0,0,40,United-States,0
39,Private,99527,HS-grad,9,Married-civ-spouse,Craft-repair,Husband,White,Male,0,0,40,United-States,1
21,Private,321666,HS-grad,9,Never-married,Craft-repair,Own-child,White,Male,594,0,40,United-States,0
36,Private,185394,10th,6,Never-married,Handlers-cleaners,Not-in-family,White,Female,0,0,34,United-States,0
74,Private,192290,10th,6,Married-civ-spouse,Adm-clerical,Husband,White,Male,0,0,20,United-States,0
18,Private,168288,HS-grad,9,Never-married,Handlers-cleaners,Own-child,White,Male,0,0,40,United-States,0
65,Private,242580,Some-college,10,Divorced,Prof-specialty,Not-in-family,White,Male,11678,0,50,United-States,1
23,Private,148315,Some-college,10,Separated,Craft-repair,Own-child,White,Male,0,0,40,United-States,0
22,Private,185452,Bachelors,13,Never-married,Exec-managerial,Own-child,White,Female,0,0,40,United-States,0
50,Private,150975,HS-grad,9,Divorced,Machine-op-inspct,Not-in-family,Amer-Indian-Eskimo,Female,0,0,40,United-States,0
44,Private,259479,HS-grad,9,Divorced,Transport-moving,Unmarried,White,Male,0,0,50,United-States,0
35,Private,214816,Bachelors,13,Married-civ-spouse,Exec-managerial,Husband,White,Male,0,0,40,United-States,1
65,Private,174056,7th-8th,4,Married-civ-spouse,Machine-op-inspct,Husband,White,Male,0,0,40,United-States,0
36,Private,241998,Bachelors,13,Married-civ-spouse,Craft-repair,Husband,White,Male,0,0,50,United-States,1
42,Self-emp-inc,130126,Bachelors,13,Married-civ-spouse,Prof-specialty,Husband,White,Male,0,1977,40,United-States,1
20,Private,180052,Some-college,10,Never-married,Sales,Own-child,White,Male,0,0,20,United-States,0
21,Private,27049,HS-grad,9,Never-married,Priv-house-serv,Not-in-family,White,Female,0,0,25,United-States,0
26,Private,416577,HS-grad,9,Married-civ-spouse,Machine-op-inspct,Husband,Black,Male,0,0,45,United-States,0
62,Private,185503,Bachelors,13,Married-civ-spouse,Prof-specialty,Husband,White,Male,0,0,50,United-States,1
46,Private,72896,Some-college,10,Married-civ-spouse,Exec-managerial,Husband,White,Male,0,0,50,United-States,0
53,Local-gov,324021,Some-college,10,Divorced,Other-service,Not-in-family,White,Female,0,0,40,United-States,0
48,Private,125892,Bachelors,13,Married-civ-spouse,Tech-support,Husband,White,Male,0,0,40,United-States,1
54,Federal-gov,33863,HS-grad,9,Married-civ-spouse,Adm-clerical,Husband,White,Male,0,0,40,United-States,1
20,Private,444554,10th,6,Never-married,Handlers-cleaners,Own-child,White,Male,0,0,40,United-States,0
43,Private,274731,Bachelors,13,Married-civ-spouse,Prof-specialty,Husband,White,Male,0,0,40,United-States,1
32,Private,330715,Some-college,10,Married-civ-spouse,Craft-repair,Husband,White,Male,0,0,40,United-States,0
66,Private,102423,Assoc-voc,11,Married-civ-spouse,Adm-clerical,Husband,White,Male,0,0,30,United-States,0
35,Private,113481,Doctorate,16,Married-civ-spouse,Prof-specialty,Husband,White,Male,0,0,60,United-States,0
48,Self-emp-not-inc,379883,Masters,14,Married-civ-spouse,Exec-managerial,Husband,White,Male,0,0,40,Mexico,1
37,Private,198216,Assoc-acdm,12,Divorced,Tech-support,Not-in-family,White,Female,0,0,40,United-States,0
47,State-gov,224149,Bachelors,13,Divorced,Exec-managerial,Not-in-family,White,Female,0,0,40,United-States,1
27,Self-emp-not-inc,41099,HS-grad,9,Never-married,Craft-repair,Not-in-family,White,Male,0,0,30,United-States,0
31,Private,348491,Bachelors,13,Never-married,Exec-managerial,Not-in-family,Black,Female,0,0,40,United-States,0
41,Private,27444,Some-college,10,Married-civ-spouse,Adm-clerical,Husband,White,Male,0,0,46,United-States,1
50,Private,104729,HS-grad,9,Divorced,Machine-op-inspct,Other-relative,White,Female,0,0,48,United-States,0
40,Private,346189,Doctorate,16,Married-civ-spouse,Prof-specialty,Husband,White,Male,0,0,40,United-States,1
67,Local-gov,103315,Masters,14,Never-married,Exec-managerial,Other-relative,White,Female,15831,0,72,United-States,1
38,Self-emp-not-inc,120985,HS-grad,9,Married-civ-spouse,Craft-repair,Husband,White,Male,4386,0,35,United-States,0
50,Self-emp-not-inc,37913,Bachelors,13,Married-civ-spouse,Exec-managerial,Husband,White,Male,0,0,40,Italy,1
27,Local-gov,113545,Bachelors,13,Never-married,Prof-specialty,Not-in-family,White,Female,0,0,40,United-States,0
24,Private,157332,Some-college,10,Never-married,Machine-op-inspct,Own-child,White,Female,0,0,42,United-States,0
21,State-gov,39236,Some-college,10,Never-married,Tech-support,Not-in-family,White,Female,0,0,50,United-States,0
27,Private,216481,Bachelors,13,Never-married,Prof-specialty,Not-in-family,White,Female,0,0,40,United-States,0
31,Private,236861,HS-grad,9,Married-civ-spouse,Craft-repair,Husband,White,Male,0,0,60,United-States,0
37,Private,184964,Masters,14,Divorced,Exec-managerial,Not-in-family,White,Male,0,0,45,United-States,1
41,Self-emp-inc,34987,Some-college,10,Married-civ-spouse,Farming-fishing,Husband,White,Male,0,0,54,United-States,1
39,Private,129764,HS-grad,9,Married-civ-spouse,Craft-repair,Husband,White,Male,0,0,40,United-States,0
23,State-gov,33551,Bachelors,13,Married-civ-spouse,Tech-support,Husband,White,Male,0,0,38,United-States,0
69,Local-gov,122850,10th,6,Married-civ-spouse,Exec-managerial,Husband,White,Male,0,0,20,United-States,0
29,Private,77009,11th,7,Separated,Sales,Not-in-family,White,Female,0,2754,42,United-States,0
34,Private,243776,HS-grad,9,Divorced,Craft-repair,Unmarried,White,Male,0,0,40,United-States,0
61,Self-emp-inc,227232,Bachelors,13,Separated,Sales,Not-in-family,White,Female,0,0,30,United-States,0
41,Private,160837,11th,7,Married-spouse-absent,Machine-op-inspct,Not-in-family,White,Male,0,0,40,Guatemala,0
21,Private,238917,5th-6th,3,Married-civ-spouse,Other-service,Husband,White,Male,0,0,40,Mexico,0
41,Private,212894,5th-6th,3,Married-civ-spouse,Handlers-cleaners,Husband,White,Male,0,0,40,Guatemala,0
67,Private,158301,HS-grad,9,Divorced,Transport-moving,Not-in-family,White,Male,0,0,60,United-States,0
23,Private,162228,HS-grad,9,Never-married,Transport-moving,Own-child,White,Male,0,0,40,United-States,0
29,Federal-gov,208534,Prof-school,15,Married-civ-spouse,Prof-specialty,Husband,White,Male,0,0,80,United-States,0
21,Private,198050,Assoc-acdm,12,Never-married,Adm-clerical,Not-in-family,White,Female,0,0,25,United-States,0
24,Private,175254,Some-college,10,Never-married,Transport-moving,Not-in-family,Black,Male,0,0,40,United-States,0
43,Private,226902,Bachelors,13,Married-civ-spouse,Sales,Husband,White,Male,0,0,50,United-States,1
39,Private,193689,Some-college,10,Married-civ-spouse,Machine-op-inspct,Husband,White,Male,0,0,40,United-States,0
55,Private,182460,HS-grad,9,Married-civ-spouse,Craft-repair,Husband,White,Male,15024,0,35,United-States,1
24,Private,170070,HS-grad,9,Never-married,Machine-op-inspct,Own-child,White,Female,0,0,25,United-States,0
20,Private,37783,Some-college,10,Never-married,Other-service,Not-in-family,White,Female,0,0,25,United-States,0
51,Private,120173,Assoc-voc,11,Married-civ-spouse,Craft-repair,Husband,White,Male,3103,0,50,United-States,1
37,Private,61299,Some-college,10,Married-civ-spouse,Craft-repair,Husband,White,Male,0,0,45,United-States,0
46,Private,160061,Some-college,10,Married-civ-spouse,Machine-op-inspct,Husband,Black,Male,0,0,40,United-States,0
44,Private,211531,Some-college,10,Married-civ-spouse,Exec-managerial,Husband,White,Male,0,0,50,United-States,0
35,Private,412379,HS-grad,9,Never-married,Other-service,Not-in-family,White,Female,0,0,40,United-States,0
58,Private,241056,Some-college,10,Divorced,Adm-clerical,Unmarried,White,Female,0,0,46,United-States,0
37,Private,190964,HS-grad,9,Separated,Exec-managerial,Own-child,White,Male,0,0,40,United-States,0
36,Private,163237,Assoc-acdm,12,Married-civ-spouse,Adm-clerical,Husband,White,Male,0,0,40,United-States,1
34,Self-emp-inc,62396,Bachelors,13,Never-married,Prof-specialty,Not-in-family,White,Female,0,0,62,United-States,1
33,Private,103435,Assoc-voc,11,Separated,Prof-specialty,Not-in-family,White,Male,0,0,45,United-States,0
59,Private,656036,Bachelors,13,Separated,Adm-clerical,Unmarried,White,Male,0,0,60,United-States,0
25,Private,410240,HS-grad,9,Never-married,Craft-repair,Own-child,White,Male,0,0,40,United-States,0
41,Local-gov,195897,Masters,14,Married-civ-spouse,Prof-specialty,Husband,White,Male,0,0,60,United-States,0
34,Private,117529,Some-college,10,Married-civ-spouse,Farming-fishing,Husband,White,Male,0,0,54,Mexico,0
54,Self-emp-not-inc,108435,Some-college,10,Married-civ-spouse,Transport-moving,Husband,White,Male,2829,0,30,United-States,0
36,Private,186415,HS-grad,9,Married-civ-spouse,Handlers-cleaners,Husband,White,Male,0,0,65,United-States,0
58,Private,234213,HS-grad,9,Divorced,Craft-repair,Not-in-family,White,Male,14344,0,48,United-States,1
22,Private,110200,Bachelors,13,Never-married,Prof-specialty,Not-in-family,White,Male,0,0,40,United-States,0
49,Self-emp-inc,246891,Bachelors,13,Married-civ-spouse,Adm-clerical,Husband,White,Male,0,0,40,United-States,1
60,Private,162947,5th-6th,3,Divorced,Machine-op-inspct,Not-in-family,White,Female,0,0,40,Puerto-Rico,0
27,State-gov,212232,Some-college,10,Married-civ-spouse,Exec-managerial,Husband,Black,Male,0,0,40,United-States,1
59,Private,157932,10th,6,Married-civ-spouse,Craft-repair,Husband,White,Male,0,0,40,United-States,1
39,Private,70240,Some-college,10,Married-civ-spouse,Sales,Wife,Asian-Pac-Islander,Female,0,0,40,Philippines,0
26,Self-emp-not-inc,151626,HS-grad,9,Never-married,Prof-specialty,Own-child,Black,Female,0,0,40,United-States,0
29,Private,250819,Some-college,10,Never-married,Adm-clerical,Not-in-family,White,Female,0,0,40,United-States,0
26,Private,322614,Preschool,1,Married-spouse-absent,Machine-op-inspct,Not-in-family,White,Male,0,1719,40,Mexico,0
40,Private,220609,Some-college,10,Divorced,Exec-managerial,Not-in-family,White,Female,0,0,40,United-States,0
39,Private,218490,Bachelors,13,Married-civ-spouse,Sales,Husband,White,Male,0,1848,40,United-States,1
51,Private,96609,Some-college,10,Married-civ-spouse,Craft-repair,Husband,White,Male,0,0,40,United-States,0
39,Private,172538,HS-grad,9,Never-married,Machine-op-inspct,Unmarried,White,Male,0,0,40,United-States,0
43,State-gov,345969,Prof-school,15,Married-civ-spouse,Prof-specialty,Husband,White,Male,0,0,50,United-States,1
30,Private,194141,Some-college,10,Divorced,Machine-op-inspct,Not-in-family,White,Male,0,1617,40,United-States,0
61,Self-emp-not-inc,32423,HS-grad,9,Married-civ-spouse,Farming-fishing,Wife,White,Female,22040,0,40,United-States,0
31,Private,129761,HS-grad,9,Never-married,Exec-managerial,Unmarried,White,Female,0,0,40,United-States,0
40,Private,216237,Bachelors,13,Divorced,Exec-managerial,Not-in-family,White,Female,0,0,45,United-States,1
49,Self-emp-not-inc,232664,Bachelors,13,Never-married,Exec-managerial,Own-child,White,Female,0,0,40,United-States,0
61,Self-emp-inc,148577,HS-grad,9,Married-civ-spouse,Sales,Husband,White,Male,0,0,55,United-States,1
42,Local-gov,125155,HS-grad,9,Married-civ-spouse,Protective-serv,Husband,White,Male,0,0,90,United-States,0
18,Private,426836,5th-6th,3,Never-married,Handlers-cleaners,Other-relative,White,Male,0,0,40,Mexico,0
31,Private,87535,Some-college,10,Never-married,Machine-op-inspct,Not-in-family,White,Female,0,0,25,United-States,0
44,Private,197344,HS-grad,9,Never-married,Handlers-cleaners,Not-in-family,White,Male,0,0,50,United-States,0
28,Private,22422,HS-grad,9,Never-married,Transport-moving,Unmarried,White,Male,0,0,55,United-States,0
50,Private,50178,HS-grad,9,Married-civ-spouse,Tech-support,Husband,White,Male,0,0,40,United-States,1
29,Self-emp-not-inc,179008,Assoc-acdm,12,Married-civ-spouse,Sales,Husband,White,Male,0,0,50,United-States,0
36,Local-gov,127772,Bachelors,13,Divorced,Prof-specialty,Unmarried,White,Male,0,0,40,United-States,0
21,Private,182614,Some-college,10,Never-married,Sales,Other-relative,White,Female,0,0,40,Poland,0
58,Private,259014,Some-college,10,Never-married,Transport-moving,Not-in-family,White,Male,0,0,20,United-States,0
36,Private,76845,HS-grad,9,Never-married,Other-service,Own-child,Black,Male,0,0,35,United-States,0
32,Private,313729,HS-grad,9,Married-civ-spouse,Adm-clerical,Husband,White,Male,0,0,40,United-States,0
40,Federal-gov,298635,Masters,14,Married-civ-spouse,Tech-support,Husband,Asian-Pac-Islander,Male,0,1902,40,Philippines,1
23,Private,289982,HS-grad,9,Never-married,Sales,Not-in-family,White,Female,0,0,40,United-States,0
50,Private,175804,Bachelors,13,Married-civ-spouse,Sales,Husband,White,Male,0,0,40,United-States,1
33,Private,155198,9th,5,Divorced,Machine-op-inspct,Not-in-family,White,Male,0,0,35,United-States,0
59,Private,171015,Some-college,10,Never-married,Adm-clerical,Own-child,White,Female,0,0,34,United-States,0
46,Local-gov,344172,Assoc-acdm,12,Married-civ-spouse,Protective-serv,Husband,White,Male,0,0,49,United-States,1
29,Private,83742,HS-grad,9,Divorced,Other-service,Unmarried,White,Female,0,0,45,United-States,0
32,Private,154120,HS-grad,9,Married-civ-spouse,Transport-moving,Husband,White,Male,7298,0,40,United-States,1
53,Private,106176,Masters,14,Married-civ-spouse,Sales,Husband,White,Male,7298,0,60,United-States,1
37,Self-emp-not-inc,120130,Masters,14,Married-civ-spouse,Exec-managerial,Husband,White,Male,0,0,60,United-States,1
18,Private,130849,Some-college,10,Never-married,Sales,Own-child,White,Female,0,0,15,United-States,0
36,Private,290560,Some-college,10,Married-civ-spouse,Exec-managerial,Husband,White,Male,0,0,45,United-States,0
40,Self-emp-not-inc,406811,Some-college,10,Married-civ-spouse,Prof-specialty,Wife,White,Female,0,0,40,United-States,1
44,Local-gov,145178,HS-grad,9,Married-civ-spouse,Other-service,Wife,Black,Female,0,0,38,Jamaica,1
69,Private,228921,Bachelors,13,Widowed,Prof-specialty,Not-in-family,White,Male,0,2282,40,United-States,1
26,Private,253841,HS-grad,9,Never-married,Handlers-cleaners,Not-in-family,White,Male,0,0,45,United-States,0
45,Private,148549,Some-college,10,Divorced,Craft-repair,Not-in-family,White,Male,27828,0,56,United-States,1
60,Self-emp-not-inc,282066,Bachelors,13,Married-civ-spouse,Exec-managerial,Husband,White,Male,0,1977,45,United-States,1
58,Local-gov,223214,HS-grad,9,Married-civ-spouse,Other-service,Husband,White,Male,0,0,40,United-States,0
41,Private,147206,12th,8,Married-civ-spouse,Handlers-cleaners,Husband,White,Male,0,0,40,United-States,1
46,Federal-gov,31141,Some-college,10,Divorced,Transport-moving,Not-in-family,White,Male,0,0,40,United-States,0
39,State-gov,85874,HS-grad,9,Divorced,Adm-clerical,Unmarried,White,Female,0,0,40,United-States,0
25,Private,509866,HS-grad,9,Never-married,Transport-moving,Not-in-family,White,Male,0,0,78,United-States,0
31,Private,137367,11th,7,Married-spouse-absent,Handlers-cleaners,Not-in-family,Asian-Pac-Islander,Male,0,0,40,India,0
22,Private,251196,Some-college,10,Never-married,Protective-serv,Own-child,Black,Female,0,0,20,United-States,0
38,Private,40077,HS-grad,9,Married-civ-spouse,Craft-repair,Husband,White,Male,0,0,50,United-States,1
60,Private,317083,Bachelors,13,Married-civ-spouse,Exec-managerial,Husband,White,Male,0,0,45,United-States,1
40,Private,146908,Doctorate,16,Married-civ-spouse,Prof-specialty,Husband,White,Male,0,0,60,United-States,1
22,Private,91842,Some-college,10,Never-married,Sales,Not-in-family,White,Female,0,0,42,United-States,0
33,Private,231413,Bachelors,13,Married-civ-spouse,Prof-specialty,Husband,White,Male,0,0,40,United-States,0
61,Local-gov,95450,Bachelors,13,Married-civ-spouse,Exec-managerial,Husband,White,Male,5178,0,50,United-States,1
29,Private,200511,HS-grad,9,Married-civ-spouse,Sales,Husband,White,Male,0,0,50,United-States,0
44,Private,191256,HS-grad,9,Married-civ-spouse,Transport-moving,Husband,White,Male,0,0,65,United-States,1
50,Private,421561,Some-college,10,Divorced,Exec-managerial,Not-in-family,White,Male,0,0,40,United-States,0
27,Private,72887,HS-grad,9,Never-married,Handlers-cleaners,Other-relative,Asian-Pac-Islander,Male,0,0,40,United-States,0
29,Private,29361,HS-grad,9,Never-married,Other-service,Not-in-family,White,Female,0,0,38,United-States,0
42,Local-gov,100793,Bachelors,13,Married-civ-spouse,Prof-specialty,Husband,White,Male,0,0,60,United-States,1
27,Private,158647,Some-college,10,Never-married,Adm-clerical,Not-in-family,White,Female,0,0,40,United-States,0
29,Private,213692,Some-college,10,Never-married,Craft-repair,Own-child,White,Male,0,0,45,United-States,0
48,Private,121424,Bachelors,13,Married-civ-spouse,Exec-managerial,Husband,White,Male,0,0,55,United-States,1
31,Private,379798,Some-college,10,Married-civ-spouse,Sales,Husband,White,Male,0,0,40,United-States,1
58,Federal-gov,319733,HS-grad,9,Married-civ-spouse,Transport-moving,Husband,White,Male,0,0,70,United-States,0
43,Private,186188,Some-college,10,Divorced,Exec-managerial,Unmarried,White,Female,0,0,45,Iran,0
29,Private,239753,HS-grad,9,Married-civ-spouse,Adm-clerical,Wife,White,Female,0,2057,20,United-States,0
48,State-gov,122086,HS-grad,9,Married-civ-spouse,Protective-serv,Husband,White,Male,0,0,40,United-States,0
23,Private,200089,Some-college,10,Married-civ-spouse,Craft-repair,Other-relative,White,Male,0,0,40,El-Salvador,0
51,State-gov,213296,Bachelors,13,Widowed,Adm-clerical,Not-in-family,White,Male,0,0,40,United-States,0
18,State-gov,30687,Some-college,10,Never-married,Adm-clerical,Own-child,White,Male,0,0,10,United-States,0
26,Private,151810,10th,6,Never-married,Farming-fishing,Not-in-family,Black,Male,0,0,40,United-States,0
60,Private,142922,HS-grad,9,Married-civ-spouse,Craft-repair,Husband,White,Male,0,0,50,United-States,0
36,Private,549174,HS-grad,9,Married-civ-spouse,Craft-repair,Husband,White,Male,0,0,40,United-States,0
28,Private,153546,11th,7,Divorced,Other-service,Unmarried,White,Female,0,0,40,United-States,0
34,Local-gov,226296,Bachelors,13,Married-civ-spouse,Protective-serv,Husband,White,Male,0,0,40,United-States,1
35,Private,35330,HS-grad,9,Married-civ-spouse,Craft-repair,Husband,White,Male,0,0,40,United-States,0
39,State-gov,142897,Assoc-voc,11,Never-married,Exec-managerial,Unmarried,White,Female,0,0,50,United-States,0
31,State-gov,123037,Some-college,10,Never-married,Tech-support,Not-in-family,White,Male,0,0,13,United-States,0
40,Private,169885,HS-grad,9,Separated,Other-service,Not-in-family,White,Female,0,0,40,United-States,0
40,Self-emp-not-inc,177810,Bachelors,13,Married-civ-spouse,Craft-repair,Husband,White,Male,0,0,30,United-States,0
17,Private,121037,12th,8,Never-married,Sales,Own-child,White,Female,0,0,15,United-States,0
48,Self-emp-not-inc,108557,Some-college,10,Divorced,Sales,Not-in-family,White,Female,3325,0,60,United-States,0
37,Local-gov,264503,HS-grad,9,Married-civ-spouse,Protective-serv,Husband,White,Male,0,0,40,United-States,0
19,Private,286435,Some-college,10,Never-married,Craft-repair,Own-child,White,Male,594,0,40,United-States,0
49,Private,28334,Some-college,10,Married-civ-spouse,Exec-managerial,Husband,White,Male,0,0,45,United-States,1
50,Private,192982,HS-grad,9,Married-civ-spouse,Tech-support,Husband,White,Male,0,1848,40,United-States,1
50,Private,297906,Some-college,10,Married-civ-spouse,Sales,Husband,Asian-Pac-Islander,Male,0,0,50,United-States,1
36,State-gov,166697,Bachelors,13,Divorced,Prof-specialty,Unmarried,White,Female,0,0,40,United-States,0
36,Private,180150,12th,8,Divorced,Handlers-cleaners,Not-in-family,White,Male,0,0,40,United-States,0
33,Private,188246,Bachelors,13,Married-civ-spouse,Exec-managerial,Husband,White,Male,0,0,65,United-States,1
38,Private,254439,10th,6,Widowed,Transport-moving,Unmarried,Black,Male,114,0,40,United-States,0
43,Private,341204,Some-college,10,Divorced,Adm-clerical,Not-in-family,White,Female,0,0,40,United-States,0
37,Private,272950,HS-grad,9,Divorced,Craft-repair,Not-in-family,White,Male,0,0,40,United-States,0
38,State-gov,267540,Some-college,10,Separated,Adm-clerical,Unmarried,Black,Female,0,0,38,United-States,0
39,Self-emp-not-inc,124090,9th,5,Married-civ-spouse,Craft-repair,Husband,White,Male,0,0,40,United-States,0
22,Private,450920,Assoc-acdm,12,Never-married,Adm-clerical,Not-in-family,Black,Female,0,0,40,United-States,0
69,Local-gov,61958,HS-grad,9,Married-civ-spouse,Craft-repair,Husband,White,Male,1424,0,6,United-States,0
41,Private,252986,Some-college,10,Married-civ-spouse,Craft-repair,Husband,White,Male,0,0,48,United-States,1
39,Federal-gov,363630,HS-grad,9,Married-civ-spouse,Adm-clerical,Husband,Black,Male,7688,0,52,United-States,1
17,Private,262511,11th,7,Never-married,Sales,Own-child,White,Male,0,0,20,United-States,0
19,State-gov,159269,Some-college,10,Never-married,Adm-clerical,Own-child,White,Male,0,0,15,United-States,0
49,Federal-gov,233059,Assoc-voc,11,Married-civ-spouse,Craft-repair,Husband,White,Male,0,0,40,United-States,0
60,Self-emp-inc,93272,7th-8th,4,Married-civ-spouse,Sales,Husband,White,Male,0,0,60,United-States,0
57,Private,170411,Bachelors,13,Married-civ-spouse,Protective-serv,Husband,White,Male,0,0,40,United-States,1
43,Private,81243,Bachelors,13,Divorced,Tech-support,Not-in-family,White,Male,0,1876,40,United-States,0
29,Local-gov,82393,HS-grad,9,Never-married,Handlers-cleaners,Unmarried,Asian-Pac-Islander,Male,0,1590,45,United-States,0
57,Local-gov,190747,9th,5,Married-civ-spouse,Other-service,Husband,White,Male,0,0,40,United-States,0
57,Self-emp-inc,220789,HS-grad,9,Married-civ-spouse,Sales,Husband,White,Male,0,0,45,United-States,1
46,Private,121124,Assoc-acdm,12,Married-civ-spouse,Exec-managerial,Husband,White,Male,15024,0,50,United-States,1
39,Private,46028,Some-college,10,Divorced,Other-service,Unmarried,White,Female,0,0,60,United-States,0
31,Private,206046,HS-grad,9,Divorced,Machine-op-inspct,Not-in-family,White,Male,0,0,40,United-States,0
30,Private,206051,HS-grad,9,Married-civ-spouse,Handlers-cleaners,Husband,White,Male,0,0,40,United-States,1
41,Private,349703,Assoc-acdm,12,Married-civ-spouse,Farming-fishing,Husband,Asian-Pac-Islander,Male,0,0,40,United-States,0
24,Private,306779,Some-college,10,Never-married,Sales,Not-in-family,White,Male,0,0,65,United-States,0
24,Private,235071,11th,7,Married-civ-spouse,Craft-repair,Husband,White,Male,0,0,50,United-States,1
26,Private,53598,Some-college,10,Never-married,Adm-clerical,Not-in-family,White,Female,0,0,40,United-States,0
26,Private,58065,Bachelors,13,Never-married,Adm-clerical,Not-in-family,White,Female,0,0,20,United-States,0
27,Private,113501,Masters,14,Never-married,Adm-clerical,Own-child,White,Male,0,0,45,United-States,0
22,Local-gov,244408,Some-college,10,Never-married,Adm-clerical,Not-in-family,Asian-Pac-Islander,Female,0,0,40,Vietnam,0
60,Self-emp-not-inc,33717,11th,7,Married-civ-spouse,Farming-fishing,Husband,White,Male,0,0,50,United-States,0
76,Private,199949,Bachelors,13,Married-civ-spouse,Adm-clerical,Husband,White,Male,20051,0,50,United-States,1
43,Private,193494,10th,6,Married-civ-spouse,Adm-clerical,Husband,White,Male,0,0,40,United-States,0
45,Local-gov,195418,Masters,14,Divorced,Prof-specialty,Not-in-family,Black,Male,0,0,40,United-States,0
35,Private,299353,HS-grad,9,Never-married,Other-service,Unmarried,Black,Female,0,0,40,United-States,0
29,Private,34292,Some-college,10,Never-married,Adm-clerical,Not-in-family,White,Male,0,0,60,United-States,0
47,Self-emp-not-inc,355978,Doctorate,16,Married-civ-spouse,Transport-moving,Husband,White,Male,0,2002,45,United-States,0
26,Private,214413,Some-college,10,Never-married,Craft-repair,Own-child,White,Male,0,0,40,United-States,0
23,Private,212619,HS-grad,9,Married-civ-spouse,Machine-op-inspct,Husband,White,Male,0,0,50,United-States,0
22,Federal-gov,471452,Bachelors,13,Never-married,Tech-support,Own-child,White,Male,0,0,8,United-States,0
49,Private,48120,HS-grad,9,Never-married,Transport-moving,Unmarried,Black,Female,1506,0,40,United-States,0
41,Federal-gov,36651,Masters,14,Married-civ-spouse,Exec-managerial,Husband,White,Male,0,1848,40,United-States,1
42,Local-gov,281315,Bachelors,13,Never-married,Prof-specialty,Not-in-family,White,Male,0,0,50,United-States,0
50,Private,145409,HS-grad,9,Married-civ-spouse,Transport-moving,Husband,White,Male,0,0,50,United-States,1
45,Private,189792,Masters,14,Married-civ-spouse,Sales,Husband,White,Male,0,0,40,United-States,1
36,Private,93225,HS-grad,9,Divorced,Craft-repair,Not-in-family,White,Male,0,0,40,United-States,0
78,Local-gov,136198,Bachelors,13,Married-civ-spouse,Exec-managerial,Husband,White,Male,0,0,15,United-States,0
40,Private,184655,Assoc-acdm,12,Never-married,Other-service,Other-relative,White,Male,0,0,25,United-States,0
18,Private,327612,10th,6,Never-married,Other-service,Own-child,White,Female,0,0,20,United-States,0
28,Private,155621,5th-6th,3,Never-married,Craft-repair,Not-in-family,White,Male,0,0,40,Columbia,0
48,Local-gov,148121,Bachelors,13,Married-spouse-absent,Adm-clerical,Unmarried,Asian-Pac-Islander,Female,0,0,40,Philippines,0
62,State-gov,198686,HS-grad,9,Married-civ-spouse,Other-service,Husband,White,Male,0,0,40,United-States,0
25,Private,67467,HS-grad,9,Married-civ-spouse,Tech-support,Husband,White,Male,0,0,40,United-States,0
27,Private,169662,Bachelors,13,Married-civ-spouse,Prof-specialty,Husband,White,Male,0,0,42,United-States,1
43,Private,163985,HS-grad,9,Married-civ-spouse,Craft-repair,Husband,White,Male,0,0,40,United-States,0
56,Self-emp-not-inc,115439,Some-college,10,Married-civ-spouse,Craft-repair,Husband,White,Male,0,0,60,United-States,0
17,Private,147339,10th,6,Never-married,Prof-specialty,Own-child,Other,Female,0,0,15,United-States,0
40,Private,337456,HS-grad,9,Divorced,Protective-serv,Unmarried,White,Female,0,0,40,United-States,0
43,Private,187322,Bachelors,13,Married-civ-spouse,Craft-repair,Husband,White,Male,0,0,40,United-States,1
49,Private,246183,HS-grad,9,Married-civ-spouse,Sales,Husband,White,Male,0,0,40,United-States,1
26,Private,28443,Assoc-voc,11,Never-married,Other-service,Not-in-family,White,Female,0,0,40,United-States,0
40,Private,353142,Some-college,10,Divorced,Machine-op-inspct,Unmarried,Black,Female,0,0,40,United-States,0
37,Private,212465,HS-grad,9,Married-civ-spouse,Craft-repair,Husband,White,Male,0,0,40,United-States,0
33,Private,554206,Some-college,10,Never-married,Tech-support,Not-in-family,Black,Male,0,0,40,Philippines,0
27,Private,140863,HS-grad,9,Never-married,Transport-moving,Not-in-family,White,Male,0,0,60,United-States,0
47,Private,121958,7th-8th,4,Married-spouse-absent,Other-service,Unmarried,White,Female,0,0,30,United-States,0
41,Private,235167,5th-6th,3,Married-spouse-absent,Priv-house-serv,Not-in-family,White,Female,0,0,32,Mexico,0
24,Private,224954,Some-college,10,Never-married,Handlers-cleaners,Own-child,White,Male,0,0,40,United-States,0
23,Private,203715,HS-grad,9,Never-married,Farming-fishing,Own-child,White,Male,0,0,40,United-States,0
20,Private,117767,Some-college,10,Never-married,Adm-clerical,Own-child,White,Male,0,0,25,United-States,0
76,Private,203910,HS-grad,9,Widowed,Other-service,Not-in-family,White,Male,0,0,17,United-States,0
59,Private,152968,Some-college,10,Separated,Adm-clerical,Other-relative,White,Male,3325,0,40,United-States,0
41,Private,328447,1st-4th,2,Married-civ-spouse,Craft-repair,Husband,White,Male,0,0,35,Mexico,0
27,Private,198197,Bachelors,13,Never-married,Tech-support,Not-in-family,White,Male,0,0,45,United-States,0
36,Private,126675,Masters,14,Married-civ-spouse,Prof-specialty,Husband,White,Male,0,1977,50,United-States,1
25,Private,122489,Bachelors,13,Never-married,Exec-managerial,Own-child,White,Female,0,1726,60,United-States,0
33,Private,209101,HS-grad,9,Never-married,Adm-clerical,Not-in-family,White,Male,0,0,40,United-States,0
60,Private,180418,11th,7,Married-civ-spouse,Craft-repair,Husband,White,Male,0,0,40,United-States,0
42,Private,222884,Bachelors,13,Never-married,Exec-managerial,Not-in-family,White,Male,0,0,55,United-States,1
48,Private,246891,Some-college,10,Widowed,Sales,Unmarried,White,Male,0,0,50,United-States,1
65,Self-emp-not-inc,139960,HS-grad,9,Married-civ-spouse,Farming-fishing,Husband,White,Male,10605,0,60,United-States,1
20,Private,124751,Some-college,10,Never-married,Priv-house-serv,Own-child,White,Female,0,0,20,United-States,0
56,Self-emp-inc,105582,Some-college,10,Married-civ-spouse,Exec-managerial,Husband,White,Male,7688,0,50,United-States,1
33,State-gov,220066,Doctorate,16,Married-civ-spouse,Prof-specialty,Wife,White,Female,0,0,48,United-States,1
47,Federal-gov,20956,Bachelors,13,Married-civ-spouse,Craft-repair,Husband,White,Male,0,1740,40,United-States,0
36,Private,117381,HS-grad,9,Married-civ-spouse,Machine-op-inspct,Husband,White,Male,0,0,40,United-States,0
45,Self-emp-not-inc,28497,Bachelors,13,Married-civ-spouse,Farming-fishing,Husband,White,Male,0,1485,70,United-States,1
34,Private,188736,HS-grad,9,Married-civ-spouse,Machine-op-inspct,Other-relative,Other,Female,0,0,20,Columbia,0
25,Private,155320,Bachelors,13,Never-married,Exec-managerial,Own-child,White,Male,0,0,45,United-States,0
19,Private,188568,Some-college,10,Never-married,Priv-house-serv,Not-in-family,White,Female,0,0,40,United-States,0
44,Private,157236,Some-college,10,Married-spouse-absent,Handlers-cleaners,Unmarried,White,Male,0,0,40,Poland,0
43,Private,168071,HS-grad,9,Married-civ-spouse,Exec-managerial,Husband,White,Male,0,0,44,United-States,0
61,Private,162432,Some-college,10,Divorced,Other-service,Not-in-family,White,Female,0,0,40,United-States,0
51,Private,133461,Some-college,10,Married-civ-spouse,Exec-managerial,Husband,White,Male,0,0,40,United-States,0
44,Local-gov,101689,Some-college,10,Divorced,Adm-clerical,Unmarried,White,Female,0,0,40,United-States,0
64,Private,159715,Some-college,10,Married-civ-spouse,Craft-repair,Husband,White,Male,0,0,20,United-States,0
33,Private,131934,HS-grad,9,Divorced,Exec-managerial,Not-in-family,White,Female,0,0,45,United-States,0
60,Self-emp-not-inc,166153,Some-college,10,Married-civ-spouse,Sales,Husband,White,Male,0,0,50,United-States,0
28,Private,142712,Some-college,10,Married-civ-spouse,Craft-repair,Husband,White,Male,0,0,40,United-States,0
26,Private,174592,Some-college,10,Never-married,Adm-clerical,Not-in-family,White,Female,0,0,40,United-States,0
55,Private,197114,Some-college,10,Married-civ-spouse,Transport-moving,Husband,White,Male,0,0,6,United-States,1
23,Private,565313,Some-college,10,Never-married,Other-service,Own-child,Black,Male,2202,0,80,United-States,0
30,Self-emp-not-inc,455995,11th,7,Never-married,Craft-repair,Not-in-family,White,Male,0,0,45,United-States,1
31,Private,173858,Prof-school,15,Married-civ-spouse,Tech-support,Husband,Asian-Pac-Islander,Male,0,0,40,India,0
28,Private,189530,Assoc-acdm,12,Married-civ-spouse,Prof-specialty,Husband,White,Male,0,0,40,United-States,1
45,Private,206459,Some-college,10,Married-civ-spouse,Adm-clerical,Husband,White,Male,0,0,40,United-States,0
31,Private,433788,Some-college,10,Married-civ-spouse,Transport-moving,Husband,White,Male,0,0,40,United-States,1
37,Local-gov,89491,Masters,14,Divorced,Exec-managerial,Not-in-family,White,Female,0,0,40,United-States,0
31,Private,112062,Bachelors,13,Never-married,Prof-specialty,Not-in-family,White,Female,0,0,40,United-States,0
44,Private,267717,Masters,14,Married-civ-spouse,Prof-specialty,Husband,White,Male,0,0,42,United-States,1
48,Private,67725,Bachelors,13,Married-civ-spouse,Sales,Husband,White,Male,0,0,45,United-States,0
34,Private,164748,HS-grad,9,Married-civ-spouse,Craft-repair,Husband,White,Male,0,0,40,United-States,0
54,Private,339667,HS-grad,9,Never-married,Adm-clerical,Not-in-family,White,Male,0,0,41,United-States,0
57,Private,199847,Bachelors,13,Married-civ-spouse,Exec-managerial,Husband,White,Male,15024,0,60,United-States,1
22,Private,311376,Bachelors,13,Never-married,Adm-clerical,Own-child,White,Female,0,0,40,United-States,0
44,Local-gov,101593,Masters,14,Never-married,Prof-specialty,Not-in-family,White,Male,0,1876,42,United-States,0
46,Local-gov,149949,Bachelors,13,Married-civ-spouse,Prof-specialty,Husband,White,Male,0,0,45,United-States,1
39,Private,179016,HS-grad,9,Never-married,Machine-op-inspct,Not-in-family,Black,Male,0,0,40,United-States,0
21,Private,688355,HS-grad,9,Never-married,Adm-clerical,Unmarried,Black,Female,0,0,40,United-States,0
19,Private,130431,5th-6th,3,Never-married,Farming-fishing,Not-in-family,White,Male,0,0,36,Mexico,0
36,Private,416745,Assoc-acdm,12,Divorced,Exec-managerial,Not-in-family,White,Male,0,0,48,United-States,0
44,Self-emp-not-inc,147206,Some-college,10,Never-married,Craft-repair,Own-child,White,Male,0,0,12,United-States,0
38,Private,107302,Some-college,10,Married-civ-spouse,Sales,Husband,White,Male,0,0,60,United-States,1
30,Private,110239,10th,6,Married-civ-spouse,Transport-moving,Husband,White,Male,0,0,55,United-States,0
17,Private,204018,11th,7,Never-married,Sales,Unmarried,White,Male,0,0,15,United-States,0
39,Private,191807,HS-grad,9,Never-married,Machine-op-inspct,Unmarried,White,Male,0,0,48,United-States,0
32,Private,128016,HS-grad,9,Married-spouse-absent,Other-service,Unmarried,White,Female,0,0,20,United-States,0
37,Private,224886,HS-grad,9,Married-civ-spouse,Transport-moving,Husband,White,Male,0,0,42,United-States,0
23,Private,189461,HS-grad,9,Never-married,Sales,Other-relative,White,Male,0,0,55,United-States,0
47,State-gov,188386,Bachelors,13,Married-civ-spouse,Prof-specialty,Husband,White,Male,0,0,45,United-States,1
44,Private,33155,Doctorate,16,Never-married,Prof-specialty,Not-in-family,White,Male,0,0,45,United-States,0
21,Private,344492,Some-college,10,Never-married,Other-service,Own-child,White,Female,0,0,30,United-States,0
56,Private,133819,HS-grad,9,Separated,Craft-repair,Not-in-family,White,Female,0,0,40,United-States,0
22,Private,325179,Some-college,10,Never-married,Prof-specialty,Own-child,White,Male,0,0,50,United-States,0
27,Private,122922,Bachelors,13,Never-married,Sales,Not-in-family,White,Female,0,0,40,United-States,0
38,Private,304651,HS-grad,9,Divorced,Transport-moving,Not-in-family,White,Male,0,0,60,United-States,0
36,Private,159016,HS-grad,9,Married-civ-spouse,Machine-op-inspct,Husband,White,Male,0,0,38,United-States,0
25,Private,211497,Some-college,10,Married-civ-spouse,Exec-managerial,Husband,White,Male,0,0,40,United-States,0
30,Private,229895,10th,6,Divorced,Other-service,Unmarried,White,Female,0,0,40,United-States,0
21,Private,205844,Some-college,10,Never-married,Sales,Own-child,Black,Female,0,0,25,United-States,0
42,Self-emp-not-inc,27821,Assoc-voc,11,Married-civ-spouse,Exec-managerial,Husband,White,Male,0,0,60,United-States,0
32,Private,311764,10th,6,Married-civ-spouse,Exec-managerial,Wife,White,Female,0,0,35,United-States,0
41,Self-emp-not-inc,168098,Bachelors,13,Married-civ-spouse,Prof-specialty,Husband,White,Male,0,0,50,United-States,0
40,Private,155767,HS-grad,9,Separated,Machine-op-inspct,Unmarried,White,Male,0,0,40,United-States,0
26,Private,171114,Some-college,10,Never-married,Farming-fishing,Not-in-family,White,Female,0,0,38,United-States,0
30,Private,633742,Some-college,10,Never-married,Craft-repair,Not-in-family,Black,Male,0,0,45,United-States,0
51,Private,200576,Bachelors,13,Divorced,Adm-clerical,Not-in-family,White,Female,0,0,40,United-States,0
28,Local-gov,179759,Some-college,10,Married-spouse-absent,Adm-clerical,Unmarried,White,Female,0,0,40,United-States,0
32,Private,198452,HS-grad,9,Married-civ-spouse,Farming-fishing,Wife,White,Female,0,0,40,United-States,0
73,Self-emp-not-inc,109833,Bachelors,13,Married-civ-spouse,Farming-fishing,Husband,White,Male,0,0,30,United-States,0
35,State-gov,35626,Some-college,10,Divorced,Adm-clerical,Unmarried,White,Female,0,0,15,United-States,0
45,Private,142287,Masters,14,Married-civ-spouse,Exec-managerial,Husband,White,Male,0,0,50,United-States,1
54,Local-gov,196307,10th,6,Married-civ-spouse,Adm-clerical,Husband,White,Male,0,0,40,United-States,0
46,Private,166003,11th,7,Married-civ-spouse,Machine-op-inspct,Husband,White,Male,0,0,40,United-States,0
47,Private,101684,HS-grad,9,Married-civ-spouse,Craft-repair,Husband,White,Male,0,0,40,United-States,0
45,Private,236040,Some-college,10,Married-civ-spouse,Prof-specialty,Husband,White,Male,0,0,40,United-States,1
27,Local-gov,230885,Bachelors,13,Married-civ-spouse,Protective-serv,Husband,White,Male,0,0,45,United-States,1
58,Private,159378,HS-grad,9,Married-civ-spouse,Machine-op-inspct,Husband,White,Male,0,0,45,United-States,1
27,Private,168827,HS-grad,9,Married-civ-spouse,Machine-op-inspct,Husband,White,Male,0,0,40,United-States,0
74,Private,183701,10th,6,Widowed,Other-service,Not-in-family,Black,Female,0,0,6,United-States,0
31,Private,19302,Assoc-acdm,12,Never-married,Adm-clerical,Not-in-family,White,Male,2202,0,38,United-States,0
30,Local-gov,352542,Bachelors,13,Divorced,Prof-specialty,Unmarried,White,Female,0,0,40,United-States,0
29,Private,349154,10th,6,Separated,Farming-fishing,Unmarried,White,Female,0,0,40,Guatemala,0
52,Private,160703,HS-grad,9,Married-civ-spouse,Adm-clerical,Husband,White,Male,0,0,48,United-States,0
74,Private,97167,HS-grad,9,Married-civ-spouse,Other-service,Husband,White,Male,0,0,15,United-States,0
43,State-gov,30824,Some-college,10,Divorced,Adm-clerical,Not-in-family,White,Female,0,0,40,United-States,0
34,State-gov,56964,Doctorate,16,Married-civ-spouse,Prof-specialty,Wife,White,Female,0,0,50,United-States,1
55,Private,183884,HS-grad,9,Divorced,Craft-repair,Not-in-family,White,Male,0,0,45,United-States,0
33,Private,174789,Some-college,10,Never-married,Adm-clerical,Not-in-family,White,Male,0,0,50,United-States,0
61,Private,225970,HS-grad,9,Married-civ-spouse,Tech-support,Husband,White,Male,0,0,40,United-States,1
34,Private,66309,HS-grad,9,Married-civ-spouse,Craft-repair,Husband,White,Male,0,0,35,United-States,0
27,Local-gov,124680,Masters,14,Never-married,Prof-specialty,Not-in-family,White,Female,0,0,40,United-States,0
31,Private,91964,Some-college,10,Never-married,Adm-clerical,Other-relative,White,Male,0,0,40,United-States,0
50,State-gov,78649,Some-college,10,Married-spouse-absent,Adm-clerical,Unmarried,Amer-Indian-Eskimo,Female,0,0,40,United-States,0
20,Private,218215,Some-college,10,Never-married,Adm-clerical,Own-child,White,Female,0,0,40,United-States,0
24,Private,210029,HS-grad,9,Never-married,Adm-clerical,Not-in-family,White,Female,0,2001,37,United-States,0
44,Private,162643,HS-grad,9,Never-married,Adm-clerical,Not-in-family,White,Female,0,0,43,United-States,0
36,Private,171968,HS-grad,9,Married-civ-spouse,Craft-repair,Husband,White,Male,0,0,40,United-States,0
39,Self-emp-not-inc,191342,Bachelors,13,Married-civ-spouse,Exec-managerial,Husband,Asian-Pac-Islander,Male,0,0,50,South,0
44,Local-gov,188808,Assoc-voc,11,Married-civ-spouse,Craft-repair,Husband,White,Male,0,0,40,United-States,1
18,Private,41794,11th,7,Never-married,Other-service,Own-child,White,Female,0,0,20,United-States,0
18,Private,436163,11th,7,Never-married,Prof-specialty,Own-child,White,Male,0,0,20,United-States,0
23,Private,49296,HS-grad,9,Never-married,Handlers-cleaners,Other-relative,Black,Male,0,0,40,United-States,0
26,Private,144483,Assoc-voc,11,Divorced,Sales,Own-child,White,Female,594,0,35,United-States,0
33,Private,169879,Bachelors,13,Married-civ-spouse,Prof-specialty,Husband,White,Male,3103,0,47,United-States,1
41,Private,178431,HS-grad,9,Married-civ-spouse,Craft-repair,Husband,Asian-Pac-Islander,Male,0,0,40,Taiwan,0
51,Private,159755,Bachelors,13,Married-civ-spouse,Exec-managerial,Husband,White,Male,7688,0,40,United-States,1
19,Private,376683,Some-college,10,Never-married,Other-service,Unmarried,Black,Female,2036,0,30,United-States,0
51,Private,57101,9th,5,Married-civ-spouse,Craft-repair,Husband,White,Male,0,0,40,United-States,0
48,Local-gov,142719,Masters,14,Married-civ-spouse,Prof-specialty,Husband,White,Male,0,0,40,United-States,1
42,Private,168103,Bachelors,13,Married-civ-spouse,Exec-managerial,Husband,White,Male,0,0,40,United-States,1
58,Private,222247,10th,6,Married-civ-spouse,Transport-moving,Husband,White,Male,0,1887,40,United-States,1
42,Self-emp-not-inc,37618,Some-college,10,Married-civ-spouse,Farming-fishing,Husband,White,Male,0,0,60,United-States,0
30,Self-emp-inc,77689,Bachelors,13,Married-civ-spouse,Sales,Husband,White,Male,7688,0,50,United-States,1
32,Private,198183,Some-college,10,Divorced,Exec-managerial,Not-in-family,White,Female,0,0,38,United-States,0
66,Private,236784,Bachelors,13,Divorced,Prof-specialty,Unmarried,White,Female,0,0,8,Cuba,0
27,State-gov,192355,Bachelors,13,Never-married,Prof-specialty,Not-in-family,White,Male,0,0,50,United-States,0
32,Private,113504,Bachelors,13,Married-civ-spouse,Exec-managerial,Husband,White,Male,0,0,40,United-States,1
30,Private,75573,Bachelors,13,Never-married,Exec-managerial,Not-in-family,White,Female,0,0,45,Germany,0
37,State-gov,160402,Bachelors,13,Married-civ-spouse,Prof-specialty,Husband,White,Male,0,0,55,United-States,1
33,Self-emp-not-inc,270889,HS-grad,9,Never-married,Transport-moving,Not-in-family,White,Male,0,0,60,United-States,0
35,Federal-gov,153633,Some-college,10,Never-married,Other-service,Unmarried,Black,Female,0,0,40,United-States,0
29,Private,178778,Some-college,10,Never-married,Other-service,Not-in-family,White,Male,0,0,40,United-States,0
42,Private,201785,Masters,14,Married-civ-spouse,Sales,Husband,White,Male,0,0,50,United-States,1
38,Private,296125,HS-grad,9,Separated,Priv-house-serv,Unmarried,Black,Female,0,0,30,United-States,0
47,Private,185041,Some-college,10,Married-civ-spouse,Craft-repair,Husband,White,Male,7298,0,40,United-States,1
29,Private,192010,Bachelors,13,Never-married,Prof-specialty,Not-in-family,White,Female,0,0,60,Poland,0
34,Private,191856,Some-college,10,Married-civ-spouse,Exec-managerial,Wife,White,Female,7298,0,40,United-States,1
25,Self-emp-not-inc,136450,Assoc-acdm,12,Married-civ-spouse,Adm-clerical,Wife,White,Female,0,0,35,United-States,1
69,Private,168139,HS-grad,9,Married-civ-spouse,Sales,Wife,White,Female,0,0,40,United-States,0
67,Self-emp-not-inc,107138,Some-college,10,Married-civ-spouse,Sales,Husband,White,Male,0,0,40,United-States,0
50,Private,92079,Some-college,10,Married-civ-spouse,Tech-support,Husband,White,Male,0,0,45,United-States,1
35,Private,136343,HS-grad,9,Never-married,Sales,Not-in-family,White,Male,0,0,40,United-States,0
62,Private,141308,Some-college,10,Never-married,Adm-clerical,Not-in-family,White,Female,0,0,40,United-States,0
17,Private,401198,11th,7,Never-married,Sales,Own-child,White,Female,0,0,15,United-States,0
38,Private,234298,Bachelors,13,Divorced,Exec-managerial,Not-in-family,White,Male,6849,0,60,United-States,0
49,Private,140121,HS-grad,9,Divorced,Exec-managerial,Unmarried,White,Male,0,0,50,United-States,0
41,Private,220132,HS-grad,9,Married-civ-spouse,Exec-managerial,Husband,White,Male,7298,0,40,United-States,1
23,Self-emp-not-inc,282604,11th,7,Married-civ-spouse,Transport-moving,Husband,White,Male,7688,0,60,United-States,1
37,Private,187346,5th-6th,3,Never-married,Adm-clerical,Other-relative,White,Female,0,0,40,Mexico,0
41,Private,37869,HS-grad,9,Married-civ-spouse,Sales,Husband,White,Male,0,1902,40,United-States,1
75,Self-emp-inc,125197,HS-grad,9,Married-civ-spouse,Adm-clerical,Husband,White,Male,0,0,26,United-States,0
65,Private,153522,HS-grad,9,Widowed,Other-service,Unmarried,White,Female,0,0,17,United-States,0
52,Private,81859,HS-grad,9,Married-civ-spouse,Machine-op-inspct,Husband,White,Male,0,0,48,United-States,1
42,Self-emp-inc,50122,HS-grad,9,Married-civ-spouse,Sales,Husband,White,Male,0,0,60,United-States,0
26,State-gov,169323,Masters,14,Never-married,Prof-specialty,Not-in-family,White,Female,0,0,40,United-States,0
30,Private,226665,Bachelors,13,Married-civ-spouse,Exec-managerial,Husband,Black,Male,0,0,42,United-States,1
39,Private,98776,Some-college,10,Divorced,Exec-managerial,Not-in-family,White,Male,0,0,50,United-States,1
35,Private,301369,12th,8,Never-married,Machine-op-inspct,Unmarried,Black,Female,0,0,40,United-States,0
35,Private,186886,HS-grad,9,Divorced,Exec-managerial,Unmarried,White,Female,0,0,55,United-States,0
50,Private,211319,Bachelors,13,Married-civ-spouse,Exec-managerial,Husband,White,Male,7298,0,50,United-States,1
22,Private,305498,HS-grad,9,Divorced,Sales,Own-child,White,Female,0,0,33,United-States,0
17,Private,142457,11th,7,Never-married,Other-service,Own-child,Black,Male,0,0,20,United-States,0
65,Private,83800,Some-college,10,Married-civ-spouse,Handlers-cleaners,Husband,White,Male,0,0,27,United-States,0
30,Private,89735,Assoc-voc,11,Married-civ-spouse,Prof-specialty,Husband,White,Male,0,0,40,United-States,1
35,Self-emp-inc,184655,HS-grad,9,Married-civ-spouse,Sales,Husband,White,Male,0,0,62,United-States,0
37,Private,290609,HS-grad,9,Divorced,Adm-clerical,Unmarried,Black,Female,0,0,40,United-States,0
38,Private,160808,HS-grad,9,Married-civ-spouse,Craft-repair,Husband,Black,Male,4386,0,48,United-States,0
58,Self-emp-not-inc,211547,12th,8,Divorced,Sales,Not-in-family,White,Female,0,0,52,United-States,0
45,Private,192835,HS-grad,9,Married-civ-spouse,Other-service,Husband,White,Male,3942,0,40,United-States,0
39,Private,79331,Masters,14,Married-civ-spouse,Exec-managerial,Husband,Asian-Pac-Islander,Male,15024,0,40,United-States,1
54,Private,141663,HS-grad,9,Never-married,Other-service,Not-in-family,White,Male,0,0,15,United-States,0
40,Private,25005,Bachelors,13,Married-civ-spouse,Prof-specialty,Husband,White,Male,15024,0,99,United-States,1
52,Private,111700,Some-college,10,Divorced,Sales,Other-relative,White,Female,0,0,20,United-States,1
34,Private,220840,5th-6th,3,Married-civ-spouse,Farming-fishing,Husband,White,Male,0,0,40,Mexico,0
25,Private,164229,HS-grad,9,Divorced,Other-service,Not-in-family,White,Male,2597,0,40,United-States,0
46,Private,207677,HS-grad,9,Divorced,Craft-repair,Not-in-family,White,Male,0,0,30,United-States,0
57,Private,188872,5th-6th,3,Divorced,Transport-moving,Unmarried,White,Male,6497,0,40,United-States,0
55,Private,143030,HS-grad,9,Divorced,Machine-op-inspct,Not-in-family,White,Female,0,0,40,United-States,0
41,Self-emp-inc,64506,HS-grad,9,Married-civ-spouse,Farming-fishing,Husband,White,Male,0,0,50,United-States,0
34,Self-emp-not-inc,349148,Some-college,10,Married-civ-spouse,Craft-repair,Husband,White,Male,0,0,40,United-States,0
52,Federal-gov,207841,Some-college,10,Married-civ-spouse,Adm-clerical,Husband,White,Male,0,0,40,United-States,0
42,Self-emp-not-inc,104118,Some-college,10,Never-married,Exec-managerial,Not-in-family,White,Male,0,0,40,United-States,0
17,Private,327434,10th,6,Never-married,Sales,Own-child,White,Male,0,0,20,United-States,0
46,Private,332355,Some-college,10,Married-civ-spouse,Adm-clerical,Husband,White,Male,0,0,40,United-States,0
20,Private,234880,Some-college,10,Never-married,Sales,Own-child,White,Female,0,0,30,United-States,0
49,Federal-gov,420282,Some-college,10,Never-married,Adm-clerical,Unmarried,Black,Female,0,0,40,United-States,0
50,Self-emp-inc,321822,Prof-school,15,Married-civ-spouse,Prof-specialty,Husband,White,Male,0,0,75,United-States,1
42,Self-emp-not-inc,133584,Some-college,10,Married-civ-spouse,Craft-repair,Husband,White,Male,0,0,40,El-Salvador,0
35,Private,222989,HS-grad,9,Married-civ-spouse,Transport-moving,Husband,White,Male,0,0,30,United-States,0
22,Private,215546,Assoc-acdm,12,Never-married,Exec-managerial,Not-in-family,White,Male,0,0,55,United-States,0
34,Private,31740,7th-8th,4,Married-civ-spouse,Transport-moving,Husband,White,Male,0,0,40,United-States,0
54,Private,205337,Bachelors,13,Never-married,Exec-managerial,Not-in-family,White,Male,0,0,50,United-States,1
45,Self-emp-not-inc,160167,10th,6,Married-civ-spouse,Craft-repair,Husband,White,Male,0,0,70,United-States,0
44,Private,151089,Bachelors,13,Married-civ-spouse,Prof-specialty,Husband,White,Male,0,1902,50,United-States,1
61,Self-emp-inc,98350,Doctorate,16,Married-civ-spouse,Exec-managerial,Husband,Asian-Pac-Islander,Male,0,0,40,Taiwan,1
54,Private,135388,HS-grad,9,Married-civ-spouse,Craft-repair,Husband,White,Male,5178,0,40,United-States,1
21,Private,119704,Some-college,10,Never-married,Sales,Unmarried,White,Female,0,0,35,United-States,0
35,Private,297485,Bachelors,13,Divorced,Exec-managerial,Unmarried,White,Female,0,0,40,United-States,0
38,Private,498785,HS-grad,9,Married-civ-spouse,Handlers-cleaners,Husband,White,Male,0,0,40,United-States,0
32,Self-emp-not-inc,37232,Prof-school,15,Married-civ-spouse,Prof-specialty,Husband,White,Male,7688,0,45,United-States,1
37,Self-emp-inc,116554,Masters,14,Divorced,Exec-managerial,Not-in-family,White,Female,0,0,70,United-States,0
29,Private,258862,Bachelors,13,Never-married,Craft-repair,Not-in-family,White,Female,0,0,45,United-States,0
34,Self-emp-not-inc,124052,Bachelors,13,Married-civ-spouse,Sales,Husband,White,Male,0,0,30,United-States,0
43,State-gov,134782,Assoc-acdm,12,Married-spouse-absent,Other-service,Unmarried,White,Female,0,0,30,United-States,0
32,Private,175856,Bachelors,13,Married-civ-spouse,Tech-support,Husband,White,Male,0,1902,40,United-States,1
29,Private,224215,Some-college,10,Married-civ-spouse,Craft-repair,Husband,White,Male,0,0,40,United-States,1
38,Private,239397,7th-8th,4,Married-civ-spouse,Craft-repair,Husband,White,Male,0,0,36,Mexico,0
38,Private,190895,Bachelors,13,Married-civ-spouse,Exec-managerial,Husband,White,Male,7298,0,50,United-States,1
29,Private,391867,Assoc-voc,11,Married-civ-spouse,Craft-repair,Husband,White,Male,0,0,40,United-States,1
75,Self-emp-not-inc,146576,Bachelors,13,Widowed,Prof-specialty,Unmarried,White,Male,0,0,48,United-States,1
36,Self-emp-not-inc,138940,Bachelors,13,Married-civ-spouse,Exec-managerial,Husband,White,Male,4386,0,50,United-States,1
28,Federal-gov,214858,HS-grad,9,Never-married,Machine-op-inspct,Own-child,White,Male,0,0,48,United-States,0
55,Private,80167,Bachelors,13,Divorced,Prof-specialty,Unmarried,White,Female,0,0,40,United-States,0
21,Private,161415,Some-college,10,Never-married,Craft-repair,Not-in-family,White,Male,0,0,50,United-States,0
39,Private,236391,HS-grad,9,Married-civ-spouse,Craft-repair,Husband,White,Male,0,0,45,United-States,0
28,Self-emp-inc,115705,Some-college,10,Never-married,Exec-managerial,Not-in-family,White,Male,0,0,50,United-States,0
27,Private,177955,5th-6th,3,Never-married,Priv-house-serv,Other-relative,White,Female,2176,0,40,El-Salvador,0
33,Self-emp-not-inc,188957,Bachelors,13,Never-married,Sales,Not-in-family,White,Female,0,0,40,United-States,0
34,Private,203034,Bachelors,13,Separated,Sales,Not-in-family,White,Male,0,2824,50,United-States,1
60,Federal-gov,237317,Assoc-voc,11,Divorced,Prof-specialty,Unmarried,White,Male,4934,0,40,United-States,1
53,Private,33304,Some-college,10,Married-civ-spouse,Transport-moving,Husband,White,Male,0,0,40,United-States,1
39,Private,209397,HS-grad,9,Divorced,Adm-clerical,Unmarried,White,Female,0,0,40,United-States,0
35,Private,58343,HS-grad,9,Married-civ-spouse,Sales,Husband,White,Male,0,0,44,United-States,0
17,Self-emp-inc,181608,10th,6,Never-married,Sales,Own-child,White,Male,0,0,12,United-States,0
31,Private,98639,Bachelors,13,Never-married,Tech-support,Not-in-family,White,Male,0,0,40,United-States,0
43,Private,105188,HS-grad,9,Never-married,Other-service,Not-in-family,Black,Male,0,0,40,Haiti,0
45,Self-emp-inc,34091,Bachelors,13,Married-civ-spouse,Exec-managerial,Husband,White,Male,0,0,38,United-States,1
47,Private,379118,7th-8th,4,Married-civ-spouse,Craft-repair,Husband,Black,Male,0,0,60,United-States,1
44,Federal-gov,243636,Assoc-voc,11,Married-civ-spouse,Craft-repair,Husband,White,Male,0,0,40,United-States,1
54,Private,391016,Bachelors,13,Married-civ-spouse,Sales,Husband,White,Male,0,0,40,United-States,1
51,Private,126010,HS-grad,9,Married-civ-spouse,Craft-repair,Husband,White,Male,0,0,40,United-States,0
30,Private,212064,Bachelors,13,Never-married,Prof-specialty,Own-child,White,Female,0,0,40,United-States,0
45,Private,261278,Bachelors,13,Married-civ-spouse,Prof-specialty,Wife,Asian-Pac-Islander,Female,5178,0,40,Philippines,1
36,Private,29702,HS-grad,9,Married-civ-spouse,Sales,Husband,White,Male,7688,0,40,United-States,1
27,Private,215014,HS-grad,9,Married-civ-spouse,Sales,Husband,White,Male,0,0,35,Mexico,0
42,Federal-gov,178470,HS-grad,9,Divorced,Adm-clerical,Not-in-family,White,Female,0,0,40,United-States,0
52,Self-emp-inc,334273,Doctorate,16,Married-civ-spouse,Prof-specialty,Husband,White,Male,99999,0,65,United-States,1
36,Private,199501,Some-college,10,Divorced,Exec-managerial,Unmarried,Black,Female,0,0,38,United-States,0
31,Private,121768,Assoc-acdm,12,Divorced,Adm-clerical,Unmarried,White,Female,0,0,35,Poland,0
59,Self-emp-inc,146477,Prof-school,15,Married-civ-spouse,Prof-specialty,Husband,White,Male,0,0,40,United-States,1
18,Private,164441,Some-college,10,Never-married,Adm-clerical,Own-child,White,Female,0,0,38,United-States,0
36,Private,188834,9th,5,Married-civ-spouse,Transport-moving,Husband,White,Male,0,0,50,United-States,0
44,Private,199191,HS-grad,9,Married-civ-spouse,Adm-clerical,Wife,White,Female,0,0,30,United-States,0
20,Private,290504,HS-grad,9,Never-married,Other-service,Other-relative,White,Male,0,0,40,United-States,0
20,Private,192711,Some-college,10,Never-married,Handlers-cleaners,Own-child,White,Female,0,0,40,United-States,0
43,State-gov,308498,HS-grad,9,Married-spouse-absent,Exec-managerial,Unmarried,White,Female,0,0,40,United-States,0
51,Local-gov,143865,10th,6,Widowed,Other-service,Not-in-family,White,Female,0,0,24,United-States,0
47,Private,104521,Assoc-voc,11,Married-civ-spouse,Prof-specialty,Husband,White,Male,0,0,40,United-States,1
23,Private,359759,HS-grad,9,Never-married,Craft-repair,Own-child,Asian-Pac-Islander,Male,0,0,40,Philippines,0
38,Private,52596,Some-college,10,Never-married,Adm-clerical,Own-child,Black,Female,0,0,40,United-States,0
40,Private,182302,HS-grad,9,Divorced,Transport-moving,Not-in-family,White,Male,0,0,40,United-States,0
31,Private,32406,Some-college,10,Divorced,Craft-repair,Unmarried,White,Female,0,0,20,United-States,0
25,Local-gov,84224,Bachelors,13,Never-married,Prof-specialty,Not-in-family,White,Female,0,0,40,United-States,0
32,State-gov,542265,HS-grad,9,Never-married,Adm-clerical,Not-in-family,White,Female,0,0,40,United-States,0
51,Private,302847,HS-grad,9,Married-civ-spouse,Craft-repair,Husband,White,Male,0,0,54,United-States,0
29,Private,38353,HS-grad,9,Married-civ-spouse,Craft-repair,Husband,White,Male,0,0,45,United-States,0
32,Private,390157,Bachelors,13,Never-married,Prof-specialty,Not-in-family,Black,Female,0,0,40,United-States,0
43,Local-gov,105862,Some-college,10,Married-civ-spouse,Adm-clerical,Wife,White,Female,0,1902,40,United-States,1
31,State-gov,93589,HS-grad,9,Divorced,Protective-serv,Own-child,Other,Male,0,0,40,United-States,0
26,Private,190027,10th,6,Divorced,Handlers-cleaners,Not-in-family,White,Female,0,0,30,United-States,0
36,Private,137314,Assoc-voc,11,Never-married,Tech-support,Not-in-family,White,Male,0,0,45,United-States,0
29,Private,107458,HS-grad,9,Married-civ-spouse,Transport-moving,Husband,White,Male,0,0,40,United-States,0
42,Private,188808,Bachelors,13,Divorced,Adm-clerical,Unmarried,White,Male,0,0,30,United-States,0
61,Private,203445,Some-college,10,Widowed,Adm-clerical,Other-relative,White,Female,0,0,40,United-States,0
48,Federal-gov,483261,Some-college,10,Never-married,Adm-clerical,Not-in-family,Black,Male,0,0,40,United-States,0
32,Private,204792,11th,7,Married-civ-spouse,Farming-fishing,Husband,White,Male,0,0,40,United-States,0
33,Private,94235,Prof-school,15,Never-married,Prof-specialty,Own-child,White,Male,0,0,42,United-States,1
67,Self-emp-not-inc,179285,Bachelors,13,Married-civ-spouse,Sales,Husband,White,Male,0,0,30,United-States,0
29,Private,165360,Assoc-voc,11,Never-married,Adm-clerical,Not-in-family,White,Female,0,0,40,United-States,0
60,Private,165441,7th-8th,4,Divorced,Machine-op-inspct,Unmarried,White,Female,0,0,40,United-States,0
35,Private,61518,HS-grad,9,Married-civ-spouse,Exec-managerial,Husband,White,Male,0,0,35,United-States,0
21,Private,455361,9th,5,Never-married,Other-service,Unmarried,White,Male,0,0,35,Mexico,0
20,Private,262749,Some-college,10,Never-married,Other-service,Own-child,White,Male,0,0,35,United-States,0
17,Private,260797,10th,6,Never-married,Handlers-cleaners,Own-child,White,Female,0,0,23,United-States,0
41,Private,244945,Some-college,10,Married-civ-spouse,Exec-managerial,Husband,White,Male,0,0,40,United-States,0
44,Self-emp-not-inc,208277,HS-grad,9,Married-civ-spouse,Machine-op-inspct,Wife,White,Female,0,0,45,United-States,0
35,Private,32528,HS-grad,9,Married-civ-spouse,Handlers-cleaners,Husband,White,Male,0,0,45,United-States,0
33,Private,208180,Bachelors,13,Never-married,Sales,Not-in-family,White,Female,0,0,40,United-States,0
28,Private,308995,Some-college,10,Never-married,Adm-clerical,Own-child,Black,Female,0,0,40,Jamaica,0
23,Private,241185,HS-grad,9,Never-married,Adm-clerical,Not-in-family,White,Female,0,0,40,United-States,0
50,Private,140741,11th,7,Never-married,Machine-op-inspct,Other-relative,White,Female,0,0,40,United-States,0
40,Private,224910,HS-grad,9,Never-married,Machine-op-inspct,Not-in-family,White,Female,0,0,40,United-States,0
24,Private,249351,HS-grad,9,Married-civ-spouse,Machine-op-inspct,Wife,White,Female,0,0,40,United-States,0
49,Private,328776,HS-grad,9,Divorced,Exec-managerial,Unmarried,White,Female,0,0,40,United-States,0
45,Federal-gov,183804,Some-college,10,Never-married,Adm-clerical,Own-child,White,Male,0,0,40,United-States,0
54,Private,197481,Some-college,10,Divorced,Adm-clerical,Unmarried,White,Female,0,0,40,United-States,0
34,Self-emp-not-inc,108247,Prof-school,15,Married-civ-spouse,Prof-specialty,Husband,White,Male,0,0,55,United-States,1
44,Private,222703,7th-8th,4,Married-civ-spouse,Machine-op-inspct,Husband,Other,Male,0,0,40,Nicaragua,0
18,Private,208447,12th,8,Never-married,Handlers-cleaners,Own-child,White,Male,0,0,6,United-States,0
36,Private,343476,HS-grad,9,Divorced,Craft-repair,Not-in-family,White,Male,0,0,30,United-States,0
39,Private,53926,Bachelors,13,Married-civ-spouse,Prof-specialty,Husband,White,Male,0,0,40,United-States,0
19,Private,188008,Some-college,10,Never-married,Sales,Own-child,Black,Female,0,0,20,United-States,0
36,Private,156400,Some-college,10,Divorced,Adm-clerical,Unmarried,White,Female,0,0,40,United-States,0
57,Local-gov,148509,Bachelors,13,Married-civ-spouse,Prof-specialty,Husband,Asian-Pac-Islander,Male,0,0,35,India,0
52,Private,95128,Some-college,10,Divorced,Sales,Not-in-family,White,Male,0,0,50,United-States,0
31,Self-emp-not-inc,369648,Assoc-acdm,12,Married-civ-spouse,Craft-repair,Not-in-family,White,Male,0,0,50,United-States,1
22,Private,68678,HS-grad,9,Married-civ-spouse,Sales,Husband,Black,Male,0,0,40,United-States,0
45,Private,187033,HS-grad,9,Married-civ-spouse,Craft-repair,Husband,White,Male,0,2051,40,United-States,0
35,Private,180988,Some-college,10,Divorced,Adm-clerical,Unmarried,White,Female,0,0,39,United-States,0
59,Self-emp-not-inc,165315,Bachelors,13,Married-civ-spouse,Prof-specialty,Husband,White,Male,99999,0,43,United-States,1
50,Private,263200,5th-6th,3,Married-spouse-absent,Other-service,Unmarried,White,Female,0,0,34,Mexico,0
45,Self-emp-not-inc,315984,HS-grad,9,Married-civ-spouse,Craft-repair,Husband,White,Male,7688,0,50,United-States,1
44,State-gov,87282,Bachelors,13,Never-married,Prof-specialty,Not-in-family,Asian-Pac-Islander,Female,0,0,38,United-States,0
42,Local-gov,55363,Masters,14,Married-civ-spouse,Prof-specialty,Husband,White,Male,0,0,55,United-States,1
45,Private,238567,Bachelors,13,Married-civ-spouse,Exec-managerial,Husband,White,Male,0,0,40,England,1
54,Self-emp-not-inc,163815,Masters,14,Divorced,Sales,Not-in-family,White,Male,0,0,60,United-States,0
49,Self-emp-not-inc,377622,Assoc-acdm,12,Divorced,Sales,Not-in-family,White,Male,0,0,50,United-States,0
35,Private,201328,HS-grad,9,Married-civ-spouse,Transport-moving,Husband,White,Male,0,0,50,United-States,0
56,Local-gov,198277,12th,8,Never-married,Handlers-cleaners,Not-in-family,White,Male,0,0,40,United-States,0
28,Private,271572,9th,5,Never-married,Other-service,Other-relative,White,Male,0,0,52,United-States,0
42,Private,178074,HS-grad,9,Divorced,Adm-clerical,Not-in-family,White,Female,0,0,40,United-States,0
38,Private,266325,Bachelors,13,Married-civ-spouse,Prof-specialty,Wife,White,Female,0,0,32,United-States,1
21,Private,156807,HS-grad,9,Never-married,Other-service,Own-child,Black,Male,0,0,10,United-States,0
68,Private,45508,5th-6th,3,Married-spouse-absent,Sales,Not-in-family,White,Male,0,0,22,United-States,0
46,Private,28419,Assoc-voc,11,Never-married,Transport-moving,Not-in-family,White,Male,0,0,50,United-States,0
23,State-gov,199915,HS-grad,9,Never-married,Other-service,Own-child,White,Female,0,0,21,United-States,0
40,Private,222848,10th,6,Married-civ-spouse,Other-service,Wife,Black,Female,0,0,32,United-States,0
38,Private,66326,HS-grad,9,Married-civ-spouse,Transport-moving,Husband,White,Male,0,0,99,United-States,0
30,Private,203258,HS-grad,9,Never-married,Other-service,Not-in-family,White,Female,0,0,35,United-States,0
43,Federal-gov,155106,Bachelors,13,Married-civ-spouse,Handlers-cleaners,Husband,White,Male,0,0,53,United-States,0
25,Local-gov,334133,Masters,14,Never-married,Prof-specialty,Own-child,White,Male,0,0,20,United-States,0
67,Private,166187,HS-grad,9,Widowed,Exec-managerial,Unmarried,White,Male,0,0,38,United-States,1
57,Local-gov,190561,HS-grad,9,Divorced,Handlers-cleaners,Not-in-family,Black,Female,0,0,30,United-States,0
45,Private,146857,Bachelors,13,Married-civ-spouse,Exec-managerial,Husband,White,Male,0,0,38,United-States,1
19,Private,99246,11th,7,Never-married,Machine-op-inspct,Not-in-family,White,Female,0,0,25,United-States,0
55,Private,349910,HS-grad,9,Married-civ-spouse,Farming-fishing,Husband,White,Male,0,0,45,United-States,1
26,Private,258768,Some-college,10,Never-married,Transport-moving,Not-in-family,Black,Male,2174,0,75,United-States,0
47,Private,179955,Some-college,10,Widowed,Transport-moving,Unmarried,White,Female,0,0,25,Outlying-US(Guam-USVI-etc),0
55,Private,105304,HS-grad,9,Married-civ-spouse,Machine-op-inspct,Husband,White,Male,0,0,40,United-States,0
65,Private,207281,Some-college,10,Married-civ-spouse,Protective-serv,Husband,White,Male,0,0,16,United-States,0
46,Self-emp-inc,276934,Bachelors,13,Married-civ-spouse,Sales,Husband,White,Male,0,0,70,United-States,1
26,Local-gov,27834,Bachelors,13,Never-married,Protective-serv,Not-in-family,White,Male,0,0,40,United-States,0
26,Private,208122,Some-college,10,Divorced,Handlers-cleaners,Not-in-family,White,Male,0,0,45,United-States,0
27,Private,55390,Some-college,10,Never-married,Farming-fishing,Own-child,White,Male,0,0,45,United-States,0
25,Private,189656,Bachelors,13,Never-married,Tech-support,Not-in-family,White,Male,0,0,60,United-States,1
63,Private,287277,HS-grad,9,Divorced,Protective-serv,Not-in-family,White,Male,0,0,40,United-States,0
26,Private,159897,Some-college,10,Never-married,Exec-managerial,Unmarried,Black,Female,0,0,40,United-States,0
22,Private,162869,Some-college,10,Never-married,Sales,Other-relative,White,Male,0,0,65,United-States,0
39,Private,85319,Prof-school,15,Married-civ-spouse,Prof-specialty,Wife,White,Female,7688,0,60,United-States,1
35,State-gov,216035,HS-grad,9,Married-civ-spouse,Protective-serv,Husband,White,Male,0,0,40,United-States,0
17,Private,63734,10th,6,Never-married,Handlers-cleaners,Own-child,White,Male,0,0,20,United-States,0
22,Private,153805,HS-grad,9,Never-married,Other-service,Unmarried,Other,Male,0,0,20,Puerto-Rico,0
20,Private,122215,HS-grad,9,Never-married,Other-service,Own-child,Black,Male,0,0,52,United-States,0
40,Private,343068,Some-college,10,Divorced,Exec-managerial,Not-in-family,White,Female,0,0,40,United-States,0
27,Private,118799,HS-grad,9,Divorced,Adm-clerical,Not-in-family,White,Female,0,0,40,United-States,0
20,Private,211968,Assoc-voc,11,Never-married,Other-service,Own-child,White,Female,0,0,20,United-States,0
41,Private,113555,Some-college,10,Married-civ-spouse,Craft-repair,Husband,Amer-Indian-Eskimo,Male,7298,0,50,United-States,1
29,Local-gov,123983,Masters,14,Never-married,Prof-specialty,Own-child,Asian-Pac-Islander,Male,0,0,40,Taiwan,0
61,Private,180632,HS-grad,9,Married-civ-spouse,Sales,Husband,White,Male,0,0,40,United-States,0
25,Private,403788,HS-grad,9,Never-married,Craft-repair,Other-relative,Black,Male,0,0,40,United-States,0
17,Private,230789,9th,5,Never-married,Sales,Own-child,Black,Male,0,0,22,United-States,0
47,Private,141511,Doctorate,16,Married-civ-spouse,Prof-specialty,Husband,White,Male,0,0,60,United-States,1
46,Federal-gov,219967,Bachelors,13,Married-civ-spouse,Exec-managerial,Husband,White,Male,0,0,40,United-States,1
59,Private,426001,HS-grad,9,Married-spouse-absent,Adm-clerical,Unmarried,White,Female,0,0,20,Puerto-Rico,0
53,Private,260106,HS-grad,9,Widowed,Sales,Not-in-family,White,Female,0,0,30,United-States,0
33,State-gov,425785,Assoc-voc,11,Married-civ-spouse,Prof-specialty,Husband,White,Male,0,0,40,United-States,0
48,Private,149640,Masters,14,Never-married,Exec-managerial,Not-in-family,White,Male,0,0,40,United-States,0
33,Local-gov,246291,Bachelors,13,Never-married,Prof-specialty,Not-in-family,White,Female,0,0,46,United-States,0
23,Private,80680,Some-college,10,Married-civ-spouse,Sales,Own-child,White,Female,0,0,16,United-States,0
23,Private,205939,HS-grad,9,Married-civ-spouse,Craft-repair,Husband,White,Male,0,0,38,United-States,0
20,Private,188612,Some-college,10,Never-married,Adm-clerical,Own-child,White,Female,0,0,38,Nicaragua,0
49,Self-emp-not-inc,163352,Prof-school,15,Married-civ-spouse,Prof-specialty,Husband,White,Male,0,0,85,United-States,1
28,Private,478315,Bachelors,13,Never-married,Prof-specialty,Own-child,Black,Female,0,0,40,United-States,0
58,Private,119386,Assoc-voc,11,Divorced,Adm-clerical,Not-in-family,White,Female,0,0,60,United-States,0
35,Federal-gov,103214,Doctorate,16,Never-married,Prof-specialty,Not-in-family,Amer-Indian-Eskimo,Female,0,0,60,United-States,1
19,Private,197714,HS-grad,9,Never-married,Sales,Own-child,White,Female,0,0,35,United-States,0
45,Private,233511,Bachelors,13,Married-civ-spouse,Exec-managerial,Husband,White,Male,0,1977,60,United-States,1
26,Private,213625,Assoc-acdm,12,Married-civ-spouse,Sales,Husband,White,Male,0,0,40,United-States,0
47,Self-emp-not-inc,159726,HS-grad,9,Married-civ-spouse,Craft-repair,Husband,White,Male,0,0,40,United-States,1
27,Private,285897,HS-grad,9,Married-civ-spouse,Prof-specialty,Husband,White,Male,0,1848,45,United-States,1
63,Private,76860,Bachelors,13,Married-civ-spouse,Protective-serv,Husband,Asian-Pac-Islander,Male,0,0,40,Philippines,1
40,Private,279679,Some-college,10,Divorced,Exec-managerial,Not-in-family,White,Male,0,0,45,United-States,0
39,Private,128715,HS-grad,9,Divorced,Adm-clerical,Not-in-family,White,Male,10520,0,40,United-States,1
37,Local-gov,128054,Some-college,10,Divorced,Adm-clerical,Unmarried,White,Female,0,0,40,United-States,0
32,Private,96016,Bachelors,13,Never-married,Prof-specialty,Not-in-family,White,Male,0,0,45,United-States,0
34,Self-emp-not-inc,123429,HS-grad,9,Married-civ-spouse,Sales,Husband,White,Male,0,0,60,United-States,0
33,Private,236396,Bachelors,13,Married-civ-spouse,Sales,Husband,White,Male,0,1902,55,United-States,1
32,Private,356689,HS-grad,9,Divorced,Adm-clerical,Unmarried,White,Male,3887,0,40,United-States,0
60,Self-emp-not-inc,327474,HS-grad,9,Married-civ-spouse,Sales,Husband,White,Male,0,0,70,United-States,0
28,Private,27956,Prof-school,15,Married-civ-spouse,Prof-specialty,Husband,Asian-Pac-Islander,Male,0,0,99,Philippines,0
43,Private,303051,Assoc-voc,11,Married-civ-spouse,Exec-managerial,Husband,White,Male,15024,0,40,United-States,1
24,Private,211527,Bachelors,13,Never-married,Adm-clerical,Not-in-family,White,Male,0,0,30,United-States,0
18,Private,132652,11th,7,Never-married,Other-service,Own-child,White,Male,0,0,20,United-States,0
42,Private,98211,Bachelors,13,Married-civ-spouse,Exec-managerial,Husband,White,Male,15024,0,45,United-States,1
54,Private,133403,Some-college,10,Married-civ-spouse,Machine-op-inspct,Husband,White,Male,0,0,40,United-States,0
22,Private,126613,Some-college,10,Never-married,Sales,Own-child,White,Female,0,0,20,United-States,0
37,Private,172694,Some-college,10,Married-civ-spouse,Handlers-cleaners,Husband,Black,Male,0,0,50,United-States,0
55,Private,194290,HS-grad,9,Divorced,Craft-repair,Not-in-family,White,Male,0,0,40,United-States,0
42,Private,116632,Doctorate,16,Married-civ-spouse,Prof-specialty,Husband,White,Male,0,0,45,United-States,1
39,Local-gov,86551,HS-grad,9,Divorced,Craft-repair,Not-in-family,White,Male,0,1876,40,United-States,0
17,Private,122041,11th,7,Never-married,Craft-repair,Own-child,White,Male,0,0,20,United-States,0
33,Private,227282,HS-grad,9,Married-civ-spouse,Transport-moving,Husband,White,Male,0,0,60,United-States,0
20,Private,112668,Some-college,10,Never-married,Other-service,Own-child,White,Female,0,0,20,United-States,0
38,Private,204756,HS-grad,9,Never-married,Sales,Own-child,White,Female,0,0,40,United-States,0
46,Private,42251,Some-college,10,Married-civ-spouse,Sales,Husband,White,Male,0,0,45,United-States,1
76,Private,239880,HS-grad,9,Divorced,Adm-clerical,Not-in-family,White,Female,0,0,8,United-States,0
35,Private,272338,Assoc-voc,11,Divorced,Prof-specialty,Unmarried,White,Female,0,0,40,United-States,0
34,State-gov,287908,HS-grad,9,Never-married,Other-service,Own-child,Black,Male,0,0,42,United-States,0
43,Private,137722,HS-grad,9,Married-civ-spouse,Handlers-cleaners,Husband,White,Male,0,0,40,United-States,0
28,Private,410351,Some-college,10,Never-married,Craft-repair,Not-in-family,White,Male,0,0,30,United-States,0
37,Local-gov,218184,Bachelors,13,Married-civ-spouse,Prof-specialty,Husband,White,Male,0,1887,40,United-States,1
27,Private,123984,Assoc-acdm,12,Never-married,Other-service,Not-in-family,Asian-Pac-Islander,Female,0,0,35,Philippines,0
25,Private,74977,Some-college,10,Married-civ-spouse,Adm-clerical,Wife,White,Female,0,0,40,United-States,0
28,Self-emp-inc,219705,Bachelors,13,Married-civ-spouse,Exec-managerial,Husband,White,Male,5013,0,55,United-States,0
51,Self-emp-not-inc,145409,Bachelors,13,Married-civ-spouse,Sales,Husband,White,Male,15024,0,50,United-States,1
34,Private,115040,HS-grad,9,Married-civ-spouse,Craft-repair,Husband,White,Male,0,0,44,United-States,0
24,Private,221955,Bachelors,13,Married-civ-spouse,Sales,Other-relative,White,Male,0,0,40,United-States,0
46,Private,133616,Some-college,10,Divorced,Adm-clerical,Unmarried,White,Female,0,0,40,United-States,0
39,Private,108140,Assoc-voc,11,Married-civ-spouse,Craft-repair,Husband,White,Male,0,0,40,United-States,0
51,Federal-gov,293196,Some-college,10,Married-civ-spouse,Prof-specialty,Husband,White,Male,0,0,40,United-States,1
33,Private,251120,Bachelors,13,Married-civ-spouse,Sales,Husband,White,Male,7688,0,50,United-States,1
90,Private,313986,11th,7,Never-married,Handlers-cleaners,Own-child,White,Male,0,0,40,United-States,0
52,Private,147629,HS-grad,9,Married-civ-spouse,Transport-moving,Husband,White,Male,0,0,60,United-States,1
27,Private,182540,11th,7,Never-married,Craft-repair,Not-in-family,White,Male,0,0,40,United-States,0
48,Private,125421,Masters,14,Divorced,Exec-managerial,Unmarried,White,Female,0,0,40,United-States,1
61,Private,160037,7th-8th,4,Divorced,Other-service,Not-in-family,White,Male,0,0,35,United-States,0
19,Private,451951,HS-grad,9,Never-married,Sales,Not-in-family,White,Female,0,0,40,United-States,0
33,Private,222221,HS-grad,9,Married-civ-spouse,Exec-managerial,Husband,White,Male,7298,0,45,United-States,1
68,Private,170376,Bachelors,13,Married-civ-spouse,Exec-managerial,Husband,White,Male,0,0,40,United-States,1
36,Private,296999,Some-college,10,Divorced,Craft-repair,Not-in-family,White,Female,0,0,37,United-States,0
45,State-gov,183710,HS-grad,9,Divorced,Transport-moving,Not-in-family,White,Male,0,0,48,United-States,0
34,Private,232855,Some-college,10,Separated,Other-service,Unmarried,Black,Female,0,0,37,United-States,0
33,Private,214129,Some-college,10,Divorced,Adm-clerical,Not-in-family,White,Female,0,0,40,United-States,0
38,Private,99138,Bachelors,13,Never-married,Exec-managerial,Not-in-family,White,Female,0,0,38,United-States,0
23,Private,238917,7th-8th,4,Never-married,Craft-repair,Other-relative,White,Male,0,0,36,United-States,0
21,Local-gov,276840,12th,8,Never-married,Other-service,Own-child,Black,Male,0,0,20,United-States,0
76,Self-emp-not-inc,117169,7th-8th,4,Never-married,Farming-fishing,Not-in-family,White,Male,0,0,30,United-States,0
38,Private,153976,HS-grad,9,Married-civ-spouse,Craft-repair,Husband,White,Male,0,0,40,United-States,0
19,Private,109928,11th,7,Never-married,Sales,Own-child,Black,Female,0,0,35,United-States,0
21,Private,136873,Some-college,10,Never-married,Prof-specialty,Own-child,White,Male,0,0,10,United-States,0
27,Local-gov,66824,Bachelors,13,Never-married,Prof-specialty,Not-in-family,Amer-Indian-Eskimo,Female,3325,0,43,United-States,0
57,Private,141570,Masters,14,Married-civ-spouse,Exec-managerial,Husband,Black,Male,0,1977,40,United-States,1
44,Private,291566,HS-grad,9,Never-married,Craft-repair,Not-in-family,Black,Male,0,0,60,United-States,0
27,Private,102889,Some-college,10,Divorced,Machine-op-inspct,Unmarried,White,Female,0,0,40,United-States,0
50,State-gov,133014,Assoc-voc,11,Married-civ-spouse,Prof-specialty,Husband,White,Male,0,0,40,United-States,0
28,Private,192384,Some-college,10,Married-civ-spouse,Handlers-cleaners,Husband,White,Male,0,0,40,United-States,1
28,Private,266070,Some-college,10,Never-married,Exec-managerial,Not-in-family,White,Female,0,0,40,United-States,0
25,Private,191921,Some-college,10,Never-married,Transport-moving,Own-child,White,Male,0,0,40,United-States,0
30,Private,103596,HS-grad,9,Never-married,Protective-serv,Not-in-family,White,Male,0,0,99,United-States,0
39,Private,184801,Bachelors,13,Married-civ-spouse,Prof-specialty,Husband,White,Male,0,0,40,United-States,1
26,Self-emp-not-inc,201930,HS-grad,9,Married-civ-spouse,Craft-repair,Husband,White,Male,0,0,50,United-States,0
60,Private,101096,Doctorate,16,Never-married,Prof-specialty,Not-in-family,White,Female,0,0,65,United-States,1
45,Private,101452,Masters,14,Married-civ-spouse,Exec-managerial,Husband,White,Male,15024,0,60,England,1
35,Private,177121,HS-grad,9,Divorced,Other-service,Not-in-family,White,Female,0,0,35,United-States,0
20,Private,60639,Some-college,10,Never-married,Sales,Own-child,White,Female,0,0,28,United-States,0
35,Private,92440,12th,8,Divorced,Craft-repair,Not-in-family,White,Male,0,0,50,United-States,1
30,Federal-gov,49593,Prof-school,15,Never-married,Prof-specialty,Not-in-family,Black,Female,0,0,40,United-States,0
43,Private,143368,HS-grad,9,Divorced,Farming-fishing,Not-in-family,Black,Male,0,0,40,United-States,0
21,Private,180339,Assoc-voc,11,Never-married,Farming-fishing,Not-in-family,White,Female,0,1602,30,United-States,0
46,Private,166809,HS-grad,9,Divorced,Adm-clerical,Unmarried,White,Female,0,0,40,United-States,0
26,Private,37379,Bachelors,13,Never-married,Exec-managerial,Not-in-family,White,Female,0,0,45,United-States,0
48,Local-gov,40666,HS-grad,9,Married-civ-spouse,Other-service,Husband,White,Male,0,0,40,United-States,0
43,Self-emp-not-inc,183479,HS-grad,9,Married-civ-spouse,Craft-repair,Husband,White,Male,0,0,30,United-States,0
53,Self-emp-not-inc,137547,Prof-school,15,Never-married,Prof-specialty,Not-in-family,Asian-Pac-Islander,Male,27828,0,40,Philippines,1
58,Private,127264,10th,6,Married-civ-spouse,Craft-repair,Husband,White,Male,0,0,50,United-States,0
37,Private,215503,HS-grad,9,Married-civ-spouse,Exec-managerial,Husband,White,Male,4386,0,45,United-States,1
54,Private,124194,HS-grad,9,Widowed,Other-service,Unmarried,White,Female,0,0,40,United-States,0
69,Private,145656,Some-college,10,Widowed,Adm-clerical,Not-in-family,White,Female,0,0,24,United-States,0
29,Private,200511,Bachelors,13,Married-civ-spouse,Sales,Husband,White,Male,0,0,50,United-States,0
63,State-gov,109735,HS-grad,9,Divorced,Adm-clerical,Not-in-family,White,Female,0,0,38,United-States,0
33,Private,149220,Assoc-voc,11,Never-married,Other-service,Unmarried,Black,Female,0,0,40,United-States,0
33,Private,86143,Some-college,10,Never-married,Exec-managerial,Own-child,Asian-Pac-Islander,Male,0,0,40,Philippines,0
33,Private,159322,HS-grad,9,Divorced,Other-service,Unmarried,White,Male,0,0,40,United-States,0
28,Private,31801,HS-grad,9,Never-married,Handlers-cleaners,Other-relative,White,Male,0,0,60,United-States,0
28,Private,94880,Some-college,10,Never-married,Craft-repair,Not-in-family,White,Male,0,0,43,Mexico,0
67,Private,231559,Prof-school,15,Married-civ-spouse,Prof-specialty,Husband,White,Male,20051,0,48,United-States,1
22,Private,73203,HS-grad,9,Never-married,Adm-clerical,Own-child,White,Female,0,0,40,United-States,0
35,Private,30916,HS-grad,9,Married-civ-spouse,Transport-moving,Husband,White,Male,0,0,50,United-States,1
39,Private,87556,Masters,14,Never-married,Prof-specialty,Not-in-family,White,Male,6849,0,40,United-States,0
37,Private,120045,HS-grad,9,Divorced,Machine-op-inspct,Not-in-family,White,Female,0,0,56,United-States,0
32,Private,132601,Prof-school,15,Married-civ-spouse,Prof-specialty,Husband,White,Male,0,0,40,United-States,1
28,Private,73037,10th,6,Never-married,Transport-moving,Unmarried,White,Male,0,0,30,United-States,0
22,Private,228411,Some-college,10,Never-married,Exec-managerial,Not-in-family,White,Male,0,0,35,United-States,0
44,Self-emp-not-inc,90021,HS-grad,9,Married-civ-spouse,Craft-repair,Husband,White,Male,0,0,30,United-States,0
57,Private,365683,HS-grad,9,Divorced,Machine-op-inspct,Not-in-family,White,Female,0,0,40,United-States,1
25,Private,216010,Assoc-acdm,12,Married-civ-spouse,Adm-clerical,Wife,White,Female,0,0,40,United-States,0
46,Private,109089,HS-grad,9,Divorced,Craft-repair,Not-in-family,White,Male,0,0,37,United-States,0
23,Private,162228,Bachelors,13,Never-married,Sales,Not-in-family,White,Male,0,0,48,United-States,0
31,Private,164190,Some-college,10,Married-civ-spouse,Prof-specialty,Husband,White,Male,0,0,50,United-States,1
32,Private,169589,Assoc-voc,11,Married-civ-spouse,Handlers-cleaners,Husband,White,Male,0,0,40,United-States,1
32,Private,198068,11th,7,Never-married,Transport-moving,Own-child,White,Male,0,0,40,United-States,0
72,Private,116640,Some-college,10,Married-civ-spouse,Prof-specialty,Husband,White,Male,3471,0,20,United-States,0
52,Federal-gov,29623,12th,8,Never-married,Other-service,Unmarried,Black,Female,0,0,40,United-States,0
32,Private,34437,HS-grad,9,Never-married,Transport-moving,Own-child,White,Male,0,0,40,United-States,0
53,Self-emp-not-inc,168539,9th,5,Married-civ-spouse,Farming-fishing,Husband,White,Male,0,0,70,United-States,0
19,Private,121074,7th-8th,4,Married-civ-spouse,Craft-repair,Husband,White,Male,0,0,99,United-States,0
34,Private,134737,Masters,14,Married-civ-spouse,Prof-specialty,Husband,White,Male,7688,0,55,United-States,1
41,Private,193995,HS-grad,9,Never-married,Craft-repair,Not-in-family,White,Male,0,0,44,United-States,0
46,Private,369538,10th,6,Married-civ-spouse,Transport-moving,Husband,White,Male,0,0,40,United-States,1
19,Private,163578,Some-college,10,Never-married,Sales,Own-child,White,Male,0,0,30,United-States,0
44,Private,377018,Assoc-voc,11,Married-civ-spouse,Craft-repair,Husband,White,Male,0,0,40,United-States,1
42,Private,196001,HS-grad,9,Separated,Adm-clerical,Unmarried,White,Female,0,0,40,United-States,0
22,Private,117210,Some-college,10,Never-married,Adm-clerical,Own-child,White,Male,0,0,25,Greece,0
51,Local-gov,241843,Preschool,1,Married-civ-spouse,Other-service,Husband,White,Male,0,0,40,United-States,0
45,Private,108993,HS-grad,9,Never-married,Craft-repair,Own-child,White,Male,0,0,40,United-States,0
27,Private,193898,HS-grad,9,Divorced,Craft-repair,Not-in-family,White,Male,0,0,50,United-States,0
60,Private,131681,Bachelors,13,Married-civ-spouse,Exec-managerial,Husband,White,Male,0,0,50,United-States,1
45,Private,227791,Some-college,10,Married-civ-spouse,Sales,Husband,White,Male,0,1740,50,United-States,0
29,Local-gov,45554,Some-college,10,Divorced,Adm-clerical,Unmarried,White,Female,0,0,40,United-States,0
41,Private,45156,HS-grad,9,Never-married,Machine-op-inspct,Not-in-family,White,Male,2174,0,41,United-States,0
51,Self-emp-not-inc,186845,Bachelors,13,Married-civ-spouse,Farming-fishing,Husband,White,Male,0,0,8,United-States,0
49,Self-emp-not-inc,105614,HS-grad,9,Divorced,Sales,Not-in-family,White,Male,0,0,50,United-States,1
53,Private,121618,7th-8th,4,Never-married,Transport-moving,Not-in-family,Amer-Indian-Eskimo,Male,0,0,40,United-States,0
33,Private,178506,HS-grad,9,Divorced,Adm-clerical,Not-in-family,Black,Female,0,0,40,United-States,0
39,Local-gov,301614,Assoc-voc,11,Married-civ-spouse,Protective-serv,Husband,White,Male,0,0,48,United-States,1
37,Private,188540,HS-grad,9,Married-civ-spouse,Exec-managerial,Husband,White,Male,0,1902,45,United-States,1
32,Self-emp-not-inc,70985,HS-grad,9,Married-civ-spouse,Farming-fishing,Husband,White,Male,4064,0,40,United-States,0
26,Local-gov,336969,Bachelors,13,Married-civ-spouse,Prof-specialty,Husband,White,Male,0,0,28,El-Salvador,0
35,Private,172186,Some-college,10,Never-married,Craft-repair,Own-child,White,Male,0,0,40,United-States,0
37,Private,168475,HS-grad,9,Married-civ-spouse,Exec-managerial,Husband,White,Male,0,0,40,United-States,1
33,Private,182926,Bachelors,13,Married-civ-spouse,Exec-managerial,Husband,White,Male,15024,0,50,United-States,1
29,Private,140863,Some-college,10,Married-civ-spouse,Tech-support,Husband,White,Male,0,0,40,United-States,0
61,Private,101500,Assoc-voc,11,Married-civ-spouse,Adm-clerical,Husband,White,Male,0,0,40,United-States,0
40,Private,285787,Assoc-acdm,12,Married-civ-spouse,Tech-support,Husband,White,Male,0,0,40,United-States,1
19,Private,160033,Some-college,10,Never-married,Protective-serv,Own-child,White,Female,0,0,30,United-States,0
36,Private,325374,Some-college,10,Married-civ-spouse,Craft-repair,Husband,White,Male,0,0,40,United-States,0
56,Self-emp-inc,187355,Some-college,10,Married-civ-spouse,Sales,Wife,White,Female,0,0,60,Canada,1
25,Private,141706,Some-college,10,Never-married,Adm-clerical,Not-in-family,White,Female,0,0,40,United-States,0
37,Self-emp-inc,107164,10th,6,Never-married,Transport-moving,Not-in-family,White,Male,0,2559,50,United-States,1
54,Private,146409,Some-college,10,Widowed,Exec-managerial,Unmarried,White,Female,0,0,40,United-States,0
36,Private,248010,HS-grad,9,Married-civ-spouse,Adm-clerical,Husband,White,Male,0,0,45,United-States,0
37,State-gov,482927,Some-college,10,Divorced,Other-service,Not-in-family,White,Male,0,0,65,United-States,0
72,Private,53684,Some-college,10,Married-civ-spouse,Protective-serv,Husband,Black,Male,0,0,40,United-States,0
26,Private,195555,Bachelors,13,Never-married,Sales,Not-in-family,White,Female,0,0,40,United-States,0
45,Private,46406,Masters,14,Married-civ-spouse,Prof-specialty,Husband,White,Male,0,0,36,England,1
47,Self-emp-not-inc,77102,Masters,14,Divorced,Prof-specialty,Not-in-family,White,Male,0,0,40,United-States,0
53,Self-emp-inc,246562,5th-6th,3,Married-civ-spouse,Sales,Husband,White,Male,0,0,40,Mexico,1
37,Private,189922,Assoc-acdm,12,Married-civ-spouse,Tech-support,Husband,White,Male,0,0,50,United-States,1
28,Private,215211,HS-grad,9,Married-civ-spouse,Sales,Husband,White,Male,0,0,50,United-States,0
44,Private,171424,Bachelors,13,Married-civ-spouse,Prof-specialty,Husband,White,Male,0,0,40,United-States,1
45,Local-gov,334039,Some-college,10,Married-civ-spouse,Exec-managerial,Husband,White,Male,0,0,40,United-States,1
20,Private,323009,HS-grad,9,Never-married,Adm-clerical,Unmarried,White,Female,0,0,40,Germany,0
22,Private,298227,HS-grad,9,Never-married,Handlers-cleaners,Unmarried,White,Male,0,0,35,United-States,0
39,Private,204501,Masters,14,Married-civ-spouse,Exec-managerial,Husband,White,Male,0,0,50,United-States,1
49,State-gov,72619,Some-college,10,Divorced,Adm-clerical,Unmarried,White,Female,0,0,50,United-States,0
34,Self-emp-not-inc,111985,HS-grad,9,Married-civ-spouse,Craft-repair,Husband,White,Male,0,0,50,United-States,0
51,Private,306108,Doctorate,16,Never-married,Prof-specialty,Not-in-family,White,Male,0,0,40,United-States,1
35,Private,287658,Some-college,10,Never-married,Adm-clerical,Unmarried,Black,Male,0,0,40,United-States,0
48,Private,107373,7th-8th,4,Married-civ-spouse,Handlers-cleaners,Husband,White,Male,0,0,40,United-States,0
17,Private,171080,12th,8,Never-married,Handlers-cleaners,Own-child,White,Male,0,0,20,United-States,0
35,Private,46385,HS-grad,9,Married-civ-spouse,Transport-moving,Husband,White,Male,5178,0,90,United-States,1
56,Private,161662,Bachelors,13,Married-civ-spouse,Exec-managerial,Husband,White,Male,0,0,42,United-States,1
28,Private,270887,Assoc-acdm,12,Never-married,Sales,Not-in-family,White,Male,0,0,65,United-States,0
58,Private,136841,Bachelors,13,Married-civ-spouse,Prof-specialty,Wife,White,Female,99999,0,35,United-States,1
43,Private,37937,Masters,14,Divorced,Exec-managerial,Unmarried,White,Male,0,0,50,United-States,0
40,Private,408717,HS-grad,9,Married-civ-spouse,Craft-repair,Husband,White,Male,0,0,40,United-States,1
41,Private,359696,Bachelors,13,Married-civ-spouse,Protective-serv,Husband,White,Male,15024,0,60,United-States,1
35,Local-gov,199674,HS-grad,9,Never-married,Other-service,Unmarried,Black,Female,0,0,40,United-States,0
60,Private,296485,5th-6th,3,Married-civ-spouse,Transport-moving,Husband,White,Male,0,0,40,United-States,0
46,Self-emp-inc,182655,Assoc-voc,11,Married-civ-spouse,Exec-managerial,Husband,White,Male,0,0,60,United-States,1
46,State-gov,298786,Some-college,10,Never-married,Other-service,Own-child,Black,Female,0,0,40,United-States,0
33,Local-gov,248346,Assoc-acdm,12,Married-civ-spouse,Craft-repair,Husband,White,Male,0,0,50,United-States,0
31,Self-emp-inc,344275,HS-grad,9,Never-married,Craft-repair,Not-in-family,White,Male,0,0,44,United-States,0
34,Private,30673,Masters,14,Married-civ-spouse,Prof-specialty,Husband,White,Male,0,0,55,United-States,0
23,Private,234302,HS-grad,9,Never-married,Handlers-cleaners,Not-in-family,Black,Male,0,0,40,United-States,0
31,Private,120460,Some-college,10,Married-civ-spouse,Farming-fishing,Husband,White,Male,0,0,50,United-States,1
49,Private,173115,10th,6,Separated,Exec-managerial,Not-in-family,Black,Male,4416,0,99,United-States,0
46,Private,228372,Bachelors,13,Divorced,Sales,Unmarried,White,Male,0,0,40,United-States,1
51,Private,182187,Bachelors,13,Never-married,Prof-specialty,Not-in-family,Black,Male,0,0,35,United-States,0
32,Private,239824,Bachelors,13,Never-married,Tech-support,Not-in-family,White,Male,0,0,40,United-States,0
34,Private,207668,Some-college,10,Married-civ-spouse,Handlers-cleaners,Husband,White,Male,0,1887,40,United-States,1
25,Private,197130,HS-grad,9,Never-married,Sales,Own-child,White,Female,0,0,30,United-States,0
59,Federal-gov,293971,Some-college,10,Married-civ-spouse,Tech-support,Husband,White,Male,0,0,40,United-States,1
60,Private,198170,Bachelors,13,Married-civ-spouse,Exec-managerial,Husband,White,Male,0,0,45,United-States,1
19,Private,229745,HS-grad,9,Never-married,Farming-fishing,Own-child,White,Male,0,0,20,United-States,0
70,Private,102610,Some-college,10,Divorced,Other-service,Not-in-family,White,Male,0,0,80,United-States,0
46,Private,58683,Bachelors,13,Married-civ-spouse,Exec-managerial,Husband,White,Male,15024,0,55,United-States,1
34,State-gov,216283,Bachelors,13,Married-civ-spouse,Prof-specialty,Wife,White,Female,0,0,45,United-States,1
22,Private,82393,9th,5,Never-married,Handlers-cleaners,Own-child,Asian-Pac-Islander,Male,0,0,40,Philippines,0
39,Self-emp-not-inc,68781,HS-grad,9,Married-civ-spouse,Exec-managerial,Husband,White,Male,0,0,40,United-States,0
52,Private,311931,5th-6th,3,Married-civ-spouse,Sales,Wife,White,Female,0,0,15,El-Salvador,0
37,Private,193815,Assoc-acdm,12,Married-civ-spouse,Prof-specialty,Husband,White,Male,0,0,45,United-States,1
40,Private,315321,HS-grad,9,Divorced,Exec-managerial,Unmarried,White,Female,0,625,52,United-States,0
19,Private,340567,1st-4th,2,Never-married,Handlers-cleaners,Not-in-family,White,Male,0,0,55,Mexico,0
43,Private,203642,Bachelors,13,Never-married,Prof-specialty,Not-in-family,White,Female,0,0,40,United-States,1
28,Private,215014,HS-grad,9,Married-civ-spouse,Transport-moving,Husband,White,Male,0,0,50,United-States,0
33,Private,180551,HS-grad,9,Divorced,Exec-managerial,Unmarried,White,Female,0,0,40,United-States,0
53,Private,185846,HS-grad,9,Married-civ-spouse,Craft-repair,Husband,White,Male,0,0,40,United-States,0
37,Private,233571,Assoc-voc,11,Married-civ-spouse,Tech-support,Wife,White,Female,0,0,37,United-States,1
25,Private,366416,HS-grad,9,Never-married,Adm-clerical,Own-child,White,Female,0,0,40,United-States,0
33,Self-emp-inc,117963,Assoc-acdm,12,Married-civ-spouse,Exec-managerial,Husband,White,Male,0,1887,60,United-States,1
45,Private,169180,Some-college,10,Widowed,Other-service,Unmarried,White,Female,0,0,45,United-States,0
23,Local-gov,248344,Some-college,10,Never-married,Other-service,Not-in-family,Black,Male,0,0,30,United-States,0
25,Private,462869,HS-grad,9,Never-married,Handlers-cleaners,Other-relative,White,Male,0,0,40,Mexico,0
24,Private,228686,Some-college,10,Never-married,Other-service,Not-in-family,White,Male,0,0,45,United-States,0
17,Private,75333,10th,6,Never-married,Sales,Own-child,Black,Female,0,0,24,United-States,0
37,Private,241174,Bachelors,13,Married-civ-spouse,Prof-specialty,Husband,White,Male,0,0,99,United-States,1
52,Local-gov,246197,HS-grad,9,Married-civ-spouse,Craft-repair,Husband,White,Male,0,0,40,United-States,0
21,Private,211968,Some-college,10,Never-married,Sales,Own-child,White,Female,0,1762,28,United-States,0
39,Self-emp-not-inc,147850,HS-grad,9,Married-civ-spouse,Transport-moving,Husband,White,Male,0,0,30,United-States,0
29,Private,53642,Assoc-voc,11,Married-civ-spouse,Adm-clerical,Husband,White,Male,0,0,40,United-States,0
46,Local-gov,124071,Masters,14,Divorced,Exec-managerial,Unmarried,White,Female,0,0,65,United-States,1
29,Private,231287,Some-college,10,Divorced,Tech-support,Unmarried,White,Male,0,0,40,United-States,0
40,Private,111020,HS-grad,9,Separated,Machine-op-inspct,Not-in-family,White,Female,0,0,40,United-States,0
61,Private,128831,HS-grad,9,Married-civ-spouse,Machine-op-inspct,Husband,White,Male,0,0,40,United-States,0
41,Private,115411,Some-college,10,Divorced,Sales,Own-child,White,Male,2174,0,45,United-States,0
46,Self-emp-not-inc,225456,HS-grad,9,Married-civ-spouse,Exec-managerial,Husband,White,Male,0,0,40,United-States,0
43,Private,106760,HS-grad,9,Married-civ-spouse,Adm-clerical,Wife,White,Female,0,0,50,Canada,1
56,Private,139616,Bachelors,13,Divorced,Exec-managerial,Not-in-family,White,Male,0,0,45,United-States,1
68,Private,211162,HS-grad,9,Married-civ-spouse,Exec-managerial,Husband,White,Male,0,0,40,United-States,0
34,Private,180284,Some-college,10,Married-civ-spouse,Farming-fishing,Husband,White,Male,0,0,40,United-States,1
34,Private,213722,HS-grad,9,Never-married,Handlers-cleaners,Own-child,White,Male,0,0,40,United-States,0
30,Private,77143,Bachelors,13,Never-married,Exec-managerial,Own-child,Black,Male,0,0,40,Germany,0
41,Private,325786,HS-grad,9,Married-civ-spouse,Machine-op-inspct,Husband,White,Male,0,0,40,United-States,0
25,Private,430084,Some-college,10,Never-married,Transport-moving,Not-in-family,Black,Male,0,0,40,United-States,0
40,Private,291808,HS-grad,9,Divorced,Protective-serv,Not-in-family,Black,Female,0,0,40,United-States,0
35,Private,330664,Some-college,10,Never-married,Sales,Not-in-family,White,Male,0,0,40,United-States,0
21,Private,232591,HS-grad,9,Never-married,Adm-clerical,Own-child,White,Male,0,0,40,United-States,0
34,Private,226525,Assoc-voc,11,Never-married,Other-service,Own-child,White,Male,0,0,40,United-States,0
33,Self-emp-not-inc,223046,HS-grad,9,Never-married,Craft-repair,Not-in-family,White,Male,0,0,40,United-States,0
42,Private,222011,Some-college,10,Divorced,Sales,Unmarried,White,Female,0,0,43,United-States,0
32,Private,193042,Bachelors,13,Married-civ-spouse,Sales,Husband,White,Male,0,0,44,United-States,0
31,Private,104509,Bachelors,13,Never-married,Sales,Not-in-family,White,Female,0,0,65,United-States,1
29,State-gov,409201,Some-college,10,Married-civ-spouse,Adm-clerical,Husband,White,Male,0,0,40,United-States,0
26,Private,150062,HS-grad,9,Married-civ-spouse,Sales,Husband,White,Male,0,0,50,United-States,0
38,Private,192337,Masters,14,Married-civ-spouse,Prof-specialty,Husband,White,Male,0,0,40,England,1
33,Private,178449,Some-college,10,Never-married,Adm-clerical,Not-in-family,White,Male,0,0,49,United-States,0
54,Private,420691,1st-4th,2,Married-civ-spouse,Other-service,Husband,White,Male,0,0,40,Mexico,0
55,Private,750972,7th-8th,4,Married-civ-spouse,Craft-repair,Husband,White,Male,0,0,41,United-States,0
26,Self-emp-not-inc,284343,Assoc-acdm,12,Never-married,Craft-repair,Not-in-family,White,Male,0,0,40,United-States,0
36,Private,67728,HS-grad,9,Married-civ-spouse,Craft-repair,Husband,White,Male,5013,0,40,Italy,0
24,Private,241185,HS-grad,9,Never-married,Sales,Not-in-family,White,Female,0,0,48,United-States,0
29,Private,148431,Assoc-acdm,12,Married-civ-spouse,Sales,Wife,Other,Female,7688,0,45,United-States,1
55,Private,154580,10th,6,Married-civ-spouse,Other-service,Husband,Black,Male,2580,0,40,United-States,0
24,Private,104146,Bachelors,13,Never-married,Prof-specialty,Own-child,Asian-Pac-Islander,Male,0,0,40,United-States,0
38,Local-gov,225605,Some-college,10,Married-civ-spouse,Prof-specialty,Husband,White,Male,0,0,44,United-States,0
65,Federal-gov,23494,Some-college,10,Married-civ-spouse,Exec-managerial,Husband,Black,Male,0,2174,40,United-States,1
32,Private,218322,HS-grad,9,Married-civ-spouse,Craft-repair,Husband,White,Male,0,0,40,United-States,0
31,Local-gov,189265,HS-grad,9,Never-married,Adm-clerical,Not-in-family,White,Female,0,0,40,United-States,0
69,Self-emp-not-inc,89477,Some-college,10,Widowed,Farming-fishing,Not-in-family,White,Female,0,0,14,United-States,0
46,Private,203039,Bachelors,13,Married-civ-spouse,Sales,Husband,White,Male,0,0,48,United-States,0
23,Private,181820,Some-college,10,Never-married,Handlers-cleaners,Own-child,White,Male,0,0,20,United-States,0
43,Private,248186,Assoc-acdm,12,Never-married,Adm-clerical,Not-in-family,White,Female,0,0,38,United-States,0
51,Private,128143,Some-college,10,Married-civ-spouse,Craft-repair,Husband,White,Male,0,0,40,United-States,1
50,Private,171225,Bachelors,13,Married-civ-spouse,Exec-managerial,Husband,Asian-Pac-Islander,Male,0,0,40,Philippines,1
30,Private,141118,Assoc-voc,11,Never-married,Adm-clerical,Not-in-family,White,Female,0,0,40,United-States,0
30,Private,113129,Some-college,10,Never-married,Other-service,Not-in-family,White,Male,0,0,24,United-States,0
40,Private,42703,Assoc-voc,11,Divorced,Craft-repair,Unmarried,White,Female,0,0,40,United-States,0
39,Private,262158,Bachelors,13,Divorced,Exec-managerial,Unmarried,White,Female,0,0,45,United-States,0
51,Private,239155,Assoc-voc,11,Divorced,Other-service,Not-in-family,White,Male,0,0,40,United-States,0
20,Private,219262,11th,7,Never-married,Craft-repair,Not-in-family,White,Male,0,0,60,United-States,0
24,Private,236696,Bachelors,13,Never-married,Exec-managerial,Not-in-family,White,Male,0,0,40,United-States,0
35,Private,282951,Bachelors,13,Married-civ-spouse,Exec-managerial,Husband,White,Male,0,0,70,United-States,0
21,Private,228395,Some-college,10,Never-married,Sales,Other-relative,Black,Female,0,0,20,United-States,0
36,Private,293528,Assoc-voc,11,Never-married,Tech-support,Not-in-family,White,Female,0,0,3,United-States,0
48,Self-emp-not-inc,200471,Some-college,10,Married-civ-spouse,Craft-repair,Husband,White,Male,0,0,40,United-States,0
40,Private,248406,Some-college,10,Divorced,Machine-op-inspct,Own-child,White,Male,0,0,32,United-States,0
47,Private,121124,HS-grad,9,Married-civ-spouse,Craft-repair,Husband,White,Male,0,0,40,United-States,1
55,Local-gov,171328,Some-college,10,Married-spouse-absent,Adm-clerical,Unmarried,Black,Female,0,0,35,United-States,0
46,Private,139514,Preschool,1,Married-civ-spouse,Machine-op-inspct,Other-relative,Black,Male,0,0,75,Dominican-Republic,0
31,Self-emp-not-inc,281030,HS-grad,9,Married-civ-spouse,Craft-repair,Husband,White,Male,0,0,45,United-States,0
30,Private,154950,Some-college,10,Married-civ-spouse,Exec-managerial,Husband,White,Male,15024,0,60,United-States,1
24,State-gov,215797,Bachelors,13,Never-married,Tech-support,Not-in-family,White,Female,0,0,40,United-States,0
43,Private,137126,Some-college,10,Married-civ-spouse,Exec-managerial,Husband,White,Male,0,0,40,United-States,1
33,Private,107248,Assoc-voc,11,Never-married,Adm-clerical,Not-in-family,White,Male,0,0,45,United-States,0
35,Private,99156,Bachelors,13,Never-married,Sales,Not-in-family,White,Male,0,0,50,United-States,0
42,Private,349884,10th,6,Married-civ-spouse,Craft-repair,Husband,White,Male,0,0,35,United-States,0
47,Private,146497,Some-college,10,Separated,Adm-clerical,Unmarried,White,Female,0,0,16,Germany,0
50,Private,237868,Masters,14,Married-civ-spouse,Exec-managerial,Husband,White,Male,0,0,50,United-States,1
17,Private,220384,11th,7,Never-married,Adm-clerical,Own-child,White,Male,0,0,15,United-States,0
35,Private,187329,Bachelors,13,Never-married,Prof-specialty,Not-in-family,White,Female,0,0,40,United-States,0
26,Private,126829,Some-college,10,Never-married,Sales,Not-in-family,White,Male,0,0,40,United-States,0
26,Private,109419,Assoc-voc,11,Never-married,Adm-clerical,Not-in-family,White,Female,0,0,45,United-States,0
43,Local-gov,188291,Prof-school,15,Married-civ-spouse,Prof-specialty,Husband,White,Male,15024,0,45,United-States,1
27,Local-gov,209109,Masters,14,Never-married,Prof-specialty,Own-child,White,Male,0,0,35,United-States,0
25,Private,199545,Some-college,10,Married-civ-spouse,Exec-managerial,Wife,White,Female,0,0,15,United-States,0
43,Private,250802,Some-college,10,Divorced,Craft-repair,Unmarried,White,Male,0,0,35,United-States,0
52,Private,208302,HS-grad,9,Divorced,Other-service,Other-relative,White,Male,0,0,30,United-States,0
25,Private,40915,Bachelors,13,Never-married,Exec-managerial,Not-in-family,White,Female,0,0,40,United-States,1
36,Private,28996,Some-college,10,Married-civ-spouse,Sales,Husband,White,Male,0,0,45,United-States,0
32,Federal-gov,402361,HS-grad,9,Never-married,Adm-clerical,Not-in-family,White,Male,0,0,40,United-States,0
31,Private,188246,Assoc-acdm,12,Divorced,Craft-repair,Not-in-family,White,Male,0,0,50,United-States,1
36,Private,416745,Bachelors,13,Married-civ-spouse,Prof-specialty,Husband,White,Male,0,0,40,United-States,0
50,Private,105010,Bachelors,13,Married-civ-spouse,Farming-fishing,Husband,White,Male,0,0,45,United-States,1
51,Private,215854,Bachelors,13,Divorced,Prof-specialty,Not-in-family,White,Female,0,0,50,United-States,0
33,Private,50276,Bachelors,13,Never-married,Exec-managerial,Not-in-family,White,Male,0,0,40,United-States,0
56,Private,200235,Assoc-voc,11,Married-civ-spouse,Craft-repair,Husband,White,Male,0,0,48,United-States,1
32,Private,379412,Some-college,10,Never-married,Craft-repair,Own-child,White,Male,0,0,40,United-States,0
34,Self-emp-not-inc,304622,Bachelors,13,Divorced,Prof-specialty,Unmarried,White,Female,0,0,50,United-States,0
67,Private,174693,Some-college,10,Widowed,Sales,Not-in-family,White,Female,0,0,25,Nicaragua,0
26,Local-gov,197530,Masters,14,Married-spouse-absent,Prof-specialty,Not-in-family,White,Female,0,0,40,United-States,0
30,Self-emp-not-inc,243665,HS-grad,9,Married-civ-spouse,Sales,Husband,White,Male,0,0,50,United-States,0
28,Private,149769,HS-grad,9,Never-married,Machine-op-inspct,Not-in-family,Asian-Pac-Islander,Male,0,0,40,Cambodia,0
60,Private,54800,HS-grad,9,Married-civ-spouse,Other-service,Wife,White,Female,0,0,40,United-States,0
46,Private,191204,Assoc-voc,11,Never-married,Exec-managerial,Own-child,White,Female,0,0,40,United-States,0
38,Private,278924,Bachelors,13,Married-civ-spouse,Exec-managerial,Husband,White,Male,0,1887,50,United-States,1
19,Private,201743,Some-college,10,Never-married,Other-service,Own-child,White,Female,0,0,15,United-States,0
55,Local-gov,168790,HS-grad,9,Married-civ-spouse,Transport-moving,Husband,White,Male,0,0,44,United-States,0
22,Private,43535,Some-college,10,Married-civ-spouse,Exec-managerial,Wife,White,Female,0,0,40,United-States,0
44,Private,111891,Some-college,10,Separated,Sales,Other-relative,Black,Female,0,0,35,United-States,0
40,Private,137225,Masters,14,Married-civ-spouse,Exec-managerial,Husband,White,Male,0,0,40,United-States,1
23,Private,46645,Bachelors,13,Never-married,Prof-specialty,Not-in-family,White,Female,0,0,25,United-States,0
30,Private,268575,HS-grad,9,Never-married,Craft-repair,Unmarried,Asian-Pac-Islander,Male,0,0,40,Vietnam,0
23,Private,297152,Some-college,10,Never-married,Adm-clerical,Own-child,Black,Female,0,0,25,United-States,0
29,Private,148550,HS-grad,9,Married-civ-spouse,Craft-repair,Husband,White,Male,0,0,40,United-States,0
22,Private,429346,HS-grad,9,Never-married,Adm-clerical,Other-relative,Black,Male,0,0,40,United-States,0
78,Private,105586,5th-6th,3,Married-civ-spouse,Transport-moving,Husband,Asian-Pac-Islander,Male,0,0,36,United-States,0
48,Private,102102,Assoc-voc,11,Married-civ-spouse,Tech-support,Husband,White,Male,0,0,50,United-States,1
22,Private,124971,Bachelors,13,Never-married,Sales,Not-in-family,White,Male,0,0,40,United-States,0
29,Private,192384,HS-grad,9,Never-married,Craft-repair,Not-in-family,White,Male,0,0,40,United-States,0
64,Self-emp-not-inc,65991,HS-grad,9,Married-civ-spouse,Farming-fishing,Husband,White,Male,7298,0,45,United-States,1
34,Private,118710,Assoc-voc,11,Married-civ-spouse,Other-service,Husband,White,Male,0,0,40,United-States,1
48,Private,224870,HS-grad,9,Divorced,Machine-op-inspct,Other-relative,Other,Female,0,0,38,Ecuador,0
32,Private,316769,11th,7,Never-married,Other-service,Unmarried,Black,Female,0,0,40,Jamaica,0
30,Private,186932,Doctorate,16,Married-civ-spouse,Prof-specialty,Husband,White,Male,5178,0,75,United-States,1
41,Private,220531,Doctorate,16,Married-civ-spouse,Prof-specialty,Husband,White,Male,0,0,50,United-States,1
40,Private,144928,Some-college,10,Divorced,Craft-repair,Not-in-family,White,Male,0,0,40,United-States,0
35,Private,149347,HS-grad,9,Never-married,Craft-repair,Not-in-family,White,Male,0,0,70,United-States,0
47,Private,155509,HS-grad,9,Separated,Other-service,Other-relative,Black,Female,0,0,35,United-States,0
30,Self-emp-inc,224498,HS-grad,9,Divorced,Adm-clerical,Unmarried,White,Female,0,0,40,United-States,0
59,Private,99131,HS-grad,9,Married-civ-spouse,Adm-clerical,Wife,White,Female,0,0,40,United-States,0
46,Private,179869,HS-grad,9,Married-civ-spouse,Craft-repair,Husband,White,Male,0,0,40,United-States,0
21,Private,186849,HS-grad,9,Never-married,Handlers-cleaners,Own-child,White,Male,0,0,40,United-States,0
44,Local-gov,171589,Assoc-voc,11,Married-civ-spouse,Craft-repair,Husband,White,Male,7688,0,40,United-States,1
51,Private,194097,HS-grad,9,Married-civ-spouse,Protective-serv,Husband,White,Male,0,0,40,United-States,0
25,Private,80312,Assoc-voc,11,Never-married,Adm-clerical,Not-in-family,White,Female,4865,0,40,United-States,0
61,Self-emp-inc,113544,Masters,14,Married-civ-spouse,Sales,Husband,White,Male,0,0,40,United-States,1
39,Federal-gov,376455,Prof-school,15,Married-civ-spouse,Prof-specialty,Husband,White,Male,0,1887,50,United-States,1
48,Private,276664,Doctorate,16,Married-civ-spouse,Prof-specialty,Husband,White,Male,0,1902,50,United-States,1
45,Local-gov,209482,Masters,14,Married-civ-spouse,Prof-specialty,Wife,White,Female,0,0,45,United-States,1
31,Private,157078,10th,6,Never-married,Adm-clerical,Unmarried,White,Female,0,0,40,United-States,0
33,Private,312055,Bachelors,13,Never-married,Exec-managerial,Not-in-family,White,Male,0,0,40,United-States,0
41,Private,290660,Bachelors,13,Married-civ-spouse,Craft-repair,Husband,White,Male,7688,0,55,United-States,1
38,Private,99156,HS-grad,9,Separated,Other-service,Own-child,White,Male,0,0,35,United-States,0
29,Private,319149,12th,8,Married-civ-spouse,Transport-moving,Husband,White,Male,0,0,40,Mexico,0
50,Private,283281,7th-8th,4,Married-civ-spouse,Machine-op-inspct,Husband,Black,Male,0,0,40,United-States,0
33,Private,547886,Bachelors,13,Separated,Exec-managerial,Unmarried,Black,Female,0,0,40,United-States,0
37,Private,52221,11th,7,Married-civ-spouse,Transport-moving,Husband,White,Male,0,0,40,United-States,0
74,Self-emp-not-inc,292915,Bachelors,13,Married-civ-spouse,Exec-managerial,Husband,White,Male,0,1825,12,United-States,1
56,Self-emp-not-inc,51662,11th,7,Married-civ-spouse,Other-service,Wife,White,Female,0,0,40,United-States,0
46,Private,282538,Assoc-voc,11,Separated,Machine-op-inspct,Not-in-family,Black,Female,0,0,40,United-States,0
58,Private,322691,Bachelors,13,Married-civ-spouse,Machine-op-inspct,Husband,White,Male,0,0,40,United-States,1
34,Private,511361,Some-college,10,Never-married,Other-service,Own-child,Black,Male,0,0,40,United-States,0
38,Local-gov,421446,Bachelors,13,Married-civ-spouse,Exec-managerial,Husband,Black,Male,0,0,50,United-States,1
39,Private,328466,11th,7,Married-civ-spouse,Other-service,Husband,White,Male,2407,0,70,Mexico,0
36,Private,150548,HS-grad,9,Never-married,Machine-op-inspct,Not-in-family,White,Female,0,0,30,United-States,0
60,Private,53707,HS-grad,9,Married-civ-spouse,Prof-specialty,Husband,White,Male,0,0,40,United-States,1
49,Self-emp-inc,201498,HS-grad,9,Married-civ-spouse,Craft-repair,Husband,White,Male,0,0,40,United-States,0
30,Private,248384,HS-grad,9,Divorced,Other-service,Unmarried,White,Female,0,0,40,United-States,0
20,Private,138352,HS-grad,9,Never-married,Other-service,Other-relative,White,Male,0,0,30,United-States,0
40,Private,72887,Assoc-voc,11,Married-civ-spouse,Machine-op-inspct,Husband,Asian-Pac-Islander,Male,0,0,40,United-States,1
52,Private,144361,Assoc-voc,11,Married-civ-spouse,Craft-repair,Husband,White,Male,0,1902,40,United-States,1
38,Private,225707,HS-grad,9,Married-civ-spouse,Machine-op-inspct,Husband,White,Male,0,0,40,Cuba,1
72,Private,426562,11th,7,Divorced,Other-service,Not-in-family,Black,Female,0,0,35,United-States,0
26,State-gov,158963,Masters,14,Never-married,Exec-managerial,Not-in-family,White,Female,0,0,40,United-States,0
23,Private,173851,Some-college,10,Married-civ-spouse,Handlers-cleaners,Husband,White,Male,0,0,40,United-States,0
50,Private,195690,HS-grad,9,Married-civ-spouse,Handlers-cleaners,Husband,White,Male,0,0,45,United-States,0
45,Private,82797,Bachelors,13,Married-civ-spouse,Exec-managerial,Husband,White,Male,0,0,45,United-States,1
44,Private,152150,Assoc-acdm,12,Separated,Exec-managerial,Not-in-family,White,Male,0,0,40,United-States,0
27,Private,244315,HS-grad,9,Divorced,Craft-repair,Other-relative,Other,Male,0,0,40,United-States,0
53,Federal-gov,174040,Some-college,10,Separated,Craft-repair,Not-in-family,Black,Male,0,0,40,United-States,0
32,Private,226535,HS-grad,9,Never-married,Craft-repair,Not-in-family,White,Male,0,0,40,United-States,0
39,Private,98948,Assoc-acdm,12,Never-married,Sales,Not-in-family,White,Female,0,0,40,United-States,0
24,Private,172612,HS-grad,9,Married-civ-spouse,Craft-repair,Husband,White,Male,0,0,40,United-States,0
18,Private,270502,11th,7,Never-married,Exec-managerial,Own-child,White,Female,0,0,20,United-States,0
19,Private,100999,Bachelors,13,Never-married,Prof-specialty,Own-child,White,Female,0,0,30,United-States,0
34,Private,242984,Bachelors,13,Never-married,Sales,Not-in-family,White,Male,0,0,40,United-States,0
34,Private,58305,HS-grad,9,Married-civ-spouse,Craft-repair,Husband,White,Male,0,1573,40,United-States,0
55,Private,282753,5th-6th,3,Divorced,Other-service,Unmarried,Black,Male,0,0,25,United-States,0
43,Private,347653,Some-college,10,Married-civ-spouse,Prof-specialty,Husband,White,Male,0,0,48,United-States,1
37,Private,39606,Assoc-voc,11,Divorced,Sales,Unmarried,White,Female,0,0,40,United-States,0
37,Federal-gov,203070,Some-college,10,Married-civ-spouse,Craft-repair,Husband,White,Male,0,0,43,United-States,0
53,Private,251063,Some-college,10,Separated,Exec-managerial,Unmarried,Black,Female,0,0,40,United-States,0
32,Private,309513,Assoc-acdm,12,Married-civ-spouse,Craft-repair,Husband,White,Male,0,0,40,United-States,0
51,Private,57698,HS-grad,9,Married-spouse-absent,Other-service,Unmarried,White,Female,0,0,40,United-States,0
36,Private,279485,HS-grad,9,Never-married,Exec-managerial,Not-in-family,White,Female,0,0,38,United-States,0
80,Self-emp-not-inc,225892,HS-grad,9,Married-civ-spouse,Other-service,Husband,White,Male,1409,0,40,United-States,0
32,Private,230420,HS-grad,9,Never-married,Machine-op-inspct,Not-in-family,White,Male,0,0,45,United-States,0
26,State-gov,152457,HS-grad,9,Never-married,Protective-serv,Not-in-family,White,Male,0,0,40,United-States,0
45,Private,122195,HS-grad,9,Widowed,Craft-repair,Unmarried,Black,Female,0,0,40,United-States,0
24,Private,258700,5th-6th,3,Never-married,Farming-fishing,Other-relative,Black,Male,0,0,40,Mexico,0
31,Private,204752,Bachelors,13,Never-married,Exec-managerial,Not-in-family,White,Male,0,0,50,United-States,0
45,Local-gov,37306,Bachelors,13,Married-civ-spouse,Prof-specialty,Husband,White,Male,0,0,45,United-States,1
26,Private,213081,HS-grad,9,Never-married,Adm-clerical,Unmarried,Black,Female,0,0,40,Jamaica,0
36,Federal-gov,403489,Masters,14,Married-civ-spouse,Prof-specialty,Husband,White,Male,0,0,45,United-States,1
31,Private,115488,HS-grad,9,Married-civ-spouse,Farming-fishing,Husband,White,Male,0,0,40,United-States,0
38,Self-emp-inc,312232,Some-college,10,Married-civ-spouse,Sales,Husband,White,Male,0,0,50,United-States,1
30,Private,391114,HS-grad,9,Married-civ-spouse,Handlers-cleaners,Husband,White,Male,0,0,60,United-States,0
34,Private,131552,HS-grad,9,Never-married,Other-service,Own-child,White,Female,0,0,40,United-States,0
39,Private,183892,HS-grad,9,Married-civ-spouse,Machine-op-inspct,Husband,White,Male,0,0,40,United-States,0
59,Private,268840,Some-college,10,Married-civ-spouse,Adm-clerical,Other-relative,White,Female,0,0,16,United-States,1
66,Private,298834,Some-college,10,Married-civ-spouse,Protective-serv,Husband,White,Male,0,0,40,Canada,0
21,State-gov,56582,Some-college,10,Never-married,Tech-support,Own-child,White,Male,0,0,10,United-States,0
37,Private,138192,HS-grad,9,Married-civ-spouse,Craft-repair,Husband,White,Male,0,0,45,United-States,0
38,Self-emp-not-inc,172342,Some-college,10,Divorced,Other-service,Unmarried,White,Female,0,0,40,United-States,0
27,Private,213921,HS-grad,9,Never-married,Other-service,Own-child,White,Male,0,0,40,Mexico,0
46,Private,428405,Bachelors,13,Married-civ-spouse,Exec-managerial,Husband,White,Male,0,0,40,United-States,1
29,Private,89030,HS-grad,9,Never-married,Sales,Unmarried,White,Female,0,0,40,United-States,0
19,Private,374262,12th,8,Never-married,Handlers-cleaners,Own-child,White,Male,0,0,20,United-States,0
37,Self-emp-not-inc,184655,HS-grad,9,Never-married,Craft-repair,Not-in-family,White,Male,0,0,35,United-States,0
50,Federal-gov,222020,HS-grad,9,Married-civ-spouse,Adm-clerical,Husband,White,Male,0,0,48,United-States,0
67,Self-emp-not-inc,173935,Bachelors,13,Married-civ-spouse,Exec-managerial,Husband,White,Male,0,0,8,United-States,1
39,Private,33355,HS-grad,9,Married-civ-spouse,Transport-moving,Husband,White,Male,7298,0,48,United-States,1
23,Private,91733,Bachelors,13,Never-married,Tech-support,Own-child,White,Female,3325,0,40,United-States,0
42,Private,179524,Bachelors,13,Separated,Other-service,Not-in-family,White,Female,0,0,50,United-States,0
45,Private,428350,HS-grad,9,Married-civ-spouse,Machine-op-inspct,Wife,White,Female,0,1740,40,United-States,0
43,Private,163847,Bachelors,13,Married-civ-spouse,Farming-fishing,Husband,White,Male,0,0,50,United-States,1
38,Private,22494,Some-college,10,Divorced,Adm-clerical,Not-in-family,White,Female,7443,0,40,United-States,0
24,Private,117363,Bachelors,13,Never-married,Sales,Own-child,White,Female,0,0,35,United-States,0
59,Self-emp-not-inc,325732,HS-grad,9,Married-civ-spouse,Exec-managerial,Husband,White,Male,0,1902,52,United-States,1
66,Private,192504,Masters,14,Married-civ-spouse,Sales,Husband,White,Male,0,0,40,United-States,0
56,Private,285730,Masters,14,Never-married,Prof-specialty,Not-in-family,White,Male,0,0,66,United-States,0
23,Private,278107,HS-grad,9,Married-civ-spouse,Machine-op-inspct,Husband,White,Male,0,1573,30,United-States,0
54,Private,221915,Some-college,10,Widowed,Craft-repair,Unmarried,White,Female,0,0,50,United-States,0
40,Private,160369,Masters,14,Married-civ-spouse,Exec-managerial,Husband,White,Male,0,2415,45,United-States,1
41,Private,107584,Some-college,10,Separated,Transport-moving,Not-in-family,White,Male,0,0,35,United-States,0
17,Private,297246,11th,7,Never-married,Priv-house-serv,Own-child,White,Female,0,0,9,United-States,0
19,Private,198459,HS-grad,9,Never-married,Adm-clerical,Own-child,White,Male,0,2001,40,United-States,0
43,Private,187795,Bachelors,13,Married-civ-spouse,Exec-managerial,Husband,White,Male,0,0,45,United-States,1
17,State-gov,117906,10th,6,Never-married,Farming-fishing,Own-child,White,Male,0,0,40,United-States,0
31,Local-gov,226494,Bachelors,13,Never-married,Prof-specialty,Not-in-family,White,Male,0,0,45,United-States,0
52,Private,23780,Assoc-voc,11,Married-civ-spouse,Exec-managerial,Husband,White,Male,0,1977,45,United-States,1
57,Private,191318,Masters,14,Married-civ-spouse,Prof-specialty,Husband,White,Male,0,0,40,United-States,1
38,Private,174571,10th,6,Married-civ-spouse,Craft-repair,Husband,Black,Male,0,0,45,United-States,0
35,Private,241306,Assoc-voc,11,Married-civ-spouse,Tech-support,Husband,White,Male,0,0,40,United-States,1
30,Private,174789,HS-grad,9,Married-civ-spouse,Sales,Husband,White,Male,0,0,40,United-States,0
26,Private,358124,HS-grad,9,Never-married,Other-service,Other-relative,Black,Female,0,0,40,United-States,0
47,Private,197836,HS-grad,9,Married-civ-spouse,Sales,Husband,White,Male,0,0,45,United-States,0
17,Private,56986,12th,8,Never-married,Sales,Own-child,White,Female,0,0,18,United-States,0
44,Private,115562,Some-college,10,Married-civ-spouse,Tech-support,Husband,White,Male,0,0,40,United-States,0
40,Private,173858,7th-8th,4,Married-civ-spouse,Other-service,Husband,Asian-Pac-Islander,Male,0,0,42,Cambodia,0
47,Self-emp-not-inc,213668,Prof-school,15,Married-civ-spouse,Prof-specialty,Husband,White,Male,0,1977,50,United-States,1
50,Private,92968,Bachelors,13,Never-married,Sales,Unmarried,White,Female,0,0,32,United-States,0
21,Private,351381,HS-grad,9,Never-married,Adm-clerical,Own-child,White,Female,0,0,40,United-States,0
31,Private,127215,Some-college,10,Married-civ-spouse,Sales,Husband,White,Male,0,0,40,United-States,0
43,Private,60001,Some-college,10,Married-civ-spouse,Sales,Husband,White,Male,0,0,40,United-States,1
23,Private,175183,Some-college,10,Never-married,Adm-clerical,Not-in-family,White,Female,0,0,40,United-States,0
45,Private,338105,Bachelors,13,Married-civ-spouse,Adm-clerical,Husband,Asian-Pac-Islander,Male,0,0,40,Philippines,0
31,Private,382368,11th,7,Married-civ-spouse,Craft-repair,Husband,White,Male,0,0,40,United-States,0
28,Private,224629,Masters,14,Never-married,Exec-managerial,Not-in-family,Other,Male,0,0,30,Cuba,0
50,Self-emp-not-inc,32372,HS-grad,9,Married-civ-spouse,Farming-fishing,Husband,White,Male,0,0,30,United-States,0
21,Private,154422,Some-college,10,Never-married,Adm-clerical,Own-child,Asian-Pac-Islander,Female,0,0,40,United-States,0
21,Private,216672,HS-grad,9,Married-civ-spouse,Craft-repair,Husband,White,Male,0,0,40,United-States,0
24,Private,450695,Assoc-acdm,12,Never-married,Sales,Not-in-family,White,Male,0,0,35,United-States,0
23,Private,403107,5th-6th,3,Never-married,Other-service,Own-child,White,Male,0,0,40,El-Salvador,0
49,Private,121602,Bachelors,13,Married-civ-spouse,Exec-managerial,Husband,White,Male,0,0,40,United-States,0
20,Private,279763,11th,7,Never-married,Craft-repair,Not-in-family,Black,Male,0,0,25,United-States,0
54,Self-emp-inc,196328,Bachelors,13,Married-civ-spouse,Sales,Husband,Black,Male,0,0,40,Jamaica,0
25,Local-gov,167835,Bachelors,13,Married-civ-spouse,Prof-specialty,Wife,White,Female,0,0,38,United-States,1
26,Local-gov,208122,Bachelors,13,Never-married,Prof-specialty,Own-child,White,Male,1055,0,40,United-States,0
27,Private,134048,11th,7,Never-married,Craft-repair,Not-in-family,White,Male,0,0,45,United-States,0
27,Private,301302,Bachelors,13,Never-married,Craft-repair,Not-in-family,White,Male,0,0,50,United-States,0
46,Private,187370,Bachelors,13,Never-married,Sales,Not-in-family,White,Male,0,1504,40,United-States,0
22,Private,216867,7th-8th,4,Married-civ-spouse,Machine-op-inspct,Husband,White,Male,0,0,40,Mexico,0
39,Private,319248,10th,6,Never-married,Other-service,Unmarried,White,Female,0,0,25,Mexico,0
35,Private,30529,HS-grad,9,Never-married,Adm-clerical,Not-in-family,White,Male,0,0,40,United-States,0
22,Private,184756,Some-college,10,Never-married,Sales,Own-child,White,Female,0,0,30,United-States,0
17,Private,197850,11th,7,Never-married,Adm-clerical,Own-child,Asian-Pac-Islander,Female,0,0,24,United-States,0
41,Local-gov,177599,Bachelors,13,Divorced,Prof-specialty,Unmarried,White,Female,0,0,35,United-States,0
90,Private,90523,HS-grad,9,Widowed,Transport-moving,Unmarried,White,Male,0,0,99,United-States,0
31,Private,257644,11th,7,Never-married,Transport-moving,Unmarried,White,Male,0,0,40,United-States,0
23,State-gov,56402,Some-college,10,Married-civ-spouse,Prof-specialty,Husband,White,Male,0,0,30,United-States,0
35,Private,170092,HS-grad,9,Married-spouse-absent,Other-service,Unmarried,Black,Female,0,0,20,United-States,0
24,Private,262570,HS-grad,9,Never-married,Machine-op-inspct,Not-in-family,White,Male,0,0,40,United-States,0
50,State-gov,172970,HS-grad,9,Married-civ-spouse,Transport-moving,Husband,White,Male,0,0,40,Puerto-Rico,0
45,Private,28119,HS-grad,9,Married-civ-spouse,Adm-clerical,Husband,White,Male,0,0,7,United-States,0
47,Federal-gov,68493,HS-grad,9,Married-civ-spouse,Adm-clerical,Husband,Black,Male,0,0,40,United-States,1
34,Private,201122,Some-college,10,Married-civ-spouse,Craft-repair,Husband,White,Male,0,0,48,United-States,1
60,Local-gov,48788,Bachelors,13,Separated,Prof-specialty,Unmarried,White,Female,5455,0,55,United-States,0
25,Private,193787,Some-college,10,Never-married,Tech-support,Own-child,White,Female,0,0,40,United-States,0
35,Private,240458,11th,7,Divorced,Craft-repair,Not-in-family,Black,Male,0,0,40,United-States,0
27,Private,176683,Assoc-voc,11,Married-civ-spouse,Other-service,Husband,White,Male,0,0,60,United-States,0
18,Private,205218,11th,7,Never-married,Sales,Own-child,White,Female,0,0,20,United-States,0
32,Private,248584,HS-grad,9,Never-married,Farming-fishing,Own-child,White,Male,0,0,40,United-States,0
35,Private,203628,Masters,14,Never-married,Prof-specialty,Not-in-family,White,Male,0,0,60,United-States,1
22,Private,226508,Bachelors,13,Never-married,Exec-managerial,Own-child,White,Female,0,0,50,United-States,0
17,Private,232900,11th,7,Never-married,Handlers-cleaners,Own-child,White,Male,0,0,25,United-States,0
28,Private,299422,7th-8th,4,Married-civ-spouse,Handlers-cleaners,Husband,White,Male,0,0,40,Mexico,0
33,Federal-gov,159548,Assoc-acdm,12,Never-married,Adm-clerical,Unmarried,Black,Female,0,0,40,United-States,0
19,Private,125591,Some-college,10,Never-married,Other-service,Own-child,White,Female,0,0,40,United-States,0
62,State-gov,202056,Bachelors,13,Divorced,Prof-specialty,Not-in-family,White,Male,14084,0,40,United-States,1
31,Private,511289,HS-grad,9,Never-married,Farming-fishing,Not-in-family,White,Male,2907,0,99,United-States,0
32,Private,164190,HS-grad,9,Married-civ-spouse,Handlers-cleaners,Husband,White,Male,0,0,30,United-States,0
25,Private,215384,11th,7,Never-married,Other-service,Not-in-family,White,Male,0,0,40,United-States,0
35,Private,105138,Bachelors,13,Married-civ-spouse,Tech-support,Husband,White,Male,0,0,40,United-States,1
29,Private,85572,Bachelors,13,Married-civ-spouse,Exec-managerial,Wife,White,Female,0,0,42,United-States,1
50,Self-emp-not-inc,89737,Some-college,10,Married-civ-spouse,Craft-repair,Husband,White,Male,0,0,48,United-States,0
39,Private,230329,HS-grad,9,Married-civ-spouse,Craft-repair,Husband,White,Male,0,0,35,United-States,0
30,Private,91145,HS-grad,9,Never-married,Handlers-cleaners,Unmarried,White,Male,0,0,55,United-States,0
40,Private,63503,Bachelors,13,Married-civ-spouse,Exec-managerial,Husband,White,Male,0,0,40,United-States,1
51,Local-gov,26832,HS-grad,9,Married-civ-spouse,Craft-repair,Husband,White,Male,0,0,40,United-States,1
59,Local-gov,161944,Bachelors,13,Never-married,Adm-clerical,Not-in-family,White,Male,0,0,38,United-States,0
45,Self-emp-inc,311231,Prof-school,15,Married-civ-spouse,Prof-specialty,Husband,White,Male,0,1485,50,United-States,1
66,Private,180211,Bachelors,13,Married-civ-spouse,Craft-repair,Husband,Asian-Pac-Islander,Male,0,0,30,Philippines,0
51,Private,335997,HS-grad,9,Married-civ-spouse,Exec-managerial,Husband,White,Male,4386,0,55,United-States,1
27,Private,301654,HS-grad,9,Never-married,Exec-managerial,Own-child,White,Female,0,0,40,United-States,0
33,Self-emp-not-inc,195891,Some-college,10,Married-civ-spouse,Exec-managerial,Husband,White,Male,0,0,45,United-States,0
24,Private,327518,Assoc-voc,11,Married-civ-spouse,Craft-repair,Husband,White,Male,0,0,45,United-States,0
50,Self-emp-inc,104849,Prof-school,15,Married-civ-spouse,Prof-specialty,Husband,Asian-Pac-Islander,Male,0,0,40,India,0
58,Private,255822,Assoc-voc,11,Married-civ-spouse,Craft-repair,Husband,White,Male,0,0,40,United-States,1
23,Private,185452,Bachelors,13,Never-married,Exec-managerial,Not-in-family,White,Female,0,0,35,Canada,0
23,Self-emp-not-inc,121313,HS-grad,9,Never-married,Craft-repair,Own-child,White,Male,0,0,40,United-States,0
28,Self-emp-not-inc,115945,Some-college,10,Never-married,Prof-specialty,Unmarried,White,Male,0,0,40,United-States,0
28,Private,227104,Some-college,10,Divorced,Sales,Not-in-family,White,Male,0,0,30,United-States,0
31,Private,502752,Bachelors,13,Married-civ-spouse,Adm-clerical,Wife,White,Female,0,0,40,United-States,1
39,Private,230356,Bachelors,13,Never-married,Adm-clerical,Not-in-family,White,Female,0,0,40,United-States,0
55,Self-emp-inc,222615,Masters,14,Married-civ-spouse,Exec-managerial,Husband,White,Male,0,0,60,United-States,0
24,Private,91999,Assoc-acdm,12,Never-married,Exec-managerial,Not-in-family,White,Male,0,0,20,United-States,0
53,Private,129525,Bachelors,13,Married-civ-spouse,Exec-managerial,Husband,White,Male,0,0,50,United-States,1
29,Private,152461,Bachelors,13,Never-married,Prof-specialty,Unmarried,White,Female,14344,0,50,United-States,1
43,Private,199191,Some-college,10,Never-married,Adm-clerical,Not-in-family,White,Female,0,0,50,United-States,0
39,State-gov,218249,Some-college,10,Separated,Prof-specialty,Unmarried,Black,Female,0,0,37,United-States,0
28,Private,46868,Masters,14,Never-married,Tech-support,Not-in-family,White,Female,0,0,40,United-States,0
53,Private,264939,Bachelors,13,Never-married,Prof-specialty,Not-in-family,White,Female,0,0,45,Mexico,0
32,Private,97429,Bachelors,13,Divorced,Exec-managerial,Unmarried,White,Female,0,0,40,Canada,0
52,Private,208630,HS-grad,9,Divorced,Adm-clerical,Unmarried,White,Female,0,1741,38,United-States,0
35,Private,36270,HS-grad,9,Divorced,Craft-repair,Not-in-family,White,Male,0,0,60,United-States,0
42,Private,37869,Some-college,10,Divorced,Machine-op-inspct,Not-in-family,White,Male,0,1590,40,United-States,0
46,Private,184632,Assoc-voc,11,Married-civ-spouse,Craft-repair,Husband,White,Male,0,0,50,United-States,0
45,Private,217654,Some-college,10,Married-civ-spouse,Handlers-cleaners,Husband,White,Male,0,0,40,Germany,1
68,Self-emp-inc,52052,Assoc-voc,11,Widowed,Sales,Not-in-family,White,Female,25124,0,50,United-States,1
29,Private,142519,HS-grad,9,Never-married,Handlers-cleaners,Own-child,White,Male,0,0,40,United-States,0
35,Private,161141,HS-grad,9,Married-civ-spouse,Machine-op-inspct,Husband,White,Male,0,0,40,United-States,0
39,Private,300760,HS-grad,9,Divorced,Tech-support,Unmarried,White,Female,0,0,50,United-States,0
29,Private,350162,Bachelors,13,Married-civ-spouse,Exec-managerial,Wife,White,Male,0,0,40,United-States,1
39,Private,186420,HS-grad,9,Divorced,Adm-clerical,Not-in-family,White,Female,0,0,40,United-States,0
29,State-gov,293287,Some-college,10,Never-married,Other-service,Unmarried,White,Female,0,0,40,United-States,0
48,Private,141483,Some-college,10,Divorced,Exec-managerial,Unmarried,White,Female,0,0,40,United-States,0
50,Private,164198,Assoc-acdm,12,Married-civ-spouse,Handlers-cleaners,Husband,Black,Male,15024,0,45,United-States,1
25,Private,169124,HS-grad,9,Married-civ-spouse,Transport-moving,Husband,White,Male,0,0,45,United-States,0
57,Local-gov,132717,Bachelors,13,Married-civ-spouse,Exec-managerial,Husband,White,Male,0,0,45,United-States,0
45,Private,154430,Bachelors,13,Widowed,Prof-specialty,Not-in-family,White,Female,10520,0,50,United-States,1
39,Private,185053,HS-grad,9,Never-married,Machine-op-inspct,Not-in-family,White,Female,0,0,40,United-States,0
49,Private,247294,HS-grad,9,Married-civ-spouse,Craft-repair,Husband,White,Male,0,0,45,United-States,1
19,Private,47577,Some-college,10,Never-married,Transport-moving,Not-in-family,White,Male,0,0,50,United-States,0
58,Self-emp-inc,154537,HS-grad,9,Married-civ-spouse,Exec-managerial,Wife,White,Female,0,0,20,United-States,1
34,Private,70466,Assoc-voc,11,Divorced,Craft-repair,Not-in-family,White,Male,0,0,40,United-States,0
59,Private,159008,Some-college,10,Married-civ-spouse,Protective-serv,Husband,White,Male,0,0,56,United-States,0
35,Private,267891,HS-grad,9,Married-civ-spouse,Other-service,Wife,White,Female,0,0,38,United-States,0
40,Private,146520,Masters,14,Married-civ-spouse,Exec-managerial,Husband,White,Male,0,0,40,United-States,1
71,State-gov,210673,HS-grad,9,Married-civ-spouse,Protective-serv,Husband,White,Male,0,0,28,United-States,0
43,State-gov,159449,HS-grad,9,Never-married,Craft-repair,Unmarried,White,Male,0,0,40,United-States,0
36,Private,160120,HS-grad,9,Married-civ-spouse,Adm-clerical,Husband,Asian-Pac-Islander,Male,0,0,40,Vietnam,0
79,Private,266119,Bachelors,13,Married-civ-spouse,Sales,Husband,White,Male,0,0,40,United-States,0
42,Federal-gov,132125,Bachelors,13,Married-civ-spouse,Exec-managerial,Husband,White,Male,0,0,52,United-States,1
32,Self-emp-not-inc,39369,Bachelors,13,Married-civ-spouse,Craft-repair,Husband,White,Male,0,0,40,United-States,0
41,Local-gov,213154,Some-college,10,Married-civ-spouse,Adm-clerical,Wife,Black,Female,0,0,40,United-States,0
44,Self-emp-inc,269733,Bachelors,13,Married-civ-spouse,Sales,Husband,White,Male,0,0,30,United-States,0
31,State-gov,100863,Masters,14,Divorced,Exec-managerial,Unmarried,White,Female,0,0,50,United-States,1
31,Private,132601,Some-college,10,Married-civ-spouse,Exec-managerial,Husband,White,Male,0,0,40,United-States,0
38,Private,63509,HS-grad,9,Married-civ-spouse,Craft-repair,Husband,White,Male,0,0,40,United-States,1
73,Local-gov,161027,5th-6th,3,Married-civ-spouse,Protective-serv,Husband,White,Male,0,0,20,United-States,0
27,Private,369522,HS-grad,9,Never-married,Machine-op-inspct,Own-child,White,Male,0,0,45,United-States,0
25,Private,169679,HS-grad,9,Married-civ-spouse,Transport-moving,Husband,White,Male,0,0,40,United-States,0
49,Federal-gov,213668,Masters,14,Never-married,Exec-managerial,Not-in-family,White,Male,0,0,56,United-States,1
37,Self-emp-not-inc,348960,Assoc-acdm,12,Married-civ-spouse,Transport-moving,Husband,White,Male,0,0,50,United-States,1
18,Private,188616,11th,7,Never-married,Sales,Own-child,White,Male,0,0,15,United-States,0
64,Private,256466,HS-grad,9,Married-civ-spouse,Tech-support,Husband,Asian-Pac-Islander,Male,0,0,60,Philippines,1
43,Self-emp-not-inc,75435,HS-grad,9,Divorced,Craft-repair,Unmarried,Amer-Indian-Eskimo,Male,0,0,30,United-States,0
59,Private,395736,HS-grad,9,Married-civ-spouse,Handlers-cleaners,Husband,White,Male,0,0,40,United-States,1
42,Private,175943,Assoc-voc,11,Married-civ-spouse,Exec-managerial,Wife,White,Female,7298,0,35,United-States,1
23,Private,27776,Some-college,10,Married-civ-spouse,Transport-moving,Husband,White,Male,0,0,24,United-States,0
31,Private,124827,Assoc-voc,11,Married-civ-spouse,Sales,Husband,White,Male,0,0,40,United-States,1
61,Private,129246,10th,6,Married-civ-spouse,Craft-repair,Husband,White,Male,0,0,48,United-States,0
56,Federal-gov,67153,Masters,14,Married-civ-spouse,Exec-managerial,Husband,White,Male,0,0,40,Portugal,1
19,Private,29798,12th,8,Never-married,Handlers-cleaners,Own-child,Amer-Indian-Eskimo,Male,0,0,20,United-States,0
22,Private,107882,Bachelors,13,Never-married,Exec-managerial,Own-child,White,Female,0,0,35,United-States,0
59,Private,116442,Some-college,10,Married-civ-spouse,Machine-op-inspct,Husband,White,Male,0,0,50,United-States,0
39,Private,150061,Masters,14,Divorced,Exec-managerial,Unmarried,Black,Female,15020,0,60,United-States,1
45,Federal-gov,273194,HS-grad,9,Never-married,Transport-moving,Not-in-family,Black,Male,3325,0,40,United-States,0
22,Private,374116,HS-grad,9,Never-married,Sales,Unmarried,White,Female,0,0,35,United-States,0
25,Private,209428,Some-college,10,Married-civ-spouse,Sales,Husband,White,Male,0,0,25,El-Salvador,0
60,Private,74243,Assoc-voc,11,Widowed,Craft-repair,Not-in-family,White,Female,0,0,30,United-States,0
31,Private,172304,Some-college,10,Married-civ-spouse,Craft-repair,Husband,White,Male,0,0,50,United-States,1
30,Private,207937,Prof-school,15,Divorced,Prof-specialty,Not-in-family,White,Male,10520,0,50,United-States,1
49,Private,323773,11th,7,Married-civ-spouse,Priv-house-serv,Other-relative,White,Female,0,0,40,United-States,0
50,Self-emp-not-inc,54261,HS-grad,9,Married-civ-spouse,Farming-fishing,Husband,White,Male,0,0,84,United-States,0
27,State-gov,340269,Some-college,10,Never-married,Protective-serv,Not-in-family,White,Male,0,0,40,United-States,0
21,Private,129232,Some-college,10,Never-married,Craft-repair,Own-child,White,Male,0,0,40,United-States,0
29,Private,37933,Bachelors,13,Never-married,Exec-managerial,Unmarried,Black,Female,0,0,40,United-States,0
36,Private,269318,Bachelors,13,Married-civ-spouse,Exec-managerial,Husband,White,Male,0,0,50,United-States,1
17,Private,184924,9th,5,Never-married,Handlers-cleaners,Own-child,White,Male,0,1719,15,United-States,0
40,Private,327573,Assoc-voc,11,Married-civ-spouse,Craft-repair,Husband,White,Male,0,0,40,United-States,0
36,Local-gov,318972,Some-college,10,Divorced,Adm-clerical,Unmarried,White,Female,0,0,65,United-States,0
34,Private,251421,HS-grad,9,Married-civ-spouse,Craft-repair,Husband,White,Male,0,0,40,United-States,0
30,Private,302473,HS-grad,9,Never-married,Adm-clerical,Own-child,White,Female,0,0,40,United-States,0
68,Private,32779,HS-grad,9,Married-civ-spouse,Transport-moving,Husband,White,Male,0,419,12,United-States,0
19,Self-emp-not-inc,73514,HS-grad,9,Never-married,Adm-clerical,Own-child,Asian-Pac-Islander,Female,0,0,30,United-States,0
38,Private,289148,HS-grad,9,Married-spouse-absent,Craft-repair,Unmarried,White,Female,0,0,40,United-States,0
67,Local-gov,191800,Bachelors,13,Divorced,Adm-clerical,Unmarried,Black,Female,6360,0,35,United-States,0
17,Private,438996,10th,6,Never-married,Other-service,Other-relative,White,Male,0,0,40,Mexico,0
41,Private,152636,HS-grad,9,Divorced,Craft-repair,Unmarried,White,Female,0,0,50,United-States,0
20,Private,79691,HS-grad,9,Never-married,Machine-op-inspct,Own-child,White,Male,0,0,40,United-States,0
43,Self-emp-inc,221172,Prof-school,15,Married-civ-spouse,Prof-specialty,Husband,White,Male,0,1977,40,United-States,1
51,Local-gov,110965,Masters,14,Never-married,Prof-specialty,Own-child,White,Male,0,0,40,United-States,0
46,Self-emp-inc,112320,Bachelors,13,Divorced,Exec-managerial,Not-in-family,White,Female,0,0,50,United-States,0
31,Private,111567,9th,5,Never-married,Sales,Not-in-family,White,Male,0,0,43,United-States,1
33,State-gov,73296,HS-grad,9,Never-married,Other-service,Unmarried,Black,Female,1831,0,40,United-States,0
46,Private,346978,Bachelors,13,Divorced,Prof-specialty,Unmarried,White,Female,0,0,40,United-States,0
25,Private,274228,HS-grad,9,Married-civ-spouse,Tech-support,Husband,White,Male,0,0,84,United-States,0
56,Self-emp-not-inc,201318,9th,5,Married-civ-spouse,Exec-managerial,Other-relative,White,Male,3411,0,50,Columbia,0
56,Private,367984,Assoc-voc,11,Married-civ-spouse,Exec-managerial,Husband,White,Male,15024,0,40,United-States,1
38,Self-emp-not-inc,192939,HS-grad,9,Married-civ-spouse,Craft-repair,Husband,White,Male,0,0,50,United-States,0
43,State-gov,270721,Bachelors,13,Married-civ-spouse,Exec-managerial,Husband,White,Male,0,0,55,United-States,1
33,Private,182401,10th,6,Never-married,Adm-clerical,Not-in-family,Black,Male,0,0,40,United-States,0
59,Private,361494,HS-grad,9,Married-civ-spouse,Sales,Husband,White,Male,0,0,40,United-States,1
32,Private,303942,HS-grad,9,Married-civ-spouse,Machine-op-inspct,Husband,White,Male,0,0,40,United-States,0
58,Private,205896,HS-grad,9,Divorced,Sales,Other-relative,White,Female,0,0,40,United-States,0
39,Private,252327,7th-8th,4,Never-married,Other-service,Own-child,White,Male,0,0,40,Mexico,0
29,Private,185647,Some-college,10,Never-married,Tech-support,Own-child,White,Male,0,0,60,United-States,0
19,Private,406078,Some-college,10,Never-married,Adm-clerical,Own-child,White,Female,0,0,25,United-States,0
55,Local-gov,28151,HS-grad,9,Divorced,Adm-clerical,Not-in-family,White,Female,0,0,40,United-States,1
37,Private,233490,HS-grad,9,Never-married,Farming-fishing,Not-in-family,White,Male,0,0,50,United-States,0
61,Private,163393,HS-grad,9,Married-civ-spouse,Transport-moving,Husband,White,Male,0,0,20,United-States,0
44,Private,163331,Some-college,10,Widowed,Adm-clerical,Unmarried,White,Female,0,0,32,United-States,0
37,Private,80410,11th,7,Married-civ-spouse,Other-service,Husband,White,Male,0,0,40,United-States,0
41,Private,82393,Bachelors,13,Never-married,Adm-clerical,Not-in-family,Asian-Pac-Islander,Male,0,0,50,United-States,0
37,Self-emp-not-inc,272090,Some-college,10,Married-civ-spouse,Adm-clerical,Wife,White,Female,0,0,20,United-States,0
54,Self-emp-inc,298215,Bachelors,13,Married-civ-spouse,Exec-managerial,Husband,White,Male,0,0,50,United-States,1
56,Private,202220,Some-college,10,Separated,Tech-support,Unmarried,Black,Female,0,0,38,United-States,0
37,Private,348739,Bachelors,13,Married-civ-spouse,Prof-specialty,Husband,White,Male,0,0,45,United-States,1
28,Private,108574,Some-college,10,Never-married,Other-service,Not-in-family,White,Female,0,0,40,United-States,0
57,Private,120302,HS-grad,9,Married-civ-spouse,Machine-op-inspct,Husband,White,Male,0,0,40,United-States,0
36,Self-emp-not-inc,67728,Bachelors,13,Married-civ-spouse,Sales,Husband,White,Male,0,0,50,United-States,1
51,Private,61270,HS-grad,9,Married-civ-spouse,Handlers-cleaners,Husband,White,Male,0,0,40,United-States,1
38,Private,22245,HS-grad,9,Married-civ-spouse,Exec-managerial,Husband,White,Male,0,0,60,United-States,1
21,Private,184543,HS-grad,9,Never-married,Sales,Not-in-family,White,Female,0,0,40,United-States,0
30,Local-gov,131568,Bachelors,13,Married-civ-spouse,Prof-specialty,Husband,White,Male,0,0,40,United-States,1
20,Private,380544,Assoc-acdm,12,Never-married,Transport-moving,Own-child,White,Male,0,0,20,United-States,0
35,Local-gov,331395,Assoc-voc,11,Married-civ-spouse,Protective-serv,Husband,White,Male,0,0,42,United-States,0
32,Private,50178,Some-college,10,Never-married,Sales,Own-child,White,Male,0,0,35,United-States,0
22,Private,174461,Some-college,10,Never-married,Adm-clerical,Own-child,White,Female,0,0,15,United-States,0
43,Private,293176,Bachelors,13,Married-civ-spouse,Sales,Husband,White,Male,0,0,40,United-States,1
54,Private,35459,HS-grad,9,Never-married,Sales,Not-in-family,White,Male,0,0,40,United-States,0
45,Local-gov,135776,Masters,14,Divorced,Prof-specialty,Not-in-family,White,Female,0,0,30,United-States,0
28,Private,223751,Some-college,10,Married-civ-spouse,Adm-clerical,Husband,White,Male,0,0,40,United-States,1
51,Private,185283,Some-college,10,Married-civ-spouse,Exec-managerial,Husband,White,Male,0,0,45,United-States,1
54,Private,153486,HS-grad,9,Divorced,Transport-moving,Not-in-family,White,Male,0,0,56,United-States,1
26,Local-gov,288781,Bachelors,13,Never-married,Adm-clerical,Not-in-family,White,Male,0,0,42,United-States,0
33,Private,166961,11th,7,Separated,Sales,Own-child,White,Female,0,0,20,United-States,0
41,Private,48087,7th-8th,4,Divorced,Craft-repair,Not-in-family,White,Male,0,1590,40,United-States,0
35,Private,183898,HS-grad,9,Divorced,Craft-repair,Unmarried,White,Male,2354,0,40,United-States,0
34,Private,223678,HS-grad,9,Never-married,Other-service,Unmarried,Amer-Indian-Eskimo,Female,0,0,32,United-States,0
49,Private,81973,Some-college,10,Married-civ-spouse,Craft-repair,Husband,Asian-Pac-Islander,Male,0,0,40,United-States,1
35,Self-emp-not-inc,256992,5th-6th,3,Married-civ-spouse,Other-service,Wife,White,Female,0,0,15,Mexico,0
24,Private,118023,Some-college,10,Never-married,Handlers-cleaners,Own-child,White,Male,0,0,30,United-States,0
48,Self-emp-not-inc,107231,Bachelors,13,Married-civ-spouse,Exec-managerial,Husband,White,Male,99999,0,50,United-States,1
37,Private,314963,Some-college,10,Married-civ-spouse,Machine-op-inspct,Husband,White,Male,0,0,40,United-States,0
54,Local-gov,279452,HS-grad,9,Married-civ-spouse,Farming-fishing,Husband,White,Male,0,0,40,United-States,0
44,State-gov,55395,HS-grad,9,Never-married,Craft-repair,Not-in-family,White,Male,0,0,40,United-States,0
56,State-gov,153451,Some-college,10,Divorced,Adm-clerical,Not-in-family,White,Female,0,0,35,United-States,0
56,Local-gov,305767,HS-grad,9,Married-civ-spouse,Other-service,Husband,Asian-Pac-Islander,Male,0,0,40,China,0
24,Private,403865,Some-college,10,Married-civ-spouse,Craft-repair,Husband,White,Male,0,0,56,United-States,0
48,Private,192791,HS-grad,9,Married-civ-spouse,Machine-op-inspct,Husband,White,Male,0,0,40,United-States,0
18,Private,163787,HS-grad,9,Married-civ-spouse,Exec-managerial,Wife,White,Female,0,0,40,United-States,0
49,Self-emp-inc,289707,HS-grad,9,Separated,Other-service,Not-in-family,White,Male,0,0,45,United-States,0
25,Federal-gov,339956,Some-college,10,Married-civ-spouse,Protective-serv,Husband,Black,Male,0,0,40,United-States,0
29,Private,116613,Bachelors,13,Never-married,Adm-clerical,Own-child,White,Female,0,0,40,Portugal,0
34,State-gov,20057,Some-college,10,Married-spouse-absent,Adm-clerical,Unmarried,Asian-Pac-Islander,Female,0,0,38,Philippines,0
20,Private,243878,Some-college,10,Never-married,Craft-repair,Own-child,White,Male,0,0,40,United-States,0
28,Private,308136,HS-grad,9,Never-married,Other-service,Own-child,White,Male,0,0,40,United-States,0
28,Private,259840,Bachelors,13,Married-civ-spouse,Sales,Husband,White,Male,0,0,60,United-States,1
28,Private,210313,10th,6,Never-married,Handlers-cleaners,Other-relative,White,Male,0,0,40,Mexico,0
42,State-gov,219553,Masters,14,Divorced,Prof-specialty,Not-in-family,White,Female,0,0,38,United-States,0
31,Private,118149,Some-college,10,Never-married,Exec-managerial,Not-in-family,Black,Female,0,0,40,United-States,0
29,Private,251854,Bachelors,13,Never-married,Adm-clerical,Not-in-family,Black,Female,0,0,40,United-States,0
57,State-gov,254949,HS-grad,9,Married-civ-spouse,Exec-managerial,Husband,White,Male,0,0,40,United-States,1
27,Local-gov,29174,Bachelors,13,Never-married,Prof-specialty,Unmarried,White,Female,0,0,40,United-States,0
54,Self-emp-not-inc,168723,HS-grad,9,Married-civ-spouse,Sales,Husband,White,Male,0,0,40,United-States,0
39,Private,279272,Assoc-acdm,12,Never-married,Transport-moving,Not-in-family,Black,Male,0,0,60,United-States,0
43,Private,222971,5th-6th,3,Never-married,Machine-op-inspct,Unmarried,White,Female,0,0,40,Mexico,0
53,Private,225768,Assoc-voc,11,Married-civ-spouse,Craft-repair,Husband,Black,Male,0,0,40,United-States,1
23,Private,294701,HS-grad,9,Never-married,Adm-clerical,Unmarried,White,Female,0,0,40,United-States,0
34,Private,155151,Some-college,10,Married-civ-spouse,Craft-repair,Husband,White,Male,0,0,40,United-States,1
20,Private,388156,Some-college,10,Never-married,Prof-specialty,Own-child,White,Male,0,0,24,United-States,0
35,Private,308691,Masters,14,Married-civ-spouse,Machine-op-inspct,Husband,White,Male,0,0,48,United-States,0
27,Private,188171,10th,6,Never-married,Adm-clerical,Own-child,White,Male,0,0,60,United-States,0
30,Private,246439,Some-college,10,Divorced,Adm-clerical,Unmarried,White,Male,0,0,40,United-States,0
17,Private,347322,10th,6,Never-married,Sales,Own-child,White,Female,0,0,20,United-States,0
61,Private,81132,5th-6th,3,Married-civ-spouse,Handlers-cleaners,Husband,Asian-Pac-Islander,Male,7298,0,40,Philippines,1
36,Private,182074,HS-grad,9,Never-married,Adm-clerical,Other-relative,White,Male,0,0,40,United-States,0
24,Private,236769,Assoc-acdm,12,Never-married,Exec-managerial,Own-child,White,Male,0,0,40,United-States,0
22,Private,60552,Some-college,10,Never-married,Sales,Own-child,White,Female,0,0,40,United-States,0
50,Private,548361,Bachelors,13,Married-civ-spouse,Tech-support,Husband,White,Male,0,0,20,United-States,1
25,Private,292058,HS-grad,9,Never-married,Other-service,Other-relative,White,Male,0,0,30,United-States,0
26,Self-emp-not-inc,37918,HS-grad,9,Never-married,Farming-fishing,Own-child,White,Male,0,0,60,United-States,0
25,Private,200408,Assoc-acdm,12,Never-married,Craft-repair,Own-child,White,Male,0,0,40,United-States,0
27,Private,292472,Some-college,10,Never-married,Craft-repair,Not-in-family,Asian-Pac-Islander,Male,0,1876,45,Cambodia,0
29,Private,53181,Masters,14,Married-civ-spouse,Prof-specialty,Husband,White,Male,0,0,55,United-States,1
19,Private,283945,Some-college,10,Never-married,Adm-clerical,Own-child,White,Male,0,0,25,United-States,0
32,Local-gov,42596,Bachelors,13,Divorced,Prof-specialty,Not-in-family,White,Male,0,0,40,United-States,0
40,Private,64980,Some-college,10,Married-civ-spouse,Adm-clerical,Husband,Black,Male,0,0,55,United-States,1
45,Private,45857,HS-grad,9,Divorced,Adm-clerical,Not-in-family,White,Female,0,0,28,United-States,0
47,Private,284916,HS-grad,9,Married-civ-spouse,Sales,Husband,White,Male,7298,0,45,United-States,1
29,Private,255949,Bachelors,13,Never-married,Sales,Unmarried,Black,Male,0,0,40,United-States,0
31,Private,181091,Bachelors,13,Married-civ-spouse,Sales,Husband,White,Male,0,0,40,United-States,1
50,Self-emp-not-inc,163948,HS-grad,9,Married-civ-spouse,Transport-moving,Husband,White,Male,0,0,40,United-States,1
65,Self-emp-inc,208452,Some-college,10,Married-civ-spouse,Sales,Husband,White,Male,0,0,35,United-States,1
54,Private,141663,HS-grad,9,Married-civ-spouse,Adm-clerical,Husband,White,Male,0,0,40,United-States,1
58,Private,175127,12th,8,Married-civ-spouse,Transport-moving,Other-relative,White,Male,0,0,40,United-States,0
61,Self-emp-not-inc,244087,HS-grad,9,Married-civ-spouse,Craft-repair,Husband,White,Male,0,0,52,United-States,1
21,Private,349365,Some-college,10,Never-married,Adm-clerical,Own-child,White,Female,0,0,15,United-States,0
65,Private,170939,Bachelors,13,Divorced,Prof-specialty,Not-in-family,White,Male,6723,0,40,United-States,0
38,Private,112497,HS-grad,9,Never-married,Prof-specialty,Not-in-family,White,Male,0,0,40,United-States,1
21,Private,305874,Some-college,10,Married-civ-spouse,Craft-repair,Husband,White,Male,0,0,54,United-States,0
35,Private,243409,Some-college,10,Married-civ-spouse,Transport-moving,Husband,White,Male,0,0,40,Germany,0
48,Private,377140,5th-6th,3,Never-married,Priv-house-serv,Unmarried,White,Female,0,0,35,Nicaragua,0
39,Self-emp-not-inc,106347,Some-college,10,Divorced,Sales,Unmarried,White,Male,0,0,47,United-States,0
32,Private,256609,12th,8,Married-civ-spouse,Machine-op-inspct,Husband,White,Male,0,0,40,Mexico,0
71,Private,216608,Assoc-voc,11,Never-married,Adm-clerical,Not-in-family,White,Female,0,0,40,United-States,0
59,Local-gov,93211,Bachelors,13,Married-civ-spouse,Exec-managerial,Wife,White,Female,0,0,22,United-States,1
45,Private,96975,Some-college,10,Divorced,Handlers-cleaners,Unmarried,White,Female,0,0,40,United-States,0
26,Private,157617,HS-grad,9,Married-civ-spouse,Craft-repair,Husband,White,Male,0,0,40,Poland,0
30,Private,241259,Assoc-voc,11,Married-civ-spouse,Transport-moving,Husband,White,Male,0,0,40,United-States,0
28,Private,303440,Bachelors,13,Separated,Exec-managerial,Not-in-family,White,Female,0,0,50,United-States,1
31,Private,241885,HS-grad,9,Never-married,Farming-fishing,Unmarried,White,Male,0,0,45,United-States,0
40,Private,198270,Some-college,10,Divorced,Other-service,Not-in-family,White,Female,0,0,40,United-States,0
17,Private,181580,11th,7,Never-married,Other-service,Own-child,White,Female,0,0,16,United-States,0
55,Self-emp-not-inc,95149,Some-college,10,Married-civ-spouse,Transport-moving,Husband,White,Male,0,0,99,United-States,0
37,Private,103323,HS-grad,9,Never-married,Craft-repair,Not-in-family,White,Male,0,0,40,United-States,0
42,Private,255847,HS-grad,9,Married-civ-spouse,Machine-op-inspct,Husband,White,Male,4386,0,48,United-States,1
39,Self-emp-not-inc,188335,HS-grad,9,Married-civ-spouse,Farming-fishing,Husband,White,Male,0,0,40,United-States,0
57,Local-gov,52267,HS-grad,9,Married-civ-spouse,Transport-moving,Husband,White,Male,0,0,72,United-States,0
38,Private,179668,HS-grad,9,Married-civ-spouse,Protective-serv,Husband,White,Male,0,0,40,Scotland,0
23,Private,182342,HS-grad,9,Never-married,Craft-repair,Not-in-family,White,Male,0,0,40,United-States,0
30,Private,186932,Bachelors,13,Married-civ-spouse,Exec-managerial,Husband,White,Male,0,0,70,United-States,0
26,Private,222539,Some-college,10,Married-civ-spouse,Craft-repair,Husband,White,Male,0,0,40,United-States,1
21,Private,131811,HS-grad,9,Married-civ-spouse,Handlers-cleaners,Husband,White,Male,0,0,40,United-States,0
43,Private,133584,Some-college,10,Married-civ-spouse,Machine-op-inspct,Husband,White,Male,0,0,40,United-States,0
38,Private,203836,HS-grad,9,Married-civ-spouse,Sales,Husband,White,Male,3464,0,40,Columbia,0
24,Private,285432,HS-grad,9,Never-married,Exec-managerial,Own-child,White,Male,0,0,40,United-States,0
41,Private,82161,HS-grad,9,Married-civ-spouse,Transport-moving,Husband,White,Male,0,0,40,United-States,0
41,Private,107306,HS-grad,9,Never-married,Exec-managerial,Not-in-family,White,Male,2174,0,40,United-States,0
48,Private,62605,HS-grad,9,Divorced,Adm-clerical,Not-in-family,White,Female,0,0,35,United-States,0
48,Private,55237,Bachelors,13,Married-civ-spouse,Craft-repair,Husband,White,Male,0,0,45,United-States,1
66,Self-emp-not-inc,28061,7th-8th,4,Widowed,Farming-fishing,Unmarried,White,Male,0,0,50,United-States,0
31,Private,137444,HS-grad,9,Married-civ-spouse,Machine-op-inspct,Husband,White,Male,0,0,40,United-States,1
50,Private,198681,Some-college,10,Married-civ-spouse,Transport-moving,Husband,White,Male,0,0,70,United-States,1
20,Private,217807,Some-college,10,Never-married,Handlers-cleaners,Own-child,White,Male,0,0,35,United-States,0
43,Private,101950,Bachelors,13,Divorced,Other-service,Not-in-family,White,Female,0,0,35,United-States,0
57,Local-gov,343447,HS-grad,9,Divorced,Protective-serv,Not-in-family,White,Female,0,0,40,United-States,0
41,Self-emp-not-inc,129865,HS-grad,9,Married-civ-spouse,Other-service,Husband,White,Male,0,0,60,United-States,0
41,Private,154076,Some-college,10,Married-civ-spouse,Adm-clerical,Husband,White,Male,0,0,50,United-States,1
47,State-gov,469907,Assoc-acdm,12,Married-civ-spouse,Protective-serv,Husband,White,Male,0,1740,40,United-States,0
50,Private,185846,HS-grad,9,Married-civ-spouse,Sales,Husband,White,Male,0,0,55,United-States,1
34,Private,127610,Bachelors,13,Never-married,Prof-specialty,Own-child,White,Female,0,0,15,United-States,0
43,Private,245317,HS-grad,9,Married-civ-spouse,Transport-moving,Husband,White,Male,0,0,50,United-States,0
54,Private,154728,Assoc-voc,11,Married-civ-spouse,Tech-support,Husband,White,Male,7688,0,40,United-States,1
50,Self-emp-not-inc,371305,HS-grad,9,Married-civ-spouse,Sales,Husband,White,Male,0,1902,60,United-States,1
65,Self-emp-not-inc,225473,Some-college,10,Widowed,Craft-repair,Not-in-family,White,Female,0,0,35,United-States,0
38,Private,136629,Bachelors,13,Married-civ-spouse,Machine-op-inspct,Husband,White,Male,0,0,40,Iran,0
33,Private,204752,HS-grad,9,Never-married,Other-service,Own-child,White,Male,0,0,40,United-States,0
33,Local-gov,161942,Bachelors,13,Never-married,Adm-clerical,Not-in-family,White,Female,1055,0,40,United-States,0
36,Private,116138,HS-grad,9,Married-civ-spouse,Prof-specialty,Husband,Asian-Pac-Islander,Male,0,0,40,Cambodia,0
41,Private,124956,Bachelors,13,Divorced,Exec-managerial,Unmarried,Black,Female,0,0,90,United-States,1
23,Private,268145,Bachelors,13,Never-married,Exec-managerial,Not-in-family,White,Female,0,0,45,United-States,0
61,State-gov,162678,5th-6th,3,Married-civ-spouse,Transport-moving,Husband,White,Male,0,0,40,United-States,0
40,Private,225823,Some-college,10,Divorced,Craft-repair,Not-in-family,White,Male,0,0,60,United-States,0
24,Private,304463,Some-college,10,Married-civ-spouse,Craft-repair,Husband,White,Male,0,0,65,United-States,0
64,Private,143110,Bachelors,13,Widowed,Prof-specialty,Not-in-family,White,Female,0,0,30,United-States,0
56,Federal-gov,141877,Bachelors,13,Married-civ-spouse,Adm-clerical,Husband,White,Male,0,0,40,United-States,1
22,Private,240817,HS-grad,9,Never-married,Sales,Own-child,White,Female,2597,0,40,United-States,0
37,Private,195148,HS-grad,9,Married-civ-spouse,Craft-repair,Own-child,White,Male,3137,0,40,United-States,0
28,Private,144833,Some-college,10,Married-civ-spouse,Handlers-cleaners,Husband,White,Male,0,0,40,United-States,0
31,Local-gov,381153,Some-college,10,Married-civ-spouse,Protective-serv,Husband,White,Male,15024,0,56,United-States,1
31,Private,45781,Masters,14,Never-married,Prof-specialty,Not-in-family,White,Female,14084,0,50,United-States,1
56,Private,235197,HS-grad,9,Never-married,Adm-clerical,Not-in-family,White,Female,0,0,38,United-States,0
27,Private,357348,HS-grad,9,Separated,Other-service,Unmarried,White,Female,0,0,50,United-States,0
31,Self-emp-inc,83748,Some-college,10,Married-civ-spouse,Exec-managerial,Wife,Asian-Pac-Islander,Female,0,0,70,South,0
39,Private,240841,Some-college,10,Never-married,Other-service,Not-in-family,White,Female,0,0,25,United-States,0
40,Local-gov,202872,Masters,14,Married-civ-spouse,Prof-specialty,Wife,White,Female,0,0,40,United-States,1
25,Private,297531,Bachelors,13,Never-married,Sales,Own-child,White,Female,0,0,40,United-States,0
37,Private,412296,HS-grad,9,Married-civ-spouse,Craft-repair,Husband,White,Male,0,0,35,Mexico,1
47,Private,298130,HS-grad,9,Married-civ-spouse,Sales,Husband,White,Male,0,0,40,United-States,0
32,Private,199529,Some-college,10,Separated,Tech-support,Not-in-family,Amer-Indian-Eskimo,Male,0,1980,40,United-States,0
39,Federal-gov,410034,HS-grad,9,Married-civ-spouse,Adm-clerical,Husband,White,Male,0,0,40,United-States,0
31,Private,47151,HS-grad,9,Never-married,Other-service,Not-in-family,White,Female,0,0,56,United-States,0
31,Private,220066,Bachelors,13,Never-married,Exec-managerial,Not-in-family,White,Female,14344,0,50,United-States,1
31,Private,162572,HS-grad,9,Never-married,Other-service,Own-child,White,Male,0,0,16,United-States,0
27,Private,251905,Assoc-voc,11,Never-married,Exec-managerial,Own-child,White,Male,0,0,50,United-States,0
50,Self-emp-not-inc,127151,Masters,14,Married-civ-spouse,Prof-specialty,Wife,White,Female,0,0,40,Canada,1
59,Self-emp-not-inc,70623,7th-8th,4,Married-civ-spouse,Sales,Husband,White,Male,0,0,85,United-States,0
51,Private,191659,Some-college,10,Married-civ-spouse,Exec-managerial,Husband,White,Male,0,1887,65,United-States,1
32,Private,130040,HS-grad,9,Divorced,Handlers-cleaners,Not-in-family,White,Male,0,0,40,United-States,0
39,Private,202027,Prof-school,15,Married-civ-spouse,Prof-specialty,Husband,White,Male,0,0,45,United-States,1
55,Private,320835,Bachelors,13,Married-civ-spouse,Sales,Husband,White,Male,0,0,50,United-States,1
43,Private,43945,Some-college,10,Married-civ-spouse,Craft-repair,Husband,White,Male,0,0,40,United-States,1
24,Private,161198,Bachelors,13,Never-married,Prof-specialty,Not-in-family,White,Male,0,0,25,United-States,0
31,Private,201122,Bachelors,13,Married-civ-spouse,Sales,Husband,White,Male,0,1902,45,United-States,1
49,Private,40000,Bachelors,13,Married-civ-spouse,Sales,Husband,White,Male,4064,0,44,United-States,0
52,Private,172493,HS-grad,9,Never-married,Sales,Not-in-family,White,Female,0,0,36,United-States,0
42,State-gov,74334,Masters,14,Married-civ-spouse,Adm-clerical,Husband,Amer-Indian-Eskimo,Male,0,0,40,United-States,1
64,Self-emp-not-inc,150121,Doctorate,16,Married-civ-spouse,Exec-managerial,Husband,White,Male,0,0,25,United-States,1
36,Private,484024,HS-grad,9,Divorced,Machine-op-inspct,Unmarried,White,Male,0,0,40,United-States,0
54,Private,139347,HS-grad,9,Widowed,Adm-clerical,Unmarried,White,Female,0,0,40,United-States,0
59,Self-emp-not-inc,247552,HS-grad,9,Married-civ-spouse,Exec-managerial,Husband,White,Male,0,0,40,United-States,0
31,Private,178841,HS-grad,9,Never-married,Adm-clerical,Not-in-family,White,Female,0,0,40,United-States,0
26,Private,174592,Masters,14,Never-married,Exec-managerial,Own-child,White,Female,0,0,40,United-States,0
46,Private,154405,HS-grad,9,Married-civ-spouse,Handlers-cleaners,Husband,Black,Male,0,0,40,United-States,0
27,Private,141545,HS-grad,9,Married-civ-spouse,Transport-moving,Husband,White,Male,0,1902,45,United-States,0
46,Private,188386,Doctorate,16,Married-civ-spouse,Exec-managerial,Husband,White,Male,15024,0,60,United-States,1
50,Private,146310,9th,5,Married-civ-spouse,Machine-op-inspct,Husband,White,Male,0,0,40,United-States,0
48,Self-emp-not-inc,164582,Some-college,10,Married-civ-spouse,Farming-fishing,Husband,White,Male,7298,0,60,United-States,1
36,Private,70282,Some-college,10,Divorced,Adm-clerical,Unmarried,Black,Female,0,0,40,United-States,0
40,Local-gov,50442,Some-college,10,Never-married,Adm-clerical,Unmarried,Amer-Indian-Eskimo,Female,2977,0,35,United-States,0
29,Private,439263,HS-grad,9,Married-civ-spouse,Protective-serv,Husband,White,Male,0,0,35,Peru,0
24,Private,133520,Some-college,10,Never-married,Sales,Own-child,White,Female,0,0,15,United-States,0
32,Private,204567,Bachelors,13,Married-civ-spouse,Sales,Husband,White,Male,99999,0,60,United-States,1
50,Private,21095,Some-college,10,Divorced,Other-service,Unmarried,Asian-Pac-Islander,Male,0,0,40,Philippines,0
24,Private,278107,HS-grad,9,Never-married,Craft-repair,Own-child,White,Male,0,0,60,United-States,0
49,Private,128736,Bachelors,13,Never-married,Prof-specialty,Unmarried,White,Female,0,0,40,United-States,0
34,Local-gov,213722,HS-grad,9,Married-civ-spouse,Protective-serv,Husband,White,Male,0,0,57,United-States,1
44,Self-emp-not-inc,104196,HS-grad,9,Married-civ-spouse,Exec-managerial,Husband,White,Male,0,0,84,United-States,0
42,Local-gov,121998,Some-college,10,Married-civ-spouse,Exec-managerial,Husband,White,Male,15024,0,40,United-States,1
40,Private,193494,HS-grad,9,Married-civ-spouse,Handlers-cleaners,Husband,White,Male,0,0,46,United-States,0
26,Private,202091,HS-grad,9,Married-civ-spouse,Adm-clerical,Wife,White,Female,0,0,40,United-States,0
28,Private,271466,HS-grad,9,Married-civ-spouse,Exec-managerial,Husband,White,Male,0,0,45,United-States,1
40,Private,79036,Assoc-voc,11,Divorced,Transport-moving,Not-in-family,White,Male,0,0,50,United-States,1
25,Private,135603,HS-grad,9,Married-civ-spouse,Transport-moving,Husband,White,Male,0,0,40,United-States,1
39,Private,165799,HS-grad,9,Married-civ-spouse,Exec-managerial,Husband,White,Male,0,0,40,United-States,0
17,Private,104232,10th,6,Never-married,Other-service,Own-child,White,Male,0,0,10,United-States,0
25,Private,189219,Bachelors,13,Never-married,Sales,Own-child,White,Female,0,0,40,United-States,0
32,Private,153078,Bachelors,13,Never-married,Other-service,Not-in-family,Asian-Pac-Islander,Male,0,0,40,South,0
61,Private,132972,9th,5,Never-married,Machine-op-inspct,Unmarried,Black,Female,0,0,40,United-States,0
46,Private,357338,Bachelors,13,Married-civ-spouse,Tech-support,Husband,White,Male,0,0,40,United-States,0
19,State-gov,56424,12th,8,Never-married,Transport-moving,Own-child,Black,Male,0,0,20,United-States,0
46,Private,155659,Bachelors,13,Married-civ-spouse,Machine-op-inspct,Husband,White,Male,0,0,40,Germany,1
43,Local-gov,293535,Bachelors,13,Married-civ-spouse,Prof-specialty,Husband,Black,Male,0,0,40,United-States,1
31,Local-gov,33124,Bachelors,13,Never-married,Prof-specialty,Not-in-family,White,Female,0,0,50,United-States,0
50,Private,124094,HS-grad,9,Married-civ-spouse,Craft-repair,Husband,White,Male,0,0,40,Poland,0
28,Private,405793,Assoc-acdm,12,Married-civ-spouse,Tech-support,Husband,White,Male,0,0,45,United-States,1
19,Private,247679,HS-grad,9,Never-married,Craft-repair,Not-in-family,White,Male,0,0,45,United-States,0
54,Private,340476,HS-grad,9,Separated,Sales,Unmarried,White,Female,0,0,35,United-States,0
48,Private,175070,HS-grad,9,Divorced,Exec-managerial,Not-in-family,White,Female,0,2258,40,United-States,1
54,Private,329266,HS-grad,9,Married-civ-spouse,Craft-repair,Husband,White,Male,0,0,44,United-States,1
43,Private,154374,Some-college,10,Married-civ-spouse,Craft-repair,Husband,White,Male,15024,0,60,United-States,1
20,Private,117618,Some-college,10,Never-married,Exec-managerial,Own-child,White,Male,0,0,40,United-States,0
63,Private,208862,HS-grad,9,Never-married,Craft-repair,Not-in-family,White,Male,0,0,40,United-States,0
52,Private,145155,HS-grad,9,Widowed,Adm-clerical,Not-in-family,White,Female,0,0,40,United-States,0
54,Private,53833,HS-grad,9,Married-civ-spouse,Machine-op-inspct,Husband,White,Male,0,0,40,United-States,1
27,Private,191822,HS-grad,9,Married-civ-spouse,Sales,Wife,White,Female,0,0,50,United-States,0
64,Private,66634,7th-8th,4,Married-civ-spouse,Craft-repair,Husband,White,Male,0,0,40,United-States,0
27,Private,262478,HS-grad,9,Never-married,Farming-fishing,Own-child,Black,Male,0,0,30,United-States,0
47,Private,33865,Some-college,10,Divorced,Exec-managerial,Not-in-family,White,Female,0,0,48,United-States,0
23,Private,145651,Some-college,10,Never-married,Sales,Own-child,Black,Female,0,0,20,United-States,0
25,Self-emp-not-inc,159909,Assoc-voc,11,Married-civ-spouse,Farming-fishing,Husband,White,Male,0,0,40,United-States,0
30,Private,205950,Some-college,10,Married-civ-spouse,Machine-op-inspct,Husband,White,Male,0,0,40,United-States,1
18,Private,283342,11th,7,Never-married,Other-service,Other-relative,Black,Male,0,0,20,United-States,0
27,State-gov,206889,Assoc-acdm,12,Never-married,Protective-serv,Not-in-family,White,Male,0,0,40,United-States,0
22,Private,120518,HS-grad,9,Widowed,Adm-clerical,Own-child,White,Female,0,0,40,United-States,0
56,Private,174533,Bachelors,13,Never-married,Exec-managerial,Not-in-family,White,Female,0,0,45,United-States,1
39,Private,258102,Some-college,10,Married-civ-spouse,Handlers-cleaners,Husband,White,Male,0,0,50,United-States,0
20,Private,362999,Some-college,10,Never-married,Adm-clerical,Own-child,White,Female,0,0,20,United-States,0
36,Private,112271,HS-grad,9,Married-civ-spouse,Transport-moving,Husband,White,Male,0,0,40,United-States,0
30,Private,178841,Bachelors,13,Never-married,Exec-managerial,Not-in-family,White,Female,0,0,40,United-States,0
37,Private,256723,Some-college,10,Divorced,Adm-clerical,Unmarried,Black,Female,0,0,35,United-States,0
42,Private,319588,Bachelors,13,Married-spouse-absent,Transport-moving,Not-in-family,White,Male,0,0,60,United-States,0
34,Self-emp-not-inc,306982,Bachelors,13,Married-civ-spouse,Sales,Husband,Asian-Pac-Islander,Male,0,0,60,South,0
76,Private,208843,7th-8th,4,Widowed,Protective-serv,Not-in-family,White,Male,0,0,30,United-States,0
33,Private,134886,HS-grad,9,Never-married,Sales,Own-child,White,Female,0,0,20,United-States,0
41,Private,49654,HS-grad,9,Divorced,Adm-clerical,Unmarried,White,Female,0,0,52,United-States,0
18,Private,110142,HS-grad,9,Never-married,Adm-clerical,Own-child,White,Female,0,0,30,United-States,0
43,Private,200835,HS-grad,9,Married-civ-spouse,Craft-repair,Husband,White,Male,0,0,40,United-States,0
23,Private,121471,Bachelors,13,Never-married,Adm-clerical,Not-in-family,White,Female,0,0,40,United-States,0
38,Private,183279,Some-college,10,Married-civ-spouse,Craft-repair,Husband,White,Male,0,0,43,United-States,0
44,Federal-gov,280362,Assoc-acdm,12,Married-civ-spouse,Craft-repair,Husband,White,Male,0,0,40,United-States,1
57,Private,265099,Prof-school,15,Married-civ-spouse,Prof-specialty,Husband,White,Male,0,0,60,United-States,0
53,Private,158352,5th-6th,3,Married-civ-spouse,Other-service,Other-relative,White,Female,0,0,24,Italy,0
22,Private,229456,Some-college,10,Never-married,Adm-clerical,Own-child,Black,Female,0,0,35,United-States,0
27,Local-gov,138917,Bachelors,13,Never-married,Prof-specialty,Not-in-family,White,Male,0,0,35,United-States,0
37,Local-gov,333664,Some-college,10,Separated,Adm-clerical,Not-in-family,White,Female,0,0,40,United-States,0
47,Self-emp-not-inc,131826,Some-college,10,Married-civ-spouse,Sales,Husband,White,Male,0,0,40,United-States,0
28,Private,535978,Some-college,10,Married-civ-spouse,Craft-repair,Husband,White,Male,0,0,40,United-States,1
17,Self-emp-inc,325171,10th,6,Never-married,Other-service,Own-child,Black,Male,0,0,35,United-States,0
61,Private,97128,Bachelors,13,Married-civ-spouse,Sales,Husband,White,Male,0,0,45,United-States,1
35,Private,222868,HS-grad,9,Married-civ-spouse,Adm-clerical,Husband,White,Male,0,0,40,United-States,0
27,Private,103164,11th,7,Married-civ-spouse,Craft-repair,Husband,White,Male,0,0,40,United-States,0
59,Private,196482,HS-grad,9,Widowed,Adm-clerical,Unmarried,White,Female,0,0,40,United-States,0
59,Private,193895,HS-grad,9,Divorced,Exec-managerial,Not-in-family,White,Female,0,0,40,United-States,0
45,Self-emp-inc,122206,Assoc-acdm,12,Married-civ-spouse,Exec-managerial,Husband,White,Male,0,0,50,United-States,1
45,Local-gov,331482,Assoc-acdm,12,Divorced,Tech-support,Own-child,White,Male,0,0,40,United-States,0
20,Private,125010,HS-grad,9,Never-married,Other-service,Own-child,White,Female,0,0,30,United-States,0
31,Private,203488,Bachelors,13,Married-civ-spouse,Adm-clerical,Husband,White,Male,7298,0,50,United-States,1
47,State-gov,55272,Some-college,10,Married-civ-spouse,Craft-repair,Husband,White,Male,0,0,40,United-States,1
20,Private,228649,HS-grad,9,Never-married,Other-service,Own-child,White,Male,0,0,40,United-States,0
25,Private,49092,Bachelors,13,Never-married,Other-service,Own-child,White,Male,0,0,40,United-States,0
44,Private,165492,Some-college,10,Married-civ-spouse,Sales,Husband,White,Male,0,0,40,United-States,1
35,Private,185556,Masters,14,Married-civ-spouse,Prof-specialty,Husband,White,Male,0,1887,40,United-States,1
54,Private,147863,Assoc-voc,11,Married-civ-spouse,Craft-repair,Husband,Asian-Pac-Islander,Male,5013,0,40,Vietnam,0
46,Private,128047,Some-college,10,Separated,Sales,Not-in-family,White,Male,0,0,42,United-States,0
24,Private,306460,HS-grad,9,Never-married,Farming-fishing,Unmarried,White,Male,0,0,40,United-States,0
29,Private,169683,Assoc-voc,11,Married-civ-spouse,Prof-specialty,Husband,White,Male,0,0,40,United-States,0
57,Private,426263,Masters,14,Divorced,Exec-managerial,Unmarried,White,Male,0,0,40,United-States,1
22,Private,336215,Assoc-acdm,12,Never-married,Adm-clerical,Not-in-family,White,Female,0,0,25,United-States,0
58,Private,97562,HS-grad,9,Married-civ-spouse,Sales,Wife,White,Female,0,0,38,United-States,0
27,Private,133937,Some-college,10,Never-married,Exec-managerial,Not-in-family,White,Male,0,0,45,United-States,0
48,Private,285335,11th,7,Married-civ-spouse,Exec-managerial,Husband,White,Male,0,0,50,United-States,0
31,Private,225507,Assoc-voc,11,Never-married,Other-service,Unmarried,White,Female,0,0,40,United-States,0
21,Private,238068,HS-grad,9,Married-civ-spouse,Machine-op-inspct,Husband,White,Male,0,0,40,United-States,0
55,Private,463072,Bachelors,13,Married-civ-spouse,Prof-specialty,Husband,White,Male,0,0,60,United-States,1
56,Self-emp-inc,205601,Doctorate,16,Married-civ-spouse,Prof-specialty,Husband,White,Male,99999,0,70,United-States,1
33,Private,117983,10th,6,Divorced,Other-service,Unmarried,White,Female,0,0,45,United-States,0
53,Private,68684,HS-grad,9,Married-civ-spouse,Transport-moving,Husband,White,Male,0,0,40,United-States,0
25,Local-gov,124483,Bachelors,13,Never-married,Adm-clerical,Not-in-family,Asian-Pac-Islander,Male,0,0,20,India,0
37,State-gov,173780,Some-college,10,Divorced,Prof-specialty,Unmarried,White,Female,0,0,30,United-States,0
38,Private,187069,HS-grad,9,Married-civ-spouse,Transport-moving,Husband,White,Male,0,0,45,United-States,0
51,Private,158508,Some-college,10,Divorced,Exec-managerial,Not-in-family,White,Female,0,0,36,United-States,0
34,Private,176648,HS-grad,9,Divorced,Adm-clerical,Not-in-family,Black,Male,0,0,42,United-States,0
26,Private,132572,Bachelors,13,Never-married,Adm-clerical,Own-child,Black,Female,0,0,40,United-States,0
80,Self-emp-not-inc,26865,7th-8th,4,Never-married,Farming-fishing,Unmarried,White,Male,0,0,20,United-States,0
52,Private,202071,HS-grad,9,Widowed,Craft-repair,Own-child,White,Female,0,0,40,United-States,0
45,Private,189890,Assoc-acdm,12,Divorced,Prof-specialty,Unmarried,White,Female,5455,0,38,United-States,0
38,Private,103925,HS-grad,9,Never-married,Adm-clerical,Unmarried,White,Female,0,0,35,United-States,0
23,Self-emp-not-inc,191283,HS-grad,9,Never-married,Transport-moving,Own-child,White,Male,0,0,40,United-States,0
31,Private,59496,Some-college,10,Married-civ-spouse,Adm-clerical,Husband,White,Male,0,0,50,United-States,0
27,Self-emp-not-inc,208577,HS-grad,9,Never-married,Craft-repair,Not-in-family,White,Male,0,2258,50,United-States,0
25,Private,132661,Assoc-voc,11,Never-married,Adm-clerical,Own-child,White,Female,0,0,60,United-States,0
32,Self-emp-not-inc,52647,10th,6,Married-civ-spouse,Exec-managerial,Husband,White,Male,0,0,45,United-States,0
22,Private,205839,Some-college,10,Never-married,Other-service,Not-in-family,White,Male,0,0,45,United-States,0
34,Private,300687,HS-grad,9,Married-civ-spouse,Craft-repair,Husband,Black,Male,0,0,40,United-States,0
23,Private,378460,Some-college,10,Never-married,Prof-specialty,Own-child,White,Male,0,0,20,United-States,0
20,Private,293297,Some-college,10,Never-married,Other-service,Own-child,White,Male,0,0,35,United-States,0
40,Self-emp-not-inc,175943,Assoc-voc,11,Married-civ-spouse,Prof-specialty,Wife,White,Female,0,1977,15,United-States,1
52,Private,104501,Some-college,10,Married-civ-spouse,Prof-specialty,Husband,White,Male,0,0,40,Germany,1
30,Private,236543,Some-college,10,Married-civ-spouse,Prof-specialty,Husband,White,Male,0,0,68,United-States,0
67,Self-emp-not-inc,195066,HS-grad,9,Married-civ-spouse,Farming-fishing,Husband,White,Male,0,0,50,United-States,0
40,Private,99604,Masters,14,Married-civ-spouse,Prof-specialty,Wife,White,Female,15024,0,24,United-States,1
41,Private,185660,HS-grad,9,Separated,Adm-clerical,Unmarried,White,Female,0,0,40,United-States,0
38,Private,210610,Assoc-acdm,12,Married-civ-spouse,Tech-support,Husband,White,Male,0,0,40,United-States,1
29,Local-gov,289991,Masters,14,Married-civ-spouse,Prof-specialty,Husband,White,Male,0,0,50,United-States,0
39,Private,80324,Some-college,10,Married-civ-spouse,Exec-managerial,Husband,White,Male,0,1977,62,United-States,1
54,Private,155408,HS-grad,9,Widowed,Handlers-cleaners,Unmarried,White,Female,0,0,40,United-States,0
30,Private,186420,Bachelors,13,Never-married,Tech-support,Not-in-family,White,Female,0,0,35,United-States,0
55,State-gov,136819,HS-grad,9,Married-civ-spouse,Protective-serv,Husband,White,Male,0,0,40,United-States,0
21,Private,221661,HS-grad,9,Never-married,Sales,Own-child,White,Female,0,0,35,United-States,0
32,Private,235862,Some-college,10,Divorced,Exec-managerial,Not-in-family,White,Female,0,0,45,United-States,0
45,Self-emp-not-inc,216402,Prof-school,15,Married-civ-spouse,Prof-specialty,Husband,Asian-Pac-Islander,Male,0,0,50,India,1
19,State-gov,354104,Some-college,10,Never-married,Prof-specialty,Own-child,White,Male,0,0,10,United-States,0
60,Private,123218,Some-college,10,Married-civ-spouse,Other-service,Husband,White,Male,0,0,40,United-States,0
58,Self-emp-inc,229498,Some-college,10,Widowed,Sales,Not-in-family,White,Female,0,0,20,United-States,1
58,Private,147989,HS-grad,9,Married-civ-spouse,Transport-moving,Husband,White,Male,0,0,40,United-States,1
39,Private,61178,Bachelors,13,Divorced,Adm-clerical,Unmarried,White,Male,0,0,40,United-States,0
25,Private,219130,Some-college,10,Never-married,Other-service,Not-in-family,Other,Female,0,0,40,United-States,0
38,Private,141550,10th,6,Divorced,Craft-repair,Not-in-family,White,Male,0,0,40,United-States,0
66,Private,313255,Some-college,10,Married-civ-spouse,Sales,Husband,White,Male,0,0,24,United-States,0
42,Private,185764,Some-college,10,Married-civ-spouse,Machine-op-inspct,Husband,White,Male,0,0,60,United-States,0
58,Private,117477,HS-grad,9,Divorced,Adm-clerical,Unmarried,Black,Female,0,0,36,United-States,0
36,Self-emp-not-inc,37778,Masters,14,Married-civ-spouse,Farming-fishing,Husband,White,Male,0,0,70,United-States,0
45,Private,246431,Bachelors,13,Never-married,Prof-specialty,Not-in-family,White,Male,0,0,30,United-States,0
50,Local-gov,199995,Bachelors,13,Divorced,Protective-serv,Not-in-family,White,Male,0,0,40,United-States,1
41,Private,170331,Bachelors,13,Married-civ-spouse,Prof-specialty,Husband,White,Male,0,0,60,United-States,0
26,Local-gov,159662,10th,6,Married-civ-spouse,Other-service,Husband,White,Male,0,0,40,United-States,0
20,Private,163665,Some-college,10,Never-married,Transport-moving,Own-child,White,Female,0,0,17,United-States,0
65,Private,350498,Bachelors,13,Married-civ-spouse,Adm-clerical,Husband,White,Male,10605,0,20,United-States,1
52,Self-emp-not-inc,209642,HS-grad,9,Married-civ-spouse,Exec-managerial,Husband,White,Male,0,0,45,United-States,1
23,Private,376416,Bachelors,13,Never-married,Adm-clerical,Not-in-family,White,Male,0,0,40,United-States,0
52,Self-emp-not-inc,195462,HS-grad,9,Married-civ-spouse,Farming-fishing,Husband,White,Male,0,0,98,United-States,1
19,Private,108147,Some-college,10,Never-married,Adm-clerical,Own-child,White,Female,0,0,15,United-States,0
63,Self-emp-not-inc,795830,1st-4th,2,Widowed,Other-service,Unmarried,White,Female,0,0,30,El-Salvador,0
52,State-gov,149650,Doctorate,16,Married-civ-spouse,Prof-specialty,Husband,White,Male,0,0,40,Iran,1
37,Self-emp-not-inc,353298,HS-grad,9,Married-civ-spouse,Sales,Husband,White,Male,99999,0,50,United-States,1
47,Private,155664,Masters,14,Married-civ-spouse,Exec-managerial,Husband,White,Male,99999,0,55,United-States,1
22,Private,496025,Some-college,10,Married-civ-spouse,Machine-op-inspct,Husband,White,Male,0,0,40,Mexico,0
34,Private,238246,Bachelors,13,Never-married,Prof-specialty,Not-in-family,White,Female,0,0,40,United-States,0
59,Private,212783,HS-grad,9,Divorced,Other-service,Not-in-family,White,Female,0,0,38,United-States,0
64,Federal-gov,301383,Assoc-acdm,12,Married-civ-spouse,Exec-managerial,Husband,White,Male,9386,0,45,United-States,1
35,Private,114765,Bachelors,13,Divorced,Sales,Not-in-family,White,Female,0,0,40,United-States,0
23,Private,115326,Some-college,10,Never-married,Sales,Own-child,White,Female,0,0,20,United-States,0
71,Private,78277,HS-grad,9,Married-civ-spouse,Craft-repair,Husband,White,Male,0,0,15,United-States,0
29,Self-emp-inc,130856,HS-grad,9,Married-civ-spouse,Exec-managerial,Husband,White,Male,0,0,45,United-States,0
46,Private,130364,HS-grad,9,Never-married,Craft-repair,Unmarried,White,Male,0,0,40,United-States,0
60,Self-emp-inc,123218,Some-college,10,Married-civ-spouse,Exec-managerial,Husband,White,Male,0,0,40,United-States,0
23,Private,315877,Bachelors,13,Never-married,Adm-clerical,Not-in-family,White,Male,0,0,30,United-States,0
54,Private,98436,Masters,14,Married-civ-spouse,Other-service,Husband,White,Male,0,0,40,United-States,0
34,Self-emp-not-inc,254304,HS-grad,9,Married-civ-spouse,Farming-fishing,Husband,White,Male,4508,0,90,United-States,0
29,Private,206351,Bachelors,13,Never-married,Prof-specialty,Not-in-family,White,Male,0,0,40,United-States,0
61,Local-gov,115023,HS-grad,9,Married-civ-spouse,Other-service,Husband,White,Male,0,0,40,United-States,0
41,Private,222596,Bachelors,13,Married-civ-spouse,Sales,Husband,White,Male,15024,0,45,United-States,1
42,Private,42346,HS-grad,9,Widowed,Exec-managerial,Not-in-family,Black,Female,0,0,35,United-States,0
30,Self-emp-inc,292465,Bachelors,13,Never-married,Exec-managerial,Not-in-family,White,Male,0,0,40,United-States,0
29,Private,34796,HS-grad,9,Never-married,Exec-managerial,Not-in-family,White,Male,0,0,40,United-States,0
24,Self-emp-inc,142404,Bachelors,13,Married-civ-spouse,Exec-managerial,Husband,White,Male,0,0,40,United-States,1
39,Self-emp-not-inc,363418,Bachelors,13,Separated,Craft-repair,Own-child,White,Male,0,0,35,United-States,0
39,Private,288551,HS-grad,9,Married-civ-spouse,Craft-repair,Husband,Black,Male,0,0,40,United-States,0
47,Private,24723,10th,6,Divorced,Exec-managerial,Not-in-family,Amer-Indian-Eskimo,Female,0,0,45,United-States,0
28,Private,269786,HS-grad,9,Married-civ-spouse,Transport-moving,Husband,White,Male,0,0,40,United-States,0
41,Private,208470,HS-grad,9,Married-civ-spouse,Exec-managerial,Husband,White,Male,0,0,40,United-States,1
48,Private,188432,HS-grad,9,Married-civ-spouse,Machine-op-inspct,Husband,White,Male,3103,0,46,United-States,1
47,Private,284871,Bachelors,13,Married-civ-spouse,Exec-managerial,Husband,White,Male,0,1887,40,United-States,1
29,Local-gov,152461,Bachelors,13,Never-married,Tech-support,Not-in-family,White,Female,0,0,42,United-States,0
25,Private,175128,HS-grad,9,Married-civ-spouse,Transport-moving,Husband,White,Male,0,0,40,United-States,0
32,Local-gov,255004,Some-college,10,Never-married,Craft-repair,Not-in-family,White,Male,0,0,40,United-States,0
37,Private,67125,HS-grad,9,Divorced,Sales,Not-in-family,White,Male,0,0,60,United-States,0
17,Private,24090,HS-grad,9,Never-married,Exec-managerial,Own-child,White,Female,0,0,35,United-States,0
23,Private,228230,Some-college,10,Married-civ-spouse,Sales,Wife,White,Female,0,0,47,United-States,0
35,Private,30529,HS-grad,9,Married-civ-spouse,Handlers-cleaners,Husband,White,Male,0,0,40,United-States,0
34,Private,27409,9th,5,Married-civ-spouse,Craft-repair,Husband,White,Male,0,0,50,United-States,0
55,Self-emp-not-inc,170350,HS-grad,9,Divorced,Other-service,Other-relative,White,Female,0,0,40,United-States,0
19,Private,574271,HS-grad,9,Never-married,Handlers-cleaners,Own-child,White,Male,0,0,28,United-States,0
39,Private,293291,HS-grad,9,Married-civ-spouse,Machine-op-inspct,Husband,White,Male,0,0,50,United-States,1
21,Private,89991,Some-college,10,Never-married,Adm-clerical,Own-child,White,Female,0,0,40,United-States,0
62,Private,210935,HS-grad,9,Married-civ-spouse,Other-service,Husband,White,Male,0,0,20,United-States,0
43,Private,174295,Masters,14,Married-civ-spouse,Prof-specialty,Husband,White,Male,0,0,55,United-States,0
32,Private,190784,Some-college,10,Divorced,Machine-op-inspct,Unmarried,Amer-Indian-Eskimo,Male,0,0,40,United-States,0
36,Private,192939,Masters,14,Married-civ-spouse,Prof-specialty,Husband,White,Male,0,1977,60,United-States,1
26,Private,104045,Bachelors,13,Never-married,Exec-managerial,Not-in-family,White,Female,0,0,40,United-States,0
37,Private,219141,11th,7,Married-civ-spouse,Handlers-cleaners,Husband,Black,Male,7688,0,40,United-States,1
57,Private,353881,HS-grad,9,Divorced,Transport-moving,Not-in-family,White,Male,0,0,45,United-States,0
47,Private,276087,Assoc-voc,11,Married-civ-spouse,Other-service,Husband,White,Male,0,0,26,United-States,0
48,State-gov,130561,Some-college,10,Never-married,Prof-specialty,Not-in-family,Black,Female,0,0,24,United-States,0
27,Private,153078,Prof-school,15,Never-married,Prof-specialty,Own-child,Asian-Pac-Islander,Male,0,0,40,United-States,0
48,Private,318331,HS-grad,9,Never-married,Sales,Own-child,White,Male,0,0,40,United-States,0
24,Private,109869,Some-college,10,Never-married,Other-service,Own-child,White,Male,0,0,40,United-States,0
31,Self-emp-not-inc,234537,Some-college,10,Married-civ-spouse,Craft-repair,Husband,White,Male,0,0,60,United-States,0
21,Private,133471,Some-college,10,Never-married,Exec-managerial,Own-child,White,Male,0,0,40,United-States,0
46,Private,28334,HS-grad,9,Married-civ-spouse,Transport-moving,Husband,White,Male,0,0,40,United-States,0
28,Private,38309,Assoc-voc,11,Married-civ-spouse,Adm-clerical,Husband,White,Male,2407,0,40,United-States,0
40,Local-gov,180123,HS-grad,9,Married-spouse-absent,Farming-fishing,Own-child,Black,Male,0,0,40,United-States,0
25,Private,182227,Some-college,10,Never-married,Adm-clerical,Not-in-family,White,Male,0,0,30,United-States,0
40,State-gov,150533,Bachelors,13,Married-civ-spouse,Prof-specialty,Other-relative,White,Male,0,0,40,United-States,0
38,Private,342448,Some-college,10,Married-civ-spouse,Exec-managerial,Husband,White,Male,0,0,55,United-States,1
33,State-gov,208785,Some-college,10,Separated,Prof-specialty,Not-in-family,White,Male,10520,0,40,United-States,1
34,Private,105493,Masters,14,Divorced,Prof-specialty,Unmarried,White,Female,0,0,40,United-States,0
36,Private,177616,5th-6th,3,Separated,Machine-op-inspct,Not-in-family,White,Female,0,0,40,United-States,0
48,Private,155659,Assoc-voc,11,Married-civ-spouse,Craft-repair,Husband,White,Male,7688,0,40,United-States,1
27,Private,660870,Bachelors,13,Never-married,Prof-specialty,Not-in-family,White,Female,0,0,60,United-States,0
46,Private,96080,9th,5,Separated,Craft-repair,Unmarried,White,Female,0,0,40,United-States,0
33,Self-emp-not-inc,93930,HS-grad,9,Married-civ-spouse,Exec-managerial,Husband,White,Male,0,0,40,United-States,0
31,Private,184306,Assoc-voc,11,Never-married,Transport-moving,Own-child,White,Male,0,1980,60,United-States,0
54,Federal-gov,114674,Some-college,10,Married-civ-spouse,Exec-managerial,Husband,White,Male,0,0,40,United-States,1
60,Self-emp-inc,142494,10th,6,Married-civ-spouse,Craft-repair,Husband,White,Male,0,0,40,United-States,0
36,Private,544686,HS-grad,9,Never-married,Adm-clerical,Other-relative,White,Female,2907,0,40,Nicaragua,0
63,Private,34098,10th,6,Widowed,Farming-fishing,Unmarried,White,Female,0,0,56,United-States,0
49,Private,99361,Prof-school,15,Married-civ-spouse,Prof-specialty,Husband,White,Male,0,0,45,United-States,0
19,Private,197748,11th,7,Divorced,Sales,Unmarried,White,Female,0,0,20,United-States,0
33,Self-emp-not-inc,218164,HS-grad,9,Married-civ-spouse,Craft-repair,Husband,White,Male,0,0,40,United-States,0
24,Private,88095,Some-college,10,Never-married,Machine-op-inspct,Not-in-family,White,Female,0,0,24,Mexico,0
37,Private,249208,Assoc-voc,11,Married-civ-spouse,Prof-specialty,Husband,White,Male,0,0,48,United-States,1
28,Local-gov,185647,Some-college,10,Married-civ-spouse,Protective-serv,Husband,White,Male,0,0,48,United-States,0
38,Private,326886,Assoc-voc,11,Married-civ-spouse,Exec-managerial,Husband,White,Male,0,0,45,United-States,1
43,Private,94113,Some-college,10,Divorced,Exec-managerial,Not-in-family,White,Male,0,0,45,United-States,0
40,Local-gov,147372,Some-college,10,Never-married,Protective-serv,Not-in-family,White,Male,0,2444,40,United-States,1
48,State-gov,122066,HS-grad,9,Married-civ-spouse,Adm-clerical,Husband,White,Male,0,0,35,United-States,1
26,Private,33610,HS-grad,9,Never-married,Craft-repair,Other-relative,White,Male,0,0,60,United-States,0
21,Private,126613,HS-grad,9,Never-married,Sales,Not-in-family,White,Female,0,0,40,United-States,0
38,Private,60135,HS-grad,9,Never-married,Transport-moving,Not-in-family,White,Female,0,0,40,United-States,0
34,Private,69491,HS-grad,9,Married-civ-spouse,Other-service,Husband,White,Male,0,0,40,United-States,0
25,Private,521400,5th-6th,3,Never-married,Machine-op-inspct,Other-relative,White,Male,0,0,40,Mexico,0
27,Local-gov,206125,10th,6,Married-civ-spouse,Craft-repair,Husband,White,Male,0,0,60,United-States,0
56,Private,121362,Bachelors,13,Divorced,Other-service,Not-in-family,White,Female,0,0,32,United-States,0
32,Private,194426,Bachelors,13,Married-civ-spouse,Tech-support,Husband,White,Male,15024,0,40,United-States,1
41,Private,165798,5th-6th,3,Divorced,Other-service,Unmarried,White,Female,0,0,40,Puerto-Rico,0
49,Private,233639,11th,7,Married-civ-spouse,Other-service,Husband,White,Male,0,0,50,United-States,0
31,Local-gov,50442,Some-college,10,Never-married,Exec-managerial,Own-child,Amer-Indian-Eskimo,Female,0,0,32,United-States,0
17,Private,25051,10th,6,Never-married,Other-service,Own-child,White,Male,0,0,16,United-States,0
20,Private,211345,Some-college,10,Never-married,Handlers-cleaners,Own-child,White,Female,0,0,20,United-States,0
36,Local-gov,130620,HS-grad,9,Married-civ-spouse,Adm-clerical,Wife,Asian-Pac-Islander,Female,0,0,40,China,1
40,Private,116103,Some-college,10,Separated,Craft-repair,Unmarried,White,Male,4934,0,47,United-States,1
61,Private,160062,HS-grad,9,Married-civ-spouse,Adm-clerical,Husband,White,Male,0,0,40,United-States,0
61,Private,56009,Some-college,10,Married-civ-spouse,Sales,Husband,White,Male,0,0,40,United-States,0
32,Private,286689,Assoc-acdm,12,Married-civ-spouse,Tech-support,Husband,White,Male,0,0,42,United-States,1
39,Private,141584,Masters,14,Never-married,Sales,Not-in-family,White,Male,0,2444,45,United-States,1
43,Self-emp-not-inc,35236,Some-college,10,Married-civ-spouse,Farming-fishing,Husband,White,Male,0,0,84,United-States,0
33,Private,117963,Bachelors,13,Married-civ-spouse,Exec-managerial,Husband,White,Male,0,0,40,United-States,1
29,Private,239632,HS-grad,9,Never-married,Adm-clerical,Not-in-family,White,Female,0,0,40,United-States,0
22,Private,199419,HS-grad,9,Married-civ-spouse,Sales,Wife,White,Female,0,0,40,United-States,0
27,Private,60374,HS-grad,9,Widowed,Craft-repair,Unmarried,White,Female,0,1594,26,United-States,0
50,Private,102346,Bachelors,13,Married-civ-spouse,Exec-managerial,Wife,White,Female,0,2415,20,United-States,1
49,Private,24712,Bachelors,13,Never-married,Other-service,Not-in-family,Asian-Pac-Islander,Female,0,0,35,Philippines,0
47,Self-emp-inc,173783,Bachelors,13,Married-civ-spouse,Sales,Husband,White,Male,15024,0,60,United-States,1
25,Private,91334,Assoc-voc,11,Married-civ-spouse,Exec-managerial,Husband,White,Male,0,0,75,United-States,0
65,Private,192133,HS-grad,9,Married-civ-spouse,Craft-repair,Husband,White,Male,2290,0,40,Greece,0
31,Self-emp-not-inc,340939,Bachelors,13,Never-married,Tech-support,Not-in-family,White,Male,0,0,40,United-States,0
26,Private,318934,10th,6,Married-civ-spouse,Handlers-cleaners,Husband,White,Male,0,0,40,United-States,0
41,Private,118853,Some-college,10,Married-civ-spouse,Sales,Husband,White,Male,0,0,40,United-States,0
42,Private,152568,HS-grad,9,Widowed,Sales,Unmarried,Amer-Indian-Eskimo,Female,0,0,40,United-States,0
20,Private,174391,HS-grad,9,Never-married,Handlers-cleaners,Own-child,White,Female,0,0,40,United-States,0
55,Private,143266,Assoc-voc,11,Married-civ-spouse,Craft-repair,Husband,White,Male,0,0,50,Hungary,1
31,Private,173350,HS-grad,9,Never-married,Other-service,Not-in-family,White,Female,0,0,30,United-States,0
26,Private,137678,HS-grad,9,Never-married,Other-service,Not-in-family,White,Male,0,0,40,United-States,0
40,Self-emp-inc,137367,Some-college,10,Married-civ-spouse,Exec-managerial,Husband,Asian-Pac-Islander,Male,0,0,50,China,0
61,Private,149405,HS-grad,9,Married-civ-spouse,Other-service,Husband,Black,Male,0,0,40,United-States,0
20,Private,247115,Some-college,10,Never-married,Adm-clerical,Unmarried,Black,Female,0,0,35,United-States,0
47,Local-gov,219632,Assoc-acdm,12,Separated,Exec-managerial,Not-in-family,White,Male,0,1408,40,United-States,0
27,Private,247819,Some-college,10,Never-married,Adm-clerical,Not-in-family,White,Female,0,0,15,United-States,0
30,Private,247156,HS-grad,9,Never-married,Transport-moving,Own-child,Black,Male,0,0,40,United-States,0
27,Private,104423,Assoc-acdm,12,Never-married,Adm-clerical,Not-in-family,White,Male,0,0,40,United-States,0
28,Private,36601,Some-college,10,Never-married,Other-service,Unmarried,White,Female,0,0,35,United-States,0
40,Private,510072,Bachelors,13,Married-civ-spouse,Sales,Husband,White,Male,0,0,55,United-States,1
28,Private,137898,HS-grad,9,Married-civ-spouse,Machine-op-inspct,Wife,White,Female,0,0,40,United-States,0
24,Private,382146,Some-college,10,Never-married,Prof-specialty,Not-in-family,Black,Male,0,0,40,United-States,0
41,Private,237452,Bachelors,13,Married-civ-spouse,Prof-specialty,Wife,White,Female,0,0,15,Cuba,1
33,Local-gov,262042,HS-grad,9,Divorced,Adm-clerical,Own-child,White,Female,0,1138,40,United-States,0
58,State-gov,198145,Bachelors,13,Married-civ-spouse,Adm-clerical,Husband,White,Male,0,0,35,United-States,1
40,Local-gov,105862,Bachelors,13,Divorced,Prof-specialty,Unmarried,White,Female,5455,0,40,United-States,0
43,Private,233130,HS-grad,9,Divorced,Sales,Not-in-family,White,Male,0,0,20,United-States,0
41,Self-emp-not-inc,344329,HS-grad,9,Married-civ-spouse,Other-service,Husband,White,Male,0,0,10,United-States,0
50,State-gov,54709,HS-grad,9,Divorced,Adm-clerical,Unmarried,White,Female,0,0,46,United-States,0
41,Private,103980,Some-college,10,Married-civ-spouse,Prof-specialty,Husband,White,Male,0,0,52,United-States,0
60,Private,121127,10th,6,Widowed,Sales,Not-in-family,White,Female,0,0,40,United-States,0
35,Private,84787,Bachelors,13,Married-civ-spouse,Other-service,Husband,White,Male,0,0,40,United-States,0
28,Private,88419,HS-grad,9,Never-married,Exec-managerial,Not-in-family,Asian-Pac-Islander,Female,0,0,40,England,0
27,Private,228476,Bachelors,13,Married-civ-spouse,Sales,Husband,White,Male,0,0,50,United-States,1
47,Private,274720,5th-6th,3,Married-civ-spouse,Other-service,Husband,Black,Male,0,0,40,Jamaica,0
52,Private,169549,Some-college,10,Divorced,Exec-managerial,Unmarried,White,Female,0,0,40,United-States,0
26,Local-gov,202286,Bachelors,13,Never-married,Tech-support,Own-child,White,Male,0,0,40,United-States,0
40,Private,174515,HS-grad,9,Widowed,Machine-op-inspct,Unmarried,White,Female,0,0,40,United-States,0
39,Private,185520,Some-college,10,Divorced,Exec-managerial,Not-in-family,White,Female,8614,0,40,United-States,1
27,Private,136094,HS-grad,9,Never-married,Handlers-cleaners,Own-child,White,Male,0,0,40,United-States,0
32,Private,170154,Assoc-acdm,12,Separated,Exec-managerial,Unmarried,White,Female,25236,0,50,United-States,1
46,Private,174209,HS-grad,9,Divorced,Exec-managerial,Not-in-family,White,Male,0,0,45,United-States,0
50,Private,94885,Bachelors,13,Divorced,Prof-specialty,Not-in-family,White,Male,0,0,45,United-States,1
45,Self-emp-not-inc,341117,Some-college,10,Divorced,Prof-specialty,Not-in-family,White,Female,0,0,50,United-States,0
21,Private,34816,Assoc-voc,11,Married-civ-spouse,Adm-clerical,Wife,White,Female,0,0,12,United-States,0
24,Private,203518,Bachelors,13,Never-married,Prof-specialty,Not-in-family,White,Female,0,0,40,United-States,0
38,Private,114079,HS-grad,9,Married-civ-spouse,Sales,Husband,White,Male,0,0,44,United-States,0
51,Private,183709,Assoc-voc,11,Separated,Prof-specialty,Unmarried,White,Female,0,0,40,United-States,0
46,Private,237731,Assoc-voc,11,Married-civ-spouse,Adm-clerical,Husband,White,Male,0,0,40,United-States,0
51,Private,102615,Masters,14,Married-civ-spouse,Protective-serv,Husband,White,Male,0,1977,40,United-States,1
54,Local-gov,137678,Some-college,10,Divorced,Adm-clerical,Unmarried,White,Female,0,0,40,United-States,0
36,Local-gov,52532,Doctorate,16,Married-civ-spouse,Prof-specialty,Husband,White,Male,0,1887,50,United-States,1
38,Private,278924,Some-college,10,Divorced,Craft-repair,Not-in-family,White,Male,0,0,44,United-States,0
23,Self-emp-not-inc,289116,HS-grad,9,Divorced,Other-service,Unmarried,White,Female,0,0,50,United-States,0
22,Private,71469,Assoc-acdm,12,Never-married,Sales,Own-child,White,Female,0,0,25,United-States,0
19,Private,195985,HS-grad,9,Never-married,Other-service,Not-in-family,White,Female,0,0,40,United-States,0
40,Private,197344,Bachelors,13,Married-civ-spouse,Exec-managerial,Husband,White,Male,0,0,65,United-States,1
44,Private,174283,HS-grad,9,Married-civ-spouse,Craft-repair,Husband,White,Male,0,0,40,United-States,1
21,Private,197200,Some-college,10,Never-married,Machine-op-inspct,Own-child,White,Male,0,0,40,United-States,0
39,State-gov,235379,Assoc-acdm,12,Divorced,Prof-specialty,Not-in-family,White,Female,0,0,40,United-States,0
36,Private,272944,Assoc-voc,11,Married-civ-spouse,Exec-managerial,Husband,White,Male,0,0,60,United-States,1
22,Private,117606,Bachelors,13,Never-married,Adm-clerical,Own-child,White,Female,0,0,25,United-States,0
55,Self-emp-not-inc,349910,Assoc-acdm,12,Married-civ-spouse,Sales,Husband,White,Male,0,0,60,United-States,0
45,Private,190482,Assoc-voc,11,Married-civ-spouse,Craft-repair,Husband,White,Male,0,0,76,United-States,0
33,Private,229732,Bachelors,13,Never-married,Sales,Not-in-family,White,Male,0,0,45,United-States,1
52,Private,132973,HS-grad,9,Divorced,Adm-clerical,Unmarried,White,Female,0,0,38,United-States,0
31,Private,226443,Bachelors,13,Never-married,Prof-specialty,Not-in-family,White,Male,0,0,40,United-States,0
37,Private,78928,9th,5,Married-civ-spouse,Other-service,Husband,White,Male,3137,0,40,United-States,0
76,Private,70697,7th-8th,4,Widowed,Other-service,Not-in-family,White,Female,0,0,25,United-States,0
24,Private,216867,10th,6,Never-married,Other-service,Other-relative,White,Male,0,0,30,Mexico,0
50,State-gov,307392,Masters,14,Divorced,Prof-specialty,Unmarried,White,Female,0,0,40,United-States,0
42,Private,303155,Assoc-acdm,12,Divorced,Adm-clerical,Not-in-family,White,Male,0,0,40,United-States,0
30,Private,211840,Some-college,10,Separated,Sales,Unmarried,Black,Female,0,0,16,United-States,0
30,Private,19302,Some-college,10,Married-civ-spouse,Prof-specialty,Husband,White,Male,7688,0,40,United-States,1
64,Private,126233,HS-grad,9,Married-civ-spouse,Exec-managerial,Husband,White,Male,0,0,20,United-States,0
50,Private,123429,Some-college,10,Married-civ-spouse,Craft-repair,Husband,White,Male,0,0,40,United-States,1
35,Private,252897,Assoc-acdm,12,Never-married,Adm-clerical,Not-in-family,White,Female,14344,0,40,United-States,1
30,State-gov,193380,Bachelors,13,Never-married,Prof-specialty,Other-relative,White,Male,0,0,35,United-States,0
76,Self-emp-inc,120796,9th,5,Married-civ-spouse,Prof-specialty,Husband,White,Male,0,0,40,United-States,0
50,Private,146325,HS-grad,9,Married-civ-spouse,Craft-repair,Husband,White,Male,0,0,44,United-States,1
29,Private,150717,Assoc-voc,11,Never-married,Exec-managerial,Not-in-family,White,Male,0,0,40,United-States,0
35,Private,217605,HS-grad,9,Married-civ-spouse,Handlers-cleaners,Wife,White,Female,0,0,40,United-States,0
46,State-gov,353012,HS-grad,9,Married-civ-spouse,Transport-moving,Husband,White,Male,0,0,40,United-States,0
36,Private,109133,HS-grad,9,Married-civ-spouse,Craft-repair,Husband,White,Male,0,0,40,United-States,0
37,Private,202683,Some-college,10,Married-civ-spouse,Sales,Husband,White,Male,0,0,48,United-States,1
29,Private,163003,Bachelors,13,Never-married,Adm-clerical,Own-child,Asian-Pac-Islander,Female,2202,0,40,Taiwan,0
54,Private,271160,Assoc-voc,11,Widowed,Exec-managerial,Not-in-family,White,Female,0,0,40,United-States,0
45,Private,97176,11th,7,Divorced,Adm-clerical,Unmarried,White,Female,0,0,16,United-States,0
25,Private,130397,10th,6,Never-married,Farming-fishing,Unmarried,Amer-Indian-Eskimo,Male,0,0,40,United-States,0
30,Private,57651,HS-grad,9,Never-married,Adm-clerical,Unmarried,White,Male,0,2001,42,United-States,0
65,Local-gov,254413,Some-college,10,Divorced,Exec-managerial,Not-in-family,White,Female,0,0,40,United-States,0
28,Private,302406,Prof-school,15,Never-married,Prof-specialty,Not-in-family,White,Male,0,0,60,United-States,0
52,Private,170562,HS-grad,9,Married-civ-spouse,Exec-managerial,Husband,White,Male,0,0,60,United-States,1
49,Local-gov,79019,Masters,14,Widowed,Prof-specialty,Unmarried,White,Female,0,0,16,United-States,0
28,Private,124680,Bachelors,13,Never-married,Exec-managerial,Not-in-family,White,Female,6849,0,60,United-States,0
34,Private,212781,Bachelors,13,Married-civ-spouse,Exec-managerial,Husband,White,Male,0,0,40,United-States,1
43,Private,188436,Assoc-voc,11,Divorced,Prof-specialty,Not-in-family,White,Male,0,0,48,United-States,0
62,Local-gov,164518,HS-grad,9,Widowed,Adm-clerical,Not-in-family,White,Female,0,0,38,United-States,0
47,Private,323798,Prof-school,15,Married-civ-spouse,Prof-specialty,Husband,White,Male,15024,0,55,United-States,1
31,Federal-gov,484669,Some-college,10,Never-married,Tech-support,Not-in-family,White,Male,0,0,40,United-States,0
39,Private,245053,Bachelors,13,Married-civ-spouse,Prof-specialty,Husband,White,Male,0,0,50,United-States,1
26,Private,410240,11th,7,Never-married,Craft-repair,Not-in-family,White,Male,0,0,40,United-States,0
61,Self-emp-inc,119986,Bachelors,13,Married-civ-spouse,Sales,Husband,White,Male,0,0,50,United-States,0
19,Private,262515,11th,7,Never-married,Other-service,Other-relative,White,Male,0,0,20,United-States,0
18,Private,469921,Some-college,10,Never-married,Prof-specialty,Own-child,White,Female,0,0,40,United-States,0
41,Private,204682,HS-grad,9,Divorced,Craft-repair,Unmarried,White,Male,2174,0,40,Japan,0
22,Private,180449,Some-college,10,Married-civ-spouse,Handlers-cleaners,Husband,White,Male,0,0,28,United-States,0
46,Self-emp-not-inc,103538,Prof-school,15,Married-civ-spouse,Prof-specialty,Husband,White,Male,0,0,65,United-States,1
33,Self-emp-inc,40444,Some-college,10,Married-civ-spouse,Exec-managerial,Husband,White,Male,0,0,40,United-States,0
23,Self-emp-not-inc,208503,Some-college,10,Divorced,Adm-clerical,Own-child,White,Male,0,0,40,United-States,0
24,State-gov,123160,Masters,14,Married-spouse-absent,Prof-specialty,Not-in-family,Asian-Pac-Islander,Female,0,0,10,China,0
60,Private,82388,Some-college,10,Married-civ-spouse,Protective-serv,Husband,White,Male,0,0,38,United-States,0
46,Self-emp-inc,170850,HS-grad,9,Married-civ-spouse,Sales,Husband,White,Male,0,0,50,United-States,1
45,Self-emp-inc,145290,HS-grad,9,Married-civ-spouse,Other-service,Husband,White,Male,0,0,40,United-States,1
48,Private,207982,Some-college,10,Never-married,Other-service,Unmarried,Black,Female,0,0,40,United-States,0
43,Private,156771,10th,6,Married-civ-spouse,Adm-clerical,Husband,White,Male,0,0,40,United-States,0
32,Self-emp-inc,281030,HS-grad,9,Never-married,Craft-repair,Not-in-family,White,Male,0,0,40,United-States,0
38,Private,170174,10th,6,Married-civ-spouse,Machine-op-inspct,Husband,White,Male,0,0,40,United-States,1
59,Local-gov,62020,HS-grad,9,Widowed,Craft-repair,Not-in-family,Black,Male,0,0,40,United-States,0
46,Private,117502,HS-grad,9,Married-civ-spouse,Adm-clerical,Wife,White,Female,0,0,40,United-States,0
30,Private,159888,Bachelors,13,Never-married,Sales,Not-in-family,White,Male,0,0,60,United-States,1
48,Private,176810,HS-grad,9,Married-civ-spouse,Other-service,Husband,White,Male,0,0,40,United-States,0
33,Private,142383,Assoc-acdm,12,Never-married,Sales,Not-in-family,Other,Male,0,0,36,United-States,0
58,Local-gov,318537,12th,8,Married-civ-spouse,Farming-fishing,Husband,White,Male,0,0,40,United-States,0
56,Private,266091,Bachelors,13,Never-married,Prof-specialty,Not-in-family,White,Female,0,0,45,Mexico,0
30,Private,145714,Assoc-voc,11,Never-married,Prof-specialty,Not-in-family,White,Male,0,0,40,United-States,0
57,Federal-gov,425161,Masters,14,Married-civ-spouse,Sales,Husband,White,Male,15024,0,40,United-States,1
31,State-gov,557853,Bachelors,13,Never-married,Adm-clerical,Not-in-family,White,Male,0,0,47,United-States,0
57,Private,372967,10th,6,Divorced,Adm-clerical,Other-relative,White,Female,0,0,70,Germany,0
44,Private,196545,Bachelors,13,Married-civ-spouse,Craft-repair,Husband,White,Male,7298,0,40,United-States,1
23,Private,146499,HS-grad,9,Separated,Machine-op-inspct,Unmarried,White,Female,0,0,48,United-States,0
52,Private,198824,Assoc-voc,11,Separated,Other-service,Unmarried,White,Female,0,0,35,United-States,0
56,Self-emp-not-inc,66356,Some-college,10,Married-civ-spouse,Farming-fishing,Husband,White,Male,0,0,50,United-States,0
35,Private,183892,10th,6,Married-civ-spouse,Craft-repair,Husband,White,Male,0,0,40,United-States,0
42,Private,313945,Masters,14,Married-civ-spouse,Sales,Husband,White,Male,0,0,40,Ecuador,0
42,Private,248094,HS-grad,9,Married-civ-spouse,Transport-moving,Husband,White,Male,0,1740,43,United-States,0
40,Private,168538,HS-grad,9,Married-civ-spouse,Sales,Husband,White,Male,0,0,60,United-States,1
22,Private,242912,HS-grad,9,Never-married,Other-service,Unmarried,White,Female,0,0,35,United-States,0
28,Private,192384,Bachelors,13,Married-civ-spouse,Sales,Husband,White,Male,0,0,40,United-States,1
47,Private,192835,HS-grad,9,Married-civ-spouse,Adm-clerical,Husband,White,Male,0,0,50,United-States,1
38,Private,105017,HS-grad,9,Divorced,Craft-repair,Unmarried,White,Male,0,0,40,United-States,0
55,Private,171015,Some-college,10,Never-married,Adm-clerical,Own-child,White,Female,0,0,36,United-States,0
24,Private,169532,Assoc-acdm,12,Never-married,Adm-clerical,Own-child,White,Female,0,0,15,United-States,0
36,Private,179358,HS-grad,9,Widowed,Handlers-cleaners,Unmarried,White,Female,0,0,30,United-States,0
37,Private,116358,HS-grad,9,Never-married,Craft-repair,Other-relative,Amer-Indian-Eskimo,Male,27828,0,48,United-States,1
71,Self-emp-inc,133821,HS-grad,9,Married-civ-spouse,Adm-clerical,Wife,White,Female,0,0,20,United-States,1
42,Private,192381,HS-grad,9,Married-civ-spouse,Craft-repair,Husband,White,Male,0,0,40,United-States,1
22,Federal-gov,57216,Some-college,10,Never-married,Adm-clerical,Own-child,Black,Male,0,0,20,United-States,0
42,Local-gov,222596,HS-grad,9,Married-civ-spouse,Craft-repair,Husband,White,Male,0,0,40,United-States,1
45,Private,297884,Bachelors,13,Divorced,Exec-managerial,Not-in-family,White,Male,0,0,40,United-States,1
50,Private,38310,7th-8th,4,Divorced,Other-service,Other-relative,White,Female,0,0,40,United-States,0
39,Private,108140,Masters,14,Married-civ-spouse,Exec-managerial,Husband,White,Male,0,0,50,United-States,1
25,Private,120238,Bachelors,13,Never-married,Exec-managerial,Not-in-family,White,Male,0,0,40,United-States,0
44,Private,177083,HS-grad,9,Divorced,Adm-clerical,Not-in-family,White,Female,0,0,40,United-States,0
26,State-gov,58039,Some-college,10,Married-civ-spouse,Other-service,Husband,White,Male,0,0,40,United-States,0
66,Private,169804,Bachelors,13,Married-civ-spouse,Sales,Husband,White,Male,20051,0,40,United-States,1
32,State-gov,171111,Bachelors,13,Never-married,Adm-clerical,Not-in-family,White,Male,0,0,37,United-States,0
20,Private,170038,HS-grad,9,Never-married,Sales,Not-in-family,White,Female,0,0,40,United-States,0
51,Private,174754,HS-grad,9,Never-married,Other-service,Not-in-family,Black,Female,0,0,38,United-States,0
42,Private,121055,Some-college,10,Never-married,Sales,Not-in-family,White,Male,0,0,45,United-States,0
29,Private,237865,Masters,14,Never-married,Transport-moving,Own-child,Black,Male,0,0,40,United-States,0
28,Private,139903,Bachelors,13,Never-married,Machine-op-inspct,Unmarried,Black,Female,0,0,40,United-States,0
32,Private,283268,10th,6,Separated,Other-service,Unmarried,White,Female,0,0,42,United-States,0
41,Federal-gov,355918,HS-grad,9,Married-civ-spouse,Tech-support,Husband,White,Male,0,0,40,United-States,1
31,Private,257644,HS-grad,9,Never-married,Prof-specialty,Not-in-family,White,Male,0,0,43,United-States,0
36,Self-emp-not-inc,34180,HS-grad,9,Never-married,Farming-fishing,Not-in-family,White,Male,0,0,70,United-States,1
51,Private,44000,Masters,14,Married-civ-spouse,Prof-specialty,Wife,White,Female,99999,0,50,United-States,1
45,Private,288437,HS-grad,9,Married-civ-spouse,Transport-moving,Husband,Other,Male,4064,0,40,United-States,0
63,Self-emp-not-inc,147140,7th-8th,4,Married-civ-spouse,Farming-fishing,Husband,White,Male,0,0,60,United-States,1
50,Private,166565,HS-grad,9,Married-civ-spouse,Machine-op-inspct,Husband,White,Male,0,0,50,United-States,0
46,Local-gov,354962,HS-grad,9,Married-civ-spouse,Machine-op-inspct,Husband,Black,Male,0,0,40,United-States,0
21,State-gov,196827,Assoc-acdm,12,Never-married,Tech-support,Own-child,White,Male,0,0,10,United-States,0
23,Private,147253,Assoc-acdm,12,Never-married,Sales,Not-in-family,White,Male,0,0,40,United-States,0
38,Private,83727,HS-grad,9,Divorced,Other-service,Unmarried,White,Female,0,0,48,United-States,0
37,Self-emp-not-inc,36989,Some-college,10,Married-civ-spouse,Farming-fishing,Husband,White,Male,0,0,40,United-States,0
42,Private,190543,Some-college,10,Married-civ-spouse,Tech-support,Wife,White,Female,0,0,40,United-States,1
38,Private,89559,Some-college,10,Separated,Prof-specialty,Unmarried,White,Female,0,0,40,Germany,0
37,Private,120590,HS-grad,9,Married-civ-spouse,Craft-repair,Husband,White,Male,0,0,45,United-States,1
64,Private,149044,Masters,14,Married-civ-spouse,Prof-specialty,Husband,Asian-Pac-Islander,Male,0,2057,60,China,0
41,Private,223934,Assoc-acdm,12,Divorced,Adm-clerical,Unmarried,White,Female,0,0,38,United-States,0
18,Private,271935,HS-grad,9,Never-married,Machine-op-inspct,Own-child,White,Female,0,0,40,United-States,0
36,Private,156667,Bachelors,13,Married-civ-spouse,Prof-specialty,Husband,White,Male,0,1902,50,United-States,1
20,Self-emp-not-inc,132320,HS-grad,9,Never-married,Transport-moving,Own-child,White,Male,0,0,45,United-States,0
45,Private,341995,Assoc-voc,11,Married-civ-spouse,Prof-specialty,Husband,White,Male,0,1902,42,United-States,1
24,Private,140027,Some-college,10,Never-married,Machine-op-inspct,Own-child,Black,Female,0,0,45,United-States,0
42,Private,173590,Some-college,10,Married-civ-spouse,Adm-clerical,Husband,White,Male,0,1628,40,United-States,0
65,Private,222810,Assoc-voc,11,Divorced,Exec-managerial,Not-in-family,White,Female,0,0,40,United-States,0
37,Private,215392,Bachelors,13,Divorced,Prof-specialty,Not-in-family,White,Female,0,0,40,United-States,0
45,Self-emp-not-inc,210364,HS-grad,9,Married-civ-spouse,Sales,Husband,White,Male,15024,0,80,United-States,1
34,Private,94413,Some-college,10,Married-civ-spouse,Handlers-cleaners,Husband,White,Male,0,0,40,United-States,0
40,Self-emp-not-inc,154076,Assoc-acdm,12,Married-civ-spouse,Exec-managerial,Husband,White,Male,0,0,60,United-States,0
55,Private,165881,HS-grad,9,Married-civ-spouse,Exec-managerial,Husband,White,Male,0,0,40,United-States,1
49,Self-emp-not-inc,121238,Some-college,10,Never-married,Craft-repair,Unmarried,White,Male,0,0,40,United-States,0
22,Private,83315,HS-grad,9,Never-married,Adm-clerical,Unmarried,White,Male,0,0,40,United-States,0
50,State-gov,276241,Bachelors,13,Married-civ-spouse,Exec-managerial,Husband,White,Male,0,0,40,United-States,1
54,Private,152652,HS-grad,9,Married-civ-spouse,Transport-moving,Husband,White,Male,0,0,65,United-States,0
18,Private,478380,11th,7,Never-married,Sales,Own-child,White,Female,0,0,25,United-States,0
25,Private,104193,HS-grad,9,Never-married,Other-service,Own-child,White,Female,114,0,40,United-States,0
31,Private,164309,Some-college,10,Divorced,Adm-clerical,Unmarried,White,Female,0,0,38,United-States,0
46,Self-emp-not-inc,197836,HS-grad,9,Married-civ-spouse,Farming-fishing,Husband,White,Male,0,1672,50,United-States,0
30,Private,281030,Assoc-voc,11,Married-civ-spouse,Sales,Husband,White,Male,4064,0,40,United-States,0
54,Private,286989,Preschool,1,Married-civ-spouse,Farming-fishing,Husband,White,Male,0,0,60,United-States,0
30,Private,97723,HS-grad,9,Never-married,Machine-op-inspct,Own-child,White,Male,0,0,45,United-States,0
67,Self-emp-not-inc,152102,HS-grad,9,Widowed,Farming-fishing,Not-in-family,White,Male,0,0,65,United-States,0
30,State-gov,137613,Masters,14,Married-civ-spouse,Prof-specialty,Husband,Asian-Pac-Islander,Male,0,0,17,Taiwan,0
24,Private,88126,HS-grad,9,Never-married,Craft-repair,Not-in-family,White,Male,0,0,40,United-States,0
84,Private,241065,Masters,14,Never-married,Prof-specialty,Not-in-family,White,Male,0,0,66,United-States,0
38,Private,103925,HS-grad,9,Married-civ-spouse,Adm-clerical,Wife,White,Female,0,0,40,United-States,1
26,Private,222248,HS-grad,9,Never-married,Craft-repair,Not-in-family,White,Male,0,0,70,United-States,0
20,Private,181761,HS-grad,9,Never-married,Adm-clerical,Own-child,White,Female,0,0,40,United-States,0
42,Private,177989,HS-grad,9,Married-civ-spouse,Transport-moving,Husband,White,Male,0,0,40,United-States,0
49,Private,147032,HS-grad,9,Married-civ-spouse,Other-service,Wife,Asian-Pac-Islander,Female,0,0,8,Philippines,0
38,Self-emp-not-inc,146042,Bachelors,13,Married-civ-spouse,Prof-specialty,Husband,Asian-Pac-Islander,Male,3103,0,60,United-States,1
46,Private,148254,HS-grad,9,Divorced,Exec-managerial,Not-in-family,White,Female,0,0,60,United-States,0
24,Private,291407,HS-grad,9,Married-civ-spouse,Transport-moving,Husband,Black,Male,0,0,40,United-States,0
22,Federal-gov,216129,HS-grad,9,Never-married,Adm-clerical,Other-relative,White,Male,0,0,40,United-States,0
48,Private,329778,HS-grad,9,Widowed,Other-service,Unmarried,White,Female,0,0,40,United-States,0
53,Private,126368,Some-college,10,Never-married,Adm-clerical,Not-in-family,White,Female,0,0,50,United-States,1
37,Private,186808,HS-grad,9,Never-married,Sales,Unmarried,White,Male,0,0,40,United-States,0
63,Local-gov,109849,Bachelors,13,Never-married,Prof-specialty,Not-in-family,Black,Female,0,0,21,United-States,0
24,Private,143436,Some-college,10,Never-married,Handlers-cleaners,Own-child,White,Male,0,0,24,United-States,0
42,Self-emp-inc,348886,Bachelors,13,Married-civ-spouse,Exec-managerial,Husband,White,Male,0,0,45,United-States,1
34,Private,283921,HS-grad,9,Married-civ-spouse,Transport-moving,Husband,White,Male,0,0,50,United-States,0
35,Private,140752,HS-grad,9,Never-married,Sales,Not-in-family,White,Male,0,0,25,United-States,0
30,Private,342709,HS-grad,9,Married-spouse-absent,Craft-repair,Other-relative,White,Male,0,0,40,United-States,0
27,Federal-gov,246372,HS-grad,9,Married-civ-spouse,Other-service,Husband,White,Male,0,0,40,United-States,0
30,Private,347166,HS-grad,9,Never-married,Exec-managerial,Not-in-family,White,Male,0,0,60,United-States,0
42,Private,251239,Some-college,10,Married-civ-spouse,Exec-managerial,Husband,White,Male,0,0,40,Puerto-Rico,0
45,Private,246392,HS-grad,9,Never-married,Priv-house-serv,Unmarried,Black,Female,0,0,30,United-States,0
38,Federal-gov,190174,HS-grad,9,Divorced,Prof-specialty,Unmarried,White,Female,0,0,40,United-States,0
40,Private,320451,Doctorate,16,Married-civ-spouse,Prof-specialty,Husband,Asian-Pac-Islander,Male,0,1977,45,Hong,1
40,Private,241895,Some-college,10,Married-civ-spouse,Adm-clerical,Husband,White,Male,0,0,40,United-States,0
23,Private,39615,Some-college,10,Never-married,Handlers-cleaners,Own-child,White,Male,0,0,10,United-States,0
32,Private,286675,Some-college,10,Never-married,Exec-managerial,Other-relative,White,Male,0,0,40,United-States,0
56,Private,65325,Bachelors,13,Married-civ-spouse,Adm-clerical,Husband,White,Male,0,0,50,United-States,0
29,Private,232784,Assoc-acdm,12,Never-married,Exec-managerial,Own-child,White,Male,0,0,40,United-States,0
25,Private,206600,12th,8,Married-civ-spouse,Machine-op-inspct,Husband,White,Male,0,0,40,El-Salvador,0
56,Self-emp-not-inc,119069,Bachelors,13,Married-civ-spouse,Adm-clerical,Husband,White,Male,0,0,40,United-States,1
34,Self-emp-not-inc,345705,HS-grad,9,Never-married,Craft-repair,Not-in-family,White,Male,0,0,45,United-States,1
35,Private,26999,Bachelors,13,Separated,Exec-managerial,Unmarried,White,Female,0,0,42,United-States,0
24,Private,325744,HS-grad,9,Never-married,Craft-repair,Not-in-family,White,Male,0,0,40,United-States,0
24,State-gov,155775,HS-grad,9,Married-civ-spouse,Tech-support,Husband,White,Male,0,0,40,United-States,0
55,Local-gov,31365,Bachelors,13,Widowed,Prof-specialty,Not-in-family,White,Female,0,0,40,United-States,1
18,Private,198614,11th,7,Never-married,Sales,Own-child,Black,Female,0,0,8,United-States,0
20,State-gov,37482,Some-college,10,Never-married,Adm-clerical,Own-child,White,Female,0,0,40,United-States,0
45,Self-emp-inc,142719,Bachelors,13,Married-civ-spouse,Exec-managerial,Husband,White,Male,0,0,40,United-States,1
23,Private,238092,Bachelors,13,Never-married,Prof-specialty,Own-child,White,Male,0,0,40,United-States,0
72,Private,195184,HS-grad,9,Widowed,Priv-house-serv,Unmarried,White,Female,0,0,12,Cuba,0
66,Private,271567,HS-grad,9,Separated,Machine-op-inspct,Not-in-family,Black,Male,0,0,40,United-States,0
23,Private,202989,HS-grad,9,Never-married,Prof-specialty,Not-in-family,White,Male,0,0,40,Canada,0
43,State-gov,261929,Doctorate,16,Married-spouse-absent,Prof-specialty,Unmarried,White,Male,25236,0,64,United-States,1
32,Private,30271,Some-college,10,Divorced,Exec-managerial,Unmarried,White,Female,0,0,30,United-States,0
56,Private,197114,HS-grad,9,Never-married,Handlers-cleaners,Own-child,White,Male,0,0,28,United-States,0
39,Private,70995,Bachelors,13,Married-civ-spouse,Transport-moving,Husband,White,Male,15024,0,99,United-States,1
42,Self-emp-not-inc,126614,Bachelors,13,Divorced,Exec-managerial,Not-in-family,Other,Male,0,0,30,Iran,0
18,Local-gov,36411,12th,8,Never-married,Prof-specialty,Own-child,White,Male,0,0,30,United-States,0
61,Private,339358,5th-6th,3,Married-civ-spouse,Farming-fishing,Other-relative,White,Female,0,0,45,Mexico,0
24,Federal-gov,29591,Bachelors,13,Never-married,Prof-specialty,Not-in-family,Other,Female,0,0,40,United-States,0
45,Local-gov,339681,Masters,14,Divorced,Prof-specialty,Unmarried,White,Female,1506,0,45,United-States,0
26,Private,154966,Some-college,10,Married-civ-spouse,Craft-repair,Husband,White,Male,0,0,40,Puerto-Rico,0
41,Local-gov,26669,Some-college,10,Divorced,Exec-managerial,Not-in-family,White,Female,0,0,40,United-States,0
51,Private,138514,Assoc-voc,11,Divorced,Tech-support,Unmarried,Black,Female,0,0,48,United-States,0
48,Local-gov,328610,Prof-school,15,Married-civ-spouse,Prof-specialty,Husband,White,Male,0,0,45,United-States,1
24,Local-gov,134181,Bachelors,13,Never-married,Prof-specialty,Own-child,White,Female,0,0,50,United-States,0
64,Federal-gov,175534,Doctorate,16,Married-civ-spouse,Prof-specialty,Husband,Asian-Pac-Islander,Male,0,0,40,China,1
35,Private,148015,Bachelors,13,Never-married,Sales,Own-child,Black,Female,0,0,40,United-States,0
64,Private,134378,Masters,14,Married-civ-spouse,Exec-managerial,Husband,White,Male,0,0,50,United-States,1
49,Local-gov,193249,Assoc-acdm,12,Married-civ-spouse,Adm-clerical,Husband,White,Male,0,0,40,United-States,0
39,Private,128392,HS-grad,9,Married-civ-spouse,Machine-op-inspct,Husband,White,Male,0,1887,40,United-States,1
36,Local-gov,61299,Some-college,10,Married-civ-spouse,Craft-repair,Husband,White,Male,0,0,40,United-States,0
34,Private,324254,HS-grad,9,Married-civ-spouse,Machine-op-inspct,Husband,White,Male,0,0,40,United-States,0
46,Local-gov,367251,Some-college,10,Married-civ-spouse,Craft-repair,Husband,Black,Male,0,0,40,United-States,1
61,Self-emp-not-inc,201273,Some-college,10,Widowed,Machine-op-inspct,Not-in-family,White,Female,0,0,40,United-States,0
31,Private,34572,Bachelors,13,Married-civ-spouse,Sales,Husband,White,Male,0,0,55,United-States,0
48,Private,240917,11th,7,Separated,Other-service,Not-in-family,Black,Female,0,0,35,United-States,0
54,Private,135803,Bachelors,13,Married-civ-spouse,Exec-managerial,Husband,Asian-Pac-Islander,Male,15024,0,60,South,1
22,Private,59924,HS-grad,9,Never-married,Other-service,Own-child,White,Female,0,0,40,United-States,0
60,Private,532845,1st-4th,2,Married-civ-spouse,Craft-repair,Husband,White,Male,0,0,40,Mexico,1
44,Private,92649,HS-grad,9,Married-civ-spouse,Craft-repair,Wife,White,Female,0,0,40,United-States,1
33,Private,180551,Some-college,10,Separated,Adm-clerical,Unmarried,White,Female,0,0,40,United-States,0
43,Self-emp-not-inc,237670,Assoc-voc,11,Divorced,Exec-managerial,Not-in-family,White,Male,0,0,25,United-States,0
19,Private,127190,HS-grad,9,Never-married,Other-service,Own-child,White,Female,0,0,15,United-States,0
41,Self-emp-inc,223671,HS-grad,9,Married-civ-spouse,Sales,Husband,White,Male,0,1887,55,United-States,1
31,Private,223327,HS-grad,9,Married-civ-spouse,Exec-managerial,Husband,White,Male,0,0,40,United-States,1
57,Local-gov,52267,Masters,14,Married-civ-spouse,Exec-managerial,Husband,White,Male,0,0,50,United-States,1
18,Private,218889,9th,5,Never-married,Other-service,Own-child,Black,Male,0,0,35,United-States,0
29,Self-emp-not-inc,144063,7th-8th,4,Married-civ-spouse,Farming-fishing,Husband,White,Male,0,0,72,United-States,0
40,Private,202872,HS-grad,9,Married-civ-spouse,Sales,Wife,White,Female,0,0,40,United-States,1
27,Private,240172,Bachelors,13,Married-spouse-absent,Adm-clerical,Not-in-family,White,Male,0,0,40,United-States,0
35,Private,261012,Some-college,10,Married-spouse-absent,Adm-clerical,Not-in-family,Black,Female,0,0,40,United-States,0
58,Private,227800,1st-4th,2,Separated,Farming-fishing,Not-in-family,Black,Male,0,0,50,United-States,0
39,State-gov,152023,11th,7,Married-civ-spouse,Craft-repair,Husband,White,Male,0,0,40,United-States,0
40,Self-emp-not-inc,171615,Some-college,10,Never-married,Craft-repair,Not-in-family,White,Male,0,0,35,United-States,1
50,Private,121038,Assoc-voc,11,Married-civ-spouse,Other-service,Wife,Black,Female,0,0,40,United-States,0
28,Private,375655,Bachelors,13,Never-married,Sales,Unmarried,White,Male,0,0,50,United-States,0
59,Private,114032,Bachelors,13,Divorced,Adm-clerical,Unmarried,White,Female,0,0,40,United-States,0
60,Private,152369,Assoc-voc,11,Married-civ-spouse,Craft-repair,Husband,White,Male,0,0,60,United-States,0
31,Private,201292,HS-grad,9,Married-civ-spouse,Other-service,Husband,White,Male,0,0,40,United-States,0
43,Private,118536,HS-grad,9,Divorced,Machine-op-inspct,Other-relative,Black,Male,0,0,40,United-States,0
40,Private,224658,Some-college,10,Married-civ-spouse,Sales,Other-relative,White,Male,0,0,40,United-States,0
27,Local-gov,199343,HS-grad,9,Married-civ-spouse,Adm-clerical,Husband,White,Male,0,0,38,United-States,0
40,Private,116218,Some-college,10,Separated,Adm-clerical,Unmarried,White,Female,0,0,45,United-States,0
54,Private,449257,HS-grad,9,Married-civ-spouse,Farming-fishing,Husband,White,Male,0,0,40,United-States,0
49,Private,163229,HS-grad,9,Divorced,Craft-repair,Not-in-family,White,Male,0,0,50,United-States,0
49,Private,280525,Some-college,10,Married-civ-spouse,Adm-clerical,Husband,White,Male,0,0,45,United-States,1
43,Private,164693,Assoc-voc,11,Married-civ-spouse,Craft-repair,Husband,White,Male,0,0,50,United-States,0
21,Private,312956,HS-grad,9,Never-married,Craft-repair,Own-child,Black,Male,0,0,40,United-States,0
27,Private,112754,Bachelors,13,Married-civ-spouse,Exec-managerial,Husband,White,Male,0,1485,60,United-States,1
26,Private,211596,HS-grad,9,Divorced,Craft-repair,Not-in-family,White,Male,0,0,40,United-States,0
40,Private,145649,HS-grad,9,Separated,Sales,Unmarried,Black,Female,0,0,25,United-States,0
24,Private,155150,HS-grad,9,Married-civ-spouse,Machine-op-inspct,Husband,White,Male,0,0,40,United-States,0
46,Private,328216,HS-grad,9,Married-civ-spouse,Craft-repair,Husband,White,Male,0,0,40,United-States,1
43,Private,57322,Assoc-acdm,12,Divorced,Craft-repair,Not-in-family,White,Male,0,0,40,United-States,0
85,Private,115364,HS-grad,9,Widowed,Sales,Unmarried,White,Male,0,0,35,United-States,0
28,Self-emp-not-inc,190836,HS-grad,9,Married-civ-spouse,Sales,Husband,White,Male,0,0,50,United-States,1
30,Private,423770,Some-college,10,Never-married,Prof-specialty,Own-child,White,Male,0,0,40,Mexico,0
45,State-gov,102308,Some-college,10,Married-civ-spouse,Exec-managerial,Husband,White,Male,0,0,40,United-States,0
22,Private,181313,Assoc-voc,11,Never-married,Other-service,Not-in-family,White,Female,0,0,30,United-States,0
40,Self-emp-not-inc,89413,HS-grad,9,Married-civ-spouse,Craft-repair,Husband,White,Male,0,1672,40,United-States,0
60,Private,71683,9th,5,Married-civ-spouse,Machine-op-inspct,Husband,White,Male,0,0,49,United-States,0
60,Private,52900,7th-8th,4,Married-civ-spouse,Transport-moving,Husband,White,Male,0,0,40,United-States,0
24,Private,141003,Some-college,10,Never-married,Exec-managerial,Own-child,White,Male,0,0,25,United-States,0
21,Private,143582,Bachelors,13,Never-married,Prof-specialty,Own-child,Asian-Pac-Islander,Female,0,0,45,United-States,0
45,Self-emp-not-inc,123681,Bachelors,13,Married-civ-spouse,Prof-specialty,Husband,White,Male,0,0,30,United-States,0
33,Private,177331,Assoc-voc,11,Married-civ-spouse,Craft-repair,Husband,Black,Male,0,0,40,United-States,0
18,Private,120544,9th,5,Never-married,Other-service,Own-child,Black,Male,0,0,15,United-States,0
19,Private,87497,11th,7,Never-married,Transport-moving,Other-relative,White,Male,0,0,10,United-States,0
24,Private,176321,Some-college,10,Never-married,Adm-clerical,Unmarried,White,Female,0,0,40,United-States,0
35,Private,220595,HS-grad,9,Married-civ-spouse,Craft-repair,Husband,White,Male,0,0,40,United-States,0
50,Private,190762,5th-6th,3,Married-civ-spouse,Handlers-cleaners,Husband,White,Male,0,0,40,Mexico,0
36,Private,29984,12th,8,Married-civ-spouse,Transport-moving,Husband,White,Male,0,0,40,United-States,0
31,Local-gov,236487,Bachelors,13,Never-married,Prof-specialty,Not-in-family,White,Female,0,0,40,Germany,0
69,Private,102874,HS-grad,9,Widowed,Adm-clerical,Not-in-family,White,Female,0,0,24,United-States,0
63,Private,176696,HS-grad,9,Married-civ-spouse,Craft-repair,Husband,White,Male,0,0,40,United-States,1
31,Private,101761,HS-grad,9,Married-civ-spouse,Craft-repair,Husband,White,Male,0,0,51,United-States,0
26,Private,150361,Bachelors,13,Never-married,Prof-specialty,Not-in-family,White,Female,0,0,40,United-States,0
24,Private,141113,7th-8th,4,Married-civ-spouse,Sales,Husband,White,Male,2580,0,40,United-States,0
69,Private,141181,5th-6th,3,Married-civ-spouse,Adm-clerical,Husband,White,Male,1797,0,40,United-States,0
23,Private,62278,HS-grad,9,Never-married,Craft-repair,Unmarried,White,Male,0,0,40,United-States,0
45,Private,98765,HS-grad,9,Never-married,Machine-op-inspct,Unmarried,White,Female,0,0,40,Canada,0
46,Private,149640,7th-8th,4,Married-spouse-absent,Transport-moving,Not-in-family,White,Male,0,0,45,United-States,0
43,Private,104660,Bachelors,13,Separated,Prof-specialty,Unmarried,White,Male,0,0,45,United-States,0
26,Private,250066,Assoc-voc,11,Never-married,Other-service,Not-in-family,White,Female,0,0,40,United-States,0
27,Private,165365,HS-grad,9,Married-civ-spouse,Machine-op-inspct,Husband,Asian-Pac-Islander,Male,2885,0,40,Laos,0
19,Private,184710,Some-college,10,Never-married,Craft-repair,Own-child,White,Male,0,0,20,United-States,0
20,Private,691830,HS-grad,9,Never-married,Sales,Own-child,Black,Female,0,0,35,United-States,0
23,Private,285004,Bachelors,13,Never-married,Sales,Not-in-family,Asian-Pac-Islander,Male,0,0,50,Taiwan,0
32,Federal-gov,386877,Assoc-voc,11,Never-married,Tech-support,Own-child,Black,Male,4650,0,40,United-States,0
30,Self-emp-not-inc,146161,HS-grad,9,Married-civ-spouse,Exec-managerial,Husband,White,Male,0,1887,50,United-States,1
57,Self-emp-not-inc,315460,Prof-school,15,Married-civ-spouse,Prof-specialty,Husband,White,Male,0,0,36,United-States,0
40,State-gov,151038,Bachelors,13,Divorced,Craft-repair,Not-in-family,White,Male,0,0,40,United-States,0
49,Private,169818,HS-grad,9,Married-civ-spouse,Other-service,Wife,Black,Female,0,0,40,United-States,1
22,Private,148294,11th,7,Never-married,Craft-repair,Own-child,White,Male,0,0,35,United-States,0
30,Private,111415,HS-grad,9,Married-civ-spouse,Other-service,Husband,White,Male,0,0,55,Germany,0
35,Private,101978,HS-grad,9,Separated,Transport-moving,Not-in-family,White,Male,0,0,50,United-States,0
32,Local-gov,168387,Masters,14,Married-civ-spouse,Prof-specialty,Husband,White,Male,0,0,50,United-States,0
24,Private,402778,9th,5,Never-married,Handlers-cleaners,Own-child,White,Male,0,0,12,United-States,0
23,Private,199336,Assoc-voc,11,Never-married,Craft-repair,Unmarried,White,Male,0,0,50,United-States,0
25,Private,191230,Some-college,10,Never-married,Exec-managerial,Own-child,White,Female,0,0,40,Yugoslavia,0
20,Private,293091,11th,7,Never-married,Transport-moving,Own-child,White,Male,0,0,60,United-States,0
50,Private,158294,Assoc-voc,11,Married-civ-spouse,Tech-support,Husband,White,Male,3103,0,40,United-States,1
58,Private,128162,HS-grad,9,Divorced,Sales,Not-in-family,White,Female,0,0,24,United-States,0
66,Self-emp-inc,102663,7th-8th,4,Married-civ-spouse,Exec-managerial,Husband,White,Male,0,0,50,United-States,0
25,Private,193379,Assoc-acdm,12,Never-married,Craft-repair,Not-in-family,White,Male,0,0,45,United-States,0
41,Private,167106,Bachelors,13,Married-civ-spouse,Adm-clerical,Husband,Asian-Pac-Islander,Male,3103,0,35,Philippines,1
50,Private,156877,11th,7,Married-civ-spouse,Transport-moving,Husband,White,Male,0,0,70,United-States,1
22,Private,34443,HS-grad,9,Never-married,Farming-fishing,Not-in-family,White,Male,0,0,25,United-States,0
31,Private,91666,HS-grad,9,Never-married,Exec-managerial,Own-child,White,Male,0,0,60,United-States,0
37,Private,181705,Assoc-voc,11,Married-civ-spouse,Craft-repair,Husband,White,Male,0,0,40,United-States,0
28,Private,200511,HS-grad,9,Separated,Farming-fishing,Not-in-family,White,Male,0,0,55,United-States,0
23,Local-gov,314819,HS-grad,9,Never-married,Transport-moving,Own-child,White,Male,0,0,40,United-States,0
30,Private,161815,Some-college,10,Divorced,Other-service,Unmarried,White,Female,0,0,35,United-States,0
32,Private,339482,5th-6th,3,Separated,Farming-fishing,Other-relative,White,Male,0,0,60,Mexico,0
46,Private,283037,Bachelors,13,Married-civ-spouse,Exec-managerial,Husband,White,Male,0,0,50,United-States,1
62,Self-emp-not-inc,71467,Bachelors,13,Married-civ-spouse,Craft-repair,Husband,White,Male,0,0,55,United-States,1
20,Private,168187,Some-college,10,Never-married,Other-service,Other-relative,White,Female,4416,0,25,United-States,0
34,Private,183473,HS-grad,9,Divorced,Transport-moving,Own-child,White,Female,0,0,40,United-States,0
42,Private,203393,Bachelors,13,Married-civ-spouse,Craft-repair,Wife,Black,Female,0,0,35,United-States,1
24,Private,52242,HS-grad,9,Married-civ-spouse,Sales,Wife,White,Female,0,0,40,United-States,1
49,Private,176814,Bachelors,13,Married-civ-spouse,Adm-clerical,Husband,White,Male,5178,0,40,United-States,1
58,Self-emp-inc,113806,Bachelors,13,Married-civ-spouse,Exec-managerial,Husband,White,Male,7688,0,30,United-States,1
47,Private,386136,HS-grad,9,Married-civ-spouse,Transport-moving,Husband,White,Male,0,0,35,United-States,0
51,Local-gov,168539,Bachelors,13,Married-civ-spouse,Exec-managerial,Husband,White,Male,0,0,50,United-States,1
48,Local-gov,148549,Bachelors,13,Married-civ-spouse,Prof-specialty,Husband,White,Male,0,0,40,United-States,0
32,Private,199416,Bachelors,13,Married-civ-spouse,Prof-specialty,Husband,White,Male,0,0,40,United-States,0
40,Private,118001,HS-grad,9,Never-married,Handlers-cleaners,Not-in-family,Black,Male,0,0,40,United-States,0
26,Private,124111,Assoc-acdm,12,Never-married,Prof-specialty,Not-in-family,White,Female,0,0,36,United-States,0
31,Private,187560,HS-grad,9,Never-married,Adm-clerical,Not-in-family,White,Male,2174,0,40,United-States,0
34,Private,143699,HS-grad,9,Married-civ-spouse,Sales,Wife,White,Female,0,0,15,United-States,0
20,Private,164574,HS-grad,9,Never-married,Other-service,Own-child,White,Male,0,0,30,United-States,0
40,Private,201734,Some-college,10,Never-married,Handlers-cleaners,Not-in-family,White,Male,0,0,48,United-States,0
24,Private,211129,Bachelors,13,Never-married,Sales,Own-child,White,Female,0,0,35,United-States,0
50,Self-emp-inc,163921,HS-grad,9,Married-civ-spouse,Sales,Husband,White,Male,0,0,48,United-States,1
46,Private,358886,HS-grad,9,Married-civ-spouse,Machine-op-inspct,Husband,White,Male,0,0,40,United-States,0
54,Private,337992,Bachelors,13,Married-civ-spouse,Exec-managerial,Husband,Asian-Pac-Islander,Male,0,0,50,Japan,1
22,Private,287988,Some-college,10,Never-married,Sales,Not-in-family,White,Male,0,0,20,United-States,0
21,Private,216129,HS-grad,9,Never-married,Other-service,Own-child,White,Male,0,0,35,United-States,0
25,Private,176047,HS-grad,9,Never-married,Machine-op-inspct,Own-child,White,Female,2176,0,40,United-States,0
34,State-gov,190290,Bachelors,13,Married-civ-spouse,Prof-specialty,Husband,White,Male,0,0,38,United-States,1
55,Local-gov,173090,Masters,14,Widowed,Prof-specialty,Unmarried,White,Female,0,0,45,United-States,0
64,Self-emp-not-inc,30664,Assoc-voc,11,Married-civ-spouse,Farming-fishing,Husband,White,Male,0,0,30,United-States,0
43,Private,158177,Some-college,10,Divorced,Adm-clerical,Unmarried,Black,Female,0,0,35,United-States,0
36,Private,47310,HS-grad,9,Never-married,Other-service,Not-in-family,Black,Female,0,0,40,United-States,0
28,Private,32291,Bachelors,13,Never-married,Prof-specialty,Not-in-family,White,Female,2174,0,40,United-States,0
52,Private,122109,HS-grad,9,Never-married,Prof-specialty,Unmarried,White,Female,0,323,40,United-States,0
25,Private,374163,HS-grad,9,Married-spouse-absent,Farming-fishing,Not-in-family,Other,Male,0,0,40,Mexico,0
34,Private,27380,Bachelors,13,Married-civ-spouse,Farming-fishing,Husband,White,Male,0,0,50,United-States,1
34,Private,115488,HS-grad,9,Married-civ-spouse,Sales,Husband,White,Male,0,0,40,United-States,0
40,Private,111483,Masters,14,Married-civ-spouse,Exec-managerial,Husband,White,Male,0,0,50,United-States,1
42,Private,204235,Some-college,10,Married-civ-spouse,Prof-specialty,Husband,White,Male,0,0,40,United-States,1
51,Local-gov,349431,HS-grad,9,Married-civ-spouse,Craft-repair,Husband,White,Male,4386,0,40,United-States,1
28,Private,175710,Bachelors,13,Married-civ-spouse,Exec-managerial,Wife,White,Female,0,0,40,United-States,1
31,Private,50276,Bachelors,13,Divorced,Prof-specialty,Not-in-family,White,Male,0,0,60,United-States,0
31,Self-emp-not-inc,162442,Bachelors,13,Married-civ-spouse,Exec-managerial,Wife,White,Female,0,0,40,United-States,1
43,Private,117037,11th,7,Married-civ-spouse,Transport-moving,Husband,White,Male,0,2042,40,United-States,0
32,Private,71540,Some-college,10,Divorced,Prof-specialty,Not-in-family,White,Male,0,0,40,United-States,0
43,Local-gov,94937,Bachelors,13,Married-civ-spouse,Prof-specialty,Wife,White,Female,0,0,28,United-States,0
60,Private,225526,HS-grad,9,Separated,Sales,Not-in-family,White,Female,0,0,32,United-States,0
56,Local-gov,216824,Prof-school,15,Married-civ-spouse,Adm-clerical,Husband,Asian-Pac-Islander,Male,0,0,40,Philippines,1
31,Private,302626,Some-college,10,Divorced,Adm-clerical,Unmarried,White,Female,0,0,40,United-States,0
29,Private,338270,HS-grad,9,Separated,Adm-clerical,Unmarried,White,Female,0,0,40,United-States,0
28,Self-emp-not-inc,31717,HS-grad,9,Married-civ-spouse,Craft-repair,Husband,White,Male,0,0,40,United-States,0
21,Private,63899,11th,7,Never-married,Adm-clerical,Other-relative,White,Female,0,0,40,United-States,0
21,Private,27049,Some-college,10,Never-married,Adm-clerical,Own-child,White,Female,0,0,12,United-States,0
42,Self-emp-not-inc,185129,Prof-school,15,Married-civ-spouse,Prof-specialty,Husband,White,Male,0,1887,40,United-States,1
28,Private,144521,HS-grad,9,Never-married,Other-service,Own-child,Black,Female,0,0,40,United-States,0
43,Private,102180,Masters,14,Married-civ-spouse,Exec-managerial,Husband,White,Male,0,0,50,United-States,1
31,Private,231569,Bachelors,13,Never-married,Sales,Not-in-family,Black,Female,0,0,50,United-States,0
60,Private,130684,Some-college,10,Married-civ-spouse,Craft-repair,Husband,White,Male,0,0,55,United-States,0
44,Private,162028,Some-college,10,Married-civ-spouse,Adm-clerical,Wife,White,Female,0,2415,6,United-States,1
37,Private,271767,Masters,14,Separated,Exec-managerial,Not-in-family,White,Male,0,0,45,United-States,1
47,Private,155489,HS-grad,9,Married-civ-spouse,Transport-moving,Husband,White,Male,7688,0,55,United-States,1
20,Private,159297,Some-college,10,Never-married,Adm-clerical,Own-child,Asian-Pac-Islander,Female,0,0,15,United-States,0
46,Local-gov,148995,Bachelors,13,Never-married,Prof-specialty,Own-child,White,Male,4787,0,45,United-States,1
23,Federal-gov,350680,Assoc-acdm,12,Never-married,Exec-managerial,Own-child,White,Female,0,0,40,Poland,0
58,Self-emp-not-inc,248841,HS-grad,9,Married-civ-spouse,Sales,Husband,White,Male,15024,0,40,United-States,1
37,Private,126011,Assoc-voc,11,Divorced,Tech-support,Own-child,White,Male,0,0,40,United-States,0
54,Private,39493,Assoc-voc,11,Married-civ-spouse,Transport-moving,Husband,White,Male,0,0,20,United-States,0
37,Private,186191,HS-grad,9,Married-civ-spouse,Machine-op-inspct,Husband,White,Male,0,0,46,United-States,0
62,Private,370881,Assoc-acdm,12,Widowed,Other-service,Not-in-family,White,Female,0,0,7,United-States,0
42,Private,39060,HS-grad,9,Married-civ-spouse,Sales,Husband,White,Male,0,0,60,United-States,1
53,Private,276369,HS-grad,9,Married-civ-spouse,Exec-managerial,Husband,White,Male,0,0,45,United-States,0
29,Private,457402,5th-6th,3,Never-married,Other-service,Not-in-family,White,Male,0,0,25,Mexico,0
46,State-gov,363875,Some-college,10,Divorced,Protective-serv,Unmarried,Amer-Indian-Eskimo,Female,0,0,40,United-States,0
21,Private,50341,Some-college,10,Never-married,Adm-clerical,Not-in-family,White,Female,0,0,38,United-States,0
40,Private,208277,Some-college,10,Divorced,Adm-clerical,Own-child,White,Female,0,0,44,United-States,1
25,Private,168943,Bachelors,13,Married-civ-spouse,Exec-managerial,Wife,White,Female,0,0,30,United-States,1
61,Private,98350,Preschool,1,Married-spouse-absent,Other-service,Not-in-family,Asian-Pac-Islander,Male,0,0,40,China,0
44,Self-emp-not-inc,202692,Masters,14,Married-civ-spouse,Prof-specialty,Husband,White,Male,0,0,40,United-States,0
36,Private,237943,Masters,14,Married-civ-spouse,Exec-managerial,Husband,White,Male,15024,0,50,United-States,1
44,Self-emp-not-inc,27242,Some-college,10,Never-married,Farming-fishing,Own-child,White,Male,0,0,60,United-States,0
41,Private,192712,HS-grad,9,Never-married,Adm-clerical,Other-relative,White,Female,0,0,40,United-States,0
62,Local-gov,33365,HS-grad,9,Widowed,Other-service,Not-in-family,White,Female,0,0,40,Canada,0
46,Self-emp-not-inc,32825,HS-grad,9,Separated,Craft-repair,Unmarried,White,Male,0,0,40,United-States,0
24,Private,194604,Bachelors,13,Never-married,Sales,Own-child,White,Female,0,0,15,United-States,0
36,Private,203717,HS-grad,9,Divorced,Craft-repair,Unmarried,White,Male,0,0,40,United-States,0
26,Private,181666,HS-grad,9,Never-married,Handlers-cleaners,Own-child,White,Female,0,0,40,United-States,0
24,Private,153082,HS-grad,9,Never-married,Sales,Not-in-family,White,Male,0,0,30,United-States,0
30,State-gov,231043,Assoc-voc,11,Married-civ-spouse,Protective-serv,Husband,White,Male,0,0,40,United-States,0
46,Private,305160,1st-4th,2,Married-civ-spouse,Handlers-cleaners,Husband,White,Male,0,0,40,Mexico,0
40,Private,34987,Bachelors,13,Never-married,Sales,Not-in-family,White,Male,0,0,53,United-States,0
35,Private,135162,Some-college,10,Married-civ-spouse,Craft-repair,Husband,White,Male,0,0,50,United-States,0
24,Private,177526,Assoc-voc,11,Never-married,Craft-repair,Own-child,White,Male,0,0,40,United-States,0
23,Private,82998,Some-college,10,Never-married,Sales,Not-in-family,White,Male,0,0,30,United-States,0
38,Federal-gov,214542,Some-college,10,Divorced,Handlers-cleaners,Unmarried,Black,Female,0,0,40,United-States,0
53,Private,223696,12th,8,Married-spouse-absent,Handlers-cleaners,Not-in-family,Other,Male,0,0,56,Dominican-Republic,0
31,Private,113364,Assoc-acdm,12,Married-civ-spouse,Machine-op-inspct,Husband,White,Male,0,0,20,United-States,0
47,Private,218435,HS-grad,9,Married-spouse-absent,Sales,Unmarried,White,Female,0,0,20,Cuba,0
38,Private,110607,HS-grad,9,Divorced,Other-service,Not-in-family,White,Male,0,0,32,United-States,0
30,Private,167309,Bachelors,13,Married-civ-spouse,Adm-clerical,Husband,White,Male,0,1902,40,United-States,1
36,Private,185607,HS-grad,9,Never-married,Other-service,Unmarried,White,Female,0,0,30,United-States,0
31,Private,100734,Doctorate,16,Never-married,Prof-specialty,Not-in-family,White,Female,0,0,28,United-States,0
34,Local-gov,167063,HS-grad,9,Never-married,Protective-serv,Own-child,White,Male,0,0,40,United-States,0
28,Private,191355,Bachelors,13,Married-civ-spouse,Sales,Husband,White,Male,0,0,45,United-States,1
39,Private,262841,HS-grad,9,Married-civ-spouse,Exec-managerial,Husband,White,Male,0,0,50,United-States,1
29,Private,154017,HS-grad,9,Never-married,Sales,Not-in-family,White,Female,0,0,10,United-States,0
40,Self-emp-inc,110862,Assoc-acdm,12,Married-civ-spouse,Craft-repair,Husband,White,Male,0,2377,50,United-States,0
20,Private,203263,12th,8,Never-married,Other-service,Own-child,White,Male,0,0,35,United-States,0
42,Private,162003,HS-grad,9,Divorced,Machine-op-inspct,Not-in-family,White,Male,0,0,55,United-States,0
33,Self-emp-not-inc,167476,11th,7,Divorced,Handlers-cleaners,Not-in-family,White,Male,0,0,7,United-States,0
40,Private,174395,HS-grad,9,Divorced,Other-service,Not-in-family,White,Male,0,0,60,Greece,0
55,Private,153484,Masters,14,Married-civ-spouse,Exec-managerial,Husband,White,Male,0,1977,50,United-States,1
46,Private,164682,Assoc-voc,11,Separated,Prof-specialty,Not-in-family,White,Male,0,0,40,United-States,0
37,Local-gov,180342,Bachelors,13,Married-civ-spouse,Other-service,Husband,White,Male,0,0,40,United-States,1
33,State-gov,150657,Bachelors,13,Never-married,Prof-specialty,Other-relative,Black,Female,0,0,40,United-States,0
52,Self-emp-not-inc,103794,Assoc-voc,11,Divorced,Prof-specialty,Not-in-family,White,Female,0,0,35,United-States,0
37,Private,333651,HS-grad,9,Never-married,Adm-clerical,Not-in-family,White,Male,0,0,42,United-States,0
17,Private,224073,11th,7,Never-married,Sales,Own-child,White,Male,0,0,20,United-States,0
56,Private,195668,10th,6,Married-civ-spouse,Other-service,Husband,White,Male,0,0,35,Cuba,1
44,Private,116632,Masters,14,Married-civ-spouse,Exec-managerial,Husband,White,Male,0,0,50,United-States,1
41,Private,162189,HS-grad,9,Never-married,Machine-op-inspct,Own-child,White,Female,1831,0,40,Peru,0
41,Private,194710,HS-grad,9,Never-married,Exec-managerial,Not-in-family,White,Female,0,0,40,United-States,0
32,Private,131425,Bachelors,13,Married-civ-spouse,Machine-op-inspct,Husband,White,Male,0,0,50,United-States,0
39,Self-emp-not-inc,134475,Bachelors,13,Divorced,Adm-clerical,Not-in-family,White,Male,0,1762,40,United-States,0
34,Private,182218,Assoc-voc,11,Divorced,Prof-specialty,Unmarried,White,Female,0,0,40,United-States,0
63,Private,246841,HS-grad,9,Married-civ-spouse,Handlers-cleaners,Husband,White,Male,0,0,40,United-States,0
19,Private,264593,Some-college,10,Never-married,Sales,Other-relative,White,Male,0,0,40,United-States,0
31,Private,344200,HS-grad,9,Married-civ-spouse,Exec-managerial,Husband,White,Male,0,0,40,United-States,1
38,Private,226311,HS-grad,9,Married-AF-spouse,Other-service,Wife,White,Female,0,0,25,United-States,0
20,State-gov,41103,Some-college,10,Never-married,Other-service,Own-child,White,Female,0,0,20,United-States,0
41,Private,197583,10th,6,Married-civ-spouse,Transport-moving,Husband,Black,Male,0,0,40,United-States,1
25,Private,218667,5th-6th,3,Married-civ-spouse,Handlers-cleaners,Own-child,White,Male,0,0,40,United-States,0
21,Federal-gov,169003,12th,8,Never-married,Adm-clerical,Own-child,Black,Male,0,0,25,United-States,0
34,Federal-gov,67083,Bachelors,13,Never-married,Exec-managerial,Unmarried,Asian-Pac-Islander,Male,1471,0,40,Cambodia,0
27,Private,37933,Some-college,10,Never-married,Adm-clerical,Unmarried,Black,Female,0,0,40,United-States,0
44,Private,192225,Bachelors,13,Married-civ-spouse,Exec-managerial,Husband,White,Male,0,0,40,United-States,1
22,Private,110946,Some-college,10,Never-married,Other-service,Not-in-family,White,Female,0,0,40,United-States,0
31,Private,153078,Assoc-acdm,12,Never-married,Craft-repair,Own-child,Other,Male,0,0,50,United-States,0
20,Private,204641,Some-college,10,Never-married,Other-service,Own-child,White,Male,0,0,40,United-States,0
21,Private,207103,HS-grad,9,Never-married,Handlers-cleaners,Own-child,White,Male,0,0,40,United-States,0
30,Private,345522,HS-grad,9,Married-civ-spouse,Transport-moving,Husband,White,Male,3103,0,70,United-States,1
37,Private,315291,Bachelors,13,Never-married,Adm-clerical,Other-relative,Black,Female,0,0,40,United-States,0
29,Private,89813,HS-grad,9,Married-civ-spouse,Machine-op-inspct,Wife,White,Female,0,0,40,Scotland,0
51,Private,241346,HS-grad,9,Divorced,Adm-clerical,Not-in-family,White,Female,0,0,43,United-States,0
31,Local-gov,50649,Masters,14,Never-married,Prof-specialty,Not-in-family,White,Female,0,0,50,United-States,0
51,Private,117253,HS-grad,9,Widowed,Prof-specialty,Unmarried,White,Female,0,0,40,United-States,0
40,Private,184682,Some-college,10,Divorced,Adm-clerical,Unmarried,White,Female,0,0,40,United-States,0
65,Private,150095,Bachelors,13,Married-civ-spouse,Exec-managerial,Husband,White,Male,0,0,40,United-States,1
40,Private,199303,HS-grad,9,Married-civ-spouse,Adm-clerical,Husband,White,Male,0,0,40,United-States,0
42,Private,529216,HS-grad,9,Separated,Transport-moving,Other-relative,Black,Male,0,0,40,United-States,0
30,Private,113364,Bachelors,13,Never-married,Sales,Own-child,White,Male,0,0,18,United-States,0
27,Federal-gov,257124,Bachelors,13,Never-married,Transport-moving,Other-relative,White,Male,0,0,35,United-States,0
23,Private,447488,9th,5,Never-married,Machine-op-inspct,Other-relative,White,Male,0,0,35,Mexico,0
33,Private,112115,Bachelors,13,Married-civ-spouse,Exec-managerial,Husband,White,Male,0,1902,45,United-States,1
34,Self-emp-inc,154120,Masters,14,Married-civ-spouse,Sales,Husband,White,Male,0,0,60,United-States,1
30,Private,275632,HS-grad,9,Married-civ-spouse,Machine-op-inspct,Husband,White,Male,0,0,45,United-States,0
35,Private,246829,HS-grad,9,Divorced,Exec-managerial,Unmarried,White,Female,0,0,40,United-States,0
43,Self-emp-not-inc,193459,Some-college,10,Married-civ-spouse,Craft-repair,Husband,White,Male,0,0,60,United-States,0
36,Private,257942,HS-grad,9,Married-civ-spouse,Sales,Husband,White,Male,0,0,40,United-States,0
35,Private,63921,5th-6th,3,Married-civ-spouse,Handlers-cleaners,Husband,White,Male,0,0,40,Mexico,0
51,Self-emp-not-inc,160724,Bachelors,13,Married-civ-spouse,Sales,Husband,Asian-Pac-Islander,Male,0,2415,40,China,1
55,Private,419732,Some-college,10,Divorced,Other-service,Unmarried,White,Female,0,0,38,United-States,0
40,Private,93955,Some-college,10,Married-civ-spouse,Prof-specialty,Wife,White,Female,0,0,40,United-States,0
40,Private,382499,HS-grad,9,Divorced,Adm-clerical,Unmarried,White,Female,0,0,50,United-States,0
49,Self-emp-inc,34998,Some-college,10,Married-civ-spouse,Farming-fishing,Husband,White,Male,0,0,60,United-States,0
36,Private,181065,Assoc-acdm,12,Married-civ-spouse,Tech-support,Husband,White,Male,0,0,40,United-States,1
22,Private,308205,5th-6th,3,Never-married,Farming-fishing,Other-relative,White,Male,0,0,40,Mexico,0
27,Private,204098,10th,6,Never-married,Craft-repair,Not-in-family,White,Male,0,0,30,United-States,0
35,Private,167735,11th,7,Never-married,Craft-repair,Own-child,White,Male,6849,0,40,United-States,0
38,Private,195025,HS-grad,9,Separated,Other-service,Unmarried,Black,Female,0,0,32,United-States,0
59,Private,24384,HS-grad,9,Widowed,Priv-house-serv,Not-in-family,White,Female,0,0,40,United-States,0
46,Private,133938,Masters,14,Divorced,Exec-managerial,Not-in-family,White,Female,27828,0,50,United-States,1
51,Private,122159,Some-college,10,Widowed,Prof-specialty,Not-in-family,White,Female,3325,0,40,United-States,0
32,Private,100662,9th,5,Separated,Machine-op-inspct,Unmarried,White,Female,0,0,40,Columbia,0
53,Local-gov,283602,Masters,14,Married-civ-spouse,Prof-specialty,Wife,White,Female,15024,0,40,United-States,1
62,Private,35783,Some-college,10,Married-civ-spouse,Transport-moving,Husband,White,Male,0,0,60,United-States,0
37,Private,256636,HS-grad,9,Married-civ-spouse,Transport-moving,Husband,White,Male,0,0,40,United-States,0
34,Private,269243,Some-college,10,Never-married,Adm-clerical,Own-child,White,Female,0,0,40,United-States,0
67,Self-emp-not-inc,191380,Prof-school,15,Married-civ-spouse,Prof-specialty,Husband,White,Male,20051,0,25,United-States,1
31,Local-gov,58624,HS-grad,9,Never-married,Transport-moving,Own-child,White,Male,0,0,40,United-States,0
45,Private,242391,Bachelors,13,Married-civ-spouse,Exec-managerial,Husband,White,Male,0,0,40,United-States,1
48,Private,119471,Doctorate,16,Married-civ-spouse,Prof-specialty,Husband,Asian-Pac-Islander,Male,0,0,40,India,1
35,Private,343403,Some-college,10,Never-married,Sales,Not-in-family,White,Female,0,0,40,United-States,0
59,Private,167963,HS-grad,9,Never-married,Adm-clerical,Unmarried,White,Male,0,0,40,United-States,0
21,Private,198822,HS-grad,9,Never-married,Adm-clerical,Own-child,White,Female,0,0,35,United-States,0
31,Private,188096,Bachelors,13,Never-married,Prof-specialty,Not-in-family,White,Female,0,0,72,United-States,1
45,Local-gov,167334,Masters,14,Never-married,Prof-specialty,Not-in-family,White,Male,0,0,50,United-States,1
22,Private,418405,Some-college,10,Married-civ-spouse,Craft-repair,Husband,White,Male,0,0,40,United-States,0
55,Private,121912,Some-college,10,Married-civ-spouse,Transport-moving,Husband,White,Male,0,0,24,United-States,1
48,Self-emp-not-inc,317360,Bachelors,13,Married-civ-spouse,Prof-specialty,Wife,White,Female,0,0,20,United-States,1
35,Private,117381,Bachelors,13,Divorced,Sales,Not-in-family,White,Male,0,0,40,United-States,0
23,Private,181557,HS-grad,9,Never-married,Other-service,Own-child,Black,Male,0,0,25,United-States,0
24,Private,233777,Some-college,10,Never-married,Sales,Unmarried,White,Male,0,0,50,Mexico,0
35,Private,245090,HS-grad,9,Married-civ-spouse,Craft-repair,Husband,White,Male,0,0,40,Mexico,0
50,Private,338283,Some-college,10,Married-civ-spouse,Craft-repair,Husband,White,Male,0,0,40,United-States,1
52,Local-gov,298035,Masters,14,Married-civ-spouse,Prof-specialty,Husband,White,Male,0,0,40,United-States,0
59,State-gov,105363,HS-grad,9,Never-married,Adm-clerical,Own-child,White,Male,0,0,40,United-States,0
36,Private,348960,HS-grad,9,Never-married,Tech-support,Not-in-family,White,Male,0,0,50,United-States,0
26,Private,209942,HS-grad,9,Never-married,Handlers-cleaners,Own-child,Black,Male,0,0,40,United-States,0
33,Private,79303,HS-grad,9,Married-civ-spouse,Farming-fishing,Husband,White,Male,0,0,45,United-States,0
29,Private,250967,Assoc-voc,11,Married-civ-spouse,Prof-specialty,Husband,White,Male,0,0,40,United-States,0
46,Private,172581,Bachelors,13,Married-civ-spouse,Exec-managerial,Husband,White,Male,0,1902,50,United-States,1
24,Private,282604,Some-college,10,Married-civ-spouse,Protective-serv,Other-relative,White,Male,0,0,24,United-States,0
27,Private,139209,HS-grad,9,Never-married,Machine-op-inspct,Unmarried,Black,Female,0,0,40,United-States,0
21,Private,322144,Some-college,10,Never-married,Other-service,Not-in-family,White,Male,0,0,40,United-States,0
19,Private,151801,10th,6,Never-married,Handlers-cleaners,Own-child,White,Male,0,0,39,United-States,0
41,Private,130126,Prof-school,15,Married-civ-spouse,Prof-specialty,Husband,White,Male,0,0,80,United-States,1
27,Local-gov,200492,Bachelors,13,Never-married,Prof-specialty,Own-child,White,Female,0,0,40,United-States,0
27,Private,106758,HS-grad,9,Divorced,Adm-clerical,Unmarried,White,Female,0,0,45,United-States,0
58,Private,102509,10th,6,Divorced,Transport-moving,Not-in-family,Black,Male,0,0,50,United-States,0
41,Local-gov,352056,Assoc-acdm,12,Never-married,Exec-managerial,Not-in-family,White,Male,0,0,40,United-States,0
21,Private,152246,Some-college,10,Never-married,Handlers-cleaners,Own-child,Asian-Pac-Islander,Male,0,0,40,Philippines,0
53,Private,137428,7th-8th,4,Married-civ-spouse,Transport-moving,Husband,White,Male,0,0,60,United-States,1
27,Private,93235,HS-grad,9,Never-married,Sales,Not-in-family,White,Male,0,0,30,United-States,0
69,Private,128348,Bachelors,13,Married-civ-spouse,Exec-managerial,Husband,Black,Male,9386,0,50,United-States,1
19,Private,178811,HS-grad,9,Never-married,Machine-op-inspct,Own-child,Black,Female,0,0,40,United-States,0
32,Private,255885,Bachelors,13,Married-civ-spouse,Exec-managerial,Husband,White,Male,0,0,43,United-States,1
38,Private,95336,Bachelors,13,Married-civ-spouse,Sales,Husband,White,Male,0,0,50,United-States,1
22,Private,235733,HS-grad,9,Never-married,Other-service,Not-in-family,White,Female,0,0,45,United-States,0
36,Private,167440,Some-college,10,Married-civ-spouse,Machine-op-inspct,Husband,White,Male,0,0,44,United-States,0
33,Private,279524,HS-grad,9,Divorced,Machine-op-inspct,Not-in-family,White,Female,0,0,40,United-States,0
37,Self-emp-not-inc,180150,Prof-school,15,Married-civ-spouse,Prof-specialty,Husband,White,Male,0,0,45,United-States,1
59,Local-gov,181242,10th,6,Married-civ-spouse,Craft-repair,Husband,White,Male,0,0,40,United-States,0
43,Private,117627,Some-college,10,Divorced,Exec-managerial,Not-in-family,Black,Female,0,0,40,United-States,0
28,Private,314649,Some-college,10,Married-civ-spouse,Sales,Husband,Amer-Indian-Eskimo,Male,0,0,60,United-States,0
50,Self-emp-inc,155574,Masters,14,Married-civ-spouse,Prof-specialty,Husband,White,Male,7298,0,50,United-States,1
45,Private,179135,HS-grad,9,Divorced,Adm-clerical,Not-in-family,White,Female,0,0,40,United-States,0
39,Private,81487,Some-college,10,Divorced,Exec-managerial,Unmarried,White,Female,0,625,40,United-States,0
25,Private,232914,Bachelors,13,Married-civ-spouse,Adm-clerical,Wife,Black,Female,0,0,38,United-States,0
20,Private,34310,Some-college,10,Never-married,Sales,Own-child,White,Male,0,0,20,United-States,0
33,Private,139057,Masters,14,Married-civ-spouse,Tech-support,Husband,Asian-Pac-Islander,Male,0,0,50,United-States,1
47,Private,192984,Some-college,10,Widowed,Adm-clerical,Unmarried,White,Female,0,0,40,United-States,0
35,Private,292472,Doctorate,16,Married-civ-spouse,Prof-specialty,Husband,Asian-Pac-Islander,Male,0,0,40,Taiwan,1
42,Private,154374,Bachelors,13,Married-civ-spouse,Exec-managerial,Husband,White,Male,0,2415,60,United-States,1
35,Private,187089,Assoc-voc,11,Married-civ-spouse,Exec-managerial,Wife,White,Female,0,0,42,United-States,1
59,Private,195835,7th-8th,4,Divorced,Transport-moving,Not-in-family,White,Male,0,0,40,United-States,0
22,Private,233624,HS-grad,9,Married-civ-spouse,Craft-repair,Husband,White,Male,0,0,43,United-States,0
25,Private,198163,HS-grad,9,Never-married,Exec-managerial,Own-child,White,Female,0,0,40,United-States,0
50,Private,28952,Some-college,10,Married-civ-spouse,Sales,Wife,White,Female,0,0,39,United-States,0
30,Private,121308,Some-college,10,Divorced,Sales,Own-child,White,Male,0,0,40,United-States,0
31,Self-emp-not-inc,44503,Some-college,10,Married-civ-spouse,Craft-repair,Husband,White,Male,0,0,40,United-States,0
20,Private,91939,HS-grad,9,Never-married,Adm-clerical,Not-in-family,Black,Female,0,1721,30,United-States,0
23,Private,293091,HS-grad,9,Never-married,Sales,Own-child,White,Male,0,0,30,United-States,0
44,Private,110908,Assoc-voc,11,Married-civ-spouse,Transport-moving,Wife,White,Female,0,0,25,United-States,0
60,Private,206339,HS-grad,9,Married-civ-spouse,Other-service,Husband,White,Male,0,0,40,United-States,0
53,Self-emp-inc,135643,Bachelors,13,Married-civ-spouse,Adm-clerical,Wife,Asian-Pac-Islander,Female,0,0,50,South,0
19,Federal-gov,215891,Some-college,10,Never-married,Adm-clerical,Own-child,White,Female,0,0,10,United-States,0
56,Self-emp-inc,109856,Bachelors,13,Married-civ-spouse,Exec-managerial,Husband,White,Male,15024,0,50,United-States,1
50,Local-gov,124963,HS-grad,9,Married-civ-spouse,Craft-repair,Husband,White,Male,0,1977,35,United-States,1
29,Local-gov,188278,Some-college,10,Married-civ-spouse,Prof-specialty,Husband,White,Male,0,0,40,United-States,0
21,Private,152540,HS-grad,9,Never-married,Adm-clerical,Not-in-family,White,Female,0,0,35,United-States,0
43,Private,33310,HS-grad,9,Divorced,Adm-clerical,Not-in-family,White,Female,0,0,40,United-States,0
19,Private,265576,HS-grad,9,Never-married,Handlers-cleaners,Own-child,White,Male,0,0,50,United-States,0
31,Private,459465,Some-college,10,Never-married,Craft-repair,Not-in-family,White,Male,0,0,50,United-States,0
28,Private,161607,Some-college,10,Married-civ-spouse,Transport-moving,Husband,White,Male,0,0,45,United-States,0
20,State-gov,178517,Some-college,10,Never-married,Farming-fishing,Not-in-family,White,Male,0,0,40,United-States,0
45,Self-emp-not-inc,155489,7th-8th,4,Married-civ-spouse,Exec-managerial,Husband,White,Male,0,0,65,United-States,1
51,Private,306785,HS-grad,9,Divorced,Adm-clerical,Not-in-family,White,Female,0,0,40,United-States,0
27,Private,214858,Bachelors,13,Never-married,Sales,Own-child,White,Male,0,0,40,United-States,0
22,Private,164922,HS-grad,9,Married-civ-spouse,Other-service,Husband,White,Male,0,0,40,United-States,0
52,Local-gov,346668,Masters,14,Never-married,Prof-specialty,Own-child,White,Female,0,0,40,United-States,0
20,Private,89991,Some-college,10,Never-married,Other-service,Own-child,White,Female,0,0,32,United-States,0
49,Self-emp-not-inc,47086,Bachelors,13,Widowed,Sales,Unmarried,White,Female,0,0,40,United-States,0
42,Self-emp-not-inc,39539,HS-grad,9,Married-civ-spouse,Farming-fishing,Husband,White,Male,0,0,99,United-States,1
52,State-gov,125796,Masters,14,Married-civ-spouse,Prof-specialty,Wife,Black,Female,0,1848,40,United-States,1
19,Private,102723,Some-college,10,Never-married,Adm-clerical,Own-child,White,Female,0,0,40,United-States,0
55,Private,147653,Bachelors,13,Divorced,Adm-clerical,Unmarried,White,Female,0,0,73,United-States,0
33,Private,182792,HS-grad,9,Divorced,Other-service,Unmarried,White,Female,0,0,40,United-States,0
47,Private,583755,HS-grad,9,Married-civ-spouse,Adm-clerical,Husband,Black,Male,0,0,40,United-States,1
39,Private,191002,HS-grad,9,Never-married,Sales,Not-in-family,White,Female,0,0,40,Poland,0
41,Private,56795,Masters,14,Married-civ-spouse,Prof-specialty,Wife,White,Female,0,0,45,England,0
48,State-gov,120131,HS-grad,9,Divorced,Craft-repair,Own-child,White,Male,8614,0,40,United-States,1
22,Private,400966,Some-college,10,Never-married,Adm-clerical,Own-child,White,Female,0,0,40,United-States,0
50,Self-emp-not-inc,30653,Masters,14,Married-civ-spouse,Farming-fishing,Husband,White,Male,2407,0,98,United-States,0
42,Private,136177,Some-college,10,Divorced,Adm-clerical,Unmarried,White,Female,0,0,38,United-States,0
48,Private,204629,Masters,14,Married-civ-spouse,Exec-managerial,Husband,White,Male,0,0,50,United-States,1
39,Local-gov,301614,11th,7,Married-civ-spouse,Other-service,Husband,White,Male,0,0,40,United-States,0
23,Private,60409,HS-grad,9,Never-married,Exec-managerial,Not-in-family,White,Female,0,0,40,United-States,0
64,Private,125684,HS-grad,9,Married-civ-spouse,Craft-repair,Husband,White,Male,0,0,40,United-States,0
29,Self-emp-inc,187450,Bachelors,13,Married-civ-spouse,Sales,Husband,White,Male,0,0,50,United-States,1
38,Private,116358,Some-college,10,Married-civ-spouse,Other-service,Husband,Asian-Pac-Islander,Male,0,0,40,Philippines,0
30,Federal-gov,423064,HS-grad,9,Separated,Adm-clerical,Other-relative,Black,Male,0,0,35,United-States,0
48,Local-gov,334409,Bachelors,13,Married-civ-spouse,Prof-specialty,Wife,White,Female,0,0,50,United-States,1
24,Private,354351,HS-grad,9,Never-married,Craft-repair,Own-child,White,Male,0,0,40,United-States,0
31,Local-gov,190401,Masters,14,Married-civ-spouse,Prof-specialty,Husband,White,Male,0,0,40,United-States,0
54,Private,202415,HS-grad,9,Married-civ-spouse,Craft-repair,Husband,White,Male,0,0,40,United-States,1
55,Private,164857,Some-college,10,Divorced,Machine-op-inspct,Own-child,White,Male,0,0,40,United-States,0
35,Private,119272,Bachelors,13,Married-civ-spouse,Exec-managerial,Husband,White,Male,0,0,55,United-States,1
30,Private,348618,9th,5,Married-civ-spouse,Craft-repair,Husband,Other,Male,0,0,40,Mexico,0
37,Private,171150,HS-grad,9,Married-civ-spouse,Exec-managerial,Husband,White,Male,0,1887,50,United-States,1
43,State-gov,52849,Bachelors,13,Married-civ-spouse,Prof-specialty,Husband,White,Male,0,0,40,United-States,0
23,Private,214635,HS-grad,9,Never-married,Craft-repair,Not-in-family,White,Male,0,0,40,United-States,0
27,Private,266973,HS-grad,9,Married-civ-spouse,Craft-repair,Husband,White,Male,0,0,60,United-States,0
25,Private,179462,7th-8th,4,Never-married,Handlers-cleaners,Unmarried,White,Male,0,0,40,United-States,0
49,Private,133969,Doctorate,16,Married-civ-spouse,Prof-specialty,Husband,Other,Male,0,0,50,United-States,1
25,Private,144301,Some-college,10,Never-married,Sales,Own-child,White,Male,0,0,42,United-States,0
31,Private,112627,HS-grad,9,Married-civ-spouse,Transport-moving,Husband,Amer-Indian-Eskimo,Male,0,0,40,United-States,0
28,Private,130856,10th,6,Married-civ-spouse,Craft-repair,Husband,White,Male,0,0,36,United-States,0
49,Private,98092,HS-grad,9,Married-civ-spouse,Craft-repair,Husband,White,Male,0,0,40,United-States,1
58,Self-emp-not-inc,193434,HS-grad,9,Married-civ-spouse,Craft-repair,Husband,White,Male,0,0,20,United-States,0
37,Private,160035,HS-grad,9,Married-civ-spouse,Craft-repair,Husband,White,Male,0,0,40,United-States,0
21,Private,138768,Some-college,10,Never-married,Sales,Own-child,White,Male,0,0,40,United-States,0
37,Private,75024,HS-grad,9,Divorced,Sales,Unmarried,White,Female,0,0,25,Canada,0
26,Private,261278,Some-college,10,Separated,Sales,Other-relative,Black,Male,0,0,30,United-States,0
30,Private,177675,Some-college,10,Never-married,Craft-repair,Not-in-family,White,Male,0,0,40,United-States,1
28,Private,67386,HS-grad,9,Never-married,Other-service,Unmarried,White,Female,0,0,40,United-States,0
42,Private,132222,Bachelors,13,Never-married,Sales,Own-child,White,Male,0,0,60,United-States,0
63,Private,143098,HS-grad,9,Married-civ-spouse,Sales,Husband,White,Male,4064,0,40,United-States,0
26,Local-gov,386949,HS-grad,9,Divorced,Adm-clerical,Unmarried,White,Female,0,0,25,United-States,0
23,Private,240398,Bachelors,13,Never-married,Sales,Not-in-family,Black,Male,0,0,15,United-States,0
63,Private,106023,HS-grad,9,Married-civ-spouse,Craft-repair,Husband,White,Male,0,0,40,United-States,1
37,Private,259089,Bachelors,13,Divorced,Exec-managerial,Not-in-family,White,Male,0,0,40,United-States,0
40,Private,34722,Some-college,10,Divorced,Transport-moving,Not-in-family,White,Male,0,0,48,United-States,1
22,Private,234880,Some-college,10,Never-married,Adm-clerical,Own-child,White,Female,0,0,25,United-States,0
62,Self-emp-not-inc,123170,Some-college,10,Married-civ-spouse,Exec-managerial,Husband,White,Male,0,0,10,United-States,0
30,Private,75167,Some-college,10,Married-civ-spouse,Machine-op-inspct,Husband,White,Male,0,0,40,United-States,1
36,Private,745768,Some-college,10,Never-married,Protective-serv,Unmarried,Black,Female,0,0,40,United-States,0
42,Private,125280,Bachelors,13,Married-civ-spouse,Exec-managerial,Husband,White,Male,3137,0,40,United-States,0
20,Private,164219,HS-grad,9,Never-married,Handlers-cleaners,Own-child,White,Male,0,0,45,United-States,0
18,Private,43272,Some-college,10,Never-married,Other-service,Own-child,White,Male,0,0,20,United-States,0
62,Private,244933,Masters,14,Divorced,Prof-specialty,Not-in-family,White,Female,0,0,45,United-States,0
54,Self-emp-inc,138852,Some-college,10,Married-civ-spouse,Sales,Husband,White,Male,0,0,45,United-States,1
28,Private,184078,HS-grad,9,Divorced,Adm-clerical,Not-in-family,White,Female,0,0,40,United-States,0
34,Private,381153,HS-grad,9,Married-civ-spouse,Transport-moving,Husband,White,Male,0,0,40,United-States,0
51,Private,103824,HS-grad,9,Never-married,Other-service,Not-in-family,Black,Male,0,0,40,Haiti,0
27,Private,160786,HS-grad,9,Divorced,Other-service,Not-in-family,White,Male,0,0,30,United-States,0
47,Private,362835,Bachelors,13,Married-civ-spouse,Sales,Husband,White,Male,0,0,60,United-States,1
59,Private,175689,Some-college,10,Married-civ-spouse,Adm-clerical,Wife,White,Female,0,0,14,Cuba,1
50,Private,197322,11th,7,Married-civ-spouse,Exec-managerial,Husband,White,Male,0,0,50,United-States,1
61,Private,40269,Some-college,10,Married-civ-spouse,Sales,Husband,White,Male,0,0,40,United-States,1
50,Self-emp-not-inc,30731,Assoc-voc,11,Never-married,Other-service,Not-in-family,White,Male,0,0,50,United-States,0
27,Private,42696,HS-grad,9,Married-spouse-absent,Other-service,Unmarried,White,Female,0,0,40,United-States,0
45,Self-emp-not-inc,222374,Bachelors,13,Never-married,Prof-specialty,Not-in-family,White,Male,0,0,40,United-States,0
52,Self-emp-not-inc,123011,Prof-school,15,Married-civ-spouse,Prof-specialty,Husband,White,Male,0,0,50,United-States,1
34,Private,141118,Bachelors,13,Married-spouse-absent,Prof-specialty,Not-in-family,White,Female,0,0,35,United-States,0
38,Private,179488,Some-college,10,Divorced,Craft-repair,Not-in-family,White,Male,0,1741,40,United-States,0
22,State-gov,157332,Some-college,10,Never-married,Other-service,Own-child,White,Female,0,0,15,United-States,0
33,Private,333701,Assoc-voc,11,Never-married,Other-service,Unmarried,Black,Male,0,0,40,United-States,0
20,Private,196745,Some-college,10,Never-married,Other-service,Own-child,White,Female,0,0,16,United-States,0
29,Private,354558,HS-grad,9,Married-civ-spouse,Sales,Husband,White,Male,0,0,60,United-States,0
67,Self-emp-not-inc,106143,Doctorate,16,Married-civ-spouse,Sales,Husband,White,Male,20051,0,40,United-States,1
44,Private,139338,12th,8,Divorced,Transport-moving,Unmarried,Black,Male,0,0,40,United-States,0
51,Private,55507,HS-grad,9,Married-civ-spouse,Craft-repair,Husband,Black,Male,0,0,40,United-States,0
42,Private,194710,Some-college,10,Never-married,Exec-managerial,Not-in-family,White,Female,0,0,40,United-States,0
59,State-gov,303176,Some-college,10,Married-civ-spouse,Exec-managerial,Husband,White,Male,0,2179,40,United-States,0
62,Private,81116,Some-college,10,Divorced,Adm-clerical,Not-in-family,White,Male,0,1974,40,United-States,0
17,Private,207791,10th,6,Never-married,Handlers-cleaners,Own-child,White,Male,0,0,20,United-States,0
45,Private,168598,12th,8,Married-civ-spouse,Adm-clerical,Wife,Black,Female,3103,0,40,United-States,1
53,Private,30290,HS-grad,9,Never-married,Sales,Not-in-family,White,Female,0,0,40,United-States,0
33,Local-gov,173005,Bachelors,13,Married-civ-spouse,Adm-clerical,Husband,White,Male,0,1848,45,United-States,1
26,Private,116044,11th,7,Separated,Craft-repair,Other-relative,White,Male,2907,0,50,United-States,0
54,Private,101017,7th-8th,4,Married-civ-spouse,Craft-repair,Husband,White,Male,0,0,40,United-States,0
24,Private,127647,Some-college,10,Separated,Adm-clerical,Unmarried,White,Female,0,0,35,United-States,0
61,Private,142922,HS-grad,9,Married-civ-spouse,Transport-moving,Husband,White,Male,0,0,40,United-States,0
40,Self-emp-not-inc,209040,Bachelors,13,Married-civ-spouse,Sales,Husband,White,Male,0,0,40,United-States,0
20,Private,122649,HS-grad,9,Never-married,Other-service,Not-in-family,White,Female,0,0,30,United-States,0
24,Self-emp-inc,165474,Bachelors,13,Never-married,Sales,Own-child,White,Male,0,0,40,United-States,0
29,Private,87507,Doctorate,16,Married-civ-spouse,Prof-specialty,Husband,Asian-Pac-Islander,Male,0,0,60,India,0
35,Private,207676,Some-college,10,Never-married,Handlers-cleaners,Own-child,Black,Male,0,0,40,United-States,0
46,Local-gov,133969,Masters,14,Divorced,Prof-specialty,Not-in-family,Amer-Indian-Eskimo,Male,0,0,40,United-States,0
34,Private,179877,Some-college,10,Married-civ-spouse,Machine-op-inspct,Husband,White,Male,0,0,40,United-States,1
26,Private,183171,11th,7,Never-married,Other-service,Own-child,Black,Male,1055,0,32,United-States,0
53,Private,191565,1st-4th,2,Divorced,Other-service,Unmarried,Black,Female,0,0,40,Dominican-Republic,0
47,Private,359461,Bachelors,13,Married-civ-spouse,Craft-repair,Husband,White,Male,0,0,40,United-States,0
17,Private,241185,12th,8,Never-married,Prof-specialty,Own-child,White,Male,0,0,20,United-States,0
42,Private,169628,Some-college,10,Divorced,Adm-clerical,Not-in-family,Black,Female,0,0,38,United-States,0
38,Private,64875,Some-college,10,Never-married,Farming-fishing,Unmarried,White,Male,0,0,60,United-States,0
48,State-gov,148738,Some-college,10,Divorced,Other-service,Own-child,White,Male,0,0,40,United-States,0
54,Private,326156,Some-college,10,Married-civ-spouse,Craft-repair,Husband,White,Male,0,0,40,United-States,1
24,Federal-gov,219519,Some-college,10,Never-married,Adm-clerical,Own-child,Black,Female,0,0,40,United-States,0
24,Private,177287,Some-college,10,Never-married,Handlers-cleaners,Own-child,White,Female,0,0,30,United-States,0
47,Private,45564,Some-college,10,Married-civ-spouse,Exec-managerial,Husband,White,Male,0,0,40,United-States,1
45,Private,206947,HS-grad,9,Divorced,Adm-clerical,Not-in-family,White,Female,0,0,50,United-States,0
41,Private,116493,HS-grad,9,Divorced,Craft-repair,Not-in-family,White,Male,13550,0,44,United-States,1
34,Private,342709,Masters,14,Married-civ-spouse,Exec-managerial,Husband,White,Male,0,0,40,United-States,0
48,Private,398843,Some-college,10,Separated,Sales,Unmarried,Black,Female,0,0,35,United-States,0
42,Self-emp-not-inc,177307,Prof-school,15,Married-civ-spouse,Farming-fishing,Husband,White,Male,0,0,65,United-States,1
50,Private,150999,Masters,14,Married-civ-spouse,Prof-specialty,Husband,White,Male,0,1977,40,United-States,1
25,Self-emp-not-inc,191803,Assoc-acdm,12,Never-married,Sales,Not-in-family,White,Male,0,0,50,United-States,0
41,Private,38397,HS-grad,9,Divorced,Other-service,Not-in-family,White,Female,0,0,40,United-States,0
37,Private,287031,Some-college,10,Married-civ-spouse,Craft-repair,Husband,White,Male,5178,0,75,United-States,1
19,Private,174732,Some-college,10,Never-married,Other-service,Own-child,Black,Male,0,0,25,United-States,0
47,Private,328216,Some-college,10,Married-civ-spouse,Tech-support,Husband,White,Male,7298,0,40,United-States,1
50,Self-emp-not-inc,186565,Bachelors,13,Married-civ-spouse,Sales,Husband,White,Male,0,0,50,United-States,0
41,Self-emp-not-inc,120539,Some-college,10,Married-civ-spouse,Machine-op-inspct,Husband,White,Male,3103,0,40,United-States,1
30,Private,103649,Some-college,10,Never-married,Other-service,Own-child,Black,Female,0,0,40,United-States,0
30,Private,219318,HS-grad,9,Never-married,Machine-op-inspct,Other-relative,White,Female,0,0,35,Puerto-Rico,0
58,Federal-gov,129786,10th,6,Married-civ-spouse,Craft-repair,Husband,White,Male,0,0,40,United-States,0
49,Local-gov,304246,Masters,14,Separated,Prof-specialty,Unmarried,White,Female,0,0,70,United-States,0
25,Private,362826,HS-grad,9,Never-married,Handlers-cleaners,Other-relative,White,Male,0,0,45,United-States,0
19,Private,329130,11th,7,Separated,Other-service,Own-child,White,Female,0,0,40,United-States,0
61,Local-gov,34632,Bachelors,13,Divorced,Other-service,Not-in-family,White,Male,0,0,30,United-States,0
49,State-gov,155372,Masters,14,Divorced,Prof-specialty,Not-in-family,White,Female,0,0,40,United-States,0
42,Private,270721,Bachelors,13,Never-married,Prof-specialty,Not-in-family,White,Male,0,0,32,United-States,0
57,Private,548256,12th,8,Married-civ-spouse,Adm-clerical,Husband,Black,Male,0,0,40,United-States,0
62,Private,138253,Masters,14,Never-married,Handlers-cleaners,Not-in-family,White,Male,4650,0,40,United-States,0
54,Private,161691,Masters,14,Divorced,Prof-specialty,Not-in-family,White,Female,0,2559,40,United-States,1
43,Self-emp-inc,117158,Bachelors,13,Married-civ-spouse,Sales,Husband,White,Male,15024,0,60,United-States,1
28,Self-emp-not-inc,70100,Bachelors,13,Never-married,Prof-specialty,Not-in-family,White,Male,0,0,60,United-States,0
18,Private,31983,12th,8,Never-married,Adm-clerical,Own-child,White,Female,0,0,20,United-States,0
42,Self-emp-not-inc,93099,Some-college,10,Married-civ-spouse,Prof-specialty,Own-child,White,Female,0,0,25,United-States,0
54,Private,57758,Masters,14,Married-civ-spouse,Sales,Husband,White,Male,0,0,68,United-States,1
64,Self-emp-inc,307786,1st-4th,2,Married-civ-spouse,Sales,Husband,White,Male,0,0,20,United-States,0
47,Private,341762,HS-grad,9,Never-married,Adm-clerical,Not-in-family,White,Male,0,0,33,United-States,0
42,Private,121264,Assoc-voc,11,Married-civ-spouse,Prof-specialty,Husband,White,Male,0,0,40,United-States,1
32,Private,156464,HS-grad,9,Married-civ-spouse,Sales,Husband,White,Male,0,1902,50,United-States,1
27,Private,40295,HS-grad,9,Never-married,Transport-moving,Not-in-family,White,Male,0,0,99,United-States,0
27,Private,197380,Assoc-acdm,12,Never-married,Prof-specialty,Not-in-family,White,Male,0,0,40,United-States,0
18,Self-emp-inc,147612,HS-grad,9,Never-married,Farming-fishing,Own-child,White,Female,0,0,8,United-States,0
46,Self-emp-inc,110702,Some-college,10,Divorced,Exec-managerial,Unmarried,White,Female,2036,0,60,United-States,0
51,Private,21698,HS-grad,9,Never-married,Adm-clerical,Not-in-family,White,Female,0,0,40,United-States,0
66,Self-emp-not-inc,262552,Some-college,10,Married-civ-spouse,Farming-fishing,Husband,White,Male,0,0,7,United-States,0
48,Self-emp-inc,103713,Masters,14,Married-civ-spouse,Sales,Husband,White,Male,0,0,40,United-States,1
32,Private,48458,HS-grad,9,Never-married,Sales,Own-child,Black,Female,0,1669,45,United-States,0
55,Private,105582,HS-grad,9,Married-civ-spouse,Handlers-cleaners,Husband,White,Male,3103,0,40,United-States,1
24,Private,611029,10th,6,Married-civ-spouse,Handlers-cleaners,Husband,White,Male,0,0,40,United-States,0
56,Private,175127,10th,6,Married-civ-spouse,Handlers-cleaners,Husband,White,Male,0,0,40,United-States,0
34,Private,159255,HS-grad,9,Married-civ-spouse,Exec-managerial,Husband,White,Male,0,0,60,United-States,1
32,Private,168138,Assoc-acdm,12,Divorced,Sales,Not-in-family,White,Male,2597,0,48,United-States,0
23,Private,227594,12th,8,Never-married,Machine-op-inspct,Own-child,White,Female,0,0,40,United-States,0
26,Private,33610,HS-grad,9,Divorced,Other-service,Other-relative,White,Male,0,0,40,United-States,0
61,Private,115023,Some-college,10,Married-civ-spouse,Adm-clerical,Husband,White,Male,0,0,40,United-States,1
24,Private,57711,Masters,14,Married-civ-spouse,Prof-specialty,Wife,White,Female,0,0,35,United-States,1
39,Self-emp-inc,543042,HS-grad,9,Married-civ-spouse,Craft-repair,Husband,White,Male,5178,0,50,United-States,1
43,Private,245842,HS-grad,9,Married-civ-spouse,Machine-op-inspct,Husband,White,Male,0,0,44,Mexico,0
35,Private,953588,HS-grad,9,Married-civ-spouse,Exec-managerial,Wife,White,Female,0,0,40,United-States,1
56,Private,250873,11th,7,Married-civ-spouse,Craft-repair,Husband,White,Male,0,0,45,United-States,0
37,Self-emp-not-inc,205359,Some-college,10,Married-civ-spouse,Exec-managerial,Wife,White,Female,0,0,15,United-States,0
51,Private,84278,Bachelors,13,Married-civ-spouse,Prof-specialty,Husband,White,Male,0,0,55,United-States,1
34,Private,424988,HS-grad,9,Married-civ-spouse,Craft-repair,Husband,White,Male,0,0,45,United-States,0
54,Private,123011,Some-college,10,Married-civ-spouse,Sales,Husband,White,Male,0,0,45,United-States,1
33,Private,170148,HS-grad,9,Divorced,Adm-clerical,Unmarried,White,Female,0,0,45,United-States,0
57,Federal-gov,199114,Bachelors,13,Never-married,Adm-clerical,Not-in-family,White,Male,0,2258,40,United-States,0
47,Self-emp-not-inc,168109,HS-grad,9,Married-civ-spouse,Farming-fishing,Husband,White,Male,15024,0,50,United-States,1
37,Private,219546,Assoc-voc,11,Married-civ-spouse,Craft-repair,Husband,White,Male,4386,0,44,United-States,1
22,Private,58222,HS-grad,9,Married-civ-spouse,Craft-repair,Husband,White,Male,0,0,40,United-States,0
29,Private,147755,Some-college,10,Married-civ-spouse,Craft-repair,Husband,White,Male,0,1672,40,United-States,0
34,Local-gov,207383,Masters,14,Widowed,Prof-specialty,Not-in-family,White,Female,0,0,40,United-States,0
24,Private,404416,Some-college,10,Never-married,Handlers-cleaners,Not-in-family,White,Male,0,0,40,United-States,0
48,Private,192779,Some-college,10,Divorced,Craft-repair,Not-in-family,White,Male,0,0,40,United-States,0
39,Self-emp-inc,222641,Bachelors,13,Married-civ-spouse,Sales,Husband,White,Male,0,0,40,United-States,0
58,Self-emp-not-inc,164065,Masters,14,Divorced,Sales,Not-in-family,White,Male,0,0,18,United-States,0
53,Private,47396,HS-grad,9,Married-civ-spouse,Craft-repair,Husband,White,Male,0,0,40,United-States,0
25,Private,60485,Some-college,10,Never-married,Adm-clerical,Own-child,White,Female,0,0,30,United-States,0
45,Private,223319,Some-college,10,Divorced,Sales,Own-child,White,Male,0,0,45,United-States,0
20,Private,170800,Some-college,10,Never-married,Farming-fishing,Own-child,White,Female,0,0,40,United-States,0
43,Private,59107,HS-grad,9,Separated,Other-service,Not-in-family,White,Female,4101,0,40,United-States,0
42,Private,210275,Masters,14,Divorced,Tech-support,Unmarried,Black,Female,4687,0,35,United-States,1
22,Private,137591,Some-college,10,Never-married,Sales,Own-child,White,Male,0,0,35,United-States,0
42,Local-gov,70655,HS-grad,9,Divorced,Farming-fishing,Not-in-family,White,Male,0,0,40,United-States,0
33,Private,55717,HS-grad,9,Never-married,Craft-repair,Not-in-family,White,Male,0,0,40,United-States,0
43,Private,331894,Some-college,10,Married-civ-spouse,Transport-moving,Husband,White,Male,0,0,60,United-States,1
41,Private,163258,Bachelors,13,Never-married,Tech-support,Not-in-family,White,Male,0,0,40,United-States,0
23,Private,393248,Some-college,10,Never-married,Adm-clerical,Own-child,White,Male,0,0,40,United-States,0
51,Private,169112,Masters,14,Married-civ-spouse,Sales,Husband,White,Male,0,0,40,United-States,1
32,Private,113838,Some-college,10,Married-civ-spouse,Handlers-cleaners,Husband,White,Male,0,0,40,United-States,0
51,Private,111939,Bachelors,13,Married-civ-spouse,Prof-specialty,Husband,White,Male,0,0,50,United-States,1
46,Private,501671,10th,6,Divorced,Machine-op-inspct,Unmarried,Black,Male,0,0,40,United-States,0
46,Private,78529,Bachelors,13,Married-civ-spouse,Tech-support,Husband,White,Male,0,0,60,United-States,1
41,Private,40151,Some-college,10,Divorced,Craft-repair,Not-in-family,White,Male,0,0,40,United-States,1
25,Private,248612,Assoc-acdm,12,Never-married,Craft-repair,Not-in-family,White,Male,0,0,30,United-States,0
40,Private,254167,10th,6,Separated,Transport-moving,Own-child,White,Male,0,0,35,United-States,0
47,Local-gov,228372,Masters,14,Married-civ-spouse,Prof-specialty,Husband,White,Male,0,0,48,United-States,1
47,Private,229737,HS-grad,9,Married-civ-spouse,Craft-repair,Husband,White,Male,0,0,45,United-States,1
47,State-gov,160045,Some-college,10,Divorced,Adm-clerical,Not-in-family,White,Female,0,0,40,United-States,0
49,Private,31807,Some-college,10,Never-married,Exec-managerial,Unmarried,White,Female,0,0,40,United-States,0
41,Local-gov,67671,Masters,14,Married-civ-spouse,Prof-specialty,Husband,White,Male,0,0,50,United-States,0
46,Private,110794,Some-college,10,Never-married,Adm-clerical,Not-in-family,White,Female,0,0,40,United-States,0
33,Private,125249,HS-grad,9,Separated,Protective-serv,Own-child,White,Female,0,0,40,United-States,0
31,Private,272856,HS-grad,9,Never-married,Craft-repair,Own-child,Black,Male,0,0,50,England,0
38,Private,278253,HS-grad,9,Divorced,Adm-clerical,Unmarried,White,Female,0,0,48,United-States,0
31,Private,265509,Assoc-voc,11,Separated,Tech-support,Unmarried,Black,Female,0,0,32,United-States,0
53,Private,144361,HS-grad,9,Married-civ-spouse,Machine-op-inspct,Husband,White,Male,0,0,38,United-States,0
28,Self-emp-not-inc,214689,11th,7,Never-married,Craft-repair,Not-in-family,White,Male,0,0,40,United-States,0
25,Private,316688,HS-grad,9,Never-married,Machine-op-inspct,Not-in-family,Black,Male,0,0,40,United-States,0
51,Self-emp-inc,166459,Assoc-voc,11,Married-civ-spouse,Exec-managerial,Husband,White,Male,0,0,40,United-States,0
23,Private,308205,Assoc-acdm,12,Never-married,Other-service,Own-child,White,Male,0,0,20,United-States,0
58,Federal-gov,72998,11th,7,Divorced,Craft-repair,Not-in-family,Black,Female,14084,0,40,United-States,1
28,Private,194200,HS-grad,9,Married-civ-spouse,Exec-managerial,Husband,White,Male,0,0,70,United-States,0
45,Private,88500,Some-college,10,Married-civ-spouse,Machine-op-inspct,Husband,White,Male,0,0,44,United-States,1
22,Private,317528,Some-college,10,Never-married,Sales,Own-child,White,Male,0,0,34,United-States,0
68,Private,223851,HS-grad,9,Married-civ-spouse,Adm-clerical,Husband,White,Male,0,0,24,United-States,0
33,Private,204494,Some-college,10,Married-civ-spouse,Exec-managerial,Husband,White,Male,0,0,56,United-States,1
45,Private,462440,11th,7,Widowed,Other-service,Not-in-family,Black,Female,0,0,20,United-States,0
71,Self-emp-not-inc,130731,HS-grad,9,Widowed,Adm-clerical,Not-in-family,White,Female,0,0,35,United-States,0
47,Self-emp-not-inc,162924,Bachelors,13,Divorced,Exec-managerial,Not-in-family,Asian-Pac-Islander,Male,0,0,60,Japan,0
24,Private,403671,HS-grad,9,Married-civ-spouse,Craft-repair,Husband,White,Male,0,0,60,United-States,0
22,Private,36011,Assoc-voc,11,Never-married,Prof-specialty,Not-in-family,White,Male,0,0,30,United-States,0
33,Private,136331,HS-grad,9,Married-civ-spouse,Craft-repair,Husband,White,Male,0,0,40,United-States,0
54,State-gov,249096,Assoc-voc,11,Married-civ-spouse,Protective-serv,Husband,White,Male,0,0,40,United-States,0
43,Private,83411,Some-college,10,Married-civ-spouse,Sales,Husband,White,Male,0,0,50,United-States,1
26,Private,291968,HS-grad,9,Married-civ-spouse,Transport-moving,Husband,White,Male,0,0,44,United-States,0
36,Private,103605,HS-grad,9,Married-civ-spouse,Handlers-cleaners,Husband,White,Male,0,0,40,United-States,0
18,Private,345285,11th,7,Never-married,Sales,Own-child,White,Female,0,0,20,United-States,0
37,Private,161141,Some-college,10,Married-civ-spouse,Craft-repair,Husband,White,Male,0,0,40,United-States,1
43,Federal-gov,186916,Masters,14,Divorced,Protective-serv,Not-in-family,White,Male,0,0,60,United-States,1
37,Private,199251,Some-college,10,Married-civ-spouse,Other-service,Wife,White,Female,0,0,40,United-States,0
35,Private,54595,10th,6,Widowed,Other-service,Not-in-family,Black,Female,0,1980,40,United-States,0
23,Local-gov,324960,HS-grad,9,Never-married,Farming-fishing,Not-in-family,White,Male,0,0,40,Poland,0
46,Private,163352,HS-grad,9,Married-civ-spouse,Sales,Husband,White,Male,0,0,36,United-States,0
55,Private,254516,9th,5,Never-married,Handlers-cleaners,Other-relative,Black,Male,0,0,37,United-States,0
19,Private,85690,HS-grad,9,Never-married,Machine-op-inspct,Unmarried,White,Male,0,0,30,United-States,0
61,Private,128230,7th-8th,4,Married-civ-spouse,Sales,Husband,White,Male,0,0,50,United-States,1
46,Private,157991,Assoc-voc,11,Divorced,Tech-support,Unmarried,Black,Female,0,625,40,United-States,0
31,Private,232475,Some-college,10,Married-civ-spouse,Adm-clerical,Husband,White,Male,0,0,40,United-States,0
41,Private,175674,Some-college,10,Married-civ-spouse,Sales,Husband,White,Male,0,0,40,United-States,1
35,Private,191502,Bachelors,13,Married-civ-spouse,Sales,Husband,White,Male,0,0,60,United-States,1
20,Private,184756,Some-college,10,Never-married,Adm-clerical,Own-child,White,Female,0,0,12,United-States,0
35,Private,360799,HS-grad,9,Married-civ-spouse,Craft-repair,Husband,White,Male,7298,0,40,United-States,1
44,Local-gov,73199,Assoc-voc,11,Divorced,Tech-support,Unmarried,Asian-Pac-Islander,Male,0,0,40,United-States,0
39,Private,201410,HS-grad,9,Married-civ-spouse,Handlers-cleaners,Husband,White,Male,0,0,40,United-States,0
41,Private,237321,1st-4th,2,Married-civ-spouse,Machine-op-inspct,Husband,White,Male,0,0,40,Mexico,1
27,Local-gov,151626,HS-grad,9,Never-married,Prof-specialty,Own-child,Black,Female,0,0,40,United-States,0
23,State-gov,173945,Bachelors,13,Never-married,Prof-specialty,Own-child,White,Female,0,0,27,United-States,0
21,Private,57916,7th-8th,4,Never-married,Machine-op-inspct,Own-child,White,Male,0,0,40,United-States,0
17,Private,143868,9th,5,Never-married,Other-service,Own-child,Black,Male,0,0,40,United-States,0
62,Private,113440,Bachelors,13,Married-civ-spouse,Sales,Husband,White,Male,0,0,35,United-States,0
35,Private,187119,Some-college,10,Divorced,Exec-managerial,Not-in-family,White,Female,0,0,70,United-States,0
40,Private,184857,HS-grad,9,Separated,Machine-op-inspct,Unmarried,White,Male,0,0,40,United-States,0
47,Private,70943,HS-grad,9,Married-civ-spouse,Machine-op-inspct,Husband,White,Male,5178,0,40,United-States,1
30,Private,98733,Some-college,10,Divorced,Machine-op-inspct,Unmarried,White,Female,0,0,20,United-States,0
39,Private,126161,Doctorate,16,Never-married,Prof-specialty,Not-in-family,White,Male,0,0,45,United-States,0
19,Private,71650,HS-grad,9,Never-married,Farming-fishing,Own-child,White,Male,0,0,40,United-States,0
52,Private,204226,HS-grad,9,Divorced,Sales,Not-in-family,White,Male,0,0,45,United-States,0
29,Private,264961,HS-grad,9,Never-married,Craft-repair,Own-child,White,Male,0,0,45,United-States,0
26,Private,167350,12th,8,Never-married,Handlers-cleaners,Own-child,White,Male,0,0,40,United-States,0
49,Self-emp-not-inc,107597,HS-grad,9,Divorced,Exec-managerial,Unmarried,White,Female,14084,0,30,United-States,1
43,Self-emp-not-inc,38876,HS-grad,9,Married-civ-spouse,Farming-fishing,Husband,White,Male,0,0,50,United-States,0
20,Private,42706,Some-college,10,Never-married,Farming-fishing,Not-in-family,White,Male,0,0,72,United-States,0
45,Self-emp-inc,32356,Bachelors,13,Married-civ-spouse,Exec-managerial,Husband,White,Male,0,0,51,United-States,0
79,Private,333230,HS-grad,9,Married-spouse-absent,Prof-specialty,Not-in-family,White,Male,0,0,6,United-States,0
33,Private,272411,Bachelors,13,Never-married,Exec-managerial,Not-in-family,White,Female,0,0,40,United-States,0
46,Private,191389,HS-grad,9,Married-civ-spouse,Exec-managerial,Wife,White,Female,0,0,28,United-States,1
30,Private,45781,HS-grad,9,Never-married,Adm-clerical,Unmarried,White,Female,0,0,40,United-States,0
23,Private,189072,Bachelors,13,Never-married,Tech-support,Not-in-family,Black,Female,0,0,45,United-States,0
29,Local-gov,220419,Bachelors,13,Never-married,Protective-serv,Not-in-family,White,Male,0,0,56,United-States,0
22,Private,146540,11th,7,Never-married,Craft-repair,Not-in-family,White,Male,0,0,50,United-States,0
42,Federal-gov,557644,HS-grad,9,Never-married,Adm-clerical,Unmarried,White,Female,0,0,40,United-States,0
61,Private,71209,HS-grad,9,Married-civ-spouse,Craft-repair,Husband,White,Male,0,0,45,United-States,1
26,State-gov,234190,Some-college,10,Never-married,Other-service,Not-in-family,White,Male,0,0,20,United-States,0
24,Private,304386,HS-grad,9,Never-married,Other-service,Own-child,White,Female,0,0,30,United-States,0
31,Private,414525,12th,8,Never-married,Farming-fishing,Not-in-family,Black,Male,0,0,60,United-States,0
33,Private,101562,Masters,14,Never-married,Exec-managerial,Not-in-family,White,Female,0,0,40,United-States,0
51,Private,355954,Some-college,10,Married-civ-spouse,Craft-repair,Husband,White,Male,0,0,60,United-States,1
38,Local-gov,86643,Bachelors,13,Married-civ-spouse,Prof-specialty,Husband,White,Male,0,0,45,United-States,1
43,Private,257780,HS-grad,9,Married-civ-spouse,Adm-clerical,Husband,White,Male,0,0,40,United-States,0
57,Private,201991,Bachelors,13,Married-civ-spouse,Prof-specialty,Husband,White,Male,0,0,40,United-States,0
65,Private,93318,Some-college,10,Married-civ-spouse,Exec-managerial,Wife,White,Female,0,0,45,United-States,0
62,Self-emp-not-inc,82388,HS-grad,9,Married-civ-spouse,Craft-repair,Husband,White,Male,10566,0,40,United-States,0
30,Private,100734,Some-college,10,Married-civ-spouse,Adm-clerical,Wife,White,Female,0,0,40,United-States,0
44,Self-emp-not-inc,483201,Bachelors,13,Married-civ-spouse,Exec-managerial,Husband,White,Male,0,0,40,United-States,0
31,Private,142038,HS-grad,9,Married-civ-spouse,Craft-repair,Wife,White,Female,0,0,45,United-States,0
55,Private,174662,HS-grad,9,Married-civ-spouse,Transport-moving,Husband,White,Male,0,0,32,United-States,0
42,State-gov,211915,Some-college,10,Separated,Tech-support,Unmarried,White,Female,0,0,40,United-States,0
29,Private,251905,Assoc-acdm,12,Married-civ-spouse,Craft-repair,Husband,White,Male,0,0,45,United-States,0
28,Self-emp-not-inc,190391,Bachelors,13,Never-married,Sales,Not-in-family,White,Male,0,0,50,United-States,0
47,Private,179313,10th,6,Divorced,Sales,Unmarried,White,Female,0,0,30,United-States,0
45,Self-emp-not-inc,204405,Assoc-voc,11,Married-civ-spouse,Prof-specialty,Husband,White,Male,0,0,20,United-States,0
42,Private,154374,Bachelors,13,Married-civ-spouse,Sales,Husband,White,Male,0,0,40,United-States,1
31,Private,213750,Some-college,10,Never-married,Sales,Not-in-family,White,Male,0,0,45,United-States,0
58,Local-gov,489085,Bachelors,13,Married-civ-spouse,Prof-specialty,Husband,Black,Male,0,0,40,United-States,0
22,Private,263670,HS-grad,9,Never-married,Other-service,Own-child,Black,Male,0,0,80,United-States,0
38,Private,364782,HS-grad,9,Married-civ-spouse,Craft-repair,Husband,White,Male,0,0,40,United-States,1
47,Self-emp-inc,156728,HS-grad,9,Married-civ-spouse,Sales,Husband,White,Male,0,0,55,United-States,0
49,Local-gov,288548,Masters,14,Separated,Prof-specialty,Unmarried,White,Female,0,0,50,United-States,0
20,Private,107801,Assoc-acdm,12,Never-married,Other-service,Own-child,White,Female,0,2205,18,United-States,0
23,Private,235071,Some-college,10,Never-married,Exec-managerial,Own-child,White,Male,0,0,50,United-States,0
22,Federal-gov,32950,Some-college,10,Married-civ-spouse,Sales,Husband,White,Male,0,1902,37,United-States,0
29,Self-emp-not-inc,190636,Some-college,10,Married-civ-spouse,Craft-repair,Husband,Amer-Indian-Eskimo,Male,0,1485,60,United-States,1
33,Local-gov,147654,Assoc-voc,11,Married-civ-spouse,Prof-specialty,Husband,White,Male,0,0,60,United-States,0
23,Private,234663,HS-grad,9,Never-married,Transport-moving,Own-child,White,Male,0,0,40,United-States,0
21,Private,241951,HS-grad,9,Never-married,Machine-op-inspct,Not-in-family,White,Male,0,0,45,United-States,0
24,Private,137591,Some-college,10,Never-married,Sales,Own-child,White,Male,0,0,10,Greece,0
18,Private,240543,11th,7,Never-married,Other-service,Own-child,White,Female,0,0,20,United-States,0
39,Local-gov,67187,HS-grad,9,Never-married,Exec-managerial,Own-child,Amer-Indian-Eskimo,Female,0,0,40,United-States,0
27,Private,221252,HS-grad,9,Never-married,Adm-clerical,Not-in-family,Amer-Indian-Eskimo,Female,0,0,8,United-States,0
40,Private,125461,Assoc-voc,11,Never-married,Prof-specialty,Not-in-family,White,Male,0,0,42,United-States,0
31,Private,395170,Assoc-voc,11,Married-civ-spouse,Other-service,Wife,Amer-Indian-Eskimo,Female,0,0,24,Mexico,0
19,Private,240686,11th,7,Never-married,Sales,Own-child,White,Female,0,0,25,United-States,0
59,Private,122283,Prof-school,15,Married-civ-spouse,Prof-specialty,Husband,Asian-Pac-Islander,Male,99999,0,40,India,1
48,Private,238360,Bachelors,13,Separated,Adm-clerical,Unmarried,Asian-Pac-Islander,Female,0,0,40,Philippines,0
32,Private,268147,Assoc-voc,11,Never-married,Tech-support,Unmarried,White,Female,0,0,60,United-States,0
32,Private,459007,HS-grad,9,Married-civ-spouse,Protective-serv,Husband,White,Male,0,0,90,United-States,0
60,Self-emp-not-inc,218085,HS-grad,9,Married-civ-spouse,Other-service,Wife,Black,Female,0,0,50,United-States,0
42,Private,384236,Masters,14,Married-civ-spouse,Prof-specialty,Husband,White,Male,7688,0,40,United-States,1
33,Private,149184,HS-grad,9,Never-married,Prof-specialty,Not-in-family,White,Male,0,0,60,United-States,1
31,Private,178506,Some-college,10,Never-married,Adm-clerical,Unmarried,Black,Female,0,0,40,United-States,0
47,Private,344157,11th,7,Divorced,Handlers-cleaners,Not-in-family,White,Male,0,0,40,United-States,0
53,Local-gov,132304,Some-college,10,Divorced,Adm-clerical,Not-in-family,White,Female,0,0,40,United-States,0
19,Local-gov,169853,HS-grad,9,Never-married,Craft-repair,Own-child,White,Male,0,0,40,United-States,0
37,Private,241805,Some-college,10,Married-civ-spouse,Other-service,Husband,Black,Male,0,0,30,United-States,0
27,Private,150080,Bachelors,13,Never-married,Exec-managerial,Own-child,White,Female,0,0,40,United-States,0
40,Private,96055,HS-grad,9,Separated,Adm-clerical,Unmarried,White,Female,0,0,45,United-States,0
35,Private,187711,HS-grad,9,Married-civ-spouse,Craft-repair,Husband,White,Male,0,0,40,United-States,0
54,Self-emp-not-inc,226497,Some-college,10,Married-civ-spouse,Sales,Husband,White,Male,0,0,50,United-States,0
22,Private,186452,10th,6,Never-married,Craft-repair,Not-in-family,White,Male,0,0,30,United-States,0
50,Private,35224,HS-grad,9,Married-civ-spouse,Craft-repair,Husband,White,Male,0,0,40,United-States,0
53,Federal-gov,130703,HS-grad,9,Married-civ-spouse,Adm-clerical,Husband,Black,Male,0,0,40,United-States,0
25,Private,288519,Bachelors,13,Never-married,Adm-clerical,Not-in-family,White,Female,0,0,40,United-States,0
60,Private,85815,HS-grad,9,Married-civ-spouse,Craft-repair,Husband,Asian-Pac-Islander,Male,0,0,40,United-States,0
38,Private,131808,Assoc-voc,11,Divorced,Craft-repair,Unmarried,White,Male,0,0,40,United-States,0
61,Self-emp-inc,66614,HS-grad,9,Married-civ-spouse,Craft-repair,Husband,White,Male,0,0,40,United-States,0
30,Local-gov,182926,Some-college,10,Married-civ-spouse,Protective-serv,Husband,White,Male,15024,0,40,United-States,1
28,Private,83879,HS-grad,9,Married-civ-spouse,Machine-op-inspct,Husband,Black,Male,0,0,40,United-States,0
53,Local-gov,216691,Doctorate,16,Divorced,Prof-specialty,Not-in-family,White,Female,10520,0,40,United-States,1
41,Private,213055,Assoc-acdm,12,Never-married,Adm-clerical,Not-in-family,Other,Female,0,0,50,United-States,0
75,Private,188612,HS-grad,9,Widowed,Adm-clerical,Not-in-family,White,Female,0,0,40,United-States,0
64,Self-emp-inc,80333,HS-grad,9,Married-civ-spouse,Exec-managerial,Husband,White,Male,0,0,40,United-States,1
33,Private,232475,HS-grad,9,Married-civ-spouse,Craft-repair,Husband,White,Male,0,0,40,United-States,1
41,Private,227890,Some-college,10,Divorced,Craft-repair,Not-in-family,White,Male,0,0,46,United-States,1
80,Private,202483,HS-grad,9,Married-spouse-absent,Adm-clerical,Not-in-family,White,Female,0,0,16,United-States,0
47,Private,27624,Assoc-voc,11,Never-married,Other-service,Not-in-family,White,Female,0,0,55,United-States,0
33,Private,153588,HS-grad,9,Married-civ-spouse,Machine-op-inspct,Husband,White,Male,0,0,40,United-States,0
49,State-gov,213307,Some-college,10,Married-civ-spouse,Prof-specialty,Husband,White,Male,0,0,40,United-States,0
29,Private,229729,HS-grad,9,Never-married,Transport-moving,Not-in-family,White,Male,0,0,40,United-States,0
32,Private,222205,Some-college,10,Married-civ-spouse,Prof-specialty,Wife,White,Female,0,0,40,United-States,1
27,Private,195562,HS-grad,9,Never-married,Craft-repair,Own-child,Black,Male,0,0,20,United-States,0
47,Private,249935,11th,7,Divorced,Craft-repair,Own-child,White,Male,0,0,8,United-States,0
53,Private,72257,Some-college,10,Married-civ-spouse,Exec-managerial,Husband,White,Male,0,0,55,United-States,0
37,Private,335168,Some-college,10,Married-civ-spouse,Sales,Husband,White,Male,0,0,55,United-States,0
39,Local-gov,256997,Bachelors,13,Married-civ-spouse,Craft-repair,Husband,White,Male,0,0,40,United-States,0
51,Local-gov,96678,Masters,14,Married-civ-spouse,Prof-specialty,Husband,White,Male,0,0,60,United-States,0
29,Private,234447,Some-college,10,Divorced,Adm-clerical,Not-in-family,Black,Female,0,0,40,United-States,0
48,Private,146268,Bachelors,13,Married-civ-spouse,Adm-clerical,Husband,White,Male,7688,0,40,United-States,1
44,Local-gov,231793,Doctorate,16,Married-spouse-absent,Prof-specialty,Unmarried,White,Female,0,0,38,United-States,0
63,Self-emp-not-inc,217715,5th-6th,3,Never-married,Sales,Not-in-family,White,Female,0,0,3,United-States,0
40,Private,142886,Bachelors,13,Widowed,Exec-managerial,Unmarried,White,Female,0,0,40,United-States,0
23,Private,117583,HS-grad,9,Never-married,Craft-repair,Own-child,White,Male,0,0,40,United-States,0
25,Private,190350,HS-grad,9,Never-married,Adm-clerical,Unmarried,Black,Female,0,0,40,United-States,0
35,Private,308945,HS-grad,9,Divorced,Tech-support,Unmarried,White,Female,0,0,75,United-States,0
55,Private,92215,HS-grad,9,Divorced,Adm-clerical,Not-in-family,White,Female,0,0,40,United-States,0
35,Private,26987,HS-grad,9,Separated,Adm-clerical,Not-in-family,White,Female,0,0,40,United-States,0
36,Self-emp-not-inc,285020,HS-grad,9,Married-civ-spouse,Craft-repair,Husband,White,Male,2885,0,40,United-States,0
55,Private,125000,Prof-school,15,Married-civ-spouse,Exec-managerial,Husband,White,Male,0,0,60,United-States,1
42,State-gov,160369,HS-grad,9,Never-married,Protective-serv,Not-in-family,White,Male,0,0,40,United-States,1
25,Private,203570,HS-grad,9,Separated,Other-service,Unmarried,Black,Male,0,0,40,United-States,0
33,Private,276221,Doctorate,16,Married-civ-spouse,Prof-specialty,Husband,White,Male,0,0,40,United-States,0
20,Private,132320,Some-college,10,Separated,Craft-repair,Not-in-family,White,Male,0,0,40,United-States,0
21,Private,129350,Some-college,10,Never-married,Sales,Own-child,White,Male,0,0,40,United-States,0
42,Private,342865,HS-grad,9,Married-civ-spouse,Sales,Husband,White,Male,0,0,40,United-States,0
33,Private,208405,Masters,14,Married-civ-spouse,Prof-specialty,Husband,White,Male,0,0,50,United-States,1
45,Private,145636,Masters,14,Married-civ-spouse,Exec-managerial,Husband,White,Male,0,1977,43,United-States,1
58,Private,301867,HS-grad,9,Married-civ-spouse,Farming-fishing,Husband,White,Male,0,0,40,United-States,0
33,Private,392812,Some-college,10,Married-civ-spouse,Handlers-cleaners,Husband,White,Male,0,0,50,United-States,1
24,Private,83783,Bachelors,13,Never-married,Tech-support,Own-child,White,Female,0,0,40,United-States,0
41,Private,242089,Masters,14,Married-civ-spouse,Exec-managerial,Husband,White,Male,0,0,45,United-States,0
31,Private,159123,Bachelors,13,Married-civ-spouse,Prof-specialty,Husband,White,Male,0,0,60,United-States,1
38,Private,26987,HS-grad,9,Divorced,Other-service,Unmarried,White,Female,0,0,40,United-States,0
27,Private,146460,Some-college,10,Never-married,Machine-op-inspct,Not-in-family,White,Female,0,0,40,United-States,0
35,Private,105803,Some-college,10,Married-civ-spouse,Craft-repair,Husband,White,Male,0,0,50,United-States,1
36,Private,111377,10th,6,Married-civ-spouse,Craft-repair,Husband,White,Male,0,0,40,United-States,0
20,Private,289944,Some-college,10,Never-married,Prof-specialty,Not-in-family,White,Female,0,0,20,United-States,0
40,Self-emp-not-inc,179533,HS-grad,9,Married-civ-spouse,Transport-moving,Husband,White,Male,0,0,75,United-States,1
39,Federal-gov,209609,HS-grad,9,Married-civ-spouse,Adm-clerical,Husband,White,Male,0,0,50,United-States,0
42,Private,173628,Bachelors,13,Married-civ-spouse,Exec-managerial,Husband,White,Male,0,0,40,United-States,1
65,Private,258561,Bachelors,13,Married-civ-spouse,Other-service,Husband,White,Male,0,0,20,United-States,0
31,Private,254293,Some-college,10,Never-married,Prof-specialty,Not-in-family,White,Male,0,0,40,United-States,0
61,Private,178312,Assoc-acdm,12,Married-civ-spouse,Exec-managerial,Husband,White,Male,0,0,42,United-States,0
51,Private,87205,Bachelors,13,Divorced,Prof-specialty,Unmarried,White,Female,0,0,55,England,0
25,Private,374918,12th,8,Married-civ-spouse,Other-service,Wife,White,Female,0,0,40,United-States,0
26,Private,29957,Masters,14,Never-married,Tech-support,Other-relative,White,Male,0,0,25,United-States,0
24,Federal-gov,306515,HS-grad,9,Never-married,Adm-clerical,Not-in-family,White,Female,0,0,40,United-States,0
53,Private,166368,Some-college,10,Never-married,Craft-repair,Not-in-family,White,Male,0,0,40,United-States,0
37,State-gov,136137,Some-college,10,Separated,Adm-clerical,Not-in-family,White,Male,0,0,40,United-States,0
30,Private,174215,Doctorate,16,Never-married,Prof-specialty,Not-in-family,White,Female,0,0,15,United-States,0
23,Private,182494,7th-8th,4,Never-married,Machine-op-inspct,Own-child,White,Male,0,0,40,United-States,0
53,Self-emp-inc,134854,Assoc-voc,11,Married-civ-spouse,Exec-managerial,Husband,White,Male,0,0,40,Greece,1
34,Local-gov,97723,Prof-school,15,Married-civ-spouse,Prof-specialty,Husband,White,Male,0,0,40,United-States,1
38,Private,296212,Bachelors,13,Married-civ-spouse,Craft-repair,Husband,White,Male,0,0,45,United-States,0
34,Private,198103,HS-grad,9,Never-married,Transport-moving,Own-child,White,Male,0,1980,40,United-States,0
30,Private,211028,HS-grad,9,Never-married,Adm-clerical,Not-in-family,White,Female,0,0,45,United-States,0
18,Private,120029,HS-grad,9,Never-married,Other-service,Own-child,White,Female,0,0,40,United-States,0
42,Private,68729,Some-college,10,Never-married,Craft-repair,Not-in-family,Asian-Pac-Islander,Male,0,0,40,United-States,0
26,Private,75654,HS-grad,9,Divorced,Craft-repair,Not-in-family,White,Male,0,0,55,United-States,0
64,Self-emp-inc,161325,Assoc-acdm,12,Married-civ-spouse,Sales,Husband,White,Male,0,1887,50,United-States,1
30,State-gov,158291,Bachelors,13,Never-married,Adm-clerical,Not-in-family,White,Male,0,0,40,United-States,0
20,Private,379198,HS-grad,9,Never-married,Other-service,Other-relative,Other,Male,0,0,40,Mexico,0
51,Local-gov,176751,Bachelors,13,Married-civ-spouse,Prof-specialty,Husband,White,Male,0,1902,40,United-States,1
50,Private,176609,Some-college,10,Divorced,Other-service,Not-in-family,White,Male,0,0,45,United-States,0
20,Private,50397,HS-grad,9,Never-married,Adm-clerical,Own-child,Black,Male,0,0,20,United-States,0
24,Private,321435,Bachelors,13,Never-married,Exec-managerial,Not-in-family,White,Male,0,0,50,United-States,0
41,Private,192107,Bachelors,13,Married-civ-spouse,Craft-repair,Husband,White,Male,0,0,40,United-States,0
40,Private,102606,Masters,14,Married-civ-spouse,Exec-managerial,Husband,White,Male,0,0,40,United-States,1
45,Federal-gov,359808,Assoc-acdm,12,Never-married,Exec-managerial,Not-in-family,White,Male,0,0,40,United-States,0
27,Private,39665,HS-grad,9,Divorced,Sales,Unmarried,White,Female,0,0,37,United-States,0
40,Private,168936,Assoc-voc,11,Divorced,Other-service,Not-in-family,White,Female,0,0,32,United-States,0
31,Private,226443,Some-college,10,Married-civ-spouse,Craft-repair,Husband,White,Male,0,0,55,United-States,1
31,Private,147215,12th,8,Divorced,Other-service,Unmarried,White,Female,0,0,21,United-States,0
30,Private,315640,Doctorate,16,Married-civ-spouse,Prof-specialty,Husband,Asian-Pac-Islander,Male,0,1977,40,China,1
58,Private,203735,HS-grad,9,Divorced,Exec-managerial,Unmarried,White,Female,0,0,40,United-States,0
33,Federal-gov,88913,Some-college,10,Never-married,Adm-clerical,Own-child,Asian-Pac-Islander,Female,0,0,40,United-States,0
26,Local-gov,46097,Bachelors,13,Married-civ-spouse,Prof-specialty,Husband,White,Male,0,0,40,United-States,0
37,Self-emp-not-inc,265266,Prof-school,15,Married-civ-spouse,Prof-specialty,Husband,White,Male,0,0,40,Cuba,1
37,Private,295127,HS-grad,9,Never-married,Machine-op-inspct,Not-in-family,White,Male,0,0,40,United-States,0
42,Private,31251,Assoc-voc,11,Married-civ-spouse,Sales,Husband,White,Male,0,0,37,United-States,0
34,Private,54850,Bachelors,13,Never-married,Exec-managerial,Not-in-family,White,Male,0,1590,50,United-States,0
56,Private,435022,Some-college,10,Divorced,Other-service,Not-in-family,White,Female,0,0,50,United-States,0
28,Local-gov,163942,Some-college,10,Never-married,Protective-serv,Own-child,White,Male,0,0,40,United-States,0
44,Private,260046,HS-grad,9,Divorced,Transport-moving,Not-in-family,White,Male,0,0,40,United-States,0
47,Private,176239,Some-college,10,Widowed,Prof-specialty,Unmarried,White,Female,0,0,40,United-States,0
26,State-gov,28366,Bachelors,13,Never-married,Prof-specialty,Not-in-family,White,Male,0,0,40,United-States,0
28,Self-emp-not-inc,237466,Some-college,10,Married-civ-spouse,Adm-clerical,Wife,White,Female,0,0,30,United-States,1
31,Private,171871,Masters,14,Never-married,Prof-specialty,Not-in-family,White,Female,0,0,46,United-States,0
29,Private,183854,HS-grad,9,Never-married,Sales,Not-in-family,White,Female,0,0,25,United-States,0
39,Private,49020,Masters,14,Never-married,Exec-managerial,Not-in-family,White,Male,0,1974,40,United-States,0
22,Federal-gov,100345,HS-grad,9,Never-married,Handlers-cleaners,Own-child,White,Male,0,0,43,United-States,0
25,Private,160445,HS-grad,9,Divorced,Craft-repair,Not-in-family,White,Male,0,0,40,United-States,0
20,Private,130840,10th,6,Never-married,Handlers-cleaners,Own-child,White,Male,0,0,40,United-States,0
59,State-gov,132717,10th,6,Married-civ-spouse,Farming-fishing,Husband,White,Male,0,0,40,United-States,0
48,Private,326048,Assoc-acdm,12,Divorced,Other-service,Not-in-family,White,Male,0,0,44,United-States,0
54,Self-emp-inc,206862,HS-grad,9,Married-civ-spouse,Exec-managerial,Husband,White,Male,0,0,36,United-States,1
17,Local-gov,308901,11th,7,Never-married,Adm-clerical,Own-child,White,Female,0,0,15,United-States,0
53,Private,375134,Some-college,10,Married-civ-spouse,Sales,Husband,White,Male,0,0,60,United-States,1
37,Private,176967,Some-college,10,Married-civ-spouse,Craft-repair,Husband,White,Male,0,0,50,United-States,1
53,Private,233165,HS-grad,9,Married-civ-spouse,Exec-managerial,Husband,White,Male,0,0,60,United-States,1
43,Private,102895,Some-college,10,Divorced,Prof-specialty,Not-in-family,White,Male,0,0,40,United-States,0
44,Private,261899,Some-college,10,Married-civ-spouse,Machine-op-inspct,Husband,White,Male,0,0,44,United-States,0
46,Local-gov,121370,HS-grad,9,Divorced,Adm-clerical,Unmarried,White,Female,0,0,30,United-States,0
54,Self-emp-not-inc,109418,Bachelors,13,Married-civ-spouse,Exec-managerial,Wife,White,Female,0,1977,35,United-States,1
41,Private,106679,Masters,14,Never-married,Exec-managerial,Not-in-family,White,Male,27828,0,50,United-States,1
36,Private,116358,Masters,14,Married-civ-spouse,Exec-managerial,Husband,Asian-Pac-Islander,Male,0,0,40,Taiwan,1
58,Private,293399,11th,7,Widowed,Machine-op-inspct,Not-in-family,White,Female,0,0,40,United-States,0
51,State-gov,77905,Assoc-voc,11,Divorced,Prof-specialty,Unmarried,White,Female,0,0,40,United-States,0
53,Private,197492,HS-grad,9,Divorced,Machine-op-inspct,Not-in-family,White,Female,0,0,40,United-States,0
49,Private,129640,HS-grad,9,Never-married,Other-service,Not-in-family,White,Female,0,0,40,United-States,0
56,Private,275236,Bachelors,13,Married-civ-spouse,Machine-op-inspct,Husband,White,Male,0,0,40,United-States,0
47,Federal-gov,98726,Bachelors,13,Married-spouse-absent,Exec-managerial,Not-in-family,White,Female,0,0,40,United-States,0
26,Private,192022,Bachelors,13,Never-married,Prof-specialty,Own-child,White,Female,0,0,40,United-States,0
28,Private,186720,Some-college,10,Never-married,Other-service,Own-child,White,Female,0,0,50,United-States,0
37,Self-emp-inc,291518,Bachelors,13,Married-civ-spouse,Craft-repair,Husband,White,Male,15024,0,55,United-States,1
28,Private,263728,Bachelors,13,Married-civ-spouse,Craft-repair,Husband,White,Male,0,0,40,United-States,0
35,Private,29145,Assoc-voc,11,Never-married,Transport-moving,Not-in-family,White,Male,0,0,40,United-States,0
35,Federal-gov,84848,Some-college,10,Never-married,Handlers-cleaners,Unmarried,White,Female,0,0,40,United-States,0
66,Private,263637,10th,6,Married-civ-spouse,Protective-serv,Husband,White,Male,0,0,40,United-States,0
30,Private,115963,11th,7,Married-civ-spouse,Craft-repair,Husband,White,Male,0,0,40,United-States,0
41,Private,190591,HS-grad,9,Separated,Other-service,Unmarried,Black,Female,0,0,20,United-States,0
44,Self-emp-inc,181762,Some-college,10,Married-civ-spouse,Exec-managerial,Husband,White,Male,0,0,50,United-States,0
29,Private,158218,HS-grad,9,Never-married,Farming-fishing,Unmarried,White,Male,0,0,35,United-States,0
26,Private,272669,Bachelors,13,Never-married,Sales,Not-in-family,Asian-Pac-Islander,Male,0,0,20,South,0
17,Private,160968,11th,7,Never-married,Adm-clerical,Own-child,White,Male,0,0,16,United-States,0
33,Private,106670,Bachelors,13,Married-civ-spouse,Prof-specialty,Wife,White,Female,0,0,40,United-States,1
56,Private,346033,9th,5,Divorced,Adm-clerical,Not-in-family,White,Male,0,0,40,United-States,0
27,Private,360097,HS-grad,9,Never-married,Handlers-cleaners,Not-in-family,Black,Male,0,0,40,United-States,0
27,Private,391468,11th,7,Divorced,Craft-repair,Own-child,White,Male,0,0,40,United-States,0
39,Private,249720,Bachelors,13,Divorced,Exec-managerial,Unmarried,Black,Female,0,0,60,United-States,0
36,Private,370156,HS-grad,9,Divorced,Adm-clerical,Unmarried,White,Female,0,0,38,United-States,0
29,Private,29865,HS-grad,9,Divorced,Sales,Not-in-family,Amer-Indian-Eskimo,Female,0,0,50,United-States,0
25,Private,106491,HS-grad,9,Married-civ-spouse,Craft-repair,Husband,White,Male,0,0,48,United-States,0
51,Local-gov,156003,HS-grad,9,Divorced,Protective-serv,Not-in-family,White,Male,0,0,40,United-States,0
29,Private,167716,HS-grad,9,Divorced,Other-service,Unmarried,White,Female,0,0,99,United-States,0
47,Self-emp-inc,192894,Bachelors,13,Married-civ-spouse,Exec-managerial,Husband,White,Male,0,1902,45,United-States,1
33,Private,251421,Assoc-acdm,12,Divorced,Prof-specialty,Not-in-family,White,Male,0,0,50,United-States,0
61,Self-emp-not-inc,176965,Prof-school,15,Married-civ-spouse,Prof-specialty,Husband,White,Male,0,0,50,United-States,1
37,Self-emp-not-inc,181553,HS-grad,9,Divorced,Craft-repair,Not-in-family,White,Male,0,0,50,United-States,0
40,Private,192344,Bachelors,13,Married-civ-spouse,Adm-clerical,Husband,White,Male,0,0,40,United-States,1
38,State-gov,203628,Bachelors,13,Married-civ-spouse,Prof-specialty,Husband,White,Male,0,0,45,United-States,1
28,Private,207513,HS-grad,9,Never-married,Sales,Own-child,White,Male,0,0,48,United-States,0
23,Private,435835,HS-grad,9,Never-married,Sales,Not-in-family,White,Male,0,1669,55,United-States,0
34,Private,177675,Bachelors,13,Married-civ-spouse,Tech-support,Husband,White,Male,0,0,40,United-States,1
45,Federal-gov,88564,Some-college,10,Married-civ-spouse,Exec-managerial,Husband,White,Male,7688,0,40,United-States,1
46,Private,174386,HS-grad,9,Never-married,Other-service,Unmarried,White,Female,0,0,24,United-States,0
39,Private,29814,HS-grad,9,Married-civ-spouse,Craft-repair,Husband,White,Male,0,0,40,United-States,0
45,Private,34248,HS-grad,9,Married-civ-spouse,Sales,Husband,White,Male,0,0,50,United-States,0
51,Self-emp-inc,258735,HS-grad,9,Divorced,Protective-serv,Not-in-family,White,Male,0,0,81,United-States,0
57,Private,225927,10th,6,Married-civ-spouse,Machine-op-inspct,Husband,White,Male,0,0,40,United-States,0
19,Private,101549,Some-college,10,Never-married,Other-service,Own-child,White,Male,0,0,15,United-States,0
31,Private,132996,HS-grad,9,Married-civ-spouse,Prof-specialty,Husband,White,Male,5178,0,45,United-States,1
51,Private,230858,Some-college,10,Married-civ-spouse,Craft-repair,Husband,White,Male,0,1977,60,United-States,1
53,Private,73134,HS-grad,9,Married-civ-spouse,Sales,Husband,White,Male,15024,0,60,United-States,1
24,Private,275093,HS-grad,9,Never-married,Handlers-cleaners,Not-in-family,White,Female,0,0,36,United-States,0
38,Private,165472,Bachelors,13,Married-civ-spouse,Prof-specialty,Husband,White,Male,0,0,40,United-States,1
31,Private,184307,Some-college,10,Married-civ-spouse,Exec-managerial,Husband,White,Male,0,0,50,Jamaica,1
34,Private,684015,5th-6th,3,Never-married,Handlers-cleaners,Own-child,White,Male,0,0,40,El-Salvador,0
73,Self-emp-not-inc,190078,Some-college,10,Married-civ-spouse,Exec-managerial,Husband,White,Male,0,0,35,United-States,0
34,Private,418020,Doctorate,16,Married-civ-spouse,Prof-specialty,Husband,White,Male,0,0,50,United-States,1
51,Local-gov,203334,Doctorate,16,Divorced,Exec-managerial,Not-in-family,White,Female,0,0,45,United-States,1
29,Private,84366,10th,6,Married-spouse-absent,Adm-clerical,Unmarried,White,Female,0,0,40,Mexico,0
38,Private,199816,HS-grad,9,Divorced,Machine-op-inspct,Own-child,White,Male,0,0,40,United-States,0
21,State-gov,142766,Some-college,10,Never-married,Exec-managerial,Own-child,White,Male,0,0,40,United-States,0
27,Private,163862,HS-grad,9,Never-married,Transport-moving,Not-in-family,White,Male,0,0,40,United-States,0
23,Self-emp-not-inc,258298,Bachelors,13,Never-married,Adm-clerical,Own-child,White,Male,0,2231,40,United-States,1
51,Private,254211,Bachelors,13,Married-civ-spouse,Craft-repair,Husband,White,Male,0,0,20,United-States,1
42,Self-emp-not-inc,178780,Masters,14,Married-civ-spouse,Exec-managerial,Husband,White,Male,0,0,50,United-States,1
51,Private,254230,Some-college,10,Married-civ-spouse,Exec-managerial,Husband,White,Male,0,0,40,United-States,1
44,Private,167955,HS-grad,9,Married-civ-spouse,Craft-repair,Husband,White,Male,0,0,40,Poland,0
49,Federal-gov,216453,Assoc-voc,11,Divorced,Exec-managerial,Unmarried,Black,Female,0,0,45,United-States,0
18,Private,293227,HS-grad,9,Never-married,Other-service,Not-in-family,White,Female,0,0,45,United-States,0
39,Private,358753,Assoc-voc,11,Married-civ-spouse,Craft-repair,Husband,White,Male,7688,0,40,United-States,1
33,Self-emp-not-inc,170979,Prof-school,15,Married-civ-spouse,Prof-specialty,Husband,White,Male,0,1887,40,United-States,1
28,Self-emp-not-inc,39388,Assoc-voc,11,Married-civ-spouse,Farming-fishing,Husband,White,Male,0,0,60,United-States,0
28,State-gov,381789,Some-college,10,Separated,Exec-managerial,Own-child,White,Male,0,2339,40,United-States,0
33,Private,217460,Assoc-acdm,12,Married-civ-spouse,Prof-specialty,Husband,White,Male,0,0,40,United-States,1
27,Private,37250,Some-college,10,Married-civ-spouse,Machine-op-inspct,Husband,White,Male,0,1651,40,United-States,0
17,Local-gov,244856,11th,7,Never-married,Prof-specialty,Own-child,White,Female,0,0,40,United-States,0
24,Private,94395,Some-college,10,Never-married,Craft-repair,Not-in-family,White,Male,0,0,40,United-States,0
44,Private,98211,Bachelors,13,Married-civ-spouse,Transport-moving,Husband,White,Male,0,0,55,United-States,0
38,Private,275338,Bachelors,13,Divorced,Sales,Unmarried,White,Female,1151,0,40,United-States,0
22,Private,213902,HS-grad,9,Never-married,Adm-clerical,Unmarried,White,Female,0,0,40,Mexico,0
20,Private,298227,Some-college,10,Never-married,Sales,Not-in-family,White,Male,0,0,35,United-States,0
30,Private,185336,Some-college,10,Divorced,Adm-clerical,Unmarried,Black,Female,0,0,37,United-States,0
32,Self-emp-not-inc,97723,Assoc-voc,11,Never-married,Craft-repair,Not-in-family,White,Male,0,0,40,United-States,0
52,Private,48925,Some-college,10,Married-civ-spouse,Adm-clerical,Husband,White,Male,0,0,40,United-States,0
35,Private,154410,Bachelors,13,Married-civ-spouse,Exec-managerial,Husband,White,Male,0,0,50,United-States,1
54,Self-emp-not-inc,192654,Bachelors,13,Divorced,Transport-moving,Not-in-family,White,Male,0,0,65,United-States,0
28,Private,419146,7th-8th,4,Separated,Handlers-cleaners,Not-in-family,White,Male,0,0,40,Mexico,0
21,Private,304302,HS-grad,9,Never-married,Handlers-cleaners,Own-child,Amer-Indian-Eskimo,Male,0,0,40,United-States,0
28,Private,209205,Masters,14,Married-civ-spouse,Prof-specialty,Husband,White,Male,0,0,45,United-States,1
57,Private,180779,Bachelors,13,Married-civ-spouse,Prof-specialty,Husband,White,Male,7298,0,40,United-States,1
29,Private,241667,Masters,14,Never-married,Prof-specialty,Not-in-family,White,Female,0,0,45,United-States,0
59,Self-emp-not-inc,32537,HS-grad,9,Married-civ-spouse,Farming-fishing,Husband,White,Male,0,0,40,United-States,1
45,Private,513660,Bachelors,13,Never-married,Prof-specialty,Not-in-family,White,Male,0,0,40,United-States,0
52,Private,213209,Some-college,10,Married-civ-spouse,Craft-repair,Husband,White,Male,0,0,40,United-States,1
29,Private,187327,Bachelors,13,Never-married,Prof-specialty,Not-in-family,White,Male,0,0,40,United-States,0
24,Private,218678,Some-college,10,Never-married,Sales,Not-in-family,White,Male,0,0,49,United-States,0
62,Federal-gov,159165,HS-grad,9,Widowed,Exec-managerial,Not-in-family,White,Female,0,0,36,United-States,0
38,Private,259019,HS-grad,9,Married-civ-spouse,Craft-repair,Husband,White,Male,0,0,44,United-States,0
52,Federal-gov,279337,HS-grad,9,Married-civ-spouse,Adm-clerical,Husband,White,Male,0,0,40,United-States,0
35,Private,177102,HS-grad,9,Divorced,Handlers-cleaners,Unmarried,White,Female,0,0,40,United-States,0
60,State-gov,69251,Masters,14,Married-civ-spouse,Prof-specialty,Husband,Asian-Pac-Islander,Male,0,0,38,China,1
47,Private,190072,Some-college,10,Divorced,Sales,Unmarried,White,Male,0,0,50,United-States,0
35,Private,214891,HS-grad,9,Married-civ-spouse,Transport-moving,Husband,Other,Male,0,0,40,Dominican-Republic,0
36,Private,179488,Some-college,10,Divorced,Adm-clerical,Unmarried,White,Male,0,0,40,Canada,0
27,Private,179565,Bachelors,13,Never-married,Adm-clerical,Not-in-family,White,Female,0,0,37,United-States,0
49,Self-emp-not-inc,199326,Some-college,10,Married-civ-spouse,Sales,Husband,White,Male,0,0,50,United-States,0
52,Self-emp-inc,230767,Bachelors,13,Married-civ-spouse,Exec-managerial,Husband,White,Male,0,1902,60,Cuba,1
33,Private,100135,HS-grad,9,Married-civ-spouse,Adm-clerical,Wife,White,Female,0,1740,25,United-States,0
31,Private,200246,9th,5,Never-married,Other-service,Own-child,White,Male,0,0,40,United-States,0
24,Self-emp-not-inc,34918,Assoc-voc,11,Never-married,Other-service,Unmarried,White,Female,0,0,38,United-States,0
28,Private,111696,HS-grad,9,Separated,Craft-repair,Not-in-family,White,Male,0,1974,40,United-States,0
19,Private,28119,Some-college,10,Never-married,Other-service,Own-child,White,Female,0,0,4,United-States,0
55,Self-emp-not-inc,168625,Some-college,10,Divorced,Tech-support,Not-in-family,White,Female,0,0,12,United-States,1
37,Private,236328,10th,6,Married-civ-spouse,Craft-repair,Husband,White,Male,0,0,48,United-States,0
19,Private,307496,Some-college,10,Never-married,Other-service,Own-child,White,Female,0,0,16,United-States,0
18,Private,338836,HS-grad,9,Never-married,Other-service,Own-child,White,Male,0,0,20,United-States,0
48,Private,47686,11th,7,Married-civ-spouse,Other-service,Wife,White,Female,0,0,40,United-States,0
39,Private,230054,Masters,14,Married-civ-spouse,Prof-specialty,Husband,White,Male,0,0,50,United-States,1
55,Private,98361,Bachelors,13,Married-civ-spouse,Exec-managerial,Husband,White,Male,15024,0,55,United-States,1
24,Private,275421,Assoc-voc,11,Never-married,Machine-op-inspct,Own-child,White,Female,0,0,40,United-States,0
41,Federal-gov,187462,Assoc-voc,11,Divorced,Adm-clerical,Own-child,Black,Female,0,0,40,United-States,0
52,Private,153751,9th,5,Separated,Other-service,Not-in-family,Black,Female,0,0,30,United-States,0
27,Private,114967,9th,5,Married-civ-spouse,Craft-repair,Husband,White,Male,0,0,40,United-States,0
27,Private,204497,10th,6,Divorced,Transport-moving,Not-in-family,Amer-Indian-Eskimo,Male,0,0,75,United-States,0
30,Self-emp-not-inc,278522,11th,7,Never-married,Farming-fishing,Own-child,Black,Male,0,0,40,United-States,0
37,Private,272950,HS-grad,9,Married-civ-spouse,Exec-managerial,Husband,White,Male,0,0,40,United-States,0
30,Private,251120,7th-8th,4,Never-married,Craft-repair,Not-in-family,White,Male,0,0,38,United-States,0
33,Private,259931,11th,7,Separated,Machine-op-inspct,Other-relative,White,Male,0,0,30,United-States,0
29,Private,202878,HS-grad,9,Never-married,Craft-repair,Not-in-family,White,Male,0,0,50,United-States,0
43,Federal-gov,410867,Doctorate,16,Never-married,Prof-specialty,Not-in-family,White,Female,0,0,50,United-States,1
25,Private,259505,HS-grad,9,Never-married,Tech-support,Not-in-family,White,Male,0,0,40,United-States,0
34,Private,112212,HS-grad,9,Married-civ-spouse,Adm-clerical,Husband,White,Male,0,1485,40,United-States,0
26,Private,280093,5th-6th,3,Married-civ-spouse,Craft-repair,Husband,White,Male,0,1628,50,United-States,0
33,Private,213226,HS-grad,9,Married-civ-spouse,Craft-repair,Husband,White,Male,0,0,60,United-States,0
30,Private,33124,HS-grad,9,Separated,Farming-fishing,Unmarried,White,Female,0,0,14,United-States,0
31,Self-emp-not-inc,33117,Masters,14,Never-married,Prof-specialty,Not-in-family,White,Male,0,0,45,England,0
39,Private,168894,Bachelors,13,Divorced,Adm-clerical,Unmarried,White,Female,0,0,20,United-States,0
18,Self-emp-not-inc,157131,11th,7,Never-married,Sales,Own-child,White,Female,0,0,40,United-States,0
39,Local-gov,187127,Some-college,10,Married-civ-spouse,Exec-managerial,Husband,White,Male,0,0,40,United-States,0
28,Self-emp-not-inc,191027,HS-grad,9,Divorced,Farming-fishing,Not-in-family,White,Male,0,0,40,United-States,0
46,Self-emp-not-inc,328216,Prof-school,15,Married-civ-spouse,Prof-specialty,Husband,White,Male,0,0,45,United-States,1
69,Private,122850,HS-grad,9,Married-civ-spouse,Craft-repair,Husband,White,Male,0,0,16,United-States,0
37,Private,161141,Assoc-voc,11,Married-civ-spouse,Craft-repair,Husband,White,Male,0,0,40,Portugal,1
35,Private,144322,Assoc-acdm,12,Divorced,Exec-managerial,Not-in-family,White,Female,0,0,50,United-States,0
19,Private,175507,HS-grad,9,Never-married,Other-service,Not-in-family,White,Female,0,0,30,United-States,0
31,Private,197860,Some-college,10,Married-civ-spouse,Handlers-cleaners,Husband,White,Male,0,0,40,United-States,0
55,Private,173093,Some-college,10,Divorced,Adm-clerical,Not-in-family,Asian-Pac-Islander,Female,0,0,40,United-States,0
30,Local-gov,191777,HS-grad,9,Never-married,Protective-serv,Own-child,Black,Female,0,0,40,United-States,0
47,Federal-gov,380127,HS-grad,9,Never-married,Exec-managerial,Not-in-family,White,Female,0,0,40,United-States,0
40,Private,309311,HS-grad,9,Married-civ-spouse,Farming-fishing,Husband,White,Male,0,0,40,United-States,0
27,Private,154210,11th,7,Married-spouse-absent,Sales,Own-child,Asian-Pac-Islander,Male,0,0,35,India,0
45,Private,285060,Bachelors,13,Married-civ-spouse,Exec-managerial,Husband,White,Male,0,0,50,United-States,1
17,Private,168807,7th-8th,4,Never-married,Craft-repair,Not-in-family,White,Male,0,0,45,United-States,0
27,Private,230563,HS-grad,9,Never-married,Adm-clerical,Own-child,White,Female,0,0,40,United-States,0
20,Private,164775,5th-6th,3,Never-married,Handlers-cleaners,Other-relative,White,Male,0,0,40,Guatemala,0
57,Private,188330,HS-grad,9,Married-civ-spouse,Other-service,Husband,White,Male,0,0,78,United-States,0
32,Private,167990,HS-grad,9,Married-civ-spouse,Exec-managerial,Husband,White,Male,0,0,40,Ireland,0
64,Self-emp-not-inc,213945,HS-grad,9,Married-civ-spouse,Craft-repair,Husband,White,Male,0,0,50,United-States,0
59,Self-emp-inc,169982,Some-college,10,Married-civ-spouse,Exec-managerial,Husband,White,Male,15024,0,60,United-States,1
29,Private,111900,Some-college,10,Married-civ-spouse,Farming-fishing,Husband,White,Male,0,0,40,United-States,0
22,Private,279802,Some-college,10,Never-married,Adm-clerical,Own-child,White,Female,0,0,40,United-States,0
68,Private,138714,Bachelors,13,Married-civ-spouse,Prof-specialty,Husband,White,Male,0,0,55,United-States,1
48,Self-emp-inc,136878,HS-grad,9,Married-civ-spouse,Craft-repair,Husband,White,Male,0,0,60,United-States,1
46,Private,149949,Some-college,10,Married-civ-spouse,Craft-repair,Husband,White,Male,0,0,40,United-States,0
50,Private,158680,Masters,14,Married-civ-spouse,Exec-managerial,Husband,White,Male,0,0,50,United-States,1
51,Private,122109,Some-college,10,Married-civ-spouse,Adm-clerical,Wife,White,Female,0,0,35,United-States,0
21,Private,185551,HS-grad,9,Never-married,Sales,Own-child,White,Female,0,0,36,United-States,0
30,Private,128065,Some-college,10,Married-civ-spouse,Tech-support,Husband,White,Male,0,0,45,United-States,0
62,Self-emp-not-inc,226546,Prof-school,15,Married-civ-spouse,Prof-specialty,Husband,White,Male,0,0,16,United-States,0
18,Local-gov,153405,11th,7,Never-married,Adm-clerical,Other-relative,White,Female,0,0,25,United-States,0
38,Private,167482,Some-college,10,Married-civ-spouse,Craft-repair,Husband,White,Male,0,0,52,United-States,1
52,Private,191529,Bachelors,13,Divorced,Farming-fishing,Not-in-family,White,Male,0,0,40,United-States,0
58,Self-emp-inc,258883,Bachelors,13,Married-civ-spouse,Prof-specialty,Husband,White,Male,0,0,60,United-States,1
53,Private,137192,Bachelors,13,Divorced,Exec-managerial,Unmarried,Asian-Pac-Islander,Male,0,0,50,United-States,0
43,Local-gov,106982,Bachelors,13,Separated,Prof-specialty,Unmarried,White,Female,0,0,40,United-States,0
34,Private,258675,HS-grad,9,Never-married,Transport-moving,Own-child,White,Male,0,0,40,United-States,0
44,Private,156815,HS-grad,9,Divorced,Adm-clerical,Not-in-family,White,Female,0,0,40,United-States,0
57,Private,114495,HS-grad,9,Married-civ-spouse,Exec-managerial,Husband,White,Male,0,0,60,United-States,0
40,Private,180032,Masters,14,Never-married,Prof-specialty,Not-in-family,White,Female,0,1669,40,United-States,0
25,Private,73895,HS-grad,9,Never-married,Other-service,Own-child,White,Female,0,0,10,United-States,0
40,Private,82161,Bachelors,13,Never-married,Adm-clerical,Not-in-family,White,Male,0,0,40,United-States,0
25,Private,52536,Assoc-acdm,12,Divorced,Tech-support,Own-child,White,Female,0,1594,25,United-States,0
29,Local-gov,183523,Some-college,10,Never-married,Exec-managerial,Not-in-family,White,Male,0,0,40,Iran,0
44,Self-emp-not-inc,138975,HS-grad,9,Married-civ-spouse,Craft-repair,Husband,White,Male,0,0,55,United-States,0
21,Private,38772,Some-college,10,Never-married,Sales,Own-child,White,Male,0,0,20,United-States,0
36,Private,205359,HS-grad,9,Married-spouse-absent,Other-service,Unmarried,White,Female,0,0,25,United-States,0
22,Private,109815,Some-college,10,Never-married,Adm-clerical,Not-in-family,White,Female,0,0,40,United-States,0
29,Private,253856,Bachelors,13,Married-civ-spouse,Transport-moving,Husband,White,Male,0,0,20,United-States,0
33,Private,31449,Assoc-acdm,12,Divorced,Machine-op-inspct,Unmarried,Amer-Indian-Eskimo,Female,0,0,40,United-States,0
33,Private,93206,5th-6th,3,Married-civ-spouse,Farming-fishing,Husband,Asian-Pac-Islander,Male,0,0,40,Philippines,0
58,Private,104945,9th,5,Married-civ-spouse,Handlers-cleaners,Husband,Black,Male,0,0,60,United-States,0
55,Federal-gov,146477,Some-college,10,Married-civ-spouse,Craft-repair,Husband,White,Male,0,0,45,United-States,0
27,Private,113464,1st-4th,2,Never-married,Other-service,Own-child,Other,Male,0,0,35,Dominican-Republic,0
57,Self-emp-not-inc,138892,11th,7,Married-civ-spouse,Sales,Husband,White,Male,0,0,15,United-States,0
55,Self-emp-not-inc,53566,Doctorate,16,Divorced,Exec-managerial,Not-in-family,White,Female,0,0,30,United-States,0
36,Self-emp-not-inc,188972,Doctorate,16,Separated,Prof-specialty,Unmarried,White,Female,0,0,10,Canada,0
43,Private,409922,Bachelors,13,Married-civ-spouse,Exec-managerial,Husband,White,Male,0,1977,50,United-States,1
31,Self-emp-not-inc,176862,Some-college,10,Married-civ-spouse,Craft-repair,Husband,White,Male,0,0,40,United-States,0
32,Private,292592,HS-grad,9,Never-married,Other-service,Own-child,White,Female,0,0,35,United-States,0
23,Private,109307,Assoc-voc,11,Never-married,Exec-managerial,Own-child,White,Male,0,0,40,United-States,0
30,Private,114912,Bachelors,13,Married-civ-spouse,Exec-managerial,Husband,White,Male,3103,0,60,United-States,1
34,Private,171159,Some-college,10,Divorced,Adm-clerical,Unmarried,White,Female,0,0,30,United-States,0
57,Private,121821,1st-4th,2,Married-civ-spouse,Other-service,Husband,Other,Male,0,0,40,Dominican-Republic,0
38,Private,329980,Bachelors,13,Never-married,Exec-managerial,Not-in-family,White,Male,0,0,55,United-States,0
32,Private,206541,11th,7,Divorced,Craft-repair,Own-child,White,Male,0,0,50,United-States,0
41,Private,223062,Some-college,10,Separated,Other-service,Not-in-family,Black,Male,0,0,40,United-States,0
33,Private,96128,11th,7,Never-married,Craft-repair,Own-child,White,Male,0,0,40,United-States,0
35,Private,129573,HS-grad,9,Married-civ-spouse,Transport-moving,Husband,White,Male,0,0,65,United-States,0
41,Self-emp-inc,93227,Bachelors,13,Married-civ-spouse,Exec-managerial,Husband,Asian-Pac-Islander,Male,0,1977,60,Taiwan,1
28,Local-gov,283227,Some-college,10,Married-civ-spouse,Exec-managerial,Husband,White,Male,0,0,65,United-States,0
25,Private,129784,Some-college,10,Never-married,Other-service,Own-child,White,Female,0,0,40,United-States,0
24,Self-emp-not-inc,172047,Assoc-acdm,12,Never-married,Craft-repair,Own-child,White,Male,0,0,40,United-States,0
45,Private,192323,Assoc-acdm,12,Married-civ-spouse,Craft-repair,Husband,White,Male,0,0,66,Yugoslavia,0
46,Self-emp-inc,62546,Doctorate,16,Separated,Prof-specialty,Not-in-family,White,Male,0,0,35,United-States,0
44,Private,267790,9th,5,Never-married,Other-service,Unmarried,Black,Female,0,0,40,United-States,0
58,Private,407138,7th-8th,4,Married-civ-spouse,Machine-op-inspct,Husband,White,Male,2936,0,50,Mexico,0
31,Private,248178,Some-college,10,Married-civ-spouse,Other-service,Husband,Black,Male,0,0,35,United-States,0
54,State-gov,198741,Some-college,10,Married-civ-spouse,Protective-serv,Husband,White,Male,0,0,40,United-States,1
73,Self-emp-inc,92886,10th,6,Widowed,Sales,Unmarried,White,Female,0,0,40,Canada,0
19,Private,386378,Some-college,10,Never-married,Other-service,Own-child,White,Male,0,0,20,United-States,0
21,Private,33831,HS-grad,9,Never-married,Adm-clerical,Unmarried,White,Female,0,0,40,United-States,0
27,Private,274964,Bachelors,13,Never-married,Farming-fishing,Not-in-family,White,Male,0,0,65,United-States,0
61,Federal-gov,60641,Some-college,10,Married-civ-spouse,Adm-clerical,Wife,White,Female,0,0,30,United-States,0
37,Local-gov,48976,Bachelors,13,Never-married,Prof-specialty,Not-in-family,White,Female,4865,0,45,United-States,0
20,Private,116666,Some-college,10,Never-married,Sales,Own-child,Asian-Pac-Islander,Male,0,0,8,India,0
28,Private,195000,Bachelors,13,Never-married,Sales,Other-relative,White,Female,0,0,45,United-States,0
42,Private,93770,HS-grad,9,Married-civ-spouse,Machine-op-inspct,Wife,White,Female,0,0,40,United-States,1
24,State-gov,191269,Bachelors,13,Never-married,Adm-clerical,Not-in-family,White,Female,0,0,65,United-States,0
33,Private,172498,Some-college,10,Divorced,Handlers-cleaners,Own-child,White,Male,0,0,40,United-States,0
33,Private,215288,11th,7,Never-married,Handlers-cleaners,Own-child,Black,Male,0,0,40,United-States,0
63,Federal-gov,101996,Masters,14,Divorced,Prof-specialty,Not-in-family,White,Male,0,0,40,United-States,1
56,Private,136472,7th-8th,4,Married-civ-spouse,Machine-op-inspct,Husband,Black,Male,0,0,48,United-States,0
34,Private,165737,Masters,14,Married-civ-spouse,Prof-specialty,Husband,Asian-Pac-Islander,Male,0,0,43,India,1
50,Local-gov,191130,Assoc-voc,11,Married-civ-spouse,Protective-serv,Husband,White,Male,0,0,40,United-States,1
68,Private,186350,HS-grad,9,Widowed,Exec-managerial,Not-in-family,White,Female,0,0,10,United-States,1
55,Private,119751,Masters,14,Never-married,Prof-specialty,Other-relative,Asian-Pac-Islander,Female,0,0,40,Thailand,0
59,Private,246262,Some-college,10,Married-civ-spouse,Tech-support,Husband,White,Male,0,0,40,United-States,1
17,Private,205726,11th,7,Never-married,Sales,Own-child,White,Female,0,0,15,United-States,0
33,Private,36539,Bachelors,13,Married-civ-spouse,Exec-managerial,Wife,White,Female,0,0,40,United-States,1
30,Private,149531,Some-college,10,Married-civ-spouse,Sales,Husband,White,Male,0,0,40,United-States,0
29,Self-emp-inc,168221,Bachelors,13,Married-civ-spouse,Exec-managerial,Husband,White,Male,0,1740,70,United-States,0
60,Private,291904,10th,6,Divorced,Other-service,Not-in-family,Black,Female,0,0,40,United-States,0
17,Private,222618,11th,7,Never-married,Sales,Own-child,Black,Female,0,0,30,United-States,0
36,Private,174938,Bachelors,13,Divorced,Tech-support,Unmarried,White,Male,0,0,20,United-States,0
28,Private,190391,Bachelors,13,Never-married,Sales,Not-in-family,White,Male,0,0,40,United-States,0
58,Private,216851,9th,5,Never-married,Handlers-cleaners,Own-child,White,Male,0,0,40,El-Salvador,0
34,Private,185041,HS-grad,9,Never-married,Prof-specialty,Not-in-family,White,Female,0,1669,45,United-States,0
38,Private,34173,Bachelors,13,Never-married,Sales,Unmarried,White,Female,0,0,45,United-States,0
58,Self-emp-not-inc,141165,HS-grad,9,Married-civ-spouse,Farming-fishing,Husband,White,Male,0,0,50,United-States,0
57,State-gov,250976,HS-grad,9,Married-civ-spouse,Craft-repair,Husband,White,Male,0,0,40,United-States,0
18,Private,107277,11th,7,Never-married,Sales,Own-child,White,Female,0,0,20,United-States,0
27,Private,219371,HS-grad,9,Never-married,Other-service,Not-in-family,White,Female,0,0,35,United-States,0
38,Self-emp-not-inc,190387,HS-grad,9,Married-civ-spouse,Craft-repair,Husband,White,Male,0,0,50,United-States,0
44,Private,175669,11th,7,Married-civ-spouse,Prof-specialty,Wife,White,Female,5178,0,36,United-States,1
43,Federal-gov,287008,Masters,14,Married-civ-spouse,Protective-serv,Husband,White,Male,0,0,35,United-States,1
36,Private,184498,11th,7,Married-civ-spouse,Craft-repair,Husband,White,Male,0,0,40,United-States,0
50,State-gov,289207,Doctorate,16,Married-civ-spouse,Prof-specialty,Husband,White,Male,0,1902,45,United-States,1
69,Local-gov,179813,10th,6,Married-civ-spouse,Transport-moving,Husband,White,Male,0,0,10,United-States,0
30,Private,108386,Assoc-acdm,12,Married-civ-spouse,Craft-repair,Husband,White,Male,0,0,40,United-States,0
47,Private,169549,HS-grad,9,Married-civ-spouse,Craft-repair,Husband,White,Male,0,0,40,United-States,1
18,State-gov,272918,HS-grad,9,Never-married,Adm-clerical,Own-child,Black,Male,0,0,15,United-States,0
38,Private,192337,Bachelors,13,Married-civ-spouse,Exec-managerial,Husband,White,Male,7688,0,40,United-States,1
24,Private,187937,Bachelors,13,Never-married,Prof-specialty,Unmarried,White,Female,0,0,40,United-States,0
47,Local-gov,285060,Masters,14,Married-civ-spouse,Exec-managerial,Husband,White,Male,0,1977,41,United-States,1
41,Local-gov,190368,Bachelors,13,Never-married,Prof-specialty,Not-in-family,White,Female,0,0,70,United-States,0
29,Private,216481,Masters,14,Married-civ-spouse,Exec-managerial,Wife,White,Female,0,0,40,United-States,1
41,Private,58484,Bachelors,13,Married-civ-spouse,Exec-managerial,Wife,White,Female,0,0,40,United-States,0
34,Private,107793,HS-grad,9,Divorced,Craft-repair,Not-in-family,White,Male,0,0,40,United-States,0
17,Private,176467,9th,5,Never-married,Transport-moving,Not-in-family,White,Male,0,0,20,United-States,0
33,Federal-gov,117963,Bachelors,13,Never-married,Adm-clerical,Own-child,White,Male,0,0,38,United-States,0
34,Private,157165,Some-college,10,Divorced,Other-service,Unmarried,White,Female,0,0,40,United-States,0
28,Self-emp-not-inc,33363,HS-grad,9,Married-civ-spouse,Farming-fishing,Husband,White,Male,0,0,70,United-States,1
37,Private,174150,Masters,14,Married-civ-spouse,Exec-managerial,Husband,White,Male,0,0,40,United-States,1
47,State-gov,207120,Assoc-voc,11,Married-civ-spouse,Exec-managerial,Husband,White,Male,0,0,38,United-States,1
48,Self-emp-not-inc,177783,7th-8th,4,Never-married,Farming-fishing,Not-in-family,White,Male,0,0,50,United-States,0
29,Private,383745,HS-grad,9,Married-civ-spouse,Machine-op-inspct,Husband,White,Male,0,1887,30,United-States,1
24,Private,52262,HS-grad,9,Never-married,Machine-op-inspct,Not-in-family,White,Male,0,0,40,United-States,0
65,Private,143175,Some-college,10,Widowed,Sales,Other-relative,White,Female,0,0,45,United-States,0
55,Private,231738,HS-grad,9,Divorced,Sales,Not-in-family,White,Female,0,0,40,England,0
42,Private,160893,Some-college,10,Married-civ-spouse,Other-service,Wife,White,Female,0,0,23,United-States,0
35,Private,255635,9th,5,Married-civ-spouse,Craft-repair,Husband,Other,Male,0,0,40,Mexico,0
38,Private,241998,12th,8,Married-civ-spouse,Craft-repair,Husband,White,Male,7688,0,40,United-States,1
28,Private,246974,HS-grad,9,Never-married,Other-service,Not-in-family,White,Male,0,0,40,United-States,0
41,Federal-gov,214838,Masters,14,Married-civ-spouse,Exec-managerial,Husband,White,Male,0,0,60,United-States,1
50,Local-gov,139296,11th,7,Never-married,Craft-repair,Unmarried,White,Male,0,0,40,United-States,0
61,Private,92691,HS-grad,9,Married-civ-spouse,Adm-clerical,Husband,White,Male,0,0,3,United-States,0
47,Private,124973,Assoc-voc,11,Married-civ-spouse,Exec-managerial,Husband,White,Male,15024,0,50,United-States,1
26,Private,216010,HS-grad,9,Separated,Exec-managerial,Own-child,White,Female,0,0,40,United-States,0
52,State-gov,71344,Masters,14,Married-civ-spouse,Prof-specialty,Husband,White,Male,0,0,40,United-States,0
22,Local-gov,399020,Some-college,10,Never-married,Adm-clerical,Not-in-family,White,Female,0,0,55,United-States,0
52,Private,194580,5th-6th,3,Divorced,Farming-fishing,Unmarried,White,Male,0,0,40,United-States,0
47,Private,163814,10th,6,Married-civ-spouse,Craft-repair,Husband,White,Male,0,0,40,United-States,0
56,Federal-gov,101338,Bachelors,13,Married-civ-spouse,Sales,Husband,White,Male,0,0,40,United-States,0
44,Private,30126,Some-college,10,Divorced,Adm-clerical,Unmarried,White,Female,0,0,40,United-States,0
35,Private,244803,HS-grad,9,Never-married,Handlers-cleaners,Other-relative,White,Male,0,0,40,Peru,0
50,Private,189811,Bachelors,13,Married-civ-spouse,Exec-managerial,Husband,White,Male,0,0,40,United-States,1
23,Private,386019,9th,5,Never-married,Farming-fishing,Unmarried,White,Male,0,0,70,United-States,0
46,Private,96552,Some-college,10,Divorced,Machine-op-inspct,Own-child,White,Female,0,0,17,United-States,0
62,Self-emp-not-inc,192236,Bachelors,13,Divorced,Prof-specialty,Not-in-family,White,Female,0,0,40,United-States,1
29,Private,214881,HS-grad,9,Never-married,Exec-managerial,Not-in-family,White,Male,0,0,40,United-States,0
17,Self-emp-not-inc,228786,10th,6,Never-married,Other-service,Own-child,White,Female,0,0,24,United-States,0
42,State-gov,167581,Bachelors,13,Never-married,Adm-clerical,Other-relative,White,Female,0,0,40,United-States,0
52,Private,94391,HS-grad,9,Married-civ-spouse,Adm-clerical,Husband,White,Male,0,0,40,United-States,0
55,Private,238638,HS-grad,9,Married-civ-spouse,Sales,Husband,White,Male,4386,0,40,United-States,1
39,Private,114678,HS-grad,9,Divorced,Other-service,Unmarried,Black,Female,5455,0,40,United-States,0
36,Private,103323,Assoc-acdm,12,Married-civ-spouse,Machine-op-inspct,Husband,White,Male,2829,0,40,United-States,0
42,Private,96321,Some-college,10,Married-civ-spouse,Sales,Husband,White,Male,0,0,50,United-States,1
44,Private,106900,HS-grad,9,Married-civ-spouse,Sales,Husband,White,Male,0,0,68,United-States,0
42,Private,433170,Some-college,10,Married-civ-spouse,Craft-repair,Husband,White,Male,0,0,60,United-States,1
46,Private,44671,Bachelors,13,Married-civ-spouse,Protective-serv,Husband,White,Male,0,0,40,United-States,0
33,Private,155343,HS-grad,9,Married-civ-spouse,Sales,Husband,White,Male,3103,0,40,United-States,1
52,Local-gov,146565,Assoc-acdm,12,Divorced,Other-service,Not-in-family,White,Female,4865,0,30,United-States,0
20,Private,266400,Some-college,10,Never-married,Prof-specialty,Own-child,White,Female,0,0,48,United-States,0
44,Private,102085,Some-college,10,Divorced,Adm-clerical,Other-relative,White,Female,0,0,40,United-States,0
29,Private,276345,HS-grad,9,Never-married,Prof-specialty,Not-in-family,White,Female,0,0,50,United-States,0
39,Private,151248,Some-college,10,Divorced,Sales,Other-relative,White,Female,0,0,35,United-States,0
29,Private,124953,Bachelors,13,Never-married,Prof-specialty,Own-child,White,Male,0,0,50,United-States,0
61,Local-gov,176753,HS-grad,9,Married-civ-spouse,Farming-fishing,Husband,White,Male,0,0,48,United-States,0
23,Private,95989,Some-college,10,Never-married,Other-service,Own-child,White,Female,0,0,30,United-States,0
37,Federal-gov,188069,Some-college,10,Married-civ-spouse,Adm-clerical,Husband,White,Male,0,0,40,Philippines,1
49,Self-emp-inc,44671,Assoc-acdm,12,Married-civ-spouse,Craft-repair,Husband,White,Male,0,0,40,United-States,1
64,Private,631947,10th,6,Married-civ-spouse,Adm-clerical,Husband,White,Male,0,0,40,United-States,0
27,Private,386036,Some-college,10,Never-married,Transport-moving,Not-in-family,White,Male,0,0,48,United-States,0
60,Self-emp-not-inc,184362,HS-grad,9,Married-civ-spouse,Sales,Wife,White,Female,0,0,25,United-States,0
43,Self-emp-inc,33729,Bachelors,13,Married-civ-spouse,Sales,Husband,White,Male,0,0,45,United-States,1
40,Self-emp-not-inc,98985,HS-grad,9,Divorced,Exec-managerial,Not-in-family,Black,Male,0,0,50,United-States,0
44,Private,116825,Prof-school,15,Married-civ-spouse,Prof-specialty,Husband,White,Male,15024,0,80,United-States,1
30,Private,152453,11th,7,Married-civ-spouse,Other-service,Husband,White,Male,0,0,40,Mexico,0
50,Private,134766,Bachelors,13,Married-civ-spouse,Exec-managerial,Husband,White,Male,0,1902,50,United-States,1
53,Private,208321,HS-grad,9,Married-civ-spouse,Other-service,Husband,Black,Male,0,1740,40,United-States,0
50,Local-gov,226497,Some-college,10,Married-civ-spouse,Protective-serv,Husband,White,Male,0,0,52,United-States,1
45,Self-emp-inc,281911,HS-grad,9,Married-civ-spouse,Craft-repair,Husband,White,Male,0,0,48,United-States,0
46,Private,306183,HS-grad,9,Never-married,Adm-clerical,Unmarried,White,Female,0,0,37,United-States,0
32,Private,151053,Some-college,10,Never-married,Craft-repair,Unmarried,White,Male,0,0,40,United-States,0
31,Private,97453,HS-grad,9,Divorced,Exec-managerial,Unmarried,White,Female,0,0,40,United-States,0
37,Private,105803,HS-grad,9,Married-civ-spouse,Craft-repair,Husband,White,Male,3103,0,45,United-States,1
36,Local-gov,178222,Bachelors,13,Divorced,Prof-specialty,Not-in-family,White,Female,0,0,60,United-States,0
33,Private,245777,HS-grad,9,Divorced,Sales,Not-in-family,White,Male,0,0,40,United-States,0
41,Self-emp-not-inc,83411,HS-grad,9,Married-civ-spouse,Exec-managerial,Husband,White,Male,0,0,40,United-States,1
59,State-gov,186308,Masters,14,Married-civ-spouse,Prof-specialty,Husband,White,Male,0,0,50,United-States,0
53,Private,162381,1st-4th,2,Married-civ-spouse,Transport-moving,Husband,White,Male,0,0,50,United-States,0
25,Private,234665,Assoc-voc,11,Married-civ-spouse,Craft-repair,Husband,White,Male,0,0,45,United-States,0
75,Private,256474,Masters,14,Never-married,Protective-serv,Not-in-family,White,Male,0,0,16,United-States,0
21,Private,225823,Some-college,10,Never-married,Adm-clerical,Not-in-family,White,Female,0,0,40,United-States,0
38,Private,129591,Some-college,10,Married-civ-spouse,Craft-repair,Husband,White,Male,0,0,40,United-States,0
56,Private,204816,Some-college,10,Married-civ-spouse,Exec-managerial,Husband,White,Male,0,0,40,United-States,1
37,Private,343721,Bachelors,13,Married-civ-spouse,Prof-specialty,Husband,White,Male,0,0,40,United-States,1
43,Private,69758,Assoc-acdm,12,Married-civ-spouse,Tech-support,Husband,Asian-Pac-Islander,Male,0,0,40,United-States,0
28,Private,124905,7th-8th,4,Married-civ-spouse,Craft-repair,Husband,White,Male,0,0,30,United-States,0
26,Private,187891,HS-grad,9,Never-married,Adm-clerical,Not-in-family,Black,Male,0,0,40,United-States,0
38,Private,103474,Bachelors,13,Never-married,Tech-support,Not-in-family,White,Female,0,0,45,United-States,0
21,Private,305446,Some-college,10,Never-married,Exec-managerial,Not-in-family,White,Male,0,0,40,United-States,0
28,Private,30070,Bachelors,13,Married-civ-spouse,Sales,Husband,White,Male,0,0,50,United-States,0
53,Private,227602,HS-grad,9,Divorced,Sales,Not-in-family,White,Female,0,0,37,Mexico,0
51,Private,202956,Assoc-voc,11,Married-civ-spouse,Sales,Husband,White,Male,0,0,40,United-States,0
18,Private,174394,HS-grad,9,Never-married,Other-service,Own-child,White,Female,0,0,20,United-States,0
58,Local-gov,160586,HS-grad,9,Married-civ-spouse,Farming-fishing,Husband,White,Male,0,0,40,United-States,0
62,State-gov,159699,Bachelors,13,Married-civ-spouse,Adm-clerical,Husband,White,Male,0,0,38,United-States,0
31,Private,373185,Some-college,10,Never-married,Craft-repair,Unmarried,White,Male,0,0,42,Mexico,0
46,Private,123053,Masters,14,Married-civ-spouse,Exec-managerial,Husband,Asian-Pac-Islander,Male,0,0,50,Japan,1
23,Private,129345,Some-college,10,Never-married,Other-service,Not-in-family,White,Male,0,0,25,United-States,0
30,State-gov,199539,HS-grad,9,Married-civ-spouse,Adm-clerical,Husband,White,Male,0,1902,40,United-States,0
43,Private,242968,Masters,14,Married-civ-spouse,Exec-managerial,Husband,Asian-Pac-Islander,Male,0,0,40,India,1
33,Private,51471,HS-grad,9,Married-civ-spouse,Tech-support,Wife,White,Female,0,1902,40,United-States,1
25,Private,306666,Some-college,10,Married-civ-spouse,Sales,Husband,Black,Male,0,0,45,United-States,0
25,Private,124111,Some-college,10,Never-married,Adm-clerical,Own-child,White,Female,0,0,40,United-States,0
67,Private,236627,Bachelors,13,Married-civ-spouse,Prof-specialty,Husband,White,Male,0,0,2,United-States,0
39,Local-gov,180686,Masters,14,Married-civ-spouse,Prof-specialty,Husband,White,Male,0,1977,45,United-States,1
31,Private,139753,Bachelors,13,Married-spouse-absent,Adm-clerical,Not-in-family,White,Female,0,0,40,United-States,0
39,Private,380614,Some-college,10,Divorced,Prof-specialty,Not-in-family,White,Female,0,0,45,United-States,1
45,Private,266860,Bachelors,13,Married-civ-spouse,Exec-managerial,Husband,White,Male,0,0,50,United-States,1
20,Private,107746,11th,7,Never-married,Transport-moving,Other-relative,White,Male,0,0,40,Guatemala,0
37,Local-gov,126569,HS-grad,9,Never-married,Craft-repair,Not-in-family,White,Male,0,0,40,United-States,0
68,Self-emp-not-inc,315859,11th,7,Never-married,Farming-fishing,Unmarried,White,Male,0,0,20,United-States,0
62,Private,153891,Bachelors,13,Married-civ-spouse,Exec-managerial,Husband,White,Male,0,0,50,United-States,1
34,Private,55176,Some-college,10,Married-civ-spouse,Tech-support,Husband,White,Male,0,0,40,United-States,1
50,Private,81548,HS-grad,9,Married-civ-spouse,Prof-specialty,Husband,White,Male,0,0,40,United-States,0
33,Private,132601,Some-college,10,Married-civ-spouse,Exec-managerial,Husband,White,Male,0,0,45,United-States,0
23,State-gov,186634,12th,8,Never-married,Exec-managerial,Not-in-family,White,Male,0,0,40,United-States,0
37,Private,238433,1st-4th,2,Married-civ-spouse,Transport-moving,Husband,White,Male,0,0,40,Cuba,0
27,Self-emp-not-inc,420054,HS-grad,9,Never-married,Craft-repair,Unmarried,White,Male,9562,0,50,United-States,1
33,Private,196385,Masters,14,Married-civ-spouse,Prof-specialty,Husband,White,Male,0,0,37,United-States,1
39,Private,111499,Bachelors,13,Never-married,Exec-managerial,Not-in-family,White,Female,0,0,40,United-States,0
21,Private,283969,HS-grad,9,Never-married,Craft-repair,Own-child,White,Male,0,0,40,Mexico,0
48,Private,227714,Bachelors,13,Married-civ-spouse,Sales,Husband,White,Male,0,0,60,United-States,0
23,Private,216811,HS-grad,9,Never-married,Adm-clerical,Own-child,White,Female,0,0,16,United-States,0
27,Private,256764,Assoc-acdm,12,Never-married,Sales,Not-in-family,White,Male,0,0,40,United-States,0
49,Self-emp-inc,349230,Assoc-voc,11,Married-civ-spouse,Exec-managerial,Husband,White,Male,0,0,60,United-States,1
32,Private,273241,Bachelors,13,Married-civ-spouse,Exec-managerial,Wife,White,Female,0,0,40,United-States,1
27,Private,244402,Assoc-acdm,12,Never-married,Exec-managerial,Not-in-family,White,Female,0,0,40,United-States,1
32,Private,257068,Some-college,10,Married-spouse-absent,Transport-moving,Not-in-family,White,Female,0,0,37,United-States,0
31,Private,332379,Some-college,10,Married-spouse-absent,Transport-moving,Unmarried,White,Male,0,0,50,United-States,0
26,Private,483822,7th-8th,4,Never-married,Handlers-cleaners,Unmarried,White,Male,0,0,40,Guatemala,0
58,Private,306233,Bachelors,13,Married-civ-spouse,Sales,Husband,White,Male,15024,0,40,United-States,1
27,Private,329426,Masters,14,Never-married,Exec-managerial,Not-in-family,White,Male,0,0,37,United-States,0
33,Private,143653,HS-grad,9,Married-civ-spouse,Craft-repair,Husband,White,Male,0,0,30,United-States,0
51,Local-gov,146325,Doctorate,16,Married-civ-spouse,Prof-specialty,Husband,White,Male,0,1887,40,United-States,1
48,Local-gov,123075,Masters,14,Married-civ-spouse,Prof-specialty,Husband,White,Male,0,0,35,United-States,1
38,Private,314310,Masters,14,Married-civ-spouse,Prof-specialty,Husband,White,Male,0,0,45,United-States,0
28,Private,149652,10th,6,Never-married,Other-service,Own-child,Black,Female,0,0,30,United-States,0
19,Self-emp-not-inc,194205,Some-college,10,Never-married,Other-service,Own-child,White,Female,0,0,40,Mexico,0
25,Private,86872,HS-grad,9,Married-civ-spouse,Sales,Husband,White,Male,0,0,40,United-States,0
31,Private,201122,Some-college,10,Married-civ-spouse,Exec-managerial,Husband,White,Male,0,0,40,United-States,1
47,Self-emp-not-inc,228660,Some-college,10,Married-civ-spouse,Craft-repair,Husband,White,Male,0,1977,40,United-States,1
63,Private,158609,Assoc-voc,11,Widowed,Adm-clerical,Unmarried,White,Female,0,0,8,United-States,0
34,Private,111746,HS-grad,9,Separated,Craft-repair,Not-in-family,White,Male,0,0,45,Portugal,0
24,Private,308205,Some-college,10,Never-married,Exec-managerial,Own-child,White,Male,0,0,40,United-States,0
26,Local-gov,167261,Bachelors,13,Never-married,Prof-specialty,Not-in-family,White,Female,0,0,40,United-States,0
35,Private,160120,Bachelors,13,Married-civ-spouse,Adm-clerical,Husband,Asian-Pac-Islander,Male,0,0,40,Philippines,1
21,Private,117210,HS-grad,9,Never-married,Machine-op-inspct,Own-child,White,Male,0,0,40,United-States,0
50,Private,185354,Masters,14,Divorced,Exec-managerial,Not-in-family,White,Female,0,0,35,United-States,0
29,Federal-gov,155970,HS-grad,9,Married-civ-spouse,Tech-support,Husband,White,Male,0,0,40,United-States,1
54,State-gov,198186,HS-grad,9,Never-married,Other-service,Not-in-family,Black,Female,0,0,38,United-States,0
55,Private,174478,10th,6,Never-married,Other-service,Not-in-family,White,Male,0,0,29,United-States,0
33,Private,184901,HS-grad,9,Married-civ-spouse,Machine-op-inspct,Husband,White,Male,0,0,40,United-States,1
40,Private,206066,HS-grad,9,Married-civ-spouse,Craft-repair,Husband,White,Male,0,0,50,United-States,0
34,Federal-gov,345259,Doctorate,16,Never-married,Prof-specialty,Not-in-family,White,Female,0,0,99,United-States,0
32,Private,312667,Bachelors,13,Married-civ-spouse,Prof-specialty,Husband,White,Male,15024,0,50,United-States,1
30,Private,226443,Bachelors,13,Married-civ-spouse,Sales,Husband,White,Male,0,0,50,United-States,1
48,Private,278039,HS-grad,9,Divorced,Sales,Not-in-family,White,Male,0,0,60,United-States,0
46,Private,189762,Assoc-acdm,12,Never-married,Tech-support,Not-in-family,White,Male,0,0,56,United-States,0
55,Self-emp-inc,124137,Some-college,10,Married-civ-spouse,Sales,Husband,White,Male,0,0,40,United-States,1
29,Private,209472,HS-grad,9,Married-civ-spouse,Machine-op-inspct,Husband,White,Male,0,0,38,United-States,0
36,Self-emp-not-inc,207202,10th,6,Married-civ-spouse,Farming-fishing,Husband,White,Male,0,0,60,United-States,0
65,Self-emp-inc,210381,Bachelors,13,Married-civ-spouse,Exec-managerial,Husband,White,Male,99999,0,65,United-States,1
23,Private,460046,HS-grad,9,Separated,Exec-managerial,Unmarried,White,Female,0,0,42,United-States,0
51,Private,163052,HS-grad,9,Married-civ-spouse,Protective-serv,Husband,White,Male,0,0,40,United-States,1
20,Private,138768,HS-grad,9,Never-married,Transport-moving,Own-child,White,Male,0,0,30,United-States,0
29,Private,184806,Prof-school,15,Never-married,Prof-specialty,Other-relative,White,Male,0,0,50,United-States,0
31,Local-gov,204470,Masters,14,Never-married,Prof-specialty,Not-in-family,White,Male,0,0,43,United-States,0
57,Private,41762,HS-grad,9,Married-civ-spouse,Craft-repair,Husband,Asian-Pac-Islander,Male,0,0,40,South,1
48,Federal-gov,94342,Bachelors,13,Divorced,Exec-managerial,Not-in-family,White,Male,0,0,45,United-States,0
46,State-gov,222374,HS-grad,9,Married-civ-spouse,Other-service,Husband,White,Male,0,0,43,United-States,1
37,Local-gov,223020,Assoc-voc,11,Never-married,Other-service,Unmarried,Black,Female,0,0,32,United-States,0
48,Private,108557,Bachelors,13,Married-civ-spouse,Tech-support,Wife,White,Female,99999,0,40,United-States,1
43,Local-gov,247514,Masters,14,Divorced,Prof-specialty,Unmarried,White,Male,0,0,40,United-States,0
35,Private,81232,Bachelors,13,Married-civ-spouse,Sales,Husband,White,Male,15024,0,50,United-States,1
42,Self-emp-inc,161532,Bachelors,13,Married-civ-spouse,Craft-repair,Husband,Black,Male,0,0,60,United-States,0
73,Self-emp-not-inc,336007,HS-grad,9,Married-civ-spouse,Sales,Husband,White,Male,0,0,40,United-States,0
45,State-gov,198660,Some-college,10,Married-civ-spouse,Prof-specialty,Husband,White,Male,0,0,40,United-States,1
22,Private,115244,Assoc-acdm,12,Married-civ-spouse,Prof-specialty,Wife,White,Female,0,0,40,United-States,0
36,Private,48972,Some-college,10,Divorced,Adm-clerical,Unmarried,White,Female,0,0,40,United-States,0
37,Private,192939,HS-grad,9,Married-civ-spouse,Transport-moving,Husband,White,Male,0,0,40,United-States,0
31,Private,117507,HS-grad,9,Never-married,Craft-repair,Not-in-family,White,Male,0,0,45,United-States,0
40,Private,91836,HS-grad,9,Divorced,Craft-repair,Not-in-family,White,Male,0,0,45,United-States,0
30,Local-gov,364310,Bachelors,13,Never-married,Prof-specialty,Not-in-family,Black,Female,0,0,40,Germany,0
57,Local-gov,215175,Masters,14,Married-civ-spouse,Prof-specialty,Husband,White,Male,0,0,60,United-States,0
23,Private,215624,Some-college,10,Never-married,Machine-op-inspct,Unmarried,Asian-Pac-Islander,Male,0,0,40,Vietnam,0
45,Private,20534,Some-college,10,Married-civ-spouse,Machine-op-inspct,Husband,White,Male,0,0,84,United-States,1
35,Private,290226,HS-grad,9,Never-married,Transport-moving,Own-child,White,Male,0,0,40,United-States,0
42,Private,265698,Masters,14,Divorced,Prof-specialty,Unmarried,White,Female,0,0,40,United-States,0
50,Local-gov,100480,Masters,14,Married-civ-spouse,Exec-managerial,Husband,White,Male,0,0,60,United-States,1
60,Private,142494,Some-college,10,Married-civ-spouse,Exec-managerial,Husband,White,Male,15024,0,40,United-States,1
45,Local-gov,167159,Bachelors,13,Married-civ-spouse,Protective-serv,Husband,White,Male,0,0,50,United-States,1
31,Local-gov,125927,7th-8th,4,Married-civ-spouse,Farming-fishing,Husband,White,Male,0,0,40,United-States,0
57,Private,98926,Some-college,10,Widowed,Tech-support,Not-in-family,White,Female,0,0,16,United-States,0
42,Private,171841,Prof-school,15,Married-civ-spouse,Prof-specialty,Husband,White,Male,0,0,60,United-States,0
36,Private,191161,HS-grad,9,Never-married,Sales,Not-in-family,White,Male,0,0,50,United-States,0
18,Private,285013,HS-grad,9,Never-married,Sales,Own-child,White,Male,0,0,10,United-States,0
35,Private,216473,Some-college,10,Married-civ-spouse,Adm-clerical,Husband,White,Male,0,0,50,United-States,1
23,Private,133985,10th,6,Never-married,Craft-repair,Own-child,Black,Female,0,0,40,United-States,0
34,Federal-gov,190228,Bachelors,13,Married-civ-spouse,Protective-serv,Husband,White,Male,0,1902,48,United-States,1
17,Private,242718,11th,7,Never-married,Sales,Own-child,White,Male,0,0,12,United-States,0
42,Private,79036,HS-grad,9,Divorced,Handlers-cleaners,Unmarried,White,Male,0,0,40,United-States,0
46,Private,268022,Bachelors,13,Married-civ-spouse,Sales,Husband,White,Male,0,0,40,United-States,1
29,Private,79387,Bachelors,13,Never-married,Exec-managerial,Not-in-family,White,Male,0,0,50,United-States,1
35,Private,91839,Bachelors,13,Married-civ-spouse,Other-service,Husband,Amer-Indian-Eskimo,Male,7688,0,20,United-States,1
42,Federal-gov,141459,HS-grad,9,Separated,Other-service,Other-relative,Black,Female,0,0,40,United-States,0
33,Local-gov,115488,Bachelors,13,Married-civ-spouse,Prof-specialty,Husband,White,Male,0,0,50,United-States,0
25,State-gov,153534,Some-college,10,Married-civ-spouse,Protective-serv,Husband,White,Male,0,0,40,United-States,0
26,Private,365289,HS-grad,9,Divorced,Machine-op-inspct,Not-in-family,White,Male,0,0,40,United-States,0
53,Private,196763,Assoc-acdm,12,Never-married,Exec-managerial,Not-in-family,White,Female,0,0,60,United-States,0
50,Private,163671,HS-grad,9,Married-civ-spouse,Craft-repair,Husband,White,Male,0,0,40,United-States,0
50,Private,180607,HS-grad,9,Never-married,Adm-clerical,Own-child,White,Female,0,0,40,United-States,0
43,Self-emp-inc,155293,Bachelors,13,Married-civ-spouse,Sales,Husband,White,Male,0,0,60,United-States,1
36,Private,297335,Bachelors,13,Never-married,Sales,Not-in-family,Asian-Pac-Islander,Female,0,0,50,China,0
21,Private,75763,Some-college,10,Married-civ-spouse,Sales,Wife,Amer-Indian-Eskimo,Female,0,0,40,United-States,0
43,Self-emp-not-inc,193494,Prof-school,15,Married-civ-spouse,Prof-specialty,Husband,White,Male,0,0,60,United-States,1
34,State-gov,209317,Some-college,10,Married-civ-spouse,Protective-serv,Husband,White,Male,0,0,40,United-States,0
45,Federal-gov,45891,Some-college,10,Divorced,Adm-clerical,Unmarried,White,Male,0,0,42,United-States,0
32,Private,323055,HS-grad,9,Married-civ-spouse,Craft-repair,Husband,White,Male,0,0,40,United-States,0
52,Self-emp-not-inc,140985,Bachelors,13,Married-civ-spouse,Adm-clerical,Wife,White,Female,99999,0,30,United-States,1
43,Private,125461,Bachelors,13,Married-civ-spouse,Sales,Husband,White,Male,0,1902,55,United-States,1
59,Private,69884,Prof-school,15,Married-spouse-absent,Prof-specialty,Unmarried,White,Male,0,0,50,United-States,0
35,Self-emp-not-inc,372525,Bachelors,13,Never-married,Exec-managerial,Not-in-family,White,Male,0,0,40,United-States,0
35,Private,108907,HS-grad,9,Separated,Machine-op-inspct,Unmarried,White,Male,0,0,40,United-States,0
52,Private,150930,Assoc-voc,11,Married-civ-spouse,Craft-repair,Husband,White,Male,0,0,40,United-States,0
50,Private,177896,HS-grad,9,Married-civ-spouse,Craft-repair,Husband,White,Male,0,0,50,United-States,0
73,Self-emp-not-inc,29306,HS-grad,9,Married-civ-spouse,Farming-fishing,Husband,White,Male,0,0,40,United-States,0
60,Private,199378,HS-grad,9,Married-civ-spouse,Craft-repair,Husband,White,Male,0,0,40,United-States,0
38,Private,114059,Some-college,10,Married-civ-spouse,Sales,Husband,White,Male,0,0,60,United-States,0
24,Private,59146,HS-grad,9,Separated,Sales,Unmarried,White,Female,0,0,48,United-States,0
32,Private,164190,Some-college,10,Never-married,Exec-managerial,Own-child,White,Male,0,0,40,United-States,0
66,Local-gov,36364,HS-grad,9,Married-civ-spouse,Craft-repair,Husband,White,Male,0,2267,40,United-States,0
54,Private,159755,Some-college,10,Married-civ-spouse,Protective-serv,Husband,White,Male,0,0,40,United-States,1
34,Local-gov,210164,Some-college,10,Married-civ-spouse,Craft-repair,Husband,White,Male,0,1740,40,United-States,0
55,Private,144071,Bachelors,13,Married-civ-spouse,Tech-support,Husband,White,Male,0,0,18,United-States,1
35,Private,22055,Some-college,10,Married-civ-spouse,Prof-specialty,Husband,Amer-Indian-Eskimo,Male,0,0,60,United-States,0
22,Private,67234,HS-grad,9,Never-married,Sales,Not-in-family,White,Male,0,0,60,United-States,0
61,Self-emp-not-inc,352448,Bachelors,13,Married-civ-spouse,Transport-moving,Husband,White,Male,0,0,60,United-States,0
33,Private,165814,HS-grad,9,Married-civ-spouse,Other-service,Husband,Black,Male,0,0,40,United-States,0
26,Private,369166,Some-college,10,Never-married,Farming-fishing,Other-relative,White,Female,0,0,65,United-States,0
32,Private,195891,Bachelors,13,Never-married,Adm-clerical,Not-in-family,White,Male,0,0,55,United-States,0
25,Private,277444,Bachelors,13,Married-civ-spouse,Sales,Husband,White,Male,0,0,50,United-States,0
33,Private,113364,HS-grad,9,Never-married,Sales,Not-in-family,White,Male,0,0,45,United-States,0
41,Private,149102,Bachelors,13,Married-civ-spouse,Exec-managerial,Husband,White,Male,0,0,60,United-States,1
54,Self-emp-not-inc,108933,HS-grad,9,Married-civ-spouse,Craft-repair,Husband,White,Male,0,0,35,United-States,0
51,Private,200618,Bachelors,13,Married-civ-spouse,Prof-specialty,Husband,White,Male,0,0,40,United-States,0
27,Private,85126,HS-grad,9,Never-married,Machine-op-inspct,Not-in-family,White,Female,0,0,40,United-States,0
29,Private,186733,HS-grad,9,Married-civ-spouse,Craft-repair,Husband,White,Male,0,0,50,United-States,0
21,Private,211013,Assoc-voc,11,Married-civ-spouse,Other-service,Other-relative,White,Female,0,0,50,Mexico,0
47,Self-emp-not-inc,190072,Some-college,10,Married-civ-spouse,Craft-repair,Husband,White,Male,0,0,40,Iran,1
41,Private,70092,Some-college,10,Divorced,Adm-clerical,Unmarried,White,Female,0,0,38,United-States,0
34,Private,340458,HS-grad,9,Divorced,Machine-op-inspct,Unmarried,White,Female,0,0,40,United-States,0
29,Private,205499,Some-college,10,Married-civ-spouse,Protective-serv,Husband,White,Male,0,0,45,United-States,0
37,Federal-gov,334314,HS-grad,9,Divorced,Adm-clerical,Unmarried,White,Female,0,0,40,United-States,0
18,Private,186954,11th,7,Never-married,Other-service,Own-child,White,Female,0,0,20,United-States,0
33,Self-emp-not-inc,202729,Bachelors,13,Married-civ-spouse,Craft-repair,Husband,White,Male,0,0,40,United-States,1
60,Private,109530,Assoc-voc,11,Married-civ-spouse,Tech-support,Husband,White,Male,7298,0,40,United-States,1
26,Private,36936,Assoc-voc,11,Married-civ-spouse,Craft-repair,Husband,White,Male,0,2002,40,United-States,0
51,Private,56915,HS-grad,9,Married-civ-spouse,Craft-repair,Husband,Amer-Indian-Eskimo,Male,0,0,40,United-States,0
26,Self-emp-not-inc,384276,HS-grad,9,Married-civ-spouse,Exec-managerial,Husband,White,Male,0,0,40,United-States,0
48,Private,115585,Bachelors,13,Married-civ-spouse,Sales,Husband,White,Male,0,0,40,United-States,0
48,Self-emp-not-inc,160724,Bachelors,13,Married-civ-spouse,Exec-managerial,Husband,Asian-Pac-Islander,Male,0,0,40,Japan,0
41,State-gov,101603,Assoc-voc,11,Married-civ-spouse,Craft-repair,Husband,White,Male,0,0,40,United-States,0
44,Private,320277,Bachelors,13,Never-married,Prof-specialty,Not-in-family,White,Male,0,0,40,United-States,0
48,Private,101299,HS-grad,9,Married-civ-spouse,Craft-repair,Husband,White,Male,0,0,40,United-States,1
28,Private,42734,HS-grad,9,Never-married,Handlers-cleaners,Own-child,White,Male,0,0,40,United-States,0
37,Private,133328,HS-grad,9,Divorced,Sales,Unmarried,White,Female,0,0,40,United-States,0
27,Private,190525,Assoc-voc,11,Never-married,Machine-op-inspct,Unmarried,White,Male,0,0,45,United-States,0
36,Federal-gov,186934,Bachelors,13,Married-civ-spouse,Adm-clerical,Husband,White,Male,0,1848,55,United-States,1
49,Private,157569,HS-grad,9,Married-civ-spouse,Craft-repair,Husband,White,Male,0,0,40,United-States,0
38,Local-gov,162613,Masters,14,Never-married,Prof-specialty,Not-in-family,White,Female,0,2258,60,United-States,0
27,Local-gov,133495,HS-grad,9,Never-married,Prof-specialty,Own-child,White,Male,0,0,40,United-States,0
18,Private,338632,11th,7,Never-married,Other-service,Own-child,White,Male,0,0,16,United-States,0
38,Private,192939,HS-grad,9,Divorced,Craft-repair,Unmarried,White,Male,0,0,40,United-States,0
50,Private,174102,HS-grad,9,Divorced,Craft-repair,Own-child,White,Male,0,0,40,Puerto-Rico,0
23,Private,263899,Some-college,10,Never-married,Adm-clerical,Own-child,Black,Male,0,0,20,Haiti,0
27,Private,242097,Assoc-voc,11,Married-civ-spouse,Transport-moving,Husband,White,Male,0,0,50,United-States,0
36,Local-gov,196529,Masters,14,Married-civ-spouse,Prof-specialty,Wife,White,Female,0,0,40,United-States,1
43,Private,180303,Bachelors,13,Married-civ-spouse,Exec-managerial,Husband,Asian-Pac-Islander,Male,0,0,50,United-States,1
25,Private,184303,Some-college,10,Separated,Priv-house-serv,Other-relative,White,Female,0,0,30,El-Salvador,0
44,Private,164678,Masters,14,Married-civ-spouse,Prof-specialty,Wife,White,Female,0,0,45,United-States,0
42,Self-emp-not-inc,27242,11th,7,Married-civ-spouse,Farming-fishing,Husband,White,Male,0,0,60,United-States,0
25,Private,176729,HS-grad,9,Married-civ-spouse,Craft-repair,Husband,White,Male,0,0,40,United-States,1
48,Private,180446,10th,6,Married-civ-spouse,Machine-op-inspct,Husband,Black,Male,0,0,40,United-States,0
32,Private,553405,Bachelors,13,Married-civ-spouse,Sales,Husband,White,Male,99999,0,50,United-States,1
44,Private,103233,Bachelors,13,Never-married,Adm-clerical,Unmarried,Black,Female,0,0,40,United-States,0
37,Private,212826,HS-grad,9,Married-civ-spouse,Other-service,Husband,Black,Male,0,0,40,United-States,0
35,Private,206951,Some-college,10,Married-civ-spouse,Sales,Husband,White,Male,0,0,40,United-States,1
44,Federal-gov,192771,HS-grad,9,Never-married,Adm-clerical,Unmarried,White,Female,0,0,40,United-States,0
36,Private,131459,7th-8th,4,Married-civ-spouse,Craft-repair,Husband,White,Male,0,0,40,United-States,0
42,Self-emp-not-inc,201908,Prof-school,15,Married-civ-spouse,Prof-specialty,Husband,White,Male,99999,0,50,United-States,1
26,Private,76491,Masters,14,Married-civ-spouse,Prof-specialty,Husband,White,Male,0,0,20,United-States,0
35,Private,261646,HS-grad,9,Married-civ-spouse,Protective-serv,Husband,White,Male,0,0,55,United-States,0
18,Private,148644,HS-grad,9,Never-married,Sales,Own-child,White,Female,0,0,28,United-States,0
41,Private,187802,Some-college,10,Divorced,Tech-support,Not-in-family,White,Male,0,0,50,United-States,0
47,Private,23545,Some-college,10,Married-civ-spouse,Handlers-cleaners,Husband,White,Male,0,0,40,United-States,0
38,Private,28887,11th,7,Married-civ-spouse,Sales,Husband,White,Male,0,0,50,United-States,0
27,Federal-gov,188343,HS-grad,9,Separated,Exec-managerial,Unmarried,Black,Female,0,0,40,United-States,0
34,Self-emp-not-inc,168906,Some-college,10,Divorced,Adm-clerical,Unmarried,White,Female,0,0,50,United-States,0
29,Private,265638,Some-college,10,Never-married,Other-service,Unmarried,Black,Female,0,0,40,United-States,0
24,Private,232841,HS-grad,9,Never-married,Other-service,Not-in-family,White,Male,0,0,35,United-States,0
22,Private,81145,HS-grad,9,Never-married,Other-service,Not-in-family,White,Female,0,0,25,United-States,0
52,Private,49243,HS-grad,9,Married-civ-spouse,Machine-op-inspct,Husband,White,Male,0,0,40,United-States,0
57,Private,140426,Doctorate,16,Married-civ-spouse,Tech-support,Husband,White,Male,0,1977,40,Germany,1
54,Private,138944,HS-grad,9,Married-civ-spouse,Sales,Husband,White,Male,0,0,44,United-States,0
17,Private,159299,11th,7,Never-married,Other-service,Own-child,White,Female,0,0,20,United-States,0
22,Private,208946,Some-college,10,Never-married,Adm-clerical,Own-child,White,Male,0,0,25,United-States,0
23,Private,206129,Assoc-voc,11,Never-married,Craft-repair,Unmarried,Black,Female,0,0,40,United-States,0
57,Self-emp-inc,33725,Bachelors,13,Married-civ-spouse,Craft-repair,Husband,White,Male,0,0,50,United-States,1
30,Private,229051,9th,5,Married-civ-spouse,Other-service,Husband,White,Male,0,0,37,United-States,0
22,Private,103440,HS-grad,9,Never-married,Other-service,Not-in-family,White,Female,0,0,24,United-States,0
28,Self-emp-inc,146042,HS-grad,9,Married-civ-spouse,Craft-repair,Husband,White,Male,0,0,50,United-States,0
30,Private,337908,Assoc-acdm,12,Married-civ-spouse,Adm-clerical,Wife,Black,Female,0,0,20,United-States,0
31,Private,73514,HS-grad,9,Never-married,Sales,Own-child,Asian-Pac-Islander,Female,0,0,40,United-States,0
56,Private,168625,HS-grad,9,Divorced,Prof-specialty,Not-in-family,White,Female,4101,0,40,United-States,0
24,Private,219754,HS-grad,9,Never-married,Adm-clerical,Own-child,White,Male,0,0,40,United-States,0
54,Private,128378,Some-college,10,Widowed,Prof-specialty,Not-in-family,White,Male,0,0,50,United-States,0
48,Private,181758,Some-college,10,Divorced,Adm-clerical,Unmarried,White,Female,0,0,40,United-States,0
42,Private,34278,Some-college,10,Married-civ-spouse,Sales,Husband,White,Male,0,0,50,United-States,1
42,Federal-gov,33521,Bachelors,13,Married-civ-spouse,Prof-specialty,Husband,White,Male,0,0,40,United-States,0
31,Self-emp-not-inc,182177,HS-grad,9,Married-civ-spouse,Craft-repair,Husband,White,Male,0,1902,40,United-States,1
27,Federal-gov,105189,HS-grad,9,Divorced,Adm-clerical,Not-in-family,White,Male,4865,0,50,United-States,0
34,Private,62165,Some-college,10,Never-married,Sales,Other-relative,Black,Male,0,0,30,United-States,0
41,Local-gov,160785,HS-grad,9,Married-civ-spouse,Craft-repair,Husband,White,Male,0,0,40,United-States,0
21,Private,192572,HS-grad,9,Never-married,Adm-clerical,Own-child,White,Female,0,0,45,United-States,0
52,Local-gov,330799,9th,5,Married-civ-spouse,Other-service,Wife,White,Female,0,0,40,United-States,0
57,Private,36990,HS-grad,9,Married-civ-spouse,Craft-repair,Husband,Black,Male,0,0,52,United-States,0
44,Private,206686,Some-college,10,Divorced,Adm-clerical,Unmarried,White,Female,0,0,40,United-States,0
29,Private,247053,HS-grad,9,Separated,Other-service,Not-in-family,White,Female,0,0,40,United-States,0
48,Private,143299,HS-grad,9,Never-married,Machine-op-inspct,Not-in-family,Black,Male,0,0,40,United-States,0
47,Private,164423,HS-grad,9,Divorced,Exec-managerial,Unmarried,White,Female,0,0,43,United-States,0
47,Self-emp-not-inc,107231,Doctorate,16,Married-civ-spouse,Prof-specialty,Husband,White,Male,0,0,35,United-States,1
34,Self-emp-inc,186824,Prof-school,15,Married-civ-spouse,Prof-specialty,Husband,White,Male,15024,0,40,United-States,1
38,Private,164050,Some-college,10,Married-civ-spouse,Protective-serv,Husband,Black,Male,0,0,40,United-States,1
76,Private,116202,HS-grad,9,Widowed,Other-service,Unmarried,White,Female,0,0,33,United-States,0
29,Private,196971,Bachelors,13,Never-married,Prof-specialty,Own-child,White,Female,0,0,72,United-States,0
51,Self-emp-inc,189183,Bachelors,13,Married-civ-spouse,Exec-managerial,Husband,White,Male,0,0,40,United-States,0
25,Private,181054,Bachelors,13,Never-married,Sales,Not-in-family,White,Female,0,0,40,United-States,0
46,State-gov,248895,Bachelors,13,Married-civ-spouse,Exec-managerial,Husband,White,Male,0,0,40,United-States,1
35,Private,112160,HS-grad,9,Married-civ-spouse,Sales,Husband,White,Male,0,0,40,United-States,0
44,Federal-gov,206553,Assoc-voc,11,Divorced,Tech-support,Not-in-family,White,Male,0,0,40,United-States,0
41,Private,201981,HS-grad,9,Divorced,Craft-repair,Own-child,White,Male,0,0,40,United-States,0
20,Private,42706,Some-college,10,Never-married,Adm-clerical,Not-in-family,White,Male,0,0,25,United-States,0
26,Private,175789,HS-grad,9,Divorced,Handlers-cleaners,Own-child,White,Female,0,0,40,United-States,0
49,Self-emp-inc,94606,Doctorate,16,Married-civ-spouse,Prof-specialty,Husband,Black,Male,0,0,60,United-States,1
46,Local-gov,141944,Bachelors,13,Married-civ-spouse,Prof-specialty,Husband,White,Male,0,0,38,United-States,1
17,Private,140117,10th,6,Never-married,Sales,Own-child,White,Female,0,0,12,United-States,0
68,Private,171933,7th-8th,4,Married-civ-spouse,Craft-repair,Husband,White,Male,0,0,40,United-States,0
29,Private,235168,Assoc-acdm,12,Married-civ-spouse,Sales,Husband,White,Male,0,0,60,United-States,0
35,Private,174503,HS-grad,9,Divorced,Craft-repair,Not-in-family,White,Female,0,0,40,United-States,0
28,Private,163772,HS-grad,9,Married-civ-spouse,Other-service,Husband,Other,Male,0,0,40,United-States,0
42,Local-gov,569930,Bachelors,13,Married-civ-spouse,Adm-clerical,Husband,White,Male,0,0,45,United-States,1
41,Local-gov,107327,Assoc-voc,11,Divorced,Prof-specialty,Unmarried,White,Female,0,0,40,United-States,0
19,Private,39756,Some-college,10,Never-married,Other-service,Own-child,White,Female,0,0,15,United-States,0
40,Private,163342,HS-grad,9,Never-married,Adm-clerical,Not-in-family,White,Female,0,0,70,United-States,0
43,Private,188905,5th-6th,3,Separated,Machine-op-inspct,Not-in-family,White,Female,0,0,40,Mexico,0
30,State-gov,234824,HS-grad,9,Married-civ-spouse,Other-service,Wife,White,Female,0,0,72,United-States,0
19,Private,393712,HS-grad,9,Never-married,Adm-clerical,Own-child,White,Female,0,0,20,United-States,0
30,Self-emp-not-inc,176185,Some-college,10,Married-spouse-absent,Craft-repair,Own-child,White,Male,0,0,60,United-States,1
36,Private,182013,Some-college,10,Divorced,Tech-support,Unmarried,White,Female,0,0,40,United-States,0
22,Local-gov,273734,HS-grad,9,Never-married,Farming-fishing,Own-child,White,Male,0,0,20,United-States,0
39,Private,179668,Bachelors,13,Married-civ-spouse,Tech-support,Husband,White,Male,15024,0,40,United-States,1
53,Private,295520,9th,5,Widowed,Sales,Unmarried,Black,Female,0,0,25,United-States,0
17,Local-gov,170916,10th,6,Never-married,Protective-serv,Own-child,White,Female,0,1602,40,United-States,0
25,Private,220284,HS-grad,9,Never-married,Transport-moving,Unmarried,White,Male,0,0,40,Mexico,0
49,Private,193366,Masters,14,Married-civ-spouse,Exec-managerial,Husband,White,Male,0,0,65,United-States,1
41,Private,70645,Masters,14,Widowed,Prof-specialty,Not-in-family,White,Female,4650,0,55,United-States,0
25,Private,285367,HS-grad,9,Divorced,Other-service,Not-in-family,White,Male,0,0,50,United-States,0
44,Private,187629,Assoc-acdm,12,Never-married,Craft-repair,Not-in-family,White,Male,0,0,25,United-States,0
41,Private,201495,Masters,14,Married-civ-spouse,Exec-managerial,Husband,White,Male,0,0,40,United-States,1
23,Private,227471,HS-grad,9,Never-married,Handlers-cleaners,Own-child,White,Male,0,0,24,United-States,0
30,Local-gov,289442,HS-grad,9,Never-married,Protective-serv,Not-in-family,White,Male,0,0,40,United-States,0
65,Private,183170,HS-grad,9,Divorced,Other-service,Not-in-family,White,Male,0,0,25,United-States,0
43,State-gov,218542,HS-grad,9,Never-married,Adm-clerical,Unmarried,Black,Female,0,0,40,United-States,0
37,Private,200863,Some-college,10,Widowed,Craft-repair,Unmarried,White,Male,0,0,40,United-States,0
45,Private,209912,Bachelors,13,Married-civ-spouse,Exec-managerial,Husband,Asian-Pac-Islander,Male,0,0,40,India,1
26,Local-gov,220656,Bachelors,13,Never-married,Prof-specialty,Own-child,Black,Male,0,0,38,England,0
25,Private,234057,HS-grad,9,Never-married,Craft-repair,Not-in-family,White,Female,0,0,40,United-States,0
21,Private,149224,Some-college,10,Never-married,Transport-moving,Own-child,White,Male,0,0,30,United-States,0
43,Private,484861,Some-college,10,Married-civ-spouse,Craft-repair,Husband,White,Male,4064,0,38,United-States,0
57,Private,124507,Bachelors,13,Married-civ-spouse,Sales,Husband,White,Male,0,0,55,United-States,1
36,Private,169926,HS-grad,9,Divorced,Sales,Not-in-family,White,Female,0,0,40,United-States,0
43,State-gov,23157,HS-grad,9,Never-married,Transport-moving,Not-in-family,White,Male,0,0,60,United-States,0
25,Private,51201,HS-grad,9,Married-civ-spouse,Craft-repair,Husband,White,Male,0,0,35,United-States,0
39,Private,207185,Some-college,10,Married-civ-spouse,Exec-managerial,Wife,White,Female,0,0,35,Puerto-Rico,1
22,Private,141003,Assoc-voc,11,Never-married,Other-service,Own-child,White,Male,0,0,30,United-States,0
46,Self-emp-not-inc,220832,Some-college,10,Married-civ-spouse,Exec-managerial,Husband,White,Male,0,0,58,United-States,1
38,Private,183800,Assoc-acdm,12,Married-civ-spouse,Adm-clerical,Husband,White,Male,0,0,40,United-States,0
46,Private,102318,Some-college,10,Married-civ-spouse,Transport-moving,Husband,White,Male,0,1887,40,United-States,1
22,Private,107801,Assoc-voc,11,Never-married,Adm-clerical,Own-child,White,Female,0,0,40,United-States,0
23,Private,309580,Masters,14,Never-married,Prof-specialty,Not-in-family,White,Male,0,0,40,United-States,0
30,Private,381153,Some-college,10,Married-civ-spouse,Craft-repair,Husband,White,Male,0,0,40,United-States,0
21,State-gov,145651,Some-college,10,Never-married,Sales,Own-child,Black,Female,0,1602,12,United-States,0
39,Private,176296,Assoc-acdm,12,Married-civ-spouse,Protective-serv,Husband,Black,Male,0,0,60,United-States,0
27,Private,263614,Assoc-acdm,12,Married-civ-spouse,Craft-repair,Husband,White,Male,0,0,45,United-States,1
56,Private,131608,Some-college,10,Married-civ-spouse,Sales,Husband,White,Male,0,0,40,United-States,1
36,Private,89508,Some-college,10,Divorced,Prof-specialty,Not-in-family,White,Male,0,0,50,United-States,0
27,Private,132191,HS-grad,9,Never-married,Craft-repair,Not-in-family,White,Male,0,0,40,United-States,0
53,Private,274528,Bachelors,13,Divorced,Exec-managerial,Not-in-family,White,Male,0,0,70,United-States,0
42,Private,194636,HS-grad,9,Married-civ-spouse,Sales,Husband,White,Male,0,0,40,United-States,0
37,Self-emp-not-inc,32239,HS-grad,9,Divorced,Farming-fishing,Not-in-family,White,Male,27828,0,40,United-States,1
26,Private,189219,Assoc-acdm,12,Never-married,Adm-clerical,Not-in-family,White,Female,0,0,8,United-States,0
34,Private,506858,Assoc-voc,11,Married-civ-spouse,Craft-repair,Husband,White,Male,0,0,32,United-States,1
52,Local-gov,35092,Doctorate,16,Married-civ-spouse,Exec-managerial,Husband,White,Male,0,0,40,United-States,1
35,Local-gov,329759,HS-grad,9,Married-civ-spouse,Craft-repair,Husband,White,Male,0,0,40,United-States,0
76,Local-gov,259612,HS-grad,9,Married-civ-spouse,Protective-serv,Husband,White,Male,0,0,15,United-States,0
22,Private,440969,Some-college,10,Never-married,Other-service,Own-child,White,Female,0,0,24,United-States,0
65,Private,95303,HS-grad,9,Married-civ-spouse,Exec-managerial,Husband,White,Male,0,0,40,United-States,1
39,Private,201410,Bachelors,13,Married-civ-spouse,Transport-moving,Husband,White,Male,0,1977,45,Philippines,1
27,Private,207611,Bachelors,13,Never-married,Exec-managerial,Own-child,White,Female,0,0,40,United-States,0
33,Private,354573,Masters,14,Married-civ-spouse,Prof-specialty,Husband,White,Male,15024,0,44,United-States,1
63,Self-emp-not-inc,28612,HS-grad,9,Widowed,Sales,Not-in-family,White,Male,0,0,70,United-States,0
27,Self-emp-inc,233724,HS-grad,9,Separated,Adm-clerical,Not-in-family,White,Male,0,0,38,United-States,0
65,Private,154171,Prof-school,15,Married-civ-spouse,Prof-specialty,Husband,White,Male,20051,0,60,United-States,1
21,Private,231866,Assoc-voc,11,Never-married,Craft-repair,Own-child,White,Male,0,0,40,United-States,0
30,Private,345898,HS-grad,9,Never-married,Craft-repair,Not-in-family,Black,Male,0,0,46,United-States,0
47,Private,191957,HS-grad,9,Married-civ-spouse,Sales,Husband,Black,Male,0,0,40,United-States,1
44,Private,262684,HS-grad,9,Divorced,Adm-clerical,Not-in-family,White,Female,0,1504,45,United-States,0
35,Private,143589,Bachelors,13,Married-spouse-absent,Prof-specialty,Not-in-family,Asian-Pac-Islander,Female,0,0,40,Philippines,0
27,Private,275110,HS-grad,9,Married-civ-spouse,Handlers-cleaners,Husband,Black,Male,0,0,80,United-States,1
49,Private,50748,Some-college,10,Divorced,Sales,Unmarried,White,Female,0,0,55,England,0
33,Private,41610,Bachelors,13,Married-civ-spouse,Prof-specialty,Husband,White,Male,0,0,40,United-States,0
20,Private,172232,HS-grad,9,Never-married,Adm-clerical,Own-child,White,Male,0,0,48,United-States,0
45,Private,111994,Some-college,10,Divorced,Sales,Not-in-family,White,Male,4650,0,40,United-States,0
37,Private,211494,HS-grad,9,Married-civ-spouse,Tech-support,Husband,White,Male,0,0,40,United-States,1
30,Private,159442,HS-grad,9,Never-married,Other-service,Not-in-family,White,Female,0,0,40,Ireland,0
58,Private,199278,Bachelors,13,Divorced,Exec-managerial,Not-in-family,White,Male,0,0,38,United-States,0
44,Private,109339,11th,7,Divorced,Machine-op-inspct,Unmarried,Other,Female,0,0,46,Puerto-Rico,0
25,Private,123586,Some-college,10,Never-married,Adm-clerical,Unmarried,Other,Male,0,0,40,United-States,0
19,Private,372483,Some-college,10,Never-married,Other-service,Other-relative,Black,Male,0,0,35,United-States,0
38,Local-gov,223004,Some-college,10,Divorced,Protective-serv,Not-in-family,White,Male,0,0,75,United-States,0
50,Private,100109,Bachelors,13,Divorced,Exec-managerial,Unmarried,White,Male,0,0,45,United-States,1
54,Private,257337,Some-college,10,Married-civ-spouse,Craft-repair,Husband,White,Male,0,0,40,United-States,1
25,Private,130557,Bachelors,13,Never-married,Adm-clerical,Not-in-family,White,Female,0,0,40,United-States,0
53,Private,108083,7th-8th,4,Married-civ-spouse,Farming-fishing,Husband,White,Male,0,0,45,United-States,0
64,State-gov,223830,9th,5,Never-married,Adm-clerical,Not-in-family,White,Female,0,0,38,United-States,0
27,Private,329426,Bachelors,13,Never-married,Exec-managerial,Not-in-family,White,Male,0,0,45,United-States,0
27,Private,153475,Bachelors,13,Never-married,Sales,Not-in-family,White,Female,0,0,40,United-States,0
36,Private,136629,Some-college,10,Married-civ-spouse,Machine-op-inspct,Husband,White,Male,0,0,40,United-States,1
30,Private,207253,Assoc-voc,11,Married-civ-spouse,Craft-repair,Husband,White,Male,0,0,40,England,0
27,Private,292120,HS-grad,9,Divorced,Tech-support,Not-in-family,White,Female,0,0,45,United-States,0
45,Local-gov,166181,HS-grad,9,Divorced,Other-service,Own-child,Black,Female,0,0,40,United-States,0
43,Private,195258,HS-grad,9,Married-civ-spouse,Craft-repair,Husband,White,Male,0,0,40,United-States,1
60,Private,207665,HS-grad,9,Married-civ-spouse,Tech-support,Wife,White,Female,0,0,40,United-States,1
39,Private,176186,Some-college,10,Married-civ-spouse,Machine-op-inspct,Husband,White,Male,0,0,40,United-States,1
38,Private,175232,HS-grad,9,Married-civ-spouse,Machine-op-inspct,Husband,White,Male,0,0,48,United-States,0
25,Private,114345,9th,5,Never-married,Craft-repair,Unmarried,White,Male,914,0,40,United-States,0
44,Self-emp-inc,69333,Bachelors,13,Married-civ-spouse,Craft-repair,Husband,White,Male,0,0,50,United-States,1
25,Private,51498,12th,8,Never-married,Other-service,Other-relative,White,Male,0,0,40,United-States,0
31,Private,174704,HS-grad,9,Divorced,Sales,Unmarried,Black,Male,0,0,50,United-States,0
55,Private,117299,HS-grad,9,Married-civ-spouse,Craft-repair,Husband,White,Male,7688,0,40,United-States,1
32,Local-gov,235109,Bachelors,13,Married-civ-spouse,Adm-clerical,Wife,White,Female,0,0,40,United-States,0
33,Private,115496,Doctorate,16,Married-civ-spouse,Prof-specialty,Husband,White,Male,0,0,60,United-States,1
69,Self-emp-inc,182451,Bachelors,13,Separated,Exec-managerial,Not-in-family,White,Male,0,0,40,United-States,0
49,Private,360491,HS-grad,9,Widowed,Adm-clerical,Unmarried,White,Female,0,0,40,United-States,0
21,Private,267040,10th,6,Never-married,Prof-specialty,Unmarried,Black,Female,0,0,40,United-States,0
39,Private,198841,Masters,14,Married-civ-spouse,Prof-specialty,Husband,White,Male,7688,0,45,United-States,1
25,Private,282612,Assoc-voc,11,Never-married,Tech-support,Unmarried,Black,Female,0,0,40,United-States,0
20,Private,432154,HS-grad,9,Never-married,Sales,Own-child,White,Female,0,0,8,Mexico,0
45,Local-gov,235431,HS-grad,9,Separated,Other-service,Unmarried,Black,Female,0,0,40,United-States,0
42,Local-gov,143046,HS-grad,9,Widowed,Transport-moving,Unmarried,White,Female,0,0,40,United-States,0
60,Private,205934,HS-grad,9,Separated,Other-service,Not-in-family,White,Female,0,0,25,United-States,0
46,Private,235646,HS-grad,9,Married-civ-spouse,Craft-repair,Husband,White,Male,0,0,40,United-States,1
41,Private,116391,Bachelors,13,Married-civ-spouse,Handlers-cleaners,Husband,White,Male,0,0,40,Germany,0
47,Private,256866,HS-grad,9,Married-civ-spouse,Transport-moving,Husband,White,Male,0,0,48,United-States,0
28,Private,160731,HS-grad,9,Married-civ-spouse,Craft-repair,Husband,White,Male,0,0,40,Poland,1
33,Private,126950,HS-grad,9,Married-civ-spouse,Transport-moving,Husband,White,Male,0,0,60,United-States,0
67,Private,288371,HS-grad,9,Married-civ-spouse,Sales,Husband,White,Male,0,0,40,Canada,1
43,Private,183273,Masters,14,Married-civ-spouse,Exec-managerial,Wife,White,Female,15024,0,32,United-States,1
53,Self-emp-not-inc,196328,HS-grad,9,Married-civ-spouse,Exec-managerial,Husband,Black,Male,0,0,45,United-States,1
19,Private,106273,Some-college,10,Never-married,Sales,Own-child,White,Female,0,0,38,United-States,0
61,Private,125155,HS-grad,9,Married-civ-spouse,Machine-op-inspct,Husband,White,Male,0,0,40,United-States,0
30,Private,234919,Some-college,10,Never-married,Sales,Own-child,White,Female,0,0,40,El-Salvador,0
46,Self-emp-inc,198660,Bachelors,13,Married-civ-spouse,Sales,Husband,White,Male,99999,0,72,United-States,1
22,Local-gov,137510,HS-grad,9,Never-married,Farming-fishing,Own-child,White,Male,0,0,40,United-States,0
34,Local-gov,177675,Bachelors,13,Married-civ-spouse,Exec-managerial,Husband,White,Male,0,0,55,United-States,1
42,Private,33521,Assoc-acdm,12,Married-civ-spouse,Sales,Husband,White,Male,0,0,45,United-States,1
44,Private,271792,Bachelors,13,Married-spouse-absent,Exec-managerial,Unmarried,White,Female,0,0,40,United-States,0
25,Federal-gov,366207,HS-grad,9,Never-married,Transport-moving,Own-child,White,Male,0,0,40,United-States,0
29,Private,133696,Bachelors,13,Never-married,Prof-specialty,Not-in-family,White,Male,8614,0,45,United-States,1
43,Self-emp-not-inc,343061,7th-8th,4,Married-civ-spouse,Farming-fishing,Husband,White,Male,4508,0,40,Cuba,0
48,Private,331482,Prof-school,15,Married-civ-spouse,Tech-support,Husband,White,Male,0,1977,40,United-States,1
47,Private,180551,Some-college,10,Married-civ-spouse,Transport-moving,Husband,White,Male,0,0,50,United-States,0
51,Private,196501,Bachelors,13,Divorced,Exec-managerial,Not-in-family,White,Male,14084,0,50,United-States,1
27,Private,181659,HS-grad,9,Married-civ-spouse,Machine-op-inspct,Husband,White,Male,0,0,40,United-States,0
48,Private,164423,HS-grad,9,Divorced,Machine-op-inspct,Unmarried,White,Female,0,0,40,United-States,0
25,Private,190418,Some-college,10,Never-married,Other-service,Own-child,White,Male,0,0,30,Canada,0
31,Private,185732,HS-grad,9,Never-married,Other-service,Own-child,White,Female,0,0,30,United-States,0
35,Private,63021,Some-college,10,Divorced,Sales,Not-in-family,White,Female,0,0,35,United-States,0
30,Private,381153,HS-grad,9,Never-married,Craft-repair,Not-in-family,White,Male,0,0,40,United-States,0
36,Local-gov,578377,Masters,14,Married-civ-spouse,Prof-specialty,Wife,White,Female,0,0,40,United-States,0
57,Private,169329,HS-grad,9,Married-civ-spouse,Tech-support,Husband,Black,Male,0,1887,40,Trinadad&Tobago,1
54,Private,140359,7th-8th,4,Divorced,Machine-op-inspct,Unmarried,White,Female,0,3900,40,United-States,0
29,Self-emp-not-inc,245790,10th,6,Divorced,Craft-repair,Not-in-family,White,Male,0,0,80,United-States,0
66,Private,22313,11th,7,Married-civ-spouse,Craft-repair,Husband,White,Male,0,0,20,United-States,0
39,Federal-gov,314822,Some-college,10,Married-civ-spouse,Adm-clerical,Husband,Black,Male,0,0,40,United-States,0
32,Private,360593,HS-grad,9,Divorced,Sales,Unmarried,Black,Female,0,0,30,United-States,0
59,Private,43221,9th,5,Married-civ-spouse,Transport-moving,Husband,White,Male,0,0,60,United-States,1
50,Private,234373,Masters,14,Married-civ-spouse,Exec-managerial,Wife,White,Female,0,1485,40,United-States,0
35,Private,195744,HS-grad,9,Married-civ-spouse,Other-service,Husband,White,Male,0,0,40,United-States,0
66,Private,78855,HS-grad,9,Never-married,Adm-clerical,Not-in-family,Asian-Pac-Islander,Female,0,0,40,United-States,0
44,Private,187720,Assoc-voc,11,Never-married,Craft-repair,Unmarried,White,Male,0,0,40,United-States,0
33,Private,117186,Bachelors,13,Married-civ-spouse,Exec-managerial,Husband,White,Male,0,0,45,United-States,0
50,Private,151580,Assoc-acdm,12,Married-civ-spouse,Craft-repair,Husband,White,Male,0,0,45,United-States,0
51,Self-emp-not-inc,291755,7th-8th,4,Married-civ-spouse,Exec-managerial,Husband,White,Male,0,0,42,United-States,0
28,Private,51961,Some-college,10,Never-married,Tech-support,Own-child,Black,Male,0,0,24,United-States,0
46,Self-emp-not-inc,366089,Prof-school,15,Married-civ-spouse,Prof-specialty,Husband,White,Male,15024,0,40,United-States,1
33,Private,164190,Masters,14,Never-married,Prof-specialty,Own-child,White,Male,0,0,20,United-States,0
53,Private,341439,Masters,14,Never-married,Exec-managerial,Not-in-family,White,Female,0,0,60,United-States,1
38,Private,123833,Some-college,10,Never-married,Other-service,Not-in-family,White,Male,0,1408,40,United-States,0
53,Private,355802,Some-college,10,Widowed,Sales,Unmarried,White,Female,0,0,30,United-States,0
68,Self-emp-not-inc,234859,Some-college,10,Married-civ-spouse,Other-service,Husband,White,Male,0,0,30,United-States,0
60,Self-emp-not-inc,88055,Some-college,10,Married-civ-spouse,Craft-repair,Husband,White,Male,0,0,24,United-States,0
17,Private,108273,10th,6,Never-married,Sales,Own-child,White,Female,0,0,12,United-States,0
41,Private,374764,Bachelors,13,Widowed,Exec-managerial,Unmarried,White,Male,0,0,20,United-States,0
67,Federal-gov,223257,HS-grad,9,Widowed,Other-service,Unmarried,White,Male,0,0,40,United-States,0
29,Private,176723,Some-college,10,Never-married,Sales,Unmarried,White,Female,0,0,25,United-States,0
38,Private,292570,Some-college,10,Never-married,Sales,Own-child,White,Female,0,0,50,United-States,0
42,Private,194537,HS-grad,9,Divorced,Machine-op-inspct,Unmarried,White,Female,0,0,40,United-States,0
19,Private,210308,Some-college,10,Never-married,Adm-clerical,Own-child,White,Female,0,0,15,United-States,0
37,Self-emp-not-inc,112497,Masters,14,Married-civ-spouse,Exec-managerial,Husband,White,Male,0,0,50,United-States,1
54,Local-gov,288825,HS-grad,9,Married-civ-spouse,Transport-moving,Husband,Black,Male,0,0,40,United-States,0
42,Local-gov,138077,Masters,14,Married-civ-spouse,Prof-specialty,Wife,White,Female,0,0,38,United-States,1
26,Private,192262,HS-grad,9,Married-civ-spouse,Other-service,Husband,White,Male,0,0,40,United-States,0
52,Private,194259,HS-grad,9,Divorced,Sales,Not-in-family,White,Female,0,0,40,Germany,0
49,Private,266150,HS-grad,9,Married-civ-spouse,Machine-op-inspct,Wife,White,Female,0,0,40,United-States,0
39,Private,185099,HS-grad,9,Married-civ-spouse,Exec-managerial,Husband,White,Male,0,0,40,United-States,0
55,Local-gov,110490,Bachelors,13,Married-civ-spouse,Prof-specialty,Wife,White,Female,0,0,60,United-States,0
51,Self-emp-not-inc,170086,Bachelors,13,Married-civ-spouse,Tech-support,Husband,White,Male,0,0,45,United-States,1
34,Private,232475,Some-college,10,Divorced,Exec-managerial,Not-in-family,White,Male,0,0,50,United-States,0
35,Private,265954,HS-grad,9,Separated,Other-service,Not-in-family,Black,Male,0,0,40,United-States,0
51,Private,673764,Masters,14,Never-married,Prof-specialty,Not-in-family,White,Male,27828,0,40,United-States,1
45,Private,162915,Some-college,10,Divorced,Transport-moving,Not-in-family,White,Male,0,0,50,United-States,0
51,Private,249741,Some-college,10,Married-civ-spouse,Sales,Husband,White,Male,0,0,40,United-States,0
32,Private,53135,HS-grad,9,Never-married,Machine-op-inspct,Not-in-family,White,Male,0,0,40,United-States,0
58,Private,320102,Doctorate,16,Married-civ-spouse,Prof-specialty,Husband,White,Male,0,0,50,United-States,1
30,Private,112115,Bachelors,13,Married-civ-spouse,Exec-managerial,Husband,White,Male,0,0,50,United-States,1
50,Private,152810,Bachelors,13,Married-civ-spouse,Sales,Husband,White,Male,0,0,40,United-States,1
35,Self-emp-not-inc,166416,HS-grad,9,Married-civ-spouse,Farming-fishing,Husband,White,Male,0,0,99,United-States,0
19,Private,274830,HS-grad,9,Never-married,Other-service,Own-child,White,Female,0,0,15,United-States,0
62,Private,194167,HS-grad,9,Divorced,Machine-op-inspct,Not-in-family,White,Female,2174,0,40,United-States,0
24,Private,498349,Bachelors,13,Never-married,Transport-moving,Unmarried,Black,Female,0,0,40,United-States,0
47,Private,265275,Some-college,10,Never-married,Other-service,Own-child,White,Male,0,0,40,United-States,0
28,Private,410351,Some-college,10,Married-civ-spouse,Farming-fishing,Husband,White,Male,0,0,40,United-States,0
43,Self-emp-not-inc,170721,Some-college,10,Married-civ-spouse,Craft-repair,Husband,White,Male,0,0,20,United-States,0
26,Private,182308,Some-college,10,Married-civ-spouse,Prof-specialty,Husband,White,Male,0,0,40,United-States,0
32,Private,242150,HS-grad,9,Never-married,Adm-clerical,Own-child,White,Male,0,0,38,United-States,0
42,Local-gov,176716,Masters,14,Divorced,Prof-specialty,Not-in-family,White,Male,0,0,40,United-States,0
50,Self-emp-inc,176751,Masters,14,Divorced,Exec-managerial,Not-in-family,White,Male,0,0,80,United-States,1
27,Local-gov,332249,HS-grad,9,Never-married,Farming-fishing,Own-child,White,Male,0,0,40,United-States,0
32,State-gov,317647,HS-grad,9,Never-married,Transport-moving,Own-child,White,Male,0,0,40,United-States,0
45,Private,102308,Masters,14,Married-civ-spouse,Exec-managerial,Husband,White,Male,15024,0,60,United-States,1
57,Self-emp-not-inc,135134,Masters,14,Never-married,Farming-fishing,Not-in-family,White,Male,0,0,20,United-States,0
28,Private,221215,10th,6,Never-married,Handlers-cleaners,Other-relative,White,Male,0,0,40,Mexico,0
46,Private,98637,Bachelors,13,Married-civ-spouse,Exec-managerial,Husband,White,Male,7298,0,50,United-States,1
47,Private,125120,Bachelors,13,Divorced,Craft-repair,Not-in-family,White,Female,0,0,50,United-States,0
35,Self-emp-not-inc,361888,Bachelors,13,Married-civ-spouse,Sales,Husband,White,Male,0,0,60,Japan,0
52,Self-emp-inc,138497,Bachelors,13,Married-civ-spouse,Exec-managerial,Husband,White,Male,0,0,60,United-States,0
42,Private,179557,Some-college,10,Divorced,Tech-support,Not-in-family,White,Female,0,0,40,United-States,0
20,Private,158206,Some-college,10,Never-married,Sales,Not-in-family,White,Male,0,0,30,United-States,0
55,Local-gov,84564,Prof-school,15,Divorced,Prof-specialty,Not-in-family,White,Female,0,0,39,United-States,0
50,Private,421132,HS-grad,9,Married-civ-spouse,Craft-repair,Husband,White,Male,0,0,40,United-States,0
50,Local-gov,191025,Masters,14,Divorced,Exec-managerial,Not-in-family,White,Female,4650,0,70,United-States,0
49,Private,169711,Assoc-voc,11,Married-civ-spouse,Prof-specialty,Husband,White,Male,0,0,40,Germany,1
61,Private,28291,HS-grad,9,Divorced,Farming-fishing,Not-in-family,White,Female,0,0,82,United-States,0
44,Private,419134,HS-grad,9,Divorced,Adm-clerical,Unmarried,Black,Female,0,0,40,United-States,0
35,Private,106967,Masters,14,Never-married,Sales,Not-in-family,White,Female,0,0,40,United-States,0
36,Self-emp-not-inc,151322,Bachelors,13,Married-civ-spouse,Prof-specialty,Husband,White,Male,0,0,45,United-States,1
53,State-gov,153486,10th,6,Married-civ-spouse,Transport-moving,Husband,White,Male,0,0,40,United-States,1
46,Self-emp-not-inc,119944,Masters,14,Married-civ-spouse,Exec-managerial,Husband,White,Male,0,0,50,United-States,1
37,Private,327323,5th-6th,3,Separated,Farming-fishing,Not-in-family,White,Male,0,0,32,Guatemala,0
54,Self-emp-not-inc,200960,Bachelors,13,Married-civ-spouse,Sales,Husband,White,Male,0,0,50,United-States,1
24,Private,69640,Bachelors,13,Never-married,Sales,Own-child,White,Male,0,0,40,United-States,0
28,Private,159001,HS-grad,9,Never-married,Handlers-cleaners,Own-child,White,Male,0,0,30,United-States,0
36,Private,245090,Some-college,10,Married-civ-spouse,Craft-repair,Husband,White,Male,3137,0,50,El-Salvador,0
24,State-gov,232918,Bachelors,13,Never-married,Prof-specialty,Not-in-family,White,Male,0,0,20,United-States,0
46,Private,133616,Some-college,10,Divorced,Adm-clerical,Unmarried,White,Female,0,0,40,United-States,0
20,Private,146706,Some-college,10,Married-civ-spouse,Sales,Other-relative,White,Female,0,0,30,United-States,0
58,Private,172333,HS-grad,9,Married-civ-spouse,Sales,Husband,White,Male,7688,0,40,United-States,1
25,Private,236267,HS-grad,9,Married-civ-spouse,Handlers-cleaners,Husband,White,Male,0,0,40,United-States,0
57,Private,262642,HS-grad,9,Never-married,Adm-clerical,Other-relative,White,Female,0,0,40,United-States,0
33,Federal-gov,101345,Bachelors,13,Never-married,Prof-specialty,Not-in-family,White,Female,0,0,40,United-States,0
28,Private,137898,HS-grad,9,Divorced,Adm-clerical,Not-in-family,White,Female,0,0,35,United-States,0
39,Private,149943,Masters,14,Never-married,Sales,Not-in-family,Asian-Pac-Islander,Male,0,0,40,China,0
24,Self-emp-not-inc,322931,7th-8th,4,Married-civ-spouse,Transport-moving,Husband,White,Male,0,1902,40,United-States,1
46,Private,153501,HS-grad,9,Never-married,Transport-moving,Not-in-family,Amer-Indian-Eskimo,Male,0,0,40,United-States,0
41,Private,116103,HS-grad,9,Widowed,Exec-managerial,Other-relative,White,Male,914,0,40,United-States,0
28,Self-emp-inc,210295,11th,7,Married-civ-spouse,Craft-repair,Husband,White,Male,0,0,50,United-States,1
44,Private,192976,HS-grad,9,Married-civ-spouse,Transport-moving,Husband,Amer-Indian-Eskimo,Male,0,0,40,United-States,0
36,Private,292570,11th,7,Never-married,Machine-op-inspct,Unmarried,White,Female,0,0,40,United-States,0
59,Private,151977,10th,6,Separated,Priv-house-serv,Not-in-family,Black,Female,0,0,30,United-States,0
49,Federal-gov,118701,HS-grad,9,Divorced,Adm-clerical,Unmarried,Black,Female,0,0,40,United-States,0
31,Self-emp-not-inc,325355,Bachelors,13,Married-civ-spouse,Exec-managerial,Wife,White,Female,0,1902,40,United-States,1
46,Private,51618,HS-grad,9,Married-civ-spouse,Other-service,Wife,White,Female,0,0,40,United-States,0
42,Private,109067,Bachelors,13,Separated,Tech-support,Not-in-family,White,Male,0,0,40,United-States,0
23,Private,192978,HS-grad,9,Married-civ-spouse,Handlers-cleaners,Husband,White,Male,0,0,40,United-States,0
36,Private,105138,HS-grad,9,Divorced,Transport-moving,Not-in-family,White,Male,0,0,50,United-States,0
47,Private,168262,Bachelors,13,Never-married,Adm-clerical,Own-child,White,Male,0,0,40,United-States,0
62,Private,116104,HS-grad,9,Widowed,Adm-clerical,Not-in-family,White,Female,0,0,20,Germany,0
25,Private,371987,HS-grad,9,Divorced,Adm-clerical,Not-in-family,White,Female,0,0,40,United-States,0
28,Private,53063,Bachelors,13,Married-civ-spouse,Exec-managerial,Husband,White,Male,0,0,45,United-States,0
61,Private,219886,Some-college,10,Married-civ-spouse,Tech-support,Wife,White,Female,0,0,40,United-States,1
35,Private,272476,Assoc-acdm,12,Married-civ-spouse,Other-service,Wife,White,Female,0,0,35,United-States,1
26,Private,202203,Bachelors,13,Never-married,Adm-clerical,Other-relative,White,Female,0,0,50,United-States,0
55,Private,163083,Masters,14,Married-civ-spouse,Prof-specialty,Husband,White,Male,0,0,40,United-States,1
36,Private,37778,Some-college,10,Married-civ-spouse,Exec-managerial,Husband,White,Male,0,0,40,United-States,0
29,Private,543477,Some-college,10,Never-married,Adm-clerical,Own-child,Black,Female,0,0,40,United-States,0
34,Private,56883,Some-college,10,Never-married,Other-service,Unmarried,White,Female,0,0,40,United-States,0
25,Private,120450,HS-grad,9,Never-married,Other-service,Not-in-family,White,Male,0,0,40,United-States,0
34,Private,405577,Some-college,10,Never-married,Adm-clerical,Not-in-family,White,Male,0,0,40,United-States,0
35,Private,57640,HS-grad,9,Married-civ-spouse,Craft-repair,Husband,White,Male,0,0,35,United-States,0
34,State-gov,355700,HS-grad,9,Separated,Adm-clerical,Unmarried,White,Female,0,0,20,United-States,0
33,Private,180859,HS-grad,9,Divorced,Exec-managerial,Not-in-family,White,Male,0,0,40,United-States,0
37,Private,151771,7th-8th,4,Married-civ-spouse,Craft-repair,Husband,White,Male,0,0,40,United-States,0
25,Private,109532,12th,8,Never-married,Craft-repair,Own-child,White,Male,0,0,40,United-States,0
52,Self-emp-not-inc,194791,Some-college,10,Married-civ-spouse,Craft-repair,Husband,White,Male,0,0,40,United-States,0
42,Private,89073,HS-grad,9,Married-civ-spouse,Prof-specialty,Husband,White,Male,0,0,48,United-States,0
35,Private,224512,Masters,14,Married-civ-spouse,Sales,Husband,White,Male,0,0,55,United-States,1
24,Private,310380,Some-college,10,Married-spouse-absent,Adm-clerical,Own-child,Black,Female,0,0,45,United-States,0
41,Private,152742,Assoc-voc,11,Divorced,Tech-support,Not-in-family,White,Female,3325,0,40,United-States,0
49,Private,165468,HS-grad,9,Married-civ-spouse,Exec-managerial,Husband,White,Male,7688,0,55,United-States,1
22,Private,136873,Some-college,10,Never-married,Craft-repair,Not-in-family,White,Male,0,0,40,United-States,0
50,Federal-gov,166419,11th,7,Never-married,Sales,Not-in-family,Black,Female,3674,0,40,United-States,0
42,Private,252518,Prof-school,15,Married-civ-spouse,Exec-managerial,Husband,White,Male,15024,0,40,United-States,1
29,Private,78261,HS-grad,9,Married-civ-spouse,Machine-op-inspct,Husband,White,Male,0,0,40,United-States,0
23,Private,140798,Bachelors,13,Never-married,Adm-clerical,Not-in-family,White,Female,0,0,40,United-States,0
41,Private,217902,HS-grad,9,Married-civ-spouse,Exec-managerial,Husband,White,Male,0,0,40,United-States,1
25,Private,135568,9th,5,Married-civ-spouse,Handlers-cleaners,Husband,White,Male,0,0,40,United-States,0
56,Private,184553,10th,6,Divorced,Craft-repair,Not-in-family,White,Male,0,0,56,United-States,0
19,Private,389755,HS-grad,9,Never-married,Handlers-cleaners,Own-child,White,Male,0,0,16,United-States,0
43,Self-emp-not-inc,180985,Bachelors,13,Separated,Craft-repair,Unmarried,White,Male,0,0,35,United-States,0
59,Private,169982,Bachelors,13,Married-civ-spouse,Exec-managerial,Husband,White,Male,0,2002,50,United-States,0
29,Private,50295,Some-college,10,Married-civ-spouse,Exec-managerial,Husband,White,Male,0,0,48,United-States,0
64,Private,114994,Some-college,10,Separated,Other-service,Not-in-family,White,Male,0,0,40,United-States,0
31,Private,180551,HS-grad,9,Married-civ-spouse,Adm-clerical,Wife,White,Female,0,0,40,United-States,1
36,Self-emp-not-inc,295127,HS-grad,9,Married-civ-spouse,Farming-fishing,Husband,White,Male,0,0,84,United-States,0
45,Private,32896,5th-6th,3,Never-married,Machine-op-inspct,Own-child,White,Female,0,0,35,United-States,0
60,Self-emp-not-inc,376973,HS-grad,9,Married-civ-spouse,Craft-repair,Husband,White,Male,0,0,42,United-States,1
46,Private,165138,Assoc-voc,11,Married-civ-spouse,Craft-repair,Husband,White,Male,0,0,40,United-States,0
54,Self-emp-not-inc,156800,Bachelors,13,Married-civ-spouse,Craft-repair,Husband,White,Male,0,0,50,United-States,0
25,Private,190916,HS-grad,9,Never-married,Adm-clerical,Not-in-family,White,Male,0,0,40,United-States,0
30,Private,185177,11th,7,Never-married,Handlers-cleaners,Own-child,White,Male,0,0,49,United-States,0
38,Private,183279,Some-college,10,Married-civ-spouse,Exec-managerial,Husband,White,Male,0,0,44,United-States,1
56,Private,244605,HS-grad,9,Married-civ-spouse,Craft-repair,Husband,White,Male,0,0,40,United-States,0
39,Private,146091,Bachelors,13,Married-civ-spouse,Prof-specialty,Wife,White,Female,0,0,20,United-States,1
32,Private,175052,HS-grad,9,Divorced,Adm-clerical,Unmarried,White,Female,0,0,40,United-States,0
33,Self-emp-not-inc,295621,Bachelors,13,Married-civ-spouse,Prof-specialty,Husband,Black,Male,0,0,25,United-States,1
26,Private,192262,Bachelors,13,Never-married,Sales,Own-child,White,Male,0,0,45,United-States,0
60,Private,43235,Bachelors,13,Married-civ-spouse,Prof-specialty,Husband,White,Male,0,0,50,United-States,1
42,Private,364832,7th-8th,4,Divorced,Sales,Not-in-family,White,Female,0,0,40,United-States,0
19,Private,43285,Some-college,10,Never-married,Adm-clerical,Own-child,White,Female,0,0,20,United-States,0
22,Private,214134,10th,6,Never-married,Transport-moving,Not-in-family,Amer-Indian-Eskimo,Male,0,0,84,United-States,0
22,Private,123727,Some-college,10,Never-married,Handlers-cleaners,Not-in-family,White,Female,0,0,30,United-States,0
28,Private,124685,Some-college,10,Married-civ-spouse,Exec-managerial,Husband,Amer-Indian-Eskimo,Male,0,0,55,United-States,0
38,Private,125933,Bachelors,13,Separated,Exec-managerial,Not-in-family,White,Male,27828,0,45,United-States,1
26,Private,179772,Bachelors,13,Never-married,Exec-managerial,Not-in-family,White,Female,0,0,45,United-States,0
46,Private,125487,Assoc-voc,11,Married-civ-spouse,Tech-support,Husband,White,Male,0,0,40,United-States,0
36,Private,41490,Some-college,10,Divorced,Adm-clerical,Unmarried,White,Female,0,0,40,United-States,0
43,Self-emp-inc,62026,Prof-school,15,Married-civ-spouse,Exec-managerial,Husband,White,Male,99999,0,40,United-States,1
44,Self-emp-not-inc,315406,11th,7,Married-civ-spouse,Farming-fishing,Husband,White,Male,0,0,88,United-States,0
43,Local-gov,198096,HS-grad,9,Married-civ-spouse,Craft-repair,Husband,White,Male,7688,0,40,United-States,1
34,Private,168906,Assoc-acdm,12,Divorced,Adm-clerical,Own-child,White,Female,0,0,35,United-States,0
53,Local-gov,131258,Prof-school,15,Never-married,Prof-specialty,Not-in-family,White,Female,0,0,50,United-States,1
48,State-gov,327886,Doctorate,16,Divorced,Prof-specialty,Own-child,White,Male,0,0,50,United-States,1
68,Private,107627,Some-college,10,Married-civ-spouse,Prof-specialty,Husband,White,Male,0,0,15,United-States,0
29,Federal-gov,31161,HS-grad,9,Divorced,Exec-managerial,Not-in-family,Other,Female,0,0,40,United-States,0
55,Private,144084,10th,6,Married-civ-spouse,Other-service,Husband,White,Male,0,0,40,United-States,0
19,Private,272063,HS-grad,9,Never-married,Handlers-cleaners,Own-child,White,Male,0,0,35,United-States,0
27,Private,165519,HS-grad,9,Married-civ-spouse,Craft-repair,Husband,White,Male,0,0,40,United-States,0
28,Private,119793,Bachelors,13,Never-married,Sales,Not-in-family,White,Male,0,0,40,United-States,0
26,Private,39092,Some-college,10,Married-civ-spouse,Exec-managerial,Husband,White,Male,4064,0,50,United-States,0
27,Private,259840,Bachelors,13,Married-civ-spouse,Adm-clerical,Husband,White,Male,0,0,45,United-States,0
35,Local-gov,72338,HS-grad,9,Divorced,Farming-fishing,Own-child,Asian-Pac-Islander,Male,0,0,56,United-States,0
30,Private,231263,HS-grad,9,Married-civ-spouse,Sales,Husband,White,Male,0,0,40,United-States,0
37,Private,286730,Some-college,10,Divorced,Craft-repair,Unmarried,White,Female,0,0,40,United-States,0
29,Local-gov,169544,Some-college,10,Never-married,Protective-serv,Own-child,White,Male,0,0,48,United-States,0
33,Private,96635,Some-college,10,Never-married,Sales,Not-in-family,Asian-Pac-Islander,Male,0,0,26,South,0
22,Private,225156,HS-grad,9,Never-married,Adm-clerical,Not-in-family,White,Female,0,0,40,United-States,0
31,Private,318647,11th,7,Never-married,Craft-repair,Not-in-family,White,Male,0,0,40,United-States,0
26,Private,214303,Bachelors,13,Never-married,Prof-specialty,Not-in-family,White,Female,0,0,50,United-States,0
59,Private,195176,Bachelors,13,Married-civ-spouse,Sales,Husband,White,Male,0,0,72,United-States,0
68,Private,284763,11th,7,Divorced,Transport-moving,Not-in-family,White,Male,0,0,70,United-States,0
33,Private,275632,HS-grad,9,Married-civ-spouse,Transport-moving,Husband,White,Male,0,0,40,United-States,0
69,Private,159522,7th-8th,4,Divorced,Machine-op-inspct,Unmarried,Black,Female,2964,0,40,United-States,0
23,Private,111450,12th,8,Never-married,Other-service,Unmarried,Black,Male,0,0,38,United-States,0
43,Local-gov,241528,Masters,14,Divorced,Prof-specialty,Unmarried,White,Female,0,0,40,United-States,0
59,Local-gov,171328,HS-grad,9,Separated,Protective-serv,Other-relative,Black,Female,0,2339,40,United-States,0
37,Local-gov,196529,Masters,14,Married-civ-spouse,Prof-specialty,Wife,White,Female,0,0,45,United-States,1
18,Private,28648,11th,7,Never-married,Other-service,Other-relative,White,Female,0,0,40,United-States,0
49,Local-gov,46537,HS-grad,9,Divorced,Adm-clerical,Not-in-family,White,Female,594,0,10,United-States,0
57,Private,255109,HS-grad,9,Never-married,Exec-managerial,Not-in-family,White,Female,0,0,45,United-States,0
42,Private,154374,HS-grad,9,Married-civ-spouse,Transport-moving,Husband,White,Male,0,0,50,United-States,1
40,Private,374137,HS-grad,9,Divorced,Adm-clerical,Own-child,White,Male,0,0,40,United-States,0
48,Self-emp-inc,38240,HS-grad,9,Married-civ-spouse,Farming-fishing,Husband,White,Male,0,0,40,United-States,1
31,Private,264936,Some-college,10,Never-married,Other-service,Not-in-family,White,Female,0,0,40,United-States,0
35,Private,196178,HS-grad,9,Married-civ-spouse,Craft-repair,Husband,White,Male,0,0,40,United-States,0
47,Self-emp-not-inc,249585,Some-college,10,Married-civ-spouse,Craft-repair,Husband,White,Male,0,0,30,United-States,0
63,Private,171635,Bachelors,13,Married-civ-spouse,Sales,Husband,White,Male,0,0,40,United-States,0
32,Private,114288,HS-grad,9,Divorced,Prof-specialty,Own-child,White,Female,0,0,40,United-States,0
41,Self-emp-not-inc,196001,HS-grad,9,Married-civ-spouse,Other-service,Wife,White,Female,0,0,20,United-States,0
45,Private,358886,HS-grad,9,Married-civ-spouse,Transport-moving,Husband,White,Male,0,0,40,United-States,1
43,Federal-gov,115562,HS-grad,9,Married-civ-spouse,Machine-op-inspct,Husband,White,Male,0,0,40,United-States,0
58,Self-emp-not-inc,61474,HS-grad,9,Married-civ-spouse,Sales,Husband,White,Male,0,0,55,United-States,1
46,Federal-gov,167381,HS-grad,9,Married-civ-spouse,Adm-clerical,Wife,White,Female,0,0,40,United-States,1
43,Self-emp-inc,244945,Bachelors,13,Married-civ-spouse,Prof-specialty,Husband,White,Male,0,0,60,United-States,0
20,Private,215247,Some-college,10,Never-married,Adm-clerical,Own-child,White,Female,0,0,20,United-States,0
36,Private,156084,HS-grad,9,Never-married,Sales,Own-child,White,Female,0,0,40,United-States,0
40,Private,193882,Assoc-voc,11,Never-married,Machine-op-inspct,Own-child,White,Male,0,0,40,United-States,0
21,Private,163595,Some-college,10,Never-married,Other-service,Own-child,White,Male,0,0,35,United-States,0
23,Private,268525,HS-grad,9,Married-civ-spouse,Machine-op-inspct,Husband,White,Male,0,0,48,United-States,0
24,Private,153583,Some-college,10,Never-married,Sales,Own-child,White,Female,0,0,40,United-States,0
44,Private,408531,HS-grad,9,Divorced,Adm-clerical,Unmarried,White,Female,0,0,40,United-States,1
52,Private,128378,Bachelors,13,Married-civ-spouse,Prof-specialty,Husband,White,Male,0,0,40,United-States,1
31,Private,351187,HS-grad,9,Divorced,Other-service,Unmarried,White,Male,0,0,40,United-States,0
24,Private,205865,HS-grad,9,Never-married,Sales,Unmarried,White,Male,0,0,45,United-States,0
19,Private,219867,HS-grad,9,Never-married,Adm-clerical,Other-relative,White,Female,0,0,35,United-States,0
57,State-gov,32694,Doctorate,16,Married-civ-spouse,Prof-specialty,Husband,White,Male,0,0,40,United-States,1
36,Private,272950,Some-college,10,Never-married,Sales,Not-in-family,White,Male,0,0,50,United-States,0
22,Private,24008,HS-grad,9,Never-married,Adm-clerical,Not-in-family,White,Male,0,0,40,United-States,0
25,Private,110978,Assoc-acdm,12,Married-civ-spouse,Adm-clerical,Wife,Asian-Pac-Islander,Female,0,0,37,India,1
45,Private,191858,HS-grad,9,Married-civ-spouse,Machine-op-inspct,Husband,White,Male,0,0,45,United-States,1
20,Private,227554,Some-college,10,Married-spouse-absent,Sales,Own-child,Black,Female,0,0,18,United-States,0
58,Private,349910,HS-grad,9,Married-civ-spouse,Exec-managerial,Husband,White,Male,7688,0,40,United-States,1
55,Private,204751,HS-grad,9,Married-civ-spouse,Transport-moving,Husband,White,Male,0,0,65,United-States,0
33,Private,400416,10th,6,Never-married,Other-service,Own-child,Black,Male,0,0,20,United-States,0
35,Private,95551,HS-grad,9,Separated,Exec-managerial,Not-in-family,White,Female,0,0,36,United-States,0
31,Private,348504,Bachelors,13,Married-civ-spouse,Exec-managerial,Husband,White,Male,0,0,50,United-States,0
47,Self-emp-not-inc,166894,Some-college,10,Divorced,Prof-specialty,Unmarried,Black,Female,0,0,40,United-States,0
35,Private,170617,HS-grad,9,Never-married,Machine-op-inspct,Unmarried,Black,Female,0,0,48,United-States,0
43,Private,184625,HS-grad,9,Married-civ-spouse,Adm-clerical,Wife,White,Female,0,0,40,United-States,1
39,Private,98941,Bachelors,13,Never-married,Prof-specialty,Not-in-family,White,Male,0,0,40,United-States,1
31,Private,225053,HS-grad,9,Divorced,Transport-moving,Not-in-family,White,Male,0,0,45,United-States,0
24,Local-gov,252024,Some-college,10,Married-civ-spouse,Protective-serv,Husband,White,Male,0,0,72,United-States,1
26,Private,262617,HS-grad,9,Never-married,Craft-repair,Other-relative,White,Male,2597,0,40,United-States,0
18,Private,78181,11th,7,Never-married,Other-service,Own-child,White,Female,0,0,30,United-States,0
70,Private,195739,10th,6,Widowed,Craft-repair,Unmarried,White,Male,0,0,45,United-States,0
18,Private,249857,Some-college,10,Never-married,Other-service,Own-child,White,Male,0,0,20,United-States,0
61,State-gov,379885,Doctorate,16,Married-civ-spouse,Prof-specialty,Husband,White,Male,0,1902,40,United-States,1
33,Private,348592,HS-grad,9,Never-married,Craft-repair,Not-in-family,White,Male,0,0,40,United-States,1
52,Self-emp-inc,51048,Bachelors,13,Married-civ-spouse,Sales,Husband,White,Male,0,0,55,United-States,0
57,Private,317969,HS-grad,9,Married-civ-spouse,Exec-managerial,Husband,White,Male,0,0,50,United-States,0
25,Self-emp-not-inc,305449,Some-college,10,Never-married,Machine-op-inspct,Own-child,White,Male,0,0,40,United-States,0
47,Private,148995,Bachelors,13,Married-civ-spouse,Exec-managerial,Husband,White,Male,0,2415,60,United-States,1
41,Self-emp-inc,495061,Doctorate,16,Married-civ-spouse,Prof-specialty,Husband,White,Male,99999,0,70,United-States,1
56,Self-emp-not-inc,249368,HS-grad,9,Married-spouse-absent,Exec-managerial,Not-in-family,White,Male,0,0,70,United-States,0
49,Private,189498,HS-grad,9,Married-civ-spouse,Sales,Husband,White,Male,0,0,50,United-States,1
21,Private,190761,10th,6,Married-civ-spouse,Farming-fishing,Husband,White,Male,0,0,70,United-States,0
67,Private,134906,HS-grad,9,Widowed,Sales,Not-in-family,White,Female,0,0,32,United-States,0
27,Private,192283,Assoc-voc,11,Never-married,Handlers-cleaners,Own-child,White,Female,0,0,38,United-States,0
31,Self-emp-inc,467108,Bachelors,13,Never-married,Prof-specialty,Not-in-family,White,Male,0,0,45,United-States,1
51,Private,312477,Some-college,10,Married-civ-spouse,Transport-moving,Husband,White,Male,3908,0,40,United-States,0
40,Private,145160,Some-college,10,Married-civ-spouse,Machine-op-inspct,Husband,White,Male,0,0,43,United-States,0
18,Private,174732,HS-grad,9,Never-married,Other-service,Other-relative,Black,Male,0,0,36,United-States,0
47,Private,216999,HS-grad,9,Married-civ-spouse,Sales,Husband,White,Male,0,0,45,United-States,0
26,Private,109097,HS-grad,9,Divorced,Adm-clerical,Unmarried,White,Female,0,0,48,United-States,0
52,Self-emp-inc,81436,Prof-school,15,Married-civ-spouse,Sales,Husband,White,Male,0,0,40,United-States,1
46,Private,175925,Some-college,10,Married-civ-spouse,Farming-fishing,Husband,White,Male,0,0,40,United-States,0
61,Private,716416,Some-college,10,Married-civ-spouse,Sales,Husband,White,Male,0,0,44,United-States,1
26,Private,397317,Masters,14,Never-married,Prof-specialty,Not-in-family,White,Female,0,1876,40,United-States,0
33,Private,91811,HS-grad,9,Separated,Transport-moving,Not-in-family,White,Male,0,0,40,United-States,0
63,Private,163708,9th,5,Widowed,Other-service,Not-in-family,White,Female,0,0,20,United-States,0
59,Private,162136,Some-college,10,Divorced,Machine-op-inspct,Not-in-family,White,Male,0,0,56,United-States,0
51,Private,259363,Some-college,10,Married-civ-spouse,Exec-managerial,Husband,White,Male,0,0,60,United-States,1
50,State-gov,116211,Prof-school,15,Married-civ-spouse,Exec-managerial,Husband,White,Male,0,0,52,United-States,1
18,Private,302859,HS-grad,9,Never-married,Sales,Own-child,White,Male,0,0,20,United-States,0
41,Private,128354,Bachelors,13,Married-civ-spouse,Tech-support,Wife,White,Female,0,0,25,United-States,1
41,Private,102085,HS-grad,9,Never-married,Machine-op-inspct,Unmarried,White,Female,0,0,40,United-States,0
25,Private,117833,Bachelors,13,Never-married,Prof-specialty,Not-in-family,White,Female,0,1876,40,United-States,0
61,Private,213321,HS-grad,9,Married-civ-spouse,Protective-serv,Husband,White,Male,0,0,40,United-States,0
36,Private,228157,Some-college,10,Never-married,Craft-repair,Not-in-family,Asian-Pac-Islander,Male,0,0,40,Laos,0
27,Private,389713,Some-college,10,Never-married,Sales,Not-in-family,White,Male,0,0,40,United-States,0
41,Private,98061,HS-grad,9,Divorced,Transport-moving,Not-in-family,White,Male,0,0,40,United-States,0
34,Private,117963,Prof-school,15,Married-civ-spouse,Prof-specialty,Husband,White,Male,0,0,50,United-States,1
40,Private,240504,Bachelors,13,Married-civ-spouse,Sales,Husband,White,Male,0,0,45,United-States,1
40,Private,121956,Bachelors,13,Married-spouse-absent,Prof-specialty,Not-in-family,Asian-Pac-Islander,Male,13550,0,40,Cambodia,1
45,Private,122206,HS-grad,9,Married-civ-spouse,Transport-moving,Husband,White,Male,0,0,40,United-States,0
47,Private,192053,HS-grad,9,Divorced,Transport-moving,Not-in-family,White,Male,0,1590,40,United-States,0
39,Private,186130,Prof-school,15,Married-civ-spouse,Exec-managerial,Husband,White,Male,0,0,55,United-States,1
26,Private,102476,Bachelors,13,Never-married,Prof-specialty,Own-child,White,Male,10520,0,64,United-States,1
23,Private,165064,Some-college,10,Married-civ-spouse,Sales,Husband,White,Male,0,0,40,United-States,0
42,Local-gov,201723,Some-college,10,Never-married,Craft-repair,Not-in-family,White,Male,0,0,40,United-States,0
41,Private,204662,Masters,14,Married-civ-spouse,Exec-managerial,Husband,White,Male,0,0,45,United-States,1
39,State-gov,343646,Bachelors,13,Divorced,Protective-serv,Not-in-family,White,Male,0,0,40,Mexico,1
18,Private,89419,HS-grad,9,Never-married,Tech-support,Own-child,White,Female,0,0,10,United-States,0
43,Private,184105,HS-grad,9,Married-civ-spouse,Handlers-cleaners,Husband,White,Male,0,0,50,United-States,0
41,Private,122215,Masters,14,Married-civ-spouse,Prof-specialty,Husband,White,Male,15024,0,40,United-States,1
27,Private,132686,12th,8,Never-married,Machine-op-inspct,Own-child,White,Male,0,0,50,United-States,0
47,Private,379118,HS-grad,9,Divorced,Other-service,Unmarried,Black,Male,0,0,9,United-States,0
77,Private,235775,HS-grad,9,Married-civ-spouse,Other-service,Husband,White,Male,0,0,25,Cuba,0
29,Private,198825,HS-grad,9,Never-married,Exec-managerial,Not-in-family,White,Female,0,0,38,United-States,0
22,Private,153516,Bachelors,13,Never-married,Prof-specialty,Not-in-family,White,Male,0,0,40,United-States,0
36,Private,178487,HS-grad,9,Divorced,Transport-moving,Own-child,White,Male,0,0,60,United-States,0
30,Local-gov,73796,Bachelors,13,Separated,Prof-specialty,Not-in-family,White,Female,0,0,40,United-States,0
50,Private,343847,HS-grad,9,Married-civ-spouse,Protective-serv,Husband,White,Male,0,0,38,United-States,1
45,Private,72844,HS-grad,9,Divorced,Exec-managerial,Not-in-family,White,Female,0,0,46,United-States,0
48,Self-emp-not-inc,218835,Masters,14,Married-civ-spouse,Sales,Husband,White,Male,0,0,50,England,0
42,Private,204450,HS-grad,9,Married-civ-spouse,Handlers-cleaners,Husband,Black,Male,0,0,40,United-States,0
28,Private,105817,11th,7,Married-civ-spouse,Exec-managerial,Husband,White,Male,0,0,50,United-States,1
48,Private,165484,Some-college,10,Married-civ-spouse,Exec-managerial,Husband,White,Male,0,0,65,United-States,1
51,Self-emp-not-inc,135102,HS-grad,9,Married-civ-spouse,Transport-moving,Husband,White,Male,0,0,65,United-States,0
31,Federal-gov,334346,Bachelors,13,Married-civ-spouse,Exec-managerial,Husband,White,Male,0,0,40,United-States,1
54,Private,138847,HS-grad,9,Married-civ-spouse,Machine-op-inspct,Husband,White,Male,0,0,45,United-States,1
24,Local-gov,161092,HS-grad,9,Never-married,Other-service,Own-child,White,Male,0,0,40,United-States,0
34,State-gov,34104,Masters,14,Married-civ-spouse,Prof-specialty,Husband,White,Male,7688,0,38,United-States,1
23,Private,190273,Bachelors,13,Never-married,Prof-specialty,Own-child,White,Male,0,0,40,United-States,0
36,Local-gov,117312,Some-college,10,Married-civ-spouse,Transport-moving,Wife,White,Female,0,0,40,United-States,0
29,Federal-gov,229300,Bachelors,13,Never-married,Prof-specialty,Not-in-family,White,Male,0,0,48,United-States,0
22,Private,136824,11th,7,Never-married,Adm-clerical,Not-in-family,White,Male,0,0,40,United-States,0
30,Private,251411,Some-college,10,Divorced,Adm-clerical,Unmarried,White,Female,0,0,40,United-States,0
52,Self-emp-not-inc,240013,Masters,14,Married-civ-spouse,Sales,Husband,White,Male,0,0,70,United-States,0
45,Self-emp-not-inc,239093,Some-college,10,Married-civ-spouse,Exec-managerial,Husband,Amer-Indian-Eskimo,Male,3137,0,40,United-States,0
18,Private,236069,10th,6,Never-married,Other-service,Own-child,Black,Male,0,0,10,United-States,0
38,Private,76317,Assoc-voc,11,Married-civ-spouse,Exec-managerial,Husband,White,Male,0,0,55,United-States,1
51,Self-emp-not-inc,353281,HS-grad,9,Separated,Other-service,Unmarried,White,Female,0,0,20,United-States,0
50,Federal-gov,98980,Bachelors,13,Married-civ-spouse,Exec-managerial,Husband,White,Male,7298,0,40,United-States,1
36,Local-gov,188236,HS-grad,9,Married-civ-spouse,Adm-clerical,Wife,White,Female,0,0,40,United-States,1
41,Private,304906,Bachelors,13,Married-civ-spouse,Exec-managerial,Husband,White,Male,0,0,40,United-States,1
36,Private,77820,Some-college,10,Married-civ-spouse,Craft-repair,Husband,White,Male,0,0,40,United-States,1
21,Private,265356,Some-college,10,Never-married,Sales,Other-relative,White,Male,0,0,40,United-States,0
37,Private,99146,Bachelors,13,Married-civ-spouse,Sales,Husband,White,Male,0,0,60,United-States,1
49,Private,117095,HS-grad,9,Separated,Machine-op-inspct,Unmarried,White,Female,0,0,40,United-States,0
41,Private,283116,HS-grad,9,Divorced,Craft-repair,Unmarried,White,Female,1506,0,50,United-States,0
28,Private,196690,Assoc-voc,11,Never-married,Machine-op-inspct,Not-in-family,White,Female,0,1669,42,United-States,0
52,Private,145271,Bachelors,13,Married-civ-spouse,Craft-repair,Husband,Asian-Pac-Islander,Male,0,0,40,United-States,0
72,Private,177769,10th,6,Married-civ-spouse,Sales,Husband,White,Male,0,0,15,United-States,0
34,Private,234537,Assoc-acdm,12,Divorced,Sales,Not-in-family,White,Male,0,0,40,United-States,0
38,Private,65382,Some-college,10,Married-civ-spouse,Craft-repair,Husband,White,Male,0,0,40,United-States,1
49,Self-emp-inc,197038,Bachelors,13,Married-civ-spouse,Exec-managerial,Husband,White,Male,0,0,50,United-States,1
64,Local-gov,96076,Assoc-voc,11,Married-civ-spouse,Exec-managerial,Husband,White,Male,0,0,40,United-States,1
52,Private,183618,HS-grad,9,Married-civ-spouse,Handlers-cleaners,Husband,White,Male,0,0,40,United-States,0
43,Private,177083,Some-college,10,Divorced,Tech-support,Unmarried,White,Female,0,0,30,United-States,0
35,Private,78247,Assoc-voc,11,Married-civ-spouse,Craft-repair,Husband,White,Male,0,0,50,United-States,0
28,Private,275116,10th,6,Married-civ-spouse,Transport-moving,Husband,White,Male,0,0,40,United-States,0
25,Private,397962,HS-grad,9,Never-married,Adm-clerical,Other-relative,Black,Female,0,0,40,United-States,0
33,Private,318982,Some-college,10,Married-civ-spouse,Exec-managerial,Husband,White,Male,0,0,45,United-States,1
36,Private,415578,Some-college,10,Married-civ-spouse,Craft-repair,Husband,White,Male,0,0,40,United-States,1
44,Private,162184,Some-college,10,Separated,Adm-clerical,Unmarried,White,Female,0,0,40,United-States,0
56,Private,70720,12th,8,Married-civ-spouse,Prof-specialty,Husband,White,Male,0,0,40,United-States,1
49,Private,177211,Bachelors,13,Married-civ-spouse,Other-service,Husband,White,Male,0,0,40,United-States,0
32,Private,283400,HS-grad,9,Never-married,Machine-op-inspct,Not-in-family,White,Female,0,0,40,United-States,0
50,Self-emp-not-inc,114758,Bachelors,13,Never-married,Craft-repair,Not-in-family,White,Male,4416,0,45,United-States,0
28,Private,29444,HS-grad,9,Married-civ-spouse,Handlers-cleaners,Husband,Amer-Indian-Eskimo,Male,0,0,40,United-States,0
53,State-gov,143822,Masters,14,Married-civ-spouse,Prof-specialty,Husband,White,Male,0,0,36,United-States,1
66,Private,193132,9th,5,Separated,Other-service,Not-in-family,Black,Female,0,0,30,United-States,0
21,Private,170800,HS-grad,9,Never-married,Sales,Own-child,White,Female,0,0,30,United-States,0
53,Private,209022,11th,7,Divorced,Other-service,Not-in-family,White,Female,0,0,37,United-States,0
27,Self-emp-not-inc,37302,Assoc-acdm,12,Married-civ-spouse,Transport-moving,Husband,White,Male,7688,0,70,United-States,1
36,Private,132879,HS-grad,9,Divorced,Exec-managerial,Unmarried,White,Male,0,0,45,United-States,0
35,Private,179668,Some-college,10,Married-civ-spouse,Prof-specialty,Husband,White,Male,0,0,40,United-States,1
22,Private,156933,HS-grad,9,Never-married,Handlers-cleaners,Own-child,Black,Male,0,0,25,United-States,0
57,Private,562558,HS-grad,9,Divorced,Adm-clerical,Unmarried,White,Female,0,0,40,United-States,0
37,Private,321943,Prof-school,15,Married-civ-spouse,Prof-specialty,Husband,White,Male,0,0,40,United-States,1
33,Private,93930,HS-grad,9,Never-married,Craft-repair,Not-in-family,White,Male,0,0,50,United-States,0
29,Private,128777,7th-8th,4,Divorced,Craft-repair,Unmarried,White,Female,0,0,55,United-States,0
45,Federal-gov,181970,HS-grad,9,Married-civ-spouse,Adm-clerical,Husband,White,Male,0,1672,40,United-States,0
28,Private,60772,Bachelors,13,Never-married,Exec-managerial,Own-child,White,Female,0,0,45,United-States,0
39,Self-emp-inc,329980,Bachelors,13,Married-civ-spouse,Sales,Husband,White,Male,0,2415,60,United-States,1
41,Private,126850,Prof-school,15,Married-civ-spouse,Adm-clerical,Husband,Asian-Pac-Islander,Male,0,0,40,Philippines,0
41,Local-gov,137142,Some-college,10,Married-civ-spouse,Sales,Husband,White,Male,0,0,40,United-States,0
74,Federal-gov,181508,HS-grad,9,Widowed,Other-service,Not-in-family,White,Male,0,0,17,United-States,0
40,Federal-gov,36885,Some-college,10,Never-married,Adm-clerical,Not-in-family,White,Female,0,0,50,United-States,0
62,Private,311495,Some-college,10,Divorced,Exec-managerial,Not-in-family,White,Female,0,0,40,United-States,0
20,Private,44064,Some-college,10,Never-married,Prof-specialty,Own-child,White,Male,0,0,25,United-States,0
41,Private,160785,Assoc-voc,11,Married-civ-spouse,Exec-managerial,Husband,White,Male,0,0,40,United-States,1
32,State-gov,253354,Masters,14,Married-civ-spouse,Prof-specialty,Husband,White,Male,0,0,50,United-States,0
55,Private,234125,HS-grad,9,Married-civ-spouse,Other-service,Husband,White,Male,0,0,40,United-States,0
44,Private,242521,Bachelors,13,Married-civ-spouse,Sales,Husband,White,Male,7688,0,50,United-States,1
35,Private,100375,10th,6,Divorced,Craft-repair,Not-in-family,White,Male,0,0,60,United-States,0
51,Self-emp-inc,98642,HS-grad,9,Divorced,Exec-managerial,Not-in-family,White,Male,14084,0,40,United-States,1
42,Private,214503,Bachelors,13,Married-civ-spouse,Prof-specialty,Husband,White,Male,0,0,44,United-States,1
22,Private,385540,10th,6,Never-married,Other-service,Not-in-family,White,Male,0,0,40,Mexico,0
36,Private,215503,HS-grad,9,Never-married,Craft-repair,Not-in-family,White,Male,0,0,65,United-States,0
28,Private,115549,Some-college,10,Never-married,Machine-op-inspct,Own-child,White,Male,0,0,60,United-States,0
39,Private,238008,HS-grad,9,Widowed,Adm-clerical,Own-child,White,Female,0,0,40,United-States,0
69,Self-emp-inc,107850,Masters,14,Married-civ-spouse,Exec-managerial,Husband,White,Male,6514,0,40,United-States,1
42,Private,97142,7th-8th,4,Married-civ-spouse,Transport-moving,Husband,White,Male,0,0,40,United-States,0
19,Private,178811,HS-grad,9,Never-married,Machine-op-inspct,Own-child,Black,Female,0,0,20,United-States,0
51,Self-emp-not-inc,121548,Bachelors,13,Married-civ-spouse,Exec-managerial,Husband,White,Male,0,0,25,United-States,0
77,Private,117898,Bachelors,13,Married-civ-spouse,Exec-managerial,Husband,White,Male,0,0,50,United-States,1
39,Private,19914,Some-college,10,Divorced,Adm-clerical,Unmarried,Amer-Indian-Eskimo,Female,0,0,40,United-States,0
29,Private,198997,HS-grad,9,Married-civ-spouse,Adm-clerical,Wife,White,Female,0,0,20,United-States,0
48,Self-emp-inc,193188,Bachelors,13,Married-civ-spouse,Exec-managerial,Husband,White,Male,0,0,40,United-States,1
24,Private,165064,Some-college,10,Never-married,Handlers-cleaners,Not-in-family,White,Male,0,0,40,United-States,0
17,Private,317681,11th,7,Never-married,Craft-repair,Own-child,White,Male,0,0,10,United-States,0
29,State-gov,118520,HS-grad,9,Married-civ-spouse,Protective-serv,Husband,White,Male,0,0,42,United-States,0
22,Private,142566,HS-grad,9,Never-married,Sales,Not-in-family,White,Male,0,0,40,United-States,0
37,Private,73715,Some-college,10,Married-civ-spouse,Craft-repair,Husband,White,Male,0,0,40,United-States,1
67,Self-emp-not-inc,45814,7th-8th,4,Married-civ-spouse,Farming-fishing,Husband,White,Male,0,0,40,United-States,0
21,Private,214387,Some-college,10,Never-married,Sales,Other-relative,White,Male,0,0,64,United-States,0
44,Private,194049,Some-college,10,Divorced,Other-service,Unmarried,Black,Female,0,0,35,United-States,0
39,Federal-gov,382859,HS-grad,9,Married-civ-spouse,Craft-repair,Husband,White,Male,0,0,40,United-States,1
49,Private,34446,Some-college,10,Married-civ-spouse,Transport-moving,Husband,White,Male,0,0,40,United-States,0
48,Private,395368,Some-college,10,Divorced,Handlers-cleaners,Other-relative,Black,Male,0,0,40,United-States,0
42,Private,245317,HS-grad,9,Married-civ-spouse,Sales,Husband,White,Male,0,0,50,United-States,0
48,Self-emp-inc,85109,Some-college,10,Never-married,Craft-repair,Not-in-family,White,Male,0,0,45,United-States,0
62,Private,183735,Some-college,10,Married-civ-spouse,Exec-managerial,Husband,White,Male,0,0,40,United-States,0
30,Local-gov,118500,Some-college,10,Divorced,Adm-clerical,Unmarried,White,Female,0,0,40,United-States,0
23,Private,203240,Some-college,10,Never-married,Other-service,Not-in-family,White,Female,0,0,40,United-States,0
40,Federal-gov,391744,HS-grad,9,Never-married,Adm-clerical,Unmarried,Black,Female,0,0,40,United-States,0
28,Private,47168,10th,6,Never-married,Machine-op-inspct,Own-child,White,Female,0,0,40,United-States,0
36,Self-emp-not-inc,202950,Bachelors,13,Married-civ-spouse,Exec-managerial,Husband,White,Male,0,0,50,Iran,0
41,Private,256647,HS-grad,9,Married-civ-spouse,Machine-op-inspct,Husband,Black,Male,0,0,40,United-States,0
31,Private,97933,Some-college,10,Never-married,Adm-clerical,Not-in-family,White,Female,0,0,40,United-States,0
36,Private,111268,Assoc-acdm,12,Divorced,Sales,Unmarried,White,Female,0,0,40,United-States,0
45,Private,89028,HS-grad,9,Divorced,Craft-repair,Not-in-family,Asian-Pac-Islander,Male,10520,0,40,United-States,1
50,Private,196232,HS-grad,9,Married-civ-spouse,Exec-managerial,Husband,White,Male,7688,0,50,United-States,1
43,Private,99185,HS-grad,9,Divorced,Adm-clerical,Unmarried,White,Female,0,0,58,United-States,0
22,Private,211798,Some-college,10,Never-married,Craft-repair,Own-child,White,Male,0,0,40,United-States,0
28,Private,96020,Bachelors,13,Married-civ-spouse,Exec-managerial,Wife,White,Female,0,0,50,United-States,1
44,Private,279183,Some-college,10,Married-civ-spouse,Other-service,Own-child,White,Female,0,0,40,United-States,1
22,Private,314525,Bachelors,13,Never-married,Prof-specialty,Not-in-family,White,Male,0,0,40,United-States,0
21,Private,396790,HS-grad,9,Never-married,Transport-moving,Own-child,Black,Male,0,0,20,United-States,0
54,Private,108960,11th,7,Married-civ-spouse,Machine-op-inspct,Husband,White,Male,0,0,40,United-States,0
44,Private,216907,HS-grad,9,Divorced,Other-service,Not-in-family,White,Male,0,0,37,United-States,0
57,Private,127728,Bachelors,13,Married-civ-spouse,Exec-managerial,Husband,White,Male,15024,0,50,United-States,1
47,State-gov,108890,HS-grad,9,Divorced,Adm-clerical,Unmarried,White,Female,1831,0,38,United-States,0
20,Private,228686,11th,7,Married-civ-spouse,Other-service,Husband,White,Male,0,0,40,United-States,0
47,Private,161950,HS-grad,9,Divorced,Other-service,Unmarried,White,Female,0,0,32,United-States,0
33,Self-emp-not-inc,37939,Bachelors,13,Married-civ-spouse,Craft-repair,Husband,White,Male,0,0,35,United-States,0
36,Self-emp-not-inc,347491,Doctorate,16,Married-civ-spouse,Prof-specialty,Husband,White,Male,0,0,35,United-States,0
33,Private,295649,HS-grad,9,Separated,Other-service,Unmarried,White,Female,0,0,40,China,0
38,Self-emp-inc,124665,Bachelors,13,Never-married,Craft-repair,Not-in-family,White,Female,0,0,20,United-States,0
60,Private,181200,12th,8,Married-civ-spouse,Adm-clerical,Husband,White,Male,0,0,40,United-States,0
21,Local-gov,193130,Some-college,10,Never-married,Adm-clerical,Not-in-family,White,Female,0,0,40,United-States,0
29,Private,308136,Some-college,10,Married-civ-spouse,Craft-repair,Husband,White,Male,0,0,40,United-States,0
32,Private,79870,Some-college,10,Married-civ-spouse,Exec-managerial,Own-child,White,Female,2597,0,40,Japan,0
39,Local-gov,189911,11th,7,Divorced,Adm-clerical,Unmarried,White,Female,0,0,40,United-States,0
55,Local-gov,253062,Some-college,10,Married-civ-spouse,Prof-specialty,Husband,White,Male,0,0,40,United-States,1
41,Private,37997,12th,8,Divorced,Transport-moving,Not-in-family,White,Male,0,0,84,United-States,1
41,Local-gov,193524,Assoc-acdm,12,Married-civ-spouse,Tech-support,Husband,White,Male,0,0,40,United-States,1
30,Local-gov,247328,Some-college,10,Never-married,Adm-clerical,Not-in-family,White,Male,0,0,40,United-States,0
57,Private,298507,Bachelors,13,Married-civ-spouse,Prof-specialty,Husband,White,Male,3103,0,40,United-States,1
28,Self-emp-not-inc,254989,11th,7,Never-married,Sales,Own-child,White,Male,0,0,40,United-States,0
38,Local-gov,123983,Bachelors,13,Never-married,Exec-managerial,Unmarried,Asian-Pac-Islander,Male,0,1741,40,Vietnam,0
56,Private,204049,Some-college,10,Married-civ-spouse,Sales,Husband,White,Male,0,1848,50,United-States,1
55,Private,236520,Assoc-voc,11,Married-civ-spouse,Craft-repair,Husband,White,Male,0,0,40,United-States,1
24,Private,509629,HS-grad,9,Never-married,Other-service,Own-child,White,Female,0,0,25,United-States,0
55,Private,171467,HS-grad,9,Divorced,Craft-repair,Unmarried,Black,Male,0,0,48,United-States,1
40,Local-gov,101795,HS-grad,9,Never-married,Protective-serv,Not-in-family,White,Male,0,0,42,United-States,0
62,State-gov,162678,Bachelors,13,Married-civ-spouse,Exec-managerial,Husband,White,Male,0,0,40,United-States,0
33,Private,207937,HS-grad,9,Never-married,Craft-repair,Not-in-family,White,Male,0,1092,40,United-States,0
41,Private,74182,HS-grad,9,Divorced,Craft-repair,Not-in-family,White,Male,0,0,40,United-States,0
51,Private,673764,Assoc-voc,11,Married-civ-spouse,Exec-managerial,Husband,White,Male,0,0,50,United-States,1
28,Private,291374,12th,8,Never-married,Sales,Unmarried,Black,Female,0,0,40,United-States,0
26,Private,130931,HS-grad,9,Never-married,Adm-clerical,Own-child,Black,Female,0,0,40,United-States,0
34,Private,213226,Bachelors,13,Married-civ-spouse,Prof-specialty,Husband,White,Male,0,0,40,Iran,1
32,Private,343789,HS-grad,9,Married-civ-spouse,Machine-op-inspct,Husband,White,Male,5013,0,55,United-States,0
63,Self-emp-inc,137940,Prof-school,15,Married-civ-spouse,Prof-specialty,Husband,White,Male,15024,0,50,United-States,1
63,Private,169983,11th,7,Widowed,Sales,Not-in-family,White,Female,2176,0,30,United-States,0
39,Private,481060,HS-grad,9,Divorced,Sales,Unmarried,White,Female,0,0,40,United-States,0
28,Private,249362,11th,7,Married-civ-spouse,Transport-moving,Husband,White,Male,0,0,50,United-States,0
64,Self-emp-not-inc,177825,HS-grad,9,Never-married,Other-service,Not-in-family,White,Male,1055,0,40,United-States,0
47,Self-emp-inc,206947,Assoc-acdm,12,Widowed,Exec-managerial,Not-in-family,White,Female,0,0,67,United-States,0
51,Private,251841,Assoc-voc,11,Never-married,Exec-managerial,Not-in-family,White,Female,0,0,43,United-States,0
36,Local-gov,331902,Some-college,10,Divorced,Adm-clerical,Unmarried,White,Female,0,0,35,United-States,0
39,Private,130620,7th-8th,4,Married-spouse-absent,Machine-op-inspct,Unmarried,Other,Female,0,0,40,Dominican-Republic,0
46,Private,249935,Doctorate,16,Married-civ-spouse,Prof-specialty,Husband,White,Male,0,0,70,United-States,0
35,Private,139770,HS-grad,9,Never-married,Adm-clerical,Own-child,White,Female,6849,0,40,United-States,0
44,Private,408717,HS-grad,9,Divorced,Sales,Not-in-family,White,Male,3674,0,50,United-States,0
48,Private,300168,12th,8,Separated,Adm-clerical,Own-child,Black,Female,0,0,40,United-States,0
26,Private,173593,Masters,14,Married-civ-spouse,Machine-op-inspct,Husband,White,Male,0,0,20,Canada,0
35,Self-emp-inc,189404,Some-college,10,Married-civ-spouse,Sales,Husband,White,Male,0,1740,40,United-States,0
41,Self-emp-not-inc,254818,Masters,14,Divorced,Handlers-cleaners,Unmarried,White,Male,0,0,40,Peru,0
18,Private,140164,11th,7,Never-married,Sales,Own-child,White,Female,0,0,40,United-States,0
27,Private,160786,11th,7,Separated,Craft-repair,Not-in-family,White,Male,0,0,45,Germany,0
43,Federal-gov,101709,Some-college,10,Divorced,Handlers-cleaners,Not-in-family,Asian-Pac-Islander,Male,0,0,40,United-States,0
35,Private,192251,HS-grad,9,Divorced,Adm-clerical,Own-child,White,Female,0,0,40,United-States,0
41,Self-emp-not-inc,49572,Some-college,10,Married-civ-spouse,Exec-managerial,Husband,White,Male,0,0,60,United-States,0
69,Private,113035,1st-4th,2,Widowed,Priv-house-serv,Not-in-family,Black,Female,0,0,4,United-States,0
23,Private,236804,11th,7,Married-civ-spouse,Other-service,Husband,White,Male,0,0,40,United-States,0
27,Private,204648,Assoc-voc,11,Never-married,Machine-op-inspct,Unmarried,Black,Female,0,0,40,United-States,0
42,Self-emp-not-inc,198692,Some-college,10,Married-civ-spouse,Craft-repair,Husband,White,Male,0,0,45,United-States,1
33,Private,182556,Bachelors,13,Married-civ-spouse,Exec-managerial,Husband,White,Male,0,0,40,United-States,1
45,Private,45857,11th,7,Married-civ-spouse,Other-service,Wife,White,Female,0,0,36,United-States,0
34,Private,103408,Some-college,10,Divorced,Prof-specialty,Not-in-family,Black,Male,0,0,40,Germany,1
21,Private,176178,Some-college,10,Never-married,Sales,Own-child,White,Female,0,0,16,United-States,0
38,Private,295127,Some-college,10,Married-civ-spouse,Machine-op-inspct,Husband,White,Male,0,0,40,United-States,0
47,Private,206659,Some-college,10,Divorced,Adm-clerical,Other-relative,White,Female,0,0,40,United-States,0
62,Local-gov,167889,Doctorate,16,Widowed,Prof-specialty,Unmarried,White,Female,0,0,40,Iran,0
50,Private,130780,HS-grad,9,Married-civ-spouse,Handlers-cleaners,Husband,Black,Male,0,0,40,United-States,0
37,Private,172571,HS-grad,9,Divorced,Machine-op-inspct,Not-in-family,White,Male,0,0,40,United-States,0
41,Private,101593,Masters,14,Married-civ-spouse,Exec-managerial,Husband,White,Male,0,0,50,United-States,1
38,Private,165848,Bachelors,13,Married-civ-spouse,Sales,Husband,White,Male,0,0,44,United-States,0
20,Private,281356,HS-grad,9,Married-civ-spouse,Handlers-cleaners,Husband,Other,Male,0,0,40,United-States,0
55,Private,67450,Doctorate,16,Never-married,Prof-specialty,Not-in-family,White,Male,0,0,40,England,0
61,Private,120933,Some-college,10,Never-married,Priv-house-serv,Not-in-family,White,Female,0,0,40,United-States,0
25,Private,159732,Some-college,10,Never-married,Adm-clerical,Not-in-family,White,Male,0,0,42,United-States,0
58,Private,220789,Bachelors,13,Divorced,Transport-moving,Not-in-family,White,Male,0,0,45,United-States,0
45,Private,168038,Bachelors,13,Divorced,Sales,Not-in-family,White,Male,0,0,60,United-States,1
68,Private,339168,Bachelors,13,Married-civ-spouse,Transport-moving,Husband,White,Male,0,0,30,United-States,0
46,State-gov,72506,HS-grad,9,Married-civ-spouse,Other-service,Wife,Black,Female,0,0,40,United-States,0
24,Private,82777,HS-grad,9,Separated,Machine-op-inspct,Not-in-family,White,Male,0,0,40,United-States,0
44,Self-emp-not-inc,38876,HS-grad,9,Married-civ-spouse,Farming-fishing,Husband,White,Male,0,0,40,United-States,0
25,Private,324609,HS-grad,9,Never-married,Adm-clerical,Not-in-family,Black,Male,0,0,40,United-States,0
59,Private,146013,Some-college,10,Married-civ-spouse,Sales,Husband,White,Male,4064,0,40,United-States,0
41,Private,194636,Bachelors,13,Married-civ-spouse,Exec-managerial,Husband,White,Male,0,0,60,United-States,1
46,Private,152249,HS-grad,9,Married-spouse-absent,Other-service,Not-in-family,White,Male,0,0,35,Mexico,0
39,Private,176335,Masters,14,Married-civ-spouse,Exec-managerial,Husband,White,Male,7688,0,65,United-States,1
31,Private,263561,Masters,14,Married-civ-spouse,Exec-managerial,Husband,White,Male,0,0,40,United-States,1
31,Private,225779,HS-grad,9,Never-married,Machine-op-inspct,Not-in-family,White,Female,0,0,40,United-States,0
43,Local-gov,125461,Bachelors,13,Never-married,Prof-specialty,Not-in-family,White,Male,0,0,40,United-States,0
45,Private,170850,HS-grad,9,Married-civ-spouse,Machine-op-inspct,Husband,White,Male,0,0,44,United-States,1
40,Local-gov,290660,Assoc-acdm,12,Divorced,Exec-managerial,Not-in-family,White,Male,8614,0,50,United-States,1
34,Self-emp-not-inc,156890,HS-grad,9,Married-civ-spouse,Exec-managerial,Husband,White,Male,0,0,50,United-States,0
52,Private,266529,Some-college,10,Married-civ-spouse,Prof-specialty,Husband,White,Male,0,0,45,United-States,1
40,Private,215596,Bachelors,13,Married-spouse-absent,Other-service,Not-in-family,Other,Male,0,0,40,Mexico,0
41,Private,113823,Bachelors,13,Divorced,Other-service,Not-in-family,White,Male,0,0,40,United-States,0
20,Private,130959,Some-college,10,Never-married,Other-service,Own-child,White,Male,0,0,20,United-States,0
29,Private,35032,Some-college,10,Married-civ-spouse,Handlers-cleaners,Husband,White,Male,0,0,60,United-States,0
40,Private,316820,Some-college,10,Married-civ-spouse,Other-service,Husband,White,Male,0,1485,40,United-States,0
33,Private,102821,12th,8,Married-civ-spouse,Protective-serv,Husband,White,Male,0,0,40,United-States,0
23,Private,165474,Some-college,10,Never-married,Craft-repair,Not-in-family,White,Male,0,0,40,United-States,0
32,Private,383269,Bachelors,13,Never-married,Exec-managerial,Unmarried,White,Female,0,0,40,United-States,0
32,Self-emp-not-inc,298332,Bachelors,13,Married-civ-spouse,Prof-specialty,Husband,White,Male,0,0,45,United-States,1
29,Federal-gov,224858,Some-college,10,Married-civ-spouse,Protective-serv,Husband,White,Male,0,0,60,United-States,0
34,Private,228881,Some-college,10,Separated,Machine-op-inspct,Not-in-family,Other,Male,0,0,40,United-States,0
56,Self-emp-not-inc,94156,Prof-school,15,Married-civ-spouse,Prof-specialty,Husband,White,Male,0,1977,50,United-States,1
18,Private,120243,11th,7,Never-married,Other-service,Own-child,White,Male,0,0,10,United-States,0
69,Private,76939,HS-grad,9,Widowed,Exec-managerial,Not-in-family,White,Female,0,0,40,United-States,0
27,Private,47907,Bachelors,13,Never-married,Prof-specialty,Not-in-family,White,Female,0,0,48,United-States,0
32,Local-gov,186993,HS-grad,9,Married-civ-spouse,Transport-moving,Husband,White,Male,0,0,40,United-States,0
50,Self-emp-inc,302708,Bachelors,13,Married-civ-spouse,Exec-managerial,Husband,Asian-Pac-Islander,Male,7688,0,50,Japan,1
44,Private,442035,Some-college,10,Divorced,Prof-specialty,Not-in-family,White,Female,0,0,40,United-States,0
19,Private,304469,10th,6,Never-married,Farming-fishing,Own-child,White,Male,0,0,25,United-States,0
29,Private,161857,HS-grad,9,Married-spouse-absent,Other-service,Not-in-family,Other,Female,0,0,40,Columbia,0
38,Private,97083,Some-college,10,Married-civ-spouse,Adm-clerical,Wife,Black,Female,0,0,40,United-States,0
37,Private,108140,Masters,14,Married-civ-spouse,Exec-managerial,Husband,White,Male,15024,0,45,United-States,1
57,Private,314153,Bachelors,13,Married-civ-spouse,Sales,Husband,White,Male,0,1887,55,United-States,1
47,Private,47247,Some-college,10,Married-civ-spouse,Adm-clerical,Wife,White,Female,0,0,40,United-States,0
36,Private,186819,Assoc-acdm,12,Married-civ-spouse,Craft-repair,Husband,White,Male,0,0,52,United-States,1
22,Private,97508,HS-grad,9,Never-married,Other-service,Own-child,White,Male,0,0,50,United-States,0
57,Private,214061,HS-grad,9,Divorced,Adm-clerical,Not-in-family,White,Female,0,0,40,United-States,0
22,Private,364342,Assoc-voc,11,Never-married,Sales,Not-in-family,Black,Female,0,0,25,United-States,0
21,Private,52753,HS-grad,9,Never-married,Craft-repair,Not-in-family,White,Male,0,1504,40,United-States,0
39,Private,150057,Masters,14,Never-married,Sales,Not-in-family,White,Male,0,0,50,United-States,1
28,Private,189186,Assoc-voc,11,Never-married,Sales,Not-in-family,White,Male,0,0,40,United-States,0
50,Self-emp-inc,195322,Doctorate,16,Separated,Prof-specialty,Not-in-family,White,Male,0,0,40,United-States,1
17,Private,102726,12th,8,Never-married,Other-service,Own-child,White,Male,0,0,16,United-States,0
42,Private,126701,Bachelors,13,Divorced,Adm-clerical,Unmarried,White,Male,9562,0,45,United-States,1
28,Private,407043,HS-grad,9,Married-civ-spouse,Adm-clerical,Husband,Black,Male,0,0,40,United-States,0
22,Private,416356,Some-college,10,Never-married,Craft-repair,Unmarried,White,Male,0,0,40,United-States,0
67,Self-emp-not-inc,431426,Assoc-acdm,12,Married-civ-spouse,Exec-managerial,Wife,White,Female,20051,0,4,United-States,1
34,Private,223212,Bachelors,13,Married-civ-spouse,Prof-specialty,Husband,White,Male,0,1848,40,Peru,1
46,Private,250821,Prof-school,15,Divorced,Farming-fishing,Unmarried,White,Male,0,0,48,United-States,0
36,Self-emp-not-inc,34378,Assoc-voc,11,Married-civ-spouse,Farming-fishing,Husband,White,Male,3908,0,75,United-States,0
50,Private,462966,10th,6,Married-civ-spouse,Other-service,Husband,White,Male,0,0,8,El-Salvador,0
69,Self-emp-not-inc,29980,7th-8th,4,Never-married,Farming-fishing,Other-relative,White,Male,1848,0,10,United-States,0
20,Private,237305,Some-college,10,Never-married,Machine-op-inspct,Other-relative,Black,Female,0,0,35,United-States,0
23,Private,595461,7th-8th,4,Never-married,Craft-repair,Not-in-family,White,Male,0,0,40,Mexico,0
61,Private,232308,10th,6,Married-civ-spouse,Machine-op-inspct,Husband,White,Male,0,0,40,United-States,0
36,Private,184659,Some-college,10,Married-civ-spouse,Adm-clerical,Husband,White,Male,0,0,52,United-States,0
42,Private,236323,HS-grad,9,Divorced,Craft-repair,Unmarried,White,Female,0,0,40,United-States,0
21,Private,116788,HS-grad,9,Never-married,Craft-repair,Own-child,White,Male,0,0,40,United-States,0
50,Local-gov,92486,Some-college,10,Married-civ-spouse,Craft-repair,Husband,White,Male,0,0,40,United-States,0
40,Federal-gov,78036,Assoc-voc,11,Married-civ-spouse,Prof-specialty,Wife,White,Female,0,0,65,United-States,1
36,Private,111499,Masters,14,Never-married,Exec-managerial,Not-in-family,White,Female,14084,0,40,United-States,1
48,Private,315423,5th-6th,3,Married-civ-spouse,Transport-moving,Husband,White,Male,0,0,40,United-States,0
45,Federal-gov,232997,Some-college,10,Married-civ-spouse,Transport-moving,Husband,White,Male,0,0,65,United-States,1
21,Private,185357,HS-grad,9,Never-married,Adm-clerical,Not-in-family,White,Male,0,0,50,United-States,0
38,Private,143538,HS-grad,9,Never-married,Machine-op-inspct,Not-in-family,White,Female,0,0,40,United-States,0
65,State-gov,215908,HS-grad,9,Married-civ-spouse,Adm-clerical,Husband,White,Male,0,2174,40,United-States,1
59,Self-emp-not-inc,223131,HS-grad,9,Divorced,Exec-managerial,Not-in-family,White,Male,0,0,60,United-States,0
34,Private,271933,Bachelors,13,Never-married,Exec-managerial,Other-relative,White,Female,0,1741,45,United-States,0
48,Private,234504,HS-grad,9,Married-civ-spouse,Exec-managerial,Husband,White,Male,0,0,50,United-States,0
49,Private,151107,HS-grad,9,Never-married,Craft-repair,Not-in-family,Black,Male,0,0,40,United-States,0
30,Private,345705,Some-college,10,Married-civ-spouse,Exec-managerial,Other-relative,White,Male,0,0,40,United-States,0
34,Private,302770,Some-college,10,Married-civ-spouse,Sales,Husband,White,Male,0,0,60,United-States,0
44,Self-emp-inc,37997,HS-grad,9,Married-civ-spouse,Farming-fishing,Husband,White,Male,0,0,60,United-States,0
44,Self-emp-not-inc,325159,Some-college,10,Divorced,Farming-fishing,Unmarried,White,Male,0,0,40,United-States,0
67,Self-emp-inc,171564,HS-grad,9,Married-civ-spouse,Prof-specialty,Wife,White,Female,20051,0,30,England,1
22,Private,279901,HS-grad,9,Married-civ-spouse,Other-service,Own-child,Black,Male,0,0,40,United-States,0
20,Private,233624,HS-grad,9,Never-married,Craft-repair,Own-child,White,Male,0,0,40,United-States,0
44,Private,147206,Some-college,10,Married-civ-spouse,Craft-repair,Husband,White,Male,7688,0,45,United-States,1
41,Self-emp-not-inc,143129,Bachelors,13,Divorced,Exec-managerial,Not-in-family,White,Female,0,0,40,United-States,0
55,Local-gov,99131,HS-grad,9,Married-civ-spouse,Prof-specialty,Other-relative,White,Female,0,2246,40,United-States,1
62,Self-emp-not-inc,39610,Some-college,10,Married-civ-spouse,Farming-fishing,Husband,White,Male,0,0,80,United-States,0
51,Local-gov,209320,Prof-school,15,Never-married,Prof-specialty,Not-in-family,White,Male,3325,0,40,United-States,0
61,Private,137554,7th-8th,4,Married-civ-spouse,Craft-repair,Husband,White,Male,0,0,40,United-States,0
20,Private,161092,Some-college,10,Never-married,Adm-clerical,Own-child,White,Male,0,0,14,United-States,0
34,Private,181091,HS-grad,9,Married-civ-spouse,Craft-repair,Husband,White,Male,7688,0,40,United-States,1
40,Private,520586,Some-college,10,Divorced,Adm-clerical,Unmarried,White,Female,0,0,39,United-States,0
65,Self-emp-inc,157403,HS-grad,9,Married-civ-spouse,Sales,Husband,White,Male,0,0,50,United-States,0
26,Private,134287,Assoc-voc,11,Never-married,Sales,Own-child,White,Female,0,0,35,United-States,0
47,Private,120131,HS-grad,9,Married-civ-spouse,Exec-managerial,Husband,White,Male,0,0,40,United-States,0
37,Private,203070,Some-college,10,Separated,Adm-clerical,Own-child,White,Male,0,0,62,United-States,0
59,Local-gov,238431,HS-grad,9,Divorced,Adm-clerical,Unmarried,White,Female,0,0,38,United-States,0
42,Private,247695,HS-grad,9,Married-civ-spouse,Machine-op-inspct,Husband,White,Male,0,0,45,United-States,1
20,Private,258517,Some-college,10,Never-married,Handlers-cleaners,Own-child,White,Male,0,0,25,United-States,0
41,Private,174575,HS-grad,9,Married-civ-spouse,Transport-moving,Husband,White,Male,0,1887,45,United-States,1
33,Private,357954,HS-grad,9,Married-civ-spouse,Handlers-cleaners,Husband,White,Male,0,0,35,India,0
60,Private,159049,Prof-school,15,Married-civ-spouse,Prof-specialty,Husband,White,Male,0,0,70,Germany,1
21,Private,237651,Some-college,10,Never-married,Other-service,Own-child,White,Male,0,0,35,United-States,0
58,State-gov,136982,HS-grad,9,Married-spouse-absent,Other-service,Unmarried,Black,Female,0,0,40,Honduras,0
62,Private,123582,10th,6,Divorced,Other-service,Unmarried,White,Female,0,0,40,United-States,0
26,Private,41521,HS-grad,9,Never-married,Other-service,Not-in-family,White,Female,0,0,35,United-States,0
40,Private,274158,HS-grad,9,Married-civ-spouse,Machine-op-inspct,Husband,White,Male,0,0,40,United-States,0
27,Private,225142,Some-college,10,Never-married,Craft-repair,Own-child,White,Male,0,0,40,United-States,0
37,Private,380614,Assoc-acdm,12,Married-civ-spouse,Prof-specialty,Wife,White,Female,0,0,13,United-States,1
41,Self-emp-not-inc,27305,HS-grad,9,Married-civ-spouse,Farming-fishing,Husband,White,Male,7688,0,40,United-States,1
25,Private,169323,Bachelors,13,Married-civ-spouse,Exec-managerial,Own-child,White,Female,0,0,40,United-States,0
35,Self-emp-not-inc,202027,Masters,14,Married-civ-spouse,Exec-managerial,Husband,White,Male,7688,0,55,United-States,1
46,Private,318259,Assoc-voc,11,Divorced,Tech-support,Other-relative,White,Female,0,0,36,United-States,0
33,Private,283921,Some-college,10,Married-civ-spouse,Craft-repair,Husband,White,Male,0,0,40,United-States,0
24,Private,192017,Some-college,10,Married-civ-spouse,Handlers-cleaners,Husband,White,Male,0,0,30,United-States,0
22,Private,190968,Some-college,10,Married-civ-spouse,Craft-repair,Husband,White,Male,2407,0,40,United-States,0
46,Private,243743,Bachelors,13,Married-civ-spouse,Prof-specialty,Husband,White,Male,0,0,40,United-States,1
36,Self-emp-inc,337778,Some-college,10,Married-civ-spouse,Exec-managerial,Husband,White,Male,0,0,60,Yugoslavia,1
32,Private,210562,Assoc-voc,11,Divorced,Craft-repair,Own-child,White,Male,0,0,46,United-States,0
26,Private,89389,Some-college,10,Divorced,Prof-specialty,Not-in-family,White,Female,0,0,40,United-States,0
41,State-gov,170924,Masters,14,Married-civ-spouse,Prof-specialty,Husband,White,Male,0,0,40,United-States,0
44,Private,210013,HS-grad,9,Married-civ-spouse,Transport-moving,Husband,White,Male,0,0,40,United-States,1
64,Private,151364,Some-college,10,Never-married,Adm-clerical,Not-in-family,White,Female,0,0,40,United-States,0
30,Self-emp-not-inc,261943,11th,7,Married-spouse-absent,Craft-repair,Not-in-family,White,Male,0,0,30,Honduras,0
27,Private,160972,HS-grad,9,Married-civ-spouse,Craft-repair,Husband,White,Male,0,0,50,United-States,0
22,Private,340543,HS-grad,9,Never-married,Tech-support,Not-in-family,White,Female,0,0,40,United-States,0
19,Private,249609,Some-college,10,Never-married,Protective-serv,Own-child,White,Male,0,0,8,United-States,0
40,State-gov,86912,Doctorate,16,Married-civ-spouse,Prof-specialty,Husband,White,Male,0,0,50,United-States,1
36,Private,133569,1st-4th,2,Never-married,Farming-fishing,Not-in-family,White,Male,0,0,40,Mexico,0
58,Local-gov,147428,Masters,14,Married-civ-spouse,Prof-specialty,Husband,White,Male,0,0,40,United-States,1
60,Private,178792,HS-grad,9,Widowed,Handlers-cleaners,Not-in-family,White,Female,0,0,40,United-States,0
25,Private,177017,HS-grad,9,Never-married,Sales,Not-in-family,White,Male,0,1504,37,United-States,0
19,Private,60367,HS-grad,9,Never-married,Other-service,Own-child,White,Female,0,0,13,United-States,0
53,Federal-gov,170354,Some-college,10,Married-civ-spouse,Adm-clerical,Husband,White,Male,0,0,40,United-States,1
49,State-gov,183710,Doctorate,16,Married-civ-spouse,Exec-managerial,Husband,White,Male,0,0,50,United-States,1
27,Local-gov,273929,HS-grad,9,Never-married,Farming-fishing,Own-child,White,Male,0,0,40,United-States,0
67,Self-emp-inc,116986,12th,8,Married-civ-spouse,Exec-managerial,Husband,White,Male,0,0,20,United-States,0
22,Private,284317,Assoc-acdm,12,Never-married,Adm-clerical,Not-in-family,White,Female,0,0,40,United-States,0
35,Self-emp-not-inc,269300,Bachelors,13,Never-married,Other-service,Not-in-family,Black,Female,0,0,60,United-States,0
35,Private,82622,HS-grad,9,Never-married,Other-service,Own-child,White,Male,0,0,40,United-States,0
62,Self-emp-not-inc,182998,7th-8th,4,Married-civ-spouse,Craft-repair,Husband,White,Male,0,0,10,United-States,0
34,Private,294064,Masters,14,Married-civ-spouse,Exec-managerial,Husband,White,Male,0,0,50,France,0
27,Private,113635,HS-grad,9,Never-married,Craft-repair,Not-in-family,White,Male,0,0,35,Ireland,0
48,Private,175925,HS-grad,9,Married-civ-spouse,Machine-op-inspct,Husband,White,Male,0,0,48,United-States,0
51,Private,131068,HS-grad,9,Divorced,Other-service,Not-in-family,White,Female,0,0,40,United-States,0
49,Private,262116,Prof-school,15,Married-civ-spouse,Prof-specialty,Husband,White,Male,0,0,48,United-States,0
47,Private,93449,HS-grad,9,Married-civ-spouse,Craft-repair,Husband,Asian-Pac-Islander,Male,0,0,60,Japan,0
47,Federal-gov,191858,Assoc-acdm,12,Married-civ-spouse,Adm-clerical,Husband,White,Male,0,0,40,United-States,1
40,Self-emp-inc,64885,Masters,14,Married-civ-spouse,Sales,Husband,White,Male,0,0,70,United-States,1
25,Federal-gov,406955,HS-grad,9,Never-married,Adm-clerical,Other-relative,White,Female,0,0,40,United-States,0
51,Private,115025,HS-grad,9,Married-civ-spouse,Craft-repair,Husband,White,Male,0,0,40,United-States,0
37,Private,259846,Assoc-voc,11,Married-civ-spouse,Adm-clerical,Husband,White,Male,3471,0,40,United-States,0
57,Private,74156,HS-grad,9,Married-civ-spouse,Other-service,Husband,White,Male,0,0,30,United-States,0
56,Private,295067,Bachelors,13,Never-married,Exec-managerial,Not-in-family,White,Male,14084,0,45,United-States,1
45,Federal-gov,162410,Some-college,10,Widowed,Tech-support,Not-in-family,White,Female,0,0,45,United-States,1
25,State-gov,260754,Bachelors,13,Never-married,Protective-serv,Not-in-family,Black,Male,0,0,40,United-States,0
21,Private,256356,11th,7,Never-married,Priv-house-serv,Other-relative,White,Female,0,0,40,Mexico,0
37,Private,259882,Assoc-voc,11,Never-married,Sales,Unmarried,Black,Female,0,0,6,United-States,0
48,Private,40666,11th,7,Married-civ-spouse,Handlers-cleaners,Husband,White,Male,0,0,60,United-States,0
42,Private,196029,Bachelors,13,Married-civ-spouse,Transport-moving,Husband,White,Male,0,0,48,United-States,1
34,Private,554206,HS-grad,9,Separated,Transport-moving,Not-in-family,Black,Male,0,0,20,United-States,0
37,State-gov,354929,Assoc-acdm,12,Divorced,Protective-serv,Not-in-family,Black,Male,0,0,38,United-States,0
26,Private,176729,Bachelors,13,Never-married,Craft-repair,Not-in-family,White,Male,0,0,45,United-States,1
23,Private,218215,Assoc-acdm,12,Never-married,Other-service,Own-child,White,Female,0,0,35,United-States,0
52,Private,146767,HS-grad,9,Married-civ-spouse,Machine-op-inspct,Husband,White,Male,0,0,40,United-States,1
48,Private,50880,Some-college,10,Married-civ-spouse,Craft-repair,Husband,White,Male,0,0,40,Germany,0
22,Private,401762,HS-grad,9,Never-married,Adm-clerical,Not-in-family,White,Female,0,0,55,United-States,0
39,Private,290321,10th,6,Married-civ-spouse,Machine-op-inspct,Husband,White,Male,0,0,40,United-States,0
24,Private,314182,HS-grad,9,Never-married,Transport-moving,Not-in-family,White,Female,0,0,50,United-States,0
40,Private,367533,HS-grad,9,Divorced,Craft-repair,Not-in-family,White,Male,0,0,40,United-States,0
73,Private,26248,7th-8th,4,Married-civ-spouse,Sales,Husband,White,Male,0,0,30,United-States,1
44,Self-emp-not-inc,264740,Prof-school,15,Married-civ-spouse,Prof-specialty,Husband,White,Male,0,0,40,United-States,1
44,Private,216907,Assoc-acdm,12,Married-civ-spouse,Craft-repair,Husband,White,Male,0,1848,40,United-States,1
25,Private,28473,Assoc-voc,11,Married-civ-spouse,Craft-repair,Husband,White,Male,0,0,40,United-States,0
29,Private,113464,HS-grad,9,Never-married,Transport-moving,Other-relative,Other,Male,0,0,40,Dominican-Republic,0
64,Private,218490,Bachelors,13,Divorced,Exec-managerial,Not-in-family,White,Male,27828,0,55,United-States,1
37,State-gov,108293,Assoc-acdm,12,Divorced,Prof-specialty,Unmarried,White,Female,0,0,38,United-States,0
46,Local-gov,324561,Masters,14,Married-civ-spouse,Prof-specialty,Wife,White,Female,0,0,45,United-States,1
39,Private,37314,Masters,14,Never-married,Exec-managerial,Not-in-family,White,Male,0,0,50,United-States,1
41,Self-emp-inc,140365,Bachelors,13,Married-civ-spouse,Exec-managerial,Husband,White,Male,0,1902,55,United-States,1
55,Private,168956,Some-college,10,Divorced,Adm-clerical,Not-in-family,White,Female,0,0,40,United-States,0
47,Self-emp-not-inc,265097,HS-grad,9,Married-civ-spouse,Transport-moving,Husband,White,Male,0,0,45,United-States,1
46,Private,159869,Bachelors,13,Married-civ-spouse,Exec-managerial,Husband,White,Male,0,0,40,United-States,1
46,Private,73019,Bachelors,13,Never-married,Prof-specialty,Not-in-family,White,Female,0,0,40,United-States,0
63,Private,135339,HS-grad,9,Married-civ-spouse,Adm-clerical,Husband,Asian-Pac-Islander,Male,2105,0,40,Vietnam,0
54,Private,94055,Bachelors,13,Married-civ-spouse,Other-service,Husband,White,Male,0,0,40,United-States,0
25,Self-emp-not-inc,368115,Bachelors,13,Never-married,Exec-managerial,Not-in-family,White,Male,13550,0,35,United-States,1
62,Private,213321,HS-grad,9,Married-civ-spouse,Prof-specialty,Husband,White,Male,0,0,40,United-States,1
36,Private,262688,Some-college,10,Married-civ-spouse,Sales,Husband,Black,Male,7688,0,50,United-States,1
31,Private,168521,Bachelors,13,Never-married,Exec-managerial,Not-in-family,White,Female,0,0,40,United-States,0
46,Federal-gov,199725,Assoc-voc,11,Divorced,Craft-repair,Not-in-family,Amer-Indian-Eskimo,Female,0,0,60,United-States,0
37,Self-emp-inc,99452,Some-college,10,Married-civ-spouse,Transport-moving,Husband,White,Male,0,0,55,United-States,1
47,Private,155124,Assoc-voc,11,Divorced,Prof-specialty,Not-in-family,White,Female,0,1669,40,United-States,0
41,Private,34278,Assoc-voc,11,Separated,Other-service,Not-in-family,White,Male,0,0,40,United-States,0
30,Private,169152,HS-grad,9,Never-married,Tech-support,Unmarried,White,Female,0,0,40,United-States,0
27,Private,224105,HS-grad,9,Married-civ-spouse,Machine-op-inspct,Husband,White,Male,7298,0,40,United-States,1
31,Private,227325,Some-college,10,Never-married,Craft-repair,Not-in-family,White,Male,0,0,40,United-States,0
36,Private,163290,Some-college,10,Divorced,Sales,Unmarried,White,Female,0,0,40,United-States,0
33,Private,163392,HS-grad,9,Married-civ-spouse,Prof-specialty,Husband,Amer-Indian-Eskimo,Male,0,0,48,United-States,1
34,Private,345360,Bachelors,13,Married-civ-spouse,Tech-support,Husband,White,Male,0,0,40,England,0
48,Private,193553,HS-grad,9,Divorced,Other-service,Not-in-family,Black,Female,0,0,20,United-States,0
39,Private,234901,Assoc-acdm,12,Separated,Adm-clerical,Unmarried,White,Male,0,0,40,United-States,0
67,Private,105252,Masters,14,Married-civ-spouse,Exec-managerial,Husband,White,Male,0,0,40,United-States,1
24,Private,136310,Some-college,10,Married-civ-spouse,Tech-support,Husband,White,Male,0,0,40,United-States,0
46,Self-emp-not-inc,231347,Some-college,10,Separated,Prof-specialty,Not-in-family,White,Male,0,0,20,United-States,0
22,Private,221745,Some-college,10,Divorced,Machine-op-inspct,Own-child,White,Female,0,0,40,United-States,0
19,Private,177839,HS-grad,9,Never-married,Other-service,Own-child,White,Female,0,0,15,United-States,0
52,Self-emp-not-inc,289436,Doctorate,16,Married-civ-spouse,Prof-specialty,Husband,White,Male,0,0,60,United-States,1
21,Private,115420,HS-grad,9,Married-civ-spouse,Craft-repair,Husband,White,Male,0,0,50,United-States,0
55,Private,106498,10th,6,Widowed,Transport-moving,Not-in-family,Black,Female,0,0,35,United-States,0
50,Federal-gov,65160,Bachelors,13,Married-civ-spouse,Exec-managerial,Husband,White,Male,0,0,40,United-States,0
21,Private,180190,Assoc-voc,11,Married-civ-spouse,Farming-fishing,Husband,White,Male,0,0,46,United-States,0
21,Private,331611,Some-college,10,Married-civ-spouse,Other-service,Husband,White,Male,0,0,50,United-States,0
23,Local-gov,336010,Bachelors,13,Never-married,Adm-clerical,Not-in-family,White,Male,0,0,32,United-States,0
34,Self-emp-not-inc,289731,11th,7,Married-civ-spouse,Machine-op-inspct,Husband,White,Male,0,0,40,United-States,0
46,Private,185291,11th,7,Married-civ-spouse,Handlers-cleaners,Husband,White,Male,0,0,45,United-States,1
28,Private,208249,Some-college,10,Divorced,Tech-support,Not-in-family,White,Male,0,0,24,United-States,0
42,Private,211517,11th,7,Married-civ-spouse,Machine-op-inspct,Husband,White,Male,0,0,40,United-States,0
53,Private,228500,HS-grad,9,Married-civ-spouse,Machine-op-inspct,Husband,White,Male,0,0,40,United-States,1
44,Local-gov,323790,Bachelors,13,Married-civ-spouse,Protective-serv,Husband,White,Male,0,0,40,United-States,1
67,Private,171584,Bachelors,13,Married-civ-spouse,Protective-serv,Husband,White,Male,6514,0,7,United-States,1
32,Private,183801,HS-grad,9,Divorced,Craft-repair,Own-child,White,Male,0,0,40,United-States,0
35,Private,102268,Bachelors,13,Married-civ-spouse,Exec-managerial,Husband,White,Male,0,0,45,United-States,0
59,Self-emp-not-inc,64102,7th-8th,4,Married-civ-spouse,Craft-repair,Husband,White,Male,0,0,20,United-States,0
21,Private,109667,Some-college,10,Never-married,Other-service,Own-child,White,Male,0,0,40,United-States,0
59,Private,168569,HS-grad,9,Married-civ-spouse,Machine-op-inspct,Husband,White,Male,0,1887,40,United-States,1
66,Self-emp-inc,112376,7th-8th,4,Married-civ-spouse,Craft-repair,Husband,White,Male,0,0,40,United-States,1
26,Private,206600,Bachelors,13,Never-married,Craft-repair,Own-child,White,Male,0,0,40,Mexico,0
30,Private,30290,HS-grad,9,Never-married,Machine-op-inspct,Not-in-family,White,Female,0,0,40,United-States,0
56,Private,200316,Some-college,10,Married-civ-spouse,Adm-clerical,Husband,White,Male,0,0,35,United-States,0
56,Local-gov,160829,HS-grad,9,Divorced,Adm-clerical,Not-in-family,White,Female,0,0,46,United-States,0
32,Private,370160,Some-college,10,Separated,Exec-managerial,Unmarried,Black,Female,0,0,40,United-States,0
44,Self-emp-not-inc,277783,Masters,14,Never-married,Farming-fishing,Own-child,White,Male,0,0,99,United-States,0
45,Private,235646,Bachelors,13,Married-civ-spouse,Exec-managerial,Husband,White,Male,0,0,40,United-States,1
50,Private,142073,HS-grad,9,Married-spouse-absent,Exec-managerial,Not-in-family,White,Female,0,0,55,United-States,0
42,Private,184682,Assoc-voc,11,Divorced,Tech-support,Not-in-family,White,Female,0,0,30,United-States,0
18,State-gov,191117,11th,7,Never-married,Other-service,Own-child,White,Male,0,0,20,United-States,0
34,Private,279015,Some-college,10,Never-married,Sales,Not-in-family,White,Male,0,0,65,United-States,0
43,Private,271807,Some-college,10,Divorced,Craft-repair,Not-in-family,White,Male,0,0,40,United-States,0
20,Private,161922,HS-grad,9,Never-married,Handlers-cleaners,Not-in-family,White,Male,0,0,43,United-States,0
17,Private,234780,HS-grad,9,Never-married,Farming-fishing,Own-child,Black,Male,0,0,40,United-States,0
45,Local-gov,224474,Bachelors,13,Divorced,Prof-specialty,Unmarried,White,Female,4934,0,50,United-States,1
36,Private,35945,HS-grad,9,Married-civ-spouse,Exec-managerial,Husband,White,Male,0,0,50,United-States,1
22,Private,192455,HS-grad,9,Never-married,Adm-clerical,Unmarried,White,Female,0,0,40,United-States,0
35,Private,112271,Masters,14,Married-civ-spouse,Adm-clerical,Husband,White,Male,0,0,40,United-States,0
47,Private,102583,HS-grad,9,Married-civ-spouse,Sales,Husband,White,Male,0,0,30,United-States,1
42,Private,150568,HS-grad,9,Separated,Sales,Unmarried,White,Female,0,0,45,United-States,0
40,Local-gov,197012,Bachelors,13,Divorced,Tech-support,Not-in-family,White,Female,8614,0,40,England,1
73,Private,284680,HS-grad,9,Divorced,Other-service,Not-in-family,White,Female,0,0,20,United-States,0
42,Private,223934,Assoc-acdm,12,Divorced,Exec-managerial,Unmarried,White,Female,0,0,40,United-States,0
29,Private,149211,Bachelors,13,Married-civ-spouse,Tech-support,Husband,White,Male,0,0,40,United-States,0
25,Private,166415,HS-grad,9,Never-married,Transport-moving,Unmarried,White,Male,0,0,52,United-States,0
48,Private,313925,Assoc-acdm,12,Married-civ-spouse,Prof-specialty,Wife,White,Female,0,0,30,United-States,1
19,State-gov,127085,Some-college,10,Never-married,Other-service,Own-child,White,Male,0,0,10,United-States,0
29,Private,225024,HS-grad,9,Divorced,Craft-repair,Not-in-family,White,Male,0,0,40,United-States,0
22,State-gov,232742,Some-college,10,Never-married,Adm-clerical,Unmarried,Black,Female,0,0,40,United-States,0
22,Private,95566,Some-college,10,Married-spouse-absent,Sales,Own-child,Other,Female,0,0,22,Dominican-Republic,0
31,Private,61308,10th,6,Never-married,Other-service,Not-in-family,White,Male,0,0,40,United-States,0
46,Private,137547,HS-grad,9,Divorced,Craft-repair,Not-in-family,Amer-Indian-Eskimo,Male,0,0,40,United-States,0
17,Private,221129,9th,5,Married-civ-spouse,Other-service,Husband,White,Male,0,0,40,United-States,0
37,Federal-gov,160910,HS-grad,9,Married-civ-spouse,Craft-repair,Husband,White,Male,0,0,40,United-States,0
41,Private,200671,Bachelors,13,Divorced,Transport-moving,Own-child,Black,Male,6497,0,40,United-States,0
45,Local-gov,182100,Bachelors,13,Married-civ-spouse,Sales,Husband,White,Male,0,0,40,United-States,1
19,Private,138153,Some-college,10,Never-married,Adm-clerical,Own-child,White,Female,0,0,10,United-States,0
44,Private,224658,HS-grad,9,Married-civ-spouse,Craft-repair,Husband,White,Male,0,0,45,United-States,1
35,State-gov,94529,HS-grad,9,Divorced,Protective-serv,Unmarried,White,Female,0,0,40,United-States,0
40,Private,173590,Masters,14,Married-civ-spouse,Exec-managerial,Husband,White,Male,0,0,50,United-States,1
39,Federal-gov,32312,Bachelors,13,Never-married,Prof-specialty,Not-in-family,White,Female,0,0,60,United-States,0
32,Private,167531,Prof-school,15,Married-civ-spouse,Prof-specialty,Wife,Asian-Pac-Islander,Female,15024,0,50,United-States,1
40,State-gov,40024,Prof-school,15,Married-civ-spouse,Prof-specialty,Husband,White,Male,0,0,38,United-States,1
44,Federal-gov,320071,HS-grad,9,Married-civ-spouse,Craft-repair,Husband,White,Male,0,0,40,United-States,1
42,Private,175526,HS-grad,9,Married-civ-spouse,Machine-op-inspct,Husband,White,Male,0,0,40,United-States,0
47,Private,191411,Masters,14,Married-civ-spouse,Prof-specialty,Husband,Asian-Pac-Islander,Male,0,0,45,India,0
26,Private,239390,Bachelors,13,Never-married,Sales,Own-child,White,Male,0,0,18,United-States,0
50,Private,159650,Some-college,10,Married-civ-spouse,Tech-support,Husband,White,Male,0,0,60,United-States,1
41,State-gov,210094,HS-grad,9,Never-married,Other-service,Not-in-family,White,Female,0,0,40,United-States,0
31,Private,19302,Bachelors,13,Married-civ-spouse,Prof-specialty,Husband,White,Male,0,0,40,United-States,1
30,Private,270886,Some-college,10,Never-married,Other-service,Own-child,White,Female,0,0,40,United-States,0
51,Self-emp-not-inc,94432,HS-grad,9,Married-civ-spouse,Farming-fishing,Husband,White,Male,0,0,55,United-States,1
47,Private,114459,HS-grad,9,Married-civ-spouse,Sales,Husband,White,Male,0,0,40,United-States,1
41,Private,288568,HS-grad,9,Married-civ-spouse,Craft-repair,Husband,White,Male,0,0,40,United-States,1
40,Private,124692,Bachelors,13,Married-civ-spouse,Exec-managerial,Husband,White,Male,0,0,40,United-States,1
51,Federal-gov,174102,HS-grad,9,Married-civ-spouse,Adm-clerical,Husband,White,Male,0,0,40,United-States,1
42,Private,176286,Assoc-acdm,12,Married-civ-spouse,Exec-managerial,Husband,White,Male,0,0,40,United-States,1
17,Private,200199,11th,7,Never-married,Sales,Own-child,White,Female,0,0,35,United-States,0
59,State-gov,192258,Doctorate,16,Married-civ-spouse,Prof-specialty,Husband,White,Male,0,0,40,United-States,1
40,Private,226388,HS-grad,9,Married-civ-spouse,Craft-repair,Husband,Black,Male,0,0,40,United-States,0
35,Private,189092,Bachelors,13,Married-civ-spouse,Exec-managerial,Husband,White,Male,0,0,40,United-States,1
45,Private,178416,Assoc-voc,11,Divorced,Handlers-cleaners,Not-in-family,White,Female,0,0,40,United-States,0
90,Private,52386,Bachelors,13,Never-married,Prof-specialty,Not-in-family,Asian-Pac-Islander,Male,0,0,40,United-States,0
56,Federal-gov,162137,HS-grad,9,Married-civ-spouse,Transport-moving,Husband,Amer-Indian-Eskimo,Male,0,0,40,United-States,0
37,Private,349116,HS-grad,9,Never-married,Sales,Not-in-family,Black,Male,0,0,44,United-States,0
53,Self-emp-inc,290640,Some-college,10,Married-civ-spouse,Sales,Husband,White,Male,0,0,50,United-States,1
26,Private,279833,Bachelors,13,Never-married,Exec-managerial,Not-in-family,White,Male,0,2258,45,United-States,1
24,Private,146706,Some-college,10,Never-married,Other-service,Not-in-family,White,Female,0,0,30,United-States,0
35,Private,312232,HS-grad,9,Separated,Craft-repair,Not-in-family,White,Male,0,0,50,United-States,0
28,Private,308709,Bachelors,13,Never-married,Sales,Not-in-family,White,Female,0,0,48,United-States,0
50,Self-emp-not-inc,167380,7th-8th,4,Married-civ-spouse,Farming-fishing,Husband,White,Male,0,0,40,United-States,0
28,Private,206088,Bachelors,13,Never-married,Sales,Not-in-family,White,Female,0,0,40,United-States,0
32,Private,232855,HS-grad,9,Never-married,Machine-op-inspct,Unmarried,Black,Female,0,0,40,United-States,0
22,Private,51262,HS-grad,9,Never-married,Machine-op-inspct,Own-child,White,Male,0,0,40,United-States,0
58,Private,314153,HS-grad,9,Married-civ-spouse,Craft-repair,Husband,White,Male,0,0,40,United-States,1
32,Private,107793,HS-grad,9,Divorced,Other-service,Own-child,White,Male,2174,0,40,United-States,0
49,Private,164799,HS-grad,9,Married-civ-spouse,Machine-op-inspct,Husband,White,Male,0,0,40,United-States,1
37,Private,185744,HS-grad,9,Married-civ-spouse,Other-service,Wife,White,Female,0,0,20,United-States,0
46,Private,294907,5th-6th,3,Married-civ-spouse,Machine-op-inspct,Husband,White,Male,0,0,40,Mexico,0
47,Private,222529,Bachelors,13,Married-civ-spouse,Farming-fishing,Husband,White,Male,0,0,65,United-States,0
58,Private,204021,HS-grad,9,Never-married,Transport-moving,Own-child,White,Male,0,0,40,Canada,0
27,Private,381789,12th,8,Married-civ-spouse,Farming-fishing,Own-child,White,Male,0,0,55,United-States,0
24,Private,39827,Some-college,10,Married-civ-spouse,Machine-op-inspct,Wife,Other,Female,0,0,40,Puerto-Rico,0
60,Private,40856,Assoc-voc,11,Married-civ-spouse,Craft-repair,Husband,White,Male,0,0,46,United-States,1
52,Private,310045,9th,5,Married-spouse-absent,Machine-op-inspct,Not-in-family,Asian-Pac-Islander,Female,0,0,30,China,0
53,Federal-gov,205288,HS-grad,9,Married-civ-spouse,Adm-clerical,Wife,White,Female,7688,0,35,United-States,1
30,Private,432565,Assoc-voc,11,Married-civ-spouse,Tech-support,Other-relative,White,Female,0,0,40,Canada,1
63,Private,273010,HS-grad,9,Married-civ-spouse,Adm-clerical,Wife,White,Female,3471,0,40,United-States,0
38,Private,213260,HS-grad,9,Separated,Protective-serv,Not-in-family,Black,Male,0,0,40,United-States,0
31,Private,310773,Some-college,10,Separated,Sales,Unmarried,White,Female,0,0,40,Mexico,0
33,Local-gov,27959,HS-grad,9,Never-married,Other-service,Unmarried,Amer-Indian-Eskimo,Male,0,0,40,United-States,0
61,Private,270056,HS-grad,9,Divorced,Adm-clerical,Not-in-family,Asian-Pac-Islander,Female,0,0,40,Japan,0
39,Private,343476,HS-grad,9,Married-civ-spouse,Craft-repair,Husband,White,Male,0,0,30,United-States,0
35,Private,287548,Some-college,10,Married-civ-spouse,Sales,Husband,White,Male,0,0,55,United-States,1
32,Private,72744,HS-grad,9,Never-married,Craft-repair,Own-child,White,Male,0,0,40,United-States,0
30,Local-gov,233993,Bachelors,13,Never-married,Prof-specialty,Own-child,White,Female,0,0,15,United-States,0
41,Private,176452,HS-grad,9,Married-civ-spouse,Tech-support,Husband,White,Male,0,0,40,Peru,0
36,Private,143385,HS-grad,9,Never-married,Craft-repair,Not-in-family,White,Male,0,0,40,United-States,0
20,Private,216825,HS-grad,9,Never-married,Sales,Own-child,White,Female,0,0,25,Mexico,0
27,Private,169117,HS-grad,9,Married-civ-spouse,Adm-clerical,Wife,Black,Female,0,1887,40,United-States,1
46,Federal-gov,46537,Masters,14,Never-married,Prof-specialty,Not-in-family,White,Female,0,0,40,United-States,0
41,Federal-gov,192589,Bachelors,13,Married-civ-spouse,Adm-clerical,Husband,White,Male,0,0,40,United-States,0
51,Private,233149,Assoc-acdm,12,Married-civ-spouse,Exec-managerial,Husband,White,Male,0,0,45,United-States,1
25,Private,124590,HS-grad,9,Never-married,Exec-managerial,Other-relative,White,Male,0,0,40,United-States,0
64,Private,114994,HS-grad,9,Married-civ-spouse,Other-service,Husband,White,Male,0,0,20,United-States,0
35,State-gov,172475,Bachelors,13,Never-married,Exec-managerial,Not-in-family,Asian-Pac-Islander,Female,2977,0,45,United-States,0
34,Private,209691,Assoc-voc,11,Married-civ-spouse,Prof-specialty,Husband,White,Male,4386,0,50,United-States,1
34,Self-emp-not-inc,226296,HS-grad,9,Married-civ-spouse,Prof-specialty,Husband,White,Male,0,0,51,United-States,0
37,Local-gov,174924,Some-college,10,Divorced,Protective-serv,Unmarried,White,Male,0,0,48,Germany,0
26,Private,152240,Some-college,10,Never-married,Machine-op-inspct,Own-child,White,Male,0,0,40,United-States,0
20,Private,190963,Some-college,10,Never-married,Exec-managerial,Not-in-family,White,Female,0,0,30,United-States,0
33,State-gov,291494,Doctorate,16,Married-civ-spouse,Prof-specialty,Husband,White,Male,0,0,50,United-States,1
34,Private,39609,Assoc-voc,11,Divorced,Adm-clerical,Unmarried,White,Female,0,0,40,United-States,0
38,Private,80771,Bachelors,13,Married-civ-spouse,Prof-specialty,Wife,White,Female,0,0,40,United-States,1
49,Self-emp-inc,315998,Bachelors,13,Married-civ-spouse,Exec-managerial,Husband,White,Male,0,0,50,United-States,0
23,Federal-gov,173851,HS-grad,9,Never-married,Armed-Forces,Not-in-family,White,Male,0,0,8,United-States,0
48,Private,185041,7th-8th,4,Married-civ-spouse,Transport-moving,Husband,White,Male,0,1672,55,United-States,0
33,Private,190511,HS-grad,9,Never-married,Craft-repair,Not-in-family,White,Male,0,0,30,United-States,0
18,Private,123856,11th,7,Never-married,Sales,Own-child,White,Female,0,0,49,United-States,0
36,Private,208068,Preschool,1,Divorced,Other-service,Not-in-family,Other,Male,0,0,72,Mexico,0
38,Private,20308,HS-grad,9,Never-married,Other-service,Own-child,White,Male,0,0,40,United-States,0
37,Local-gov,144322,Assoc-voc,11,Never-married,Adm-clerical,Not-in-family,White,Female,0,0,43,United-States,0
27,State-gov,249362,Some-college,10,Married-civ-spouse,Transport-moving,Husband,White,Male,3411,0,40,United-States,0
39,Private,248011,Assoc-voc,11,Married-civ-spouse,Machine-op-inspct,Husband,White,Male,5178,0,40,United-States,1
32,Private,180871,Assoc-voc,11,Divorced,Sales,Not-in-family,White,Male,0,0,50,United-States,1
44,Private,175935,Doctorate,16,Married-civ-spouse,Adm-clerical,Husband,White,Male,0,0,55,United-States,1
31,Private,199655,Masters,14,Divorced,Other-service,Not-in-family,Other,Female,0,0,30,United-States,0
18,Private,57957,HS-grad,9,Never-married,Sales,Own-child,White,Female,0,0,15,United-States,0
37,Self-emp-inc,257295,Some-college,10,Married-civ-spouse,Exec-managerial,Husband,Asian-Pac-Islander,Male,0,0,75,Thailand,1
22,Private,37894,HS-grad,9,Separated,Other-service,Other-relative,White,Male,0,0,35,United-States,0
48,Private,139290,10th,6,Separated,Machine-op-inspct,Own-child,White,Female,0,0,48,United-States,0
20,Private,190231,9th,5,Never-married,Machine-op-inspct,Own-child,White,Female,0,0,11,Nicaragua,0
42,State-gov,160369,Masters,14,Married-civ-spouse,Prof-specialty,Husband,White,Male,0,0,50,United-States,1
22,Private,353039,HS-grad,9,Never-married,Craft-repair,Unmarried,White,Female,0,0,36,Mexico,0
51,Private,175070,Assoc-acdm,12,Married-civ-spouse,Sales,Husband,White,Male,5178,0,45,United-States,1
56,Private,35373,Some-college,10,Divorced,Other-service,Not-in-family,White,Male,0,0,30,United-States,0
38,Private,73471,Some-college,10,Married-civ-spouse,Sales,Husband,White,Male,0,0,50,United-States,0
33,Private,207301,Assoc-acdm,12,Divorced,Exec-managerial,Own-child,White,Female,0,0,40,United-States,0
30,Private,101859,7th-8th,4,Never-married,Craft-repair,Not-in-family,White,Male,0,0,50,United-States,0
44,State-gov,166597,Masters,14,Married-civ-spouse,Adm-clerical,Husband,White,Male,0,0,40,United-States,1
54,Private,93605,HS-grad,9,Married-civ-spouse,Sales,Husband,White,Male,0,1848,40,United-States,1
59,Private,230899,9th,5,Separated,Machine-op-inspct,Unmarried,White,Female,0,0,40,Mexico,0
30,Private,44419,Some-college,10,Never-married,Tech-support,Unmarried,White,Female,0,0,40,United-States,0
17,Private,220562,9th,5,Never-married,Sales,Other-relative,Other,Female,0,0,32,Mexico,0
22,Private,169188,HS-grad,9,Never-married,Exec-managerial,Own-child,White,Female,0,0,20,United-States,0
37,Private,203828,9th,5,Married-civ-spouse,Transport-moving,Husband,White,Male,0,0,65,United-States,0
19,Private,466458,Some-college,10,Never-married,Adm-clerical,Own-child,White,Female,0,0,20,United-States,0
44,Private,89413,Assoc-voc,11,Married-civ-spouse,Craft-repair,Husband,White,Male,0,0,40,United-States,0
58,Private,137547,Bachelors,13,Married-civ-spouse,Other-service,Husband,Asian-Pac-Islander,Male,0,0,40,South,0
62,Private,92178,10th,6,Married-civ-spouse,Machine-op-inspct,Husband,White,Male,0,0,40,United-States,0
34,Private,141058,Some-college,10,Married-civ-spouse,Other-service,Husband,White,Male,0,0,62,Mexico,0
29,Private,128604,HS-grad,9,Married-civ-spouse,Craft-repair,Husband,Asian-Pac-Islander,Male,0,0,40,United-States,0
24,Private,218215,Assoc-voc,11,Never-married,Adm-clerical,Own-child,White,Female,0,0,20,United-States,0
45,Private,205424,Some-college,10,Married-civ-spouse,Sales,Husband,White,Male,0,0,65,United-States,1
30,Private,65278,HS-grad,9,Married-civ-spouse,Tech-support,Husband,White,Male,0,0,40,United-States,1
25,Private,333677,9th,5,Married-civ-spouse,Machine-op-inspct,Husband,White,Male,0,0,45,United-States,0
42,State-gov,219682,Masters,14,Divorced,Exec-managerial,Not-in-family,White,Male,0,0,45,United-States,0
31,Private,25955,9th,5,Never-married,Craft-repair,Own-child,Amer-Indian-Eskimo,Male,0,0,35,United-States,0
51,Private,40641,Some-college,10,Married-civ-spouse,Exec-managerial,Husband,White,Male,0,0,60,United-States,1
44,Private,277720,Some-college,10,Married-civ-spouse,Adm-clerical,Wife,White,Female,0,0,35,United-States,0
61,Private,180418,HS-grad,9,Married-civ-spouse,Transport-moving,Husband,White,Male,0,0,40,United-States,1
27,Private,101364,HS-grad,9,Married-civ-spouse,Handlers-cleaners,Husband,White,Male,0,0,40,Mexico,0
25,Private,214413,Masters,14,Never-married,Adm-clerical,Own-child,White,Male,0,0,40,United-States,0
26,Private,68895,HS-grad,9,Never-married,Adm-clerical,Not-in-family,White,Male,0,0,50,Mexico,0
76,Private,98695,Some-college,10,Divorced,Adm-clerical,Not-in-family,White,Female,0,0,20,United-States,0
53,Private,64322,HS-grad,9,Married-civ-spouse,Exec-managerial,Husband,White,Male,0,0,40,United-States,0
58,Private,322013,HS-grad,9,Married-civ-spouse,Craft-repair,Husband,White,Male,0,0,40,United-States,0
33,Self-emp-not-inc,102884,Bachelors,13,Married-civ-spouse,Sales,Own-child,White,Male,0,0,20,United-States,0
25,Private,122999,HS-grad,9,Never-married,Craft-repair,Other-relative,White,Male,0,0,40,United-States,0
52,Private,53497,Assoc-voc,11,Married-civ-spouse,Craft-repair,Husband,White,Male,0,0,40,United-States,0
36,Private,134367,HS-grad,9,Divorced,Other-service,Own-child,White,Female,0,0,30,United-States,0
23,Private,148709,HS-grad,9,Married-civ-spouse,Adm-clerical,Other-relative,White,Female,0,0,35,United-States,0
25,Private,1484705,Some-college,10,Divorced,Exec-managerial,Unmarried,White,Female,0,0,25,United-States,0
21,State-gov,151790,Some-college,10,Never-married,Adm-clerical,Own-child,White,Female,0,0,30,United-States,0
35,Private,273612,Bachelors,13,Never-married,Exec-managerial,Not-in-family,White,Male,0,0,45,United-States,0
28,Private,339372,Bachelors,13,Never-married,Adm-clerical,Not-in-family,White,Male,0,1408,40,United-States,0
19,Private,143360,HS-grad,9,Never-married,Machine-op-inspct,Own-child,White,Female,0,0,34,United-States,0
31,Private,229636,Some-college,10,Married-civ-spouse,Craft-repair,Husband,White,Male,0,0,45,Mexico,0
27,Private,133937,Masters,14,Never-married,Sales,Own-child,White,Male,0,0,40,United-States,0
61,Self-emp-inc,156653,HS-grad,9,Divorced,Sales,Not-in-family,White,Male,0,0,55,United-States,0
66,Self-emp-not-inc,293114,HS-grad,9,Married-civ-spouse,Farming-fishing,Husband,White,Male,1409,0,40,United-States,0
33,Private,159574,7th-8th,4,Married-civ-spouse,Adm-clerical,Husband,White,Male,0,0,45,United-States,0
39,Private,174242,HS-grad,9,Married-civ-spouse,Craft-repair,Husband,White,Male,0,0,40,United-States,0
26,Private,177147,HS-grad,9,Never-married,Handlers-cleaners,Own-child,White,Male,0,0,40,United-States,0
31,Local-gov,295589,Some-college,10,Never-married,Adm-clerical,Own-child,Black,Male,0,0,40,United-States,0
55,Federal-gov,238192,HS-grad,9,Married-civ-spouse,Tech-support,Husband,White,Male,0,1887,40,United-States,1
43,Private,132130,Assoc-voc,11,Married-civ-spouse,Farming-fishing,Husband,White,Male,0,0,40,United-States,1
46,Private,504725,5th-6th,3,Separated,Handlers-cleaners,Not-in-family,White,Male,0,0,50,Mexico,0
29,Private,283760,Bachelors,13,Never-married,Exec-managerial,Not-in-family,White,Female,0,0,40,United-States,0
20,Private,227411,Some-college,10,Never-married,Other-service,Own-child,White,Female,0,0,20,United-States,0
28,Private,243762,11th,7,Separated,Craft-repair,Unmarried,White,Female,0,0,40,United-States,0
24,Private,42706,Assoc-voc,11,Never-married,Protective-serv,Not-in-family,White,Male,0,0,60,United-States,0
41,Local-gov,195258,Some-college,10,Married-civ-spouse,Protective-serv,Husband,White,Male,0,0,40,United-States,1
25,Private,135568,HS-grad,9,Married-civ-spouse,Handlers-cleaners,Husband,White,Male,0,0,40,United-States,0
28,Private,119793,HS-grad,9,Married-civ-spouse,Craft-repair,Husband,White,Male,0,0,40,Portugal,0
19,Private,199484,Some-college,10,Never-married,Other-service,Own-child,White,Female,0,0,25,United-States,0
57,Private,194850,Some-college,10,Married-civ-spouse,Other-service,Husband,Other,Male,0,0,40,Mexico,0
34,Private,185063,Some-college,10,Married-civ-spouse,Machine-op-inspct,Husband,White,Male,0,0,45,United-States,1
60,Private,148522,Some-college,10,Married-civ-spouse,Craft-repair,Husband,Amer-Indian-Eskimo,Male,0,0,40,United-States,0
32,Private,40142,Bachelors,13,Married-civ-spouse,Exec-managerial,Husband,White,Male,0,0,40,United-States,1
38,Private,193815,Masters,14,Married-civ-spouse,Exec-managerial,Husband,White,Male,0,0,45,United-States,1
51,Private,146813,Some-college,10,Married-civ-spouse,Prof-specialty,Husband,White,Male,0,0,40,United-States,1
21,Private,342575,Some-college,10,Never-married,Sales,Own-child,Black,Female,0,0,30,United-States,0
37,Private,127772,Bachelors,13,Never-married,Craft-repair,Not-in-family,White,Male,0,0,40,United-States,0
43,Private,149670,Some-college,10,Married-civ-spouse,Adm-clerical,Wife,White,Female,4064,0,15,United-States,0
36,State-gov,36397,Bachelors,13,Divorced,Prof-specialty,Not-in-family,White,Female,0,0,55,United-States,0
37,Private,259284,HS-grad,9,Never-married,Transport-moving,Not-in-family,Black,Male,0,0,50,United-States,0
38,Local-gov,194630,Bachelors,13,Never-married,Protective-serv,Not-in-family,White,Female,4787,0,43,United-States,1
36,Self-emp-inc,164866,Assoc-acdm,12,Separated,Exec-managerial,Not-in-family,White,Male,0,0,50,United-States,0
47,Self-emp-not-inc,61885,Bachelors,13,Married-civ-spouse,Sales,Husband,White,Male,0,0,40,United-States,1
21,Private,259510,HS-grad,9,Never-married,Handlers-cleaners,Own-child,White,Male,0,0,36,United-States,0
37,Private,40955,Prof-school,15,Married-civ-spouse,Prof-specialty,Husband,White,Male,0,0,50,United-States,1
31,Local-gov,206297,HS-grad,9,Married-civ-spouse,Protective-serv,Husband,White,Male,0,0,40,United-States,1
53,Private,142717,Bachelors,13,Divorced,Adm-clerical,Unmarried,White,Female,0,0,40,United-States,0
24,Private,314165,Some-college,10,Never-married,Exec-managerial,Own-child,White,Male,0,0,20,United-States,0
54,Self-emp-not-inc,118365,10th,6,Divorced,Other-service,Not-in-family,Black,Female,0,0,10,United-States,0
27,Local-gov,289039,Some-college,10,Never-married,Protective-serv,Unmarried,Asian-Pac-Islander,Female,0,0,40,United-States,0
30,Self-emp-not-inc,404062,HS-grad,9,Married-civ-spouse,Prof-specialty,Husband,White,Male,0,1977,15,United-States,1
22,Private,210165,Some-college,10,Never-married,Craft-repair,Not-in-family,White,Male,0,0,50,United-States,0
28,Private,176683,Assoc-acdm,12,Never-married,Prof-specialty,Own-child,White,Male,0,0,40,France,0
35,Private,85399,HS-grad,9,Never-married,Machine-op-inspct,Not-in-family,White,Female,0,0,40,United-States,0
21,Private,250051,Some-college,10,Never-married,Prof-specialty,Own-child,White,Female,0,0,10,United-States,0
31,Local-gov,90409,Some-college,10,Married-civ-spouse,Exec-managerial,Husband,White,Male,0,0,35,United-States,0
41,Private,92733,HS-grad,9,Married-civ-spouse,Craft-repair,Husband,White,Male,0,0,40,United-States,1
47,Self-emp-not-inc,152752,5th-6th,3,Married-civ-spouse,Transport-moving,Husband,White,Male,0,0,20,United-States,0
31,Private,291702,HS-grad,9,Married-civ-spouse,Craft-repair,Husband,White,Male,0,0,40,United-States,0
45,Private,51744,Bachelors,13,Never-married,Exec-managerial,Not-in-family,White,Female,0,0,42,United-States,0
58,Private,289364,Some-college,10,Married-civ-spouse,Exec-managerial,Husband,White,Male,7688,0,45,United-States,1
26,Private,292803,Some-college,10,Never-married,Other-service,Own-child,White,Female,0,0,24,United-States,0
47,Private,204692,HS-grad,9,Married-civ-spouse,Craft-repair,Husband,White,Male,0,0,40,United-States,0
59,Private,199713,HS-grad,9,Married-civ-spouse,Craft-repair,Husband,White,Male,0,0,40,United-States,0
51,Private,274502,7th-8th,4,Divorced,Machine-op-inspct,Not-in-family,White,Female,0,0,48,United-States,0
37,Private,186934,HS-grad,9,Married-civ-spouse,Sales,Husband,White,Male,15024,0,60,United-States,1
25,Private,201737,Some-college,10,Divorced,Adm-clerical,Unmarried,White,Female,0,0,40,United-States,0
67,Private,228200,HS-grad,9,Married-civ-spouse,Priv-house-serv,Wife,Black,Female,0,0,20,United-States,0
25,Local-gov,476599,Bachelors,13,Never-married,Prof-specialty,Not-in-family,White,Female,0,0,40,United-States,0
31,Private,83425,Some-college,10,Never-married,Adm-clerical,Unmarried,White,Female,0,0,40,United-States,0
39,Private,216256,Bachelors,13,Married-civ-spouse,Exec-managerial,Husband,White,Male,0,0,60,Italy,1
37,Private,167415,HS-grad,9,Married-civ-spouse,Sales,Husband,White,Male,0,0,50,United-States,0
48,Private,43206,Prof-school,15,Divorced,Prof-specialty,Unmarried,White,Female,0,0,25,United-States,0
36,Private,173804,11th,7,Divorced,Other-service,Not-in-family,White,Female,0,0,40,United-States,0
30,Private,208043,Bachelors,13,Married-civ-spouse,Sales,Husband,White,Male,0,0,55,United-States,1
33,Private,157446,11th,7,Never-married,Craft-repair,Not-in-family,White,Male,0,0,65,United-States,0
33,Private,92865,Some-college,10,Never-married,Adm-clerical,Own-child,White,Female,0,0,40,United-States,0
46,Private,188861,Some-college,10,Married-civ-spouse,Transport-moving,Husband,White,Male,0,0,40,United-States,0
40,Private,162098,HS-grad,9,Divorced,Adm-clerical,Unmarried,White,Female,0,0,30,United-States,0
64,State-gov,277657,HS-grad,9,Widowed,Adm-clerical,Not-in-family,White,Female,0,0,24,United-States,0
45,Private,194698,Some-college,10,Married-civ-spouse,Craft-repair,Husband,White,Male,0,0,40,United-States,1
32,Local-gov,127651,HS-grad,9,Married-civ-spouse,Craft-repair,Husband,White,Male,0,0,40,United-States,1
22,Private,116800,Assoc-acdm,12,Never-married,Protective-serv,Own-child,White,Male,0,0,60,United-States,0
40,Private,123306,Assoc-voc,11,Married-civ-spouse,Prof-specialty,Husband,White,Male,0,0,40,United-States,1
26,Private,746432,HS-grad,9,Never-married,Handlers-cleaners,Own-child,Black,Male,0,0,48,United-States,0
25,Private,165622,Masters,14,Never-married,Sales,Not-in-family,White,Male,0,0,55,United-States,0
62,Private,176839,Bachelors,13,Married-civ-spouse,Tech-support,Husband,White,Male,0,0,38,United-States,0
24,Private,172496,Bachelors,13,Never-married,Sales,Not-in-family,White,Male,0,0,30,United-States,0
56,Private,111218,HS-grad,9,Married-civ-spouse,Transport-moving,Husband,White,Male,0,0,60,United-States,0
19,Private,169758,Some-college,10,Never-married,Sales,Own-child,White,Male,0,0,35,United-States,0
44,Private,222596,HS-grad,9,Divorced,Tech-support,Not-in-family,White,Male,0,0,50,United-States,1
47,Private,264244,HS-grad,9,Married-spouse-absent,Craft-repair,Not-in-family,Black,Female,0,0,40,United-States,0
21,Private,39943,Some-college,10,Never-married,Sales,Own-child,White,Female,0,0,20,United-States,0
29,State-gov,199450,Some-college,10,Divorced,Adm-clerical,Unmarried,Black,Male,0,0,40,United-States,0
45,Private,182313,Bachelors,13,Married-civ-spouse,Exec-managerial,Husband,White,Male,7688,0,50,United-States,1
62,Private,116812,Some-college,10,Divorced,Adm-clerical,Not-in-family,White,Female,0,0,40,United-States,0
22,Private,160398,Some-college,10,Never-married,Sales,Other-relative,White,Male,0,0,38,United-States,0
21,Private,198259,Some-college,10,Never-married,Adm-clerical,Own-child,White,Female,0,0,15,United-States,0
76,Private,97077,10th,6,Widowed,Sales,Unmarried,Black,Female,0,0,12,United-States,0
38,Private,51100,Bachelors,13,Divorced,Exec-managerial,Not-in-family,White,Male,3325,0,40,United-States,0
46,Private,169180,Assoc-voc,11,Divorced,Adm-clerical,Not-in-family,White,Female,0,0,40,United-States,0
45,Local-gov,148254,Masters,14,Divorced,Prof-specialty,Not-in-family,White,Female,0,0,35,United-States,0
42,Private,369131,Assoc-acdm,12,Married-civ-spouse,Sales,Husband,White,Male,0,0,55,United-States,1
39,Local-gov,116666,HS-grad,9,Never-married,Protective-serv,Own-child,Amer-Indian-Eskimo,Male,4650,0,48,United-States,0
57,State-gov,39380,HS-grad,9,Separated,Other-service,Not-in-family,White,Female,0,0,35,United-States,0
38,Private,257416,9th,5,Married-civ-spouse,Transport-moving,Husband,Black,Male,0,0,40,United-States,0
60,Private,187458,7th-8th,4,Married-civ-spouse,Craft-repair,Husband,White,Male,0,0,40,United-States,0
31,Private,260782,Some-college,10,Married-civ-spouse,Transport-moving,Husband,White,Male,0,1579,45,El-Salvador,0
41,Private,146659,Bachelors,13,Married-civ-spouse,Prof-specialty,Husband,White,Male,0,0,70,United-States,0
22,Private,152744,Some-college,10,Never-married,Other-service,Not-in-family,Asian-Pac-Islander,Female,0,0,40,Philippines,0
44,Private,201924,Bachelors,13,Divorced,Sales,Unmarried,White,Female,0,0,35,United-States,0
56,Private,261232,HS-grad,9,Never-married,Craft-repair,Not-in-family,White,Male,0,0,40,United-States,0
46,Private,31432,HS-grad,9,Married-civ-spouse,Adm-clerical,Wife,White,Female,3103,0,52,United-States,1
65,Private,155261,HS-grad,9,Married-civ-spouse,Exec-managerial,Husband,White,Male,0,0,40,United-States,1
26,Private,86872,HS-grad,9,Married-civ-spouse,Transport-moving,Husband,White,Male,0,0,40,United-States,1
40,Private,375603,HS-grad,9,Divorced,Adm-clerical,Unmarried,Black,Male,0,0,40,United-States,0
54,Private,240542,Some-college,10,Divorced,Sales,Unmarried,White,Female,0,0,48,United-States,0
28,Private,89718,HS-grad,9,Never-married,Sales,Not-in-family,White,Female,2202,0,48,United-States,0
36,Private,117312,Assoc-acdm,12,Divorced,Tech-support,Not-in-family,White,Female,0,0,60,United-States,0
45,Private,186272,HS-grad,9,Married-civ-spouse,Handlers-cleaners,Husband,Black,Male,7298,0,40,United-States,1
37,Private,171150,Bachelors,13,Married-civ-spouse,Sales,Husband,White,Male,99999,0,60,United-States,1
41,Self-emp-not-inc,113324,Assoc-voc,11,Married-civ-spouse,Farming-fishing,Husband,White,Male,0,0,70,United-States,1
38,Private,133586,HS-grad,9,Married-civ-spouse,Protective-serv,Own-child,White,Male,0,0,45,United-States,0
22,Private,204935,HS-grad,9,Never-married,Machine-op-inspct,Own-child,White,Male,0,0,40,United-States,0
52,Self-emp-inc,181855,Prof-school,15,Married-civ-spouse,Prof-specialty,Husband,Other,Male,99999,0,65,United-States,1
54,Private,97778,7th-8th,4,Married-civ-spouse,Craft-repair,Husband,White,Male,0,0,40,United-States,0
28,Private,114967,Bachelors,13,Married-civ-spouse,Prof-specialty,Husband,White,Male,0,0,40,United-States,1
30,State-gov,190385,Some-college,10,Never-married,Adm-clerical,Not-in-family,White,Female,0,0,37,United-States,0
19,Private,261259,HS-grad,9,Never-married,Handlers-cleaners,Own-child,White,Male,0,0,20,United-States,0
30,State-gov,180283,HS-grad,9,Never-married,Other-service,Not-in-family,Black,Female,0,0,40,United-States,0
49,Local-gov,31339,HS-grad,9,Married-civ-spouse,Craft-repair,Husband,White,Male,0,0,40,United-States,0
37,Private,48268,HS-grad,9,Married-civ-spouse,Exec-managerial,Husband,White,Male,0,0,55,United-States,0
28,Private,297742,Some-college,10,Never-married,Machine-op-inspct,Own-child,White,Female,0,0,40,United-States,0
20,Federal-gov,225515,Some-college,10,Never-married,Tech-support,Own-child,White,Female,0,0,24,United-States,0
54,Private,198546,Masters,14,Widowed,Adm-clerical,Unmarried,White,Female,0,0,38,United-States,0
60,State-gov,129447,HS-grad,9,Widowed,Adm-clerical,Not-in-family,White,Female,0,0,35,United-States,0
38,Private,296999,Bachelors,13,Never-married,Exec-managerial,Not-in-family,White,Female,0,0,70,United-States,0
54,Private,96710,HS-grad,9,Married-civ-spouse,Priv-house-serv,Other-relative,Black,Female,0,0,20,United-States,0
70,Local-gov,176493,Some-college,10,Widowed,Adm-clerical,Not-in-family,White,Female,0,0,17,United-States,0
29,Private,54131,Some-college,10,Never-married,Sales,Not-in-family,White,Male,0,0,30,United-States,0
42,Private,190786,Assoc-voc,11,Married-civ-spouse,Craft-repair,Husband,White,Male,0,0,40,United-States,0
42,Private,367533,10th,6,Married-civ-spouse,Craft-repair,Own-child,Other,Male,0,0,43,United-States,1
43,State-gov,164790,Some-college,10,Divorced,Adm-clerical,Not-in-family,Black,Male,0,0,50,United-States,1
41,Private,287306,HS-grad,9,Married-civ-spouse,Prof-specialty,Husband,White,Male,0,1902,40,United-States,1
20,Private,170091,Some-college,10,Never-married,Adm-clerical,Own-child,White,Female,0,0,10,United-States,0
60,Private,166330,HS-grad,9,Married-civ-spouse,Adm-clerical,Wife,White,Female,0,0,40,United-States,0
62,Local-gov,136787,HS-grad,9,Divorced,Transport-moving,Other-relative,White,Male,0,0,40,United-States,0
38,Private,76878,11th,7,Married-civ-spouse,Craft-repair,Husband,White,Male,5178,0,40,United-States,1
28,Private,247445,HS-grad,9,Never-married,Adm-clerical,Not-in-family,White,Male,0,0,40,United-States,0
20,Private,203003,HS-grad,9,Never-married,Transport-moving,Other-relative,White,Male,0,0,40,United-States,0
24,Self-emp-not-inc,174391,HS-grad,9,Married-civ-spouse,Adm-clerical,Wife,White,Female,0,0,40,United-States,0
43,Private,124692,Bachelors,13,Married-civ-spouse,Sales,Husband,White,Male,0,0,40,United-States,1
33,State-gov,111994,Some-college,10,Divorced,Adm-clerical,Unmarried,White,Female,0,0,45,United-States,0
35,Private,216256,Assoc-voc,11,Never-married,Other-service,Not-in-family,White,Male,0,0,60,United-States,0
47,Private,51835,Prof-school,15,Married-civ-spouse,Prof-specialty,Wife,White,Female,0,1902,60,Honduras,1
40,Self-emp-not-inc,204235,Masters,14,Married-civ-spouse,Exec-managerial,Husband,White,Male,99999,0,50,United-States,1
63,Self-emp-not-inc,29859,7th-8th,4,Married-civ-spouse,Farming-fishing,Husband,White,Male,7688,0,60,United-States,1
20,Private,166527,Some-college,10,Never-married,Adm-clerical,Own-child,Other,Female,0,0,20,United-States,0
37,Private,203828,9th,5,Married-civ-spouse,Craft-repair,Husband,White,Male,0,0,40,United-States,0
27,Private,209891,Some-college,10,Never-married,Handlers-cleaners,Not-in-family,Black,Male,0,0,50,United-States,0
52,Private,361875,Some-college,10,Divorced,Exec-managerial,Not-in-family,White,Female,0,0,50,United-States,0
73,Local-gov,45784,Some-college,10,Never-married,Prof-specialty,Other-relative,White,Female,0,0,11,United-States,0
56,Private,37394,Masters,14,Married-civ-spouse,Exec-managerial,Husband,White,Male,0,0,40,United-States,0
50,Private,208630,Masters,14,Divorced,Sales,Not-in-family,White,Female,0,0,50,United-States,1
60,Self-emp-not-inc,27886,Some-college,10,Married-civ-spouse,Exec-managerial,Husband,White,Male,0,0,40,United-States,1
23,Private,185106,HS-grad,9,Never-married,Handlers-cleaners,Own-child,Black,Male,0,0,40,United-States,0
50,Private,73493,Some-college,10,Divorced,Other-service,Not-in-family,White,Female,0,0,40,United-States,0
62,Private,135480,HS-grad,9,Married-civ-spouse,Sales,Husband,White,Male,0,0,16,United-States,0
43,State-gov,41834,HS-grad,9,Married-civ-spouse,Transport-moving,Husband,White,Male,0,0,38,United-States,1
33,Private,96245,Assoc-acdm,12,Married-civ-spouse,Prof-specialty,Husband,White,Male,0,0,50,United-States,0
73,Private,29778,HS-grad,9,Widowed,Other-service,Not-in-family,White,Female,0,0,37,United-States,0
22,Private,139190,HS-grad,9,Never-married,Craft-repair,Own-child,White,Male,0,0,50,United-States,0
27,Private,162343,Bachelors,13,Married-civ-spouse,Exec-managerial,Husband,White,Male,0,0,40,Dominican-Republic,0
19,Private,216937,HS-grad,9,Never-married,Handlers-cleaners,Other-relative,Other,Female,0,0,60,Guatemala,0
55,Local-gov,133201,Masters,14,Married-civ-spouse,Exec-managerial,Husband,White,Male,0,0,50,United-States,0
41,Self-emp-not-inc,223763,Masters,14,Married-civ-spouse,Craft-repair,Husband,White,Male,0,0,65,United-States,0
35,Private,44780,Some-college,10,Married-civ-spouse,Adm-clerical,Wife,White,Female,7688,0,20,United-States,1
30,Private,347132,Some-college,10,Never-married,Machine-op-inspct,Not-in-family,Black,Female,0,0,40,United-States,0
40,Self-emp-inc,182437,Assoc-acdm,12,Married-civ-spouse,Sales,Husband,White,Male,15024,0,50,United-States,1
37,Self-emp-not-inc,119929,HS-grad,9,Married-civ-spouse,Craft-repair,Husband,White,Male,0,0,40,United-States,0
24,Private,132327,Some-college,10,Married-spouse-absent,Sales,Unmarried,Other,Female,0,0,30,Ecuador,0
22,Private,195075,Some-college,10,Never-married,Other-service,Own-child,White,Female,0,0,38,United-States,0
25,Self-emp-not-inc,189027,HS-grad,9,Married-civ-spouse,Farming-fishing,Husband,White,Male,0,0,30,United-States,0
59,Local-gov,171328,10th,6,Widowed,Other-service,Unmarried,Black,Female,0,0,30,United-States,0
57,Local-gov,143910,Bachelors,13,Divorced,Exec-managerial,Not-in-family,White,Male,0,0,40,United-States,0
52,Local-gov,186117,HS-grad,9,Married-civ-spouse,Protective-serv,Husband,White,Male,0,0,56,United-States,1
33,Private,198727,HS-grad,9,Divorced,Tech-support,Not-in-family,White,Female,0,0,40,United-States,0
44,Private,115411,Some-college,10,Divorced,Machine-op-inspct,Not-in-family,White,Male,0,0,40,United-States,0
38,Private,173047,Bachelors,13,Divorced,Adm-clerical,Unmarried,Asian-Pac-Islander,Female,0,213,40,Philippines,0
42,Private,195096,HS-grad,9,Married-civ-spouse,Sales,Husband,White,Male,4064,0,40,United-States,0
39,Private,167482,HS-grad,9,Married-civ-spouse,Other-service,Husband,White,Male,0,0,60,United-States,1
64,Private,258006,Some-college,10,Widowed,Adm-clerical,Not-in-family,White,Female,0,0,40,Cuba,0
59,Federal-gov,31840,HS-grad,9,Married-civ-spouse,Craft-repair,Husband,White,Male,0,0,40,United-States,1
23,Private,256211,Some-college,10,Never-married,Adm-clerical,Not-in-family,Asian-Pac-Islander,Male,0,0,24,Vietnam,0
51,Self-emp-not-inc,205100,Masters,14,Married-civ-spouse,Prof-specialty,Wife,White,Female,0,0,30,United-States,1
23,Private,274424,11th,7,Separated,Other-service,Unmarried,White,Female,0,0,40,United-States,0
29,Federal-gov,301010,Some-college,10,Never-married,Armed-Forces,Not-in-family,Black,Male,0,0,60,United-States,0
35,Private,65876,HS-grad,9,Married-civ-spouse,Craft-repair,Husband,White,Male,0,0,40,United-States,0
28,Private,39232,Bachelors,13,Never-married,Prof-specialty,Not-in-family,White,Male,0,0,45,United-States,0
48,Private,192161,Bachelors,13,Divorced,Handlers-cleaners,Not-in-family,White,Male,0,0,43,United-States,0
48,Private,97176,HS-grad,9,Divorced,Adm-clerical,Other-relative,White,Female,0,0,40,United-States,0
23,Private,420973,Bachelors,13,Never-married,Prof-specialty,Not-in-family,White,Female,0,0,40,United-States,0
30,Self-emp-not-inc,79303,Assoc-voc,11,Married-civ-spouse,Farming-fishing,Husband,White,Male,0,0,60,United-States,0
42,Private,52781,Some-college,10,Married-civ-spouse,Tech-support,Husband,White,Male,0,0,40,United-States,0
48,Private,158924,HS-grad,9,Married-civ-spouse,Adm-clerical,Wife,White,Female,0,0,40,United-States,1
34,Private,103651,Some-college,10,Married-civ-spouse,Exec-managerial,Husband,White,Male,0,0,40,United-States,1
54,Private,24108,Some-college,10,Separated,Exec-managerial,Not-in-family,White,Female,0,0,40,United-States,0
31,Local-gov,158291,Bachelors,13,Never-married,Craft-repair,Not-in-family,White,Male,8614,0,40,United-States,1
63,Self-emp-inc,165667,HS-grad,9,Married-civ-spouse,Exec-managerial,Husband,White,Male,0,0,40,United-States,0
30,Private,158420,Bachelors,13,Never-married,Machine-op-inspct,Not-in-family,White,Male,0,0,25,United-States,0
46,Self-emp-not-inc,456956,HS-grad,9,Married-civ-spouse,Prof-specialty,Husband,White,Male,0,0,60,United-States,0
44,Private,204235,HS-grad,9,Married-civ-spouse,Transport-moving,Husband,White,Male,0,0,40,United-States,0
24,Private,86745,Bachelors,13,Married-civ-spouse,Prof-specialty,Other-relative,Asian-Pac-Islander,Female,0,0,40,Philippines,0
26,Private,151626,Bachelors,13,Never-married,Prof-specialty,Not-in-family,Black,Female,0,0,45,United-States,0
31,Private,185814,HS-grad,9,Never-married,Transport-moving,Unmarried,Black,Female,0,0,30,United-States,0
32,Private,116677,HS-grad,9,Married-civ-spouse,Craft-repair,Husband,White,Male,0,0,40,United-States,0
68,Private,253866,Bachelors,13,Married-civ-spouse,Sales,Husband,White,Male,0,0,30,United-States,0
28,Local-gov,216965,Some-college,10,Married-civ-spouse,Protective-serv,Husband,White,Male,0,0,40,United-States,0
37,Private,212900,HS-grad,9,Married-civ-spouse,Craft-repair,Husband,White,Male,0,0,40,United-States,0
18,Private,301762,HS-grad,9,Never-married,Adm-clerical,Own-child,White,Female,0,0,25,United-States,0
43,Private,193672,HS-grad,9,Married-civ-spouse,Machine-op-inspct,Husband,White,Male,0,0,40,United-States,0
29,Private,124680,Bachelors,13,Never-married,Sales,Not-in-family,White,Female,13550,0,35,United-States,1
30,Private,66194,Bachelors,13,Never-married,Prof-specialty,Not-in-family,White,Female,0,0,60,Outlying-US(Guam-USVI-etc),0
22,Private,271274,11th,7,Never-married,Sales,Not-in-family,White,Female,0,0,40,United-States,0
46,Private,87250,Bachelors,13,Separated,Tech-support,Unmarried,White,Female,0,0,40,United-States,0
81,Private,129338,7th-8th,4,Married-civ-spouse,Transport-moving,Husband,White,Male,0,0,10,United-States,0
59,Private,176647,HS-grad,9,Married-civ-spouse,Craft-repair,Husband,White,Male,0,0,40,United-States,1
25,Private,264055,Bachelors,13,Never-married,Adm-clerical,Own-child,White,Male,0,0,40,United-States,0
33,Self-emp-not-inc,203784,Assoc-voc,11,Married-civ-spouse,Farming-fishing,Husband,White,Male,0,0,62,United-States,0
39,Local-gov,316582,Masters,14,Never-married,Prof-specialty,Not-in-family,White,Female,0,0,55,United-States,0
32,State-gov,175931,HS-grad,9,Married-civ-spouse,Protective-serv,Husband,White,Male,0,0,40,United-States,0
21,Private,211391,Some-college,10,Never-married,Adm-clerical,Not-in-family,White,Female,0,0,27,United-States,0
28,Private,61487,HS-grad,9,Never-married,Prof-specialty,Unmarried,Black,Male,0,0,40,United-States,0
26,Local-gov,216522,Bachelors,13,Never-married,Prof-specialty,Own-child,Black,Female,0,0,42,United-States,0
30,Private,169583,Bachelors,13,Married-AF-spouse,Exec-managerial,Wife,White,Female,0,0,40,United-States,1
46,Self-emp-inc,284799,Some-college,10,Married-civ-spouse,Sales,Husband,White,Male,0,0,60,United-States,0
41,Local-gov,201435,HS-grad,9,Married-civ-spouse,Transport-moving,Husband,Black,Male,0,0,40,United-States,0
48,Private,30289,10th,6,Married-civ-spouse,Craft-repair,Husband,White,Male,0,0,30,United-States,0
28,Private,241895,HS-grad,9,Married-civ-spouse,Sales,Husband,White,Male,0,1628,40,United-States,0
19,Private,106306,Some-college,10,Divorced,Other-service,Own-child,White,Female,0,0,40,United-States,0
24,Private,134787,Some-college,10,Never-married,Sales,Own-child,White,Female,0,0,40,United-States,0
61,Private,120939,Prof-school,15,Married-civ-spouse,Transport-moving,Husband,White,Male,0,0,5,United-States,1
47,Private,664821,Bachelors,13,Married-civ-spouse,Other-service,Husband,White,Male,0,0,40,El-Salvador,0
40,Local-gov,108765,Assoc-voc,11,Never-married,Exec-managerial,Unmarried,Amer-Indian-Eskimo,Female,0,0,40,United-States,0
39,Private,114079,Assoc-acdm,12,Never-married,Craft-repair,Not-in-family,White,Male,0,0,40,United-States,0
38,Private,144860,HS-grad,9,Married-civ-spouse,Craft-repair,Husband,White,Male,0,0,65,United-States,0
41,Private,262038,5th-6th,3,Married-spouse-absent,Farming-fishing,Not-in-family,White,Male,0,0,35,Mexico,0
37,Private,263094,Bachelors,13,Married-civ-spouse,Exec-managerial,Husband,White,Male,7298,0,40,United-States,1
31,Private,252210,5th-6th,3,Never-married,Other-service,Own-child,White,Male,0,0,40,Mexico,0
18,Private,166889,Some-college,10,Never-married,Handlers-cleaners,Own-child,Black,Female,0,1602,35,United-States,0
50,Private,171852,Bachelors,13,Separated,Prof-specialty,Own-child,Other,Female,0,0,40,United-States,0
26,Private,67240,HS-grad,9,Married-civ-spouse,Craft-repair,Husband,White,Male,0,0,40,United-States,0
52,Private,260938,Masters,14,Married-civ-spouse,Sales,Husband,White,Male,0,0,40,United-States,0
22,State-gov,22966,Some-college,10,Married-spouse-absent,Tech-support,Unmarried,White,Male,0,0,20,United-States,0
19,Private,299598,HS-grad,9,Never-married,Handlers-cleaners,Own-child,White,Male,0,0,16,United-States,0
40,Private,374367,Assoc-voc,11,Separated,Sales,Not-in-family,Black,Male,0,0,44,United-States,0
54,Private,76344,Bachelors,13,Never-married,Other-service,Not-in-family,White,Female,0,0,50,United-States,0
33,Private,295591,5th-6th,3,Married-spouse-absent,Craft-repair,Not-in-family,White,Male,0,0,40,Mexico,0
23,Private,178207,Some-college,10,Never-married,Handlers-cleaners,Unmarried,Amer-Indian-Eskimo,Female,0,0,35,United-States,0
42,State-gov,117583,Doctorate,16,Divorced,Prof-specialty,Not-in-family,White,Female,8614,0,60,United-States,1
51,Private,290856,HS-grad,9,Married-civ-spouse,Adm-clerical,Husband,White,Male,0,0,40,United-States,1
26,Private,135845,Some-college,10,Never-married,Sales,Not-in-family,White,Female,0,0,37,United-States,0
39,Private,147258,10th,6,Married-civ-spouse,Craft-repair,Husband,White,Male,0,0,40,United-States,0
19,Self-emp-not-inc,100999,11th,7,Never-married,Adm-clerical,Own-child,White,Female,0,0,30,United-States,0
44,Federal-gov,306440,HS-grad,9,Divorced,Craft-repair,Not-in-family,White,Male,0,0,40,United-States,0
68,Private,192829,Assoc-acdm,12,Divorced,Exec-managerial,Not-in-family,White,Female,0,0,43,United-States,0
44,Self-emp-not-inc,230684,HS-grad,9,Married-civ-spouse,Transport-moving,Husband,White,Male,0,0,55,United-States,0
46,Private,207940,Some-college,10,Married-civ-spouse,Craft-repair,Husband,Black,Male,0,0,40,United-States,1
51,Private,122288,Some-college,10,Widowed,Machine-op-inspct,Unmarried,White,Female,0,0,36,United-States,0
43,Private,160674,HS-grad,9,Divorced,Exec-managerial,Unmarried,White,Female,0,0,40,United-States,0
33,Private,409172,Bachelors,13,Married-civ-spouse,Exec-managerial,Own-child,White,Male,0,0,55,United-States,0
73,Private,29675,HS-grad,9,Widowed,Other-service,Other-relative,White,Female,0,0,12,United-States,0
34,Private,167497,Some-college,10,Married-civ-spouse,Exec-managerial,Wife,White,Female,7688,0,50,United-States,1
32,Private,237903,Bachelors,13,Never-married,Prof-specialty,Unmarried,White,Female,0,0,40,United-States,0
43,Private,176138,Bachelors,13,Married-civ-spouse,Exec-managerial,Husband,White,Male,0,0,50,United-States,0
19,Private,175652,11th,7,Never-married,Other-service,Other-relative,White,Female,0,0,15,United-States,0
26,Private,50103,Some-college,10,Married-civ-spouse,Sales,Wife,White,Female,0,0,40,United-States,0
38,Private,283293,HS-grad,9,Married-civ-spouse,Craft-repair,Husband,Black,Male,0,0,40,United-States,0
54,Private,230919,HS-grad,9,Married-civ-spouse,Craft-repair,Husband,White,Male,0,0,40,United-States,0
38,Private,122076,Some-college,10,Married-civ-spouse,Transport-moving,Husband,White,Male,7298,0,43,United-States,1
23,Private,39182,HS-grad,9,Married-civ-spouse,Sales,Husband,White,Male,0,0,40,United-States,0
46,Federal-gov,43206,Doctorate,16,Never-married,Prof-specialty,Not-in-family,White,Female,0,1564,50,United-States,1
33,Private,287878,Some-college,10,Married-civ-spouse,Other-service,Wife,White,Female,0,0,26,United-States,0
28,Private,142712,HS-grad,9,Never-married,Handlers-cleaners,Own-child,White,Male,0,0,40,United-States,0
22,Private,202871,Assoc-voc,11,Married-civ-spouse,Other-service,Husband,White,Male,0,0,44,United-States,0
27,Private,36440,Prof-school,15,Never-married,Prof-specialty,Not-in-family,White,Female,0,0,65,United-States,1
45,Federal-gov,235891,Assoc-acdm,12,Never-married,Adm-clerical,Not-in-family,White,Male,0,0,40,Columbia,0
29,Private,632593,HS-grad,9,Married-civ-spouse,Craft-repair,Husband,Black,Male,0,0,40,United-States,0
56,Private,204254,10th,6,Divorced,Other-service,Unmarried,Black,Female,0,0,45,United-States,0
39,Private,290922,Masters,14,Never-married,Prof-specialty,Own-child,White,Female,0,0,40,United-States,0
30,Private,46712,HS-grad,9,Divorced,Other-service,Not-in-family,White,Female,0,0,40,United-States,0
27,Private,184477,12th,8,Never-married,Other-service,Not-in-family,White,Male,0,0,40,United-States,0
32,Private,62374,Assoc-voc,11,Married-civ-spouse,Transport-moving,Husband,White,Male,0,0,40,United-States,0
32,Private,243988,5th-6th,3,Married-civ-spouse,Other-service,Husband,White,Male,0,0,40,Mexico,0
55,Private,143372,HS-grad,9,Divorced,Sales,Unmarried,Black,Female,0,0,40,United-States,0
31,Private,261943,Some-college,10,Married-civ-spouse,Exec-managerial,Husband,White,Male,0,0,40,United-States,0
32,Private,353994,Bachelors,13,Married-civ-spouse,Exec-managerial,Other-relative,Asian-Pac-Islander,Female,0,0,40,China,1
44,Self-emp-not-inc,35166,Bachelors,13,Married-civ-spouse,Farming-fishing,Husband,White,Male,0,0,90,United-States,0
48,Federal-gov,215389,HS-grad,9,Married-civ-spouse,Transport-moving,Husband,Black,Male,0,0,40,United-States,1
35,Self-emp-not-inc,31095,Some-college,10,Separated,Farming-fishing,Not-in-family,White,Male,4101,0,60,United-States,0
36,State-gov,205555,Prof-school,15,Divorced,Prof-specialty,Own-child,Asian-Pac-Islander,Female,0,0,40,Philippines,0
52,Private,236180,Bachelors,13,Married-spouse-absent,Other-service,Not-in-family,White,Male,0,0,50,United-States,0
33,Private,133503,HS-grad,9,Married-civ-spouse,Protective-serv,Husband,White,Male,7688,0,48,United-States,1
51,Private,244572,HS-grad,9,Separated,Other-service,Not-in-family,Black,Female,0,0,37,United-States,0
45,Private,168283,HS-grad,9,Married-civ-spouse,Other-service,Husband,White,Male,0,0,40,United-States,0
31,Local-gov,151726,Assoc-acdm,12,Never-married,Adm-clerical,Own-child,Amer-Indian-Eskimo,Female,0,0,40,United-States,0
62,Self-emp-not-inc,120939,Some-college,10,Divorced,Sales,Not-in-family,White,Male,0,0,40,United-States,0
36,Private,190350,HS-grad,9,Never-married,Adm-clerical,Not-in-family,Black,Female,0,0,40,United-States,0
40,Private,170730,HS-grad,9,Married-civ-spouse,Craft-repair,Husband,White,Male,0,0,50,United-States,0
31,Private,176410,HS-grad,9,Never-married,Other-service,Own-child,White,Female,0,0,38,United-States,0
40,Self-emp-not-inc,240698,HS-grad,9,Married-civ-spouse,Craft-repair,Husband,White,Male,0,0,60,United-States,0
36,Private,166549,Bachelors,13,Divorced,Adm-clerical,Not-in-family,White,Male,0,0,55,United-States,1
45,Private,114797,HS-grad,9,Separated,Machine-op-inspct,Unmarried,Black,Female,0,0,40,United-States,0
49,Private,247892,Some-college,10,Married-civ-spouse,Craft-repair,Husband,Black,Male,0,0,30,United-States,0
25,Private,197303,Bachelors,13,Never-married,Prof-specialty,Own-child,White,Female,0,0,40,United-States,0
44,Local-gov,101967,Masters,14,Married-civ-spouse,Prof-specialty,Wife,White,Female,0,0,40,United-States,0
39,Private,280570,Bachelors,13,Married-civ-spouse,Exec-managerial,Husband,White,Male,0,0,45,United-States,0
62,Self-emp-inc,137354,Masters,14,Married-civ-spouse,Prof-specialty,Husband,Asian-Pac-Islander,Male,0,0,40,South,0
31,Private,191001,HS-grad,9,Never-married,Sales,Not-in-family,White,Female,0,0,40,United-States,0
26,Private,257910,Some-college,10,Never-married,Other-service,Not-in-family,White,Male,0,0,60,United-States,0
32,State-gov,111363,Prof-school,15,Married-civ-spouse,Prof-specialty,Husband,White,Male,0,0,75,United-States,1
33,Private,34748,HS-grad,9,Married-civ-spouse,Adm-clerical,Wife,White,Female,0,1887,20,United-States,1
51,Private,228516,HS-grad,9,Married-spouse-absent,Craft-repair,Not-in-family,White,Male,0,0,45,Columbia,0
36,State-gov,89508,Prof-school,15,Never-married,Prof-specialty,Not-in-family,White,Male,0,0,40,United-States,0
36,Federal-gov,192150,HS-grad,9,Divorced,Adm-clerical,Unmarried,White,Female,0,0,40,United-States,0
30,State-gov,23037,Some-college,10,Never-married,Other-service,Own-child,Amer-Indian-Eskimo,Male,0,0,84,United-States,0
32,Private,168854,Bachelors,13,Married-civ-spouse,Sales,Husband,White,Male,0,1848,50,United-States,1
34,Private,293900,11th,7,Married-spouse-absent,Craft-repair,Not-in-family,Black,Male,0,0,55,United-States,0
44,Private,112517,Masters,14,Married-civ-spouse,Tech-support,Husband,White,Male,0,0,20,United-States,1
22,Private,264874,Some-college,10,Never-married,Tech-support,Other-relative,White,Female,0,0,40,United-States,0
22,Private,51136,Some-college,10,Never-married,Tech-support,Not-in-family,White,Female,0,0,60,United-States,0
17,Private,28031,9th,5,Never-married,Other-service,Own-child,White,Male,0,0,16,United-States,0
30,Private,541343,10th,6,Married-civ-spouse,Other-service,Husband,Black,Male,0,0,40,United-States,0
32,Self-emp-not-inc,33417,Some-college,10,Married-civ-spouse,Craft-repair,Husband,White,Male,0,0,50,United-States,0
23,State-gov,61743,5th-6th,3,Never-married,Transport-moving,Not-in-family,White,Male,0,0,35,United-States,0
45,Private,473171,HS-grad,9,Married-civ-spouse,Craft-repair,Husband,White,Male,0,0,40,United-States,0
32,Private,398988,Bachelors,13,Never-married,Exec-managerial,Not-in-family,White,Male,0,0,40,United-States,0
20,Private,70240,HS-grad,9,Never-married,Sales,Own-child,Asian-Pac-Islander,Female,0,0,24,Philippines,0
25,Private,104439,Some-college,10,Never-married,Adm-clerical,Not-in-family,White,Female,0,0,50,United-States,0
62,Self-emp-not-inc,39630,HS-grad,9,Married-civ-spouse,Sales,Husband,White,Male,0,0,40,United-States,0
19,Private,198663,HS-grad,9,Never-married,Tech-support,Own-child,White,Male,0,0,40,United-States,0
48,Private,238726,HS-grad,9,Widowed,Adm-clerical,Unmarried,White,Female,0,0,40,United-States,0
43,Private,309932,Bachelors,13,Married-civ-spouse,Craft-repair,Husband,White,Male,0,0,40,United-States,0
29,Private,112847,Assoc-voc,11,Married-civ-spouse,Craft-repair,Husband,Asian-Pac-Islander,Male,7298,0,32,United-States,1
45,Private,88061,11th,7,Married-spouse-absent,Machine-op-inspct,Unmarried,Asian-Pac-Islander,Female,0,0,40,South,0
34,Private,199864,Some-college,10,Married-civ-spouse,Adm-clerical,Wife,White,Female,0,2057,40,United-States,0
49,Private,110243,Bachelors,13,Married-civ-spouse,Exec-managerial,Husband,White,Male,0,0,45,United-States,1
32,Private,216145,Some-college,10,Never-married,Craft-repair,Not-in-family,White,Male,4650,0,45,United-States,0
30,Private,196396,Some-college,10,Never-married,Machine-op-inspct,Not-in-family,White,Male,0,0,40,United-States,0
60,Self-emp-not-inc,235535,HS-grad,9,Married-civ-spouse,Exec-managerial,Husband,White,Male,0,0,48,United-States,0
29,Private,24153,Some-college,10,Married-civ-spouse,Other-service,Wife,Amer-Indian-Eskimo,Female,0,0,40,United-States,0
23,Private,57827,Bachelors,13,Never-married,Farming-fishing,Not-in-family,White,Male,0,0,40,United-States,0
38,Private,290306,HS-grad,9,Married-civ-spouse,Craft-repair,Husband,White,Male,0,0,40,United-States,1
35,Private,101509,Some-college,10,Divorced,Exec-managerial,Not-in-family,White,Female,0,0,40,United-States,0
20,Private,332931,Some-college,10,Never-married,Other-service,Own-child,White,Female,0,0,40,United-States,0
33,Private,86492,HS-grad,9,Never-married,Transport-moving,Not-in-family,White,Male,0,0,87,United-States,0
21,Private,47541,HS-grad,9,Divorced,Machine-op-inspct,Other-relative,White,Male,0,0,40,United-States,0
32,Private,473133,Masters,14,Married-civ-spouse,Prof-specialty,Husband,White,Male,0,0,40,United-States,1
53,Private,91911,HS-grad,9,Divorced,Craft-repair,Unmarried,Black,Female,0,0,48,United-States,0
45,Local-gov,172111,Bachelors,13,Divorced,Exec-managerial,Unmarried,Black,Female,0,0,60,United-States,0
35,Private,229328,HS-grad,9,Married-civ-spouse,Machine-op-inspct,Wife,Black,Female,0,0,40,United-States,0
25,Private,302465,12th,8,Never-married,Machine-op-inspct,Not-in-family,White,Male,0,1741,40,United-States,0
48,Self-emp-not-inc,179337,HS-grad,9,Married-civ-spouse,Craft-repair,Husband,White,Male,0,0,60,England,0
36,State-gov,170861,HS-grad,9,Separated,Other-service,Own-child,White,Female,0,0,32,United-States,0
33,Self-emp-inc,139057,HS-grad,9,Married-civ-spouse,Exec-managerial,Husband,Asian-Pac-Islander,Male,0,0,84,Taiwan,1
21,Private,219086,HS-grad,9,Never-married,Other-service,Own-child,White,Male,0,0,35,United-States,0
53,Private,277471,Assoc-voc,11,Married-civ-spouse,Tech-support,Husband,White,Male,0,0,40,United-States,1
43,Private,176270,Bachelors,13,Married-civ-spouse,Exec-managerial,Husband,White,Male,99999,0,60,United-States,1
32,Private,237478,11th,7,Divorced,Machine-op-inspct,Unmarried,White,Female,0,0,40,United-States,0
33,Private,149184,Prof-school,15,Married-civ-spouse,Prof-specialty,Husband,White,Male,0,1977,50,United-States,1
43,Private,158528,HS-grad,9,Married-civ-spouse,Craft-repair,Husband,White,Male,0,0,40,United-States,1
23,Private,140764,Assoc-voc,11,Never-married,Other-service,Own-child,White,Female,0,0,15,United-States,0
55,Private,124137,HS-grad,9,Married-spouse-absent,Machine-op-inspct,Not-in-family,White,Male,0,0,40,Poland,0
24,Private,202721,Some-college,10,Never-married,Adm-clerical,Own-child,Black,Female,0,0,40,United-States,0
58,Private,140363,HS-grad,9,Divorced,Machine-op-inspct,Not-in-family,White,Male,3325,0,30,United-States,0
28,Private,65171,Some-college,10,Married-civ-spouse,Adm-clerical,Husband,White,Male,0,0,40,United-States,0
71,Local-gov,229110,HS-grad,9,Widowed,Exec-managerial,Other-relative,White,Female,0,0,33,United-States,0
41,Federal-gov,263339,HS-grad,9,Married-civ-spouse,Transport-moving,Husband,White,Male,0,0,40,United-States,1
24,Private,224716,HS-grad,9,Never-married,Craft-repair,Own-child,White,Male,0,0,40,United-States,0
32,Private,348460,Assoc-voc,11,Married-civ-spouse,Craft-repair,Husband,White,Male,0,0,50,United-States,0
28,Private,412149,10th,6,Never-married,Farming-fishing,Other-relative,White,Male,0,0,35,Mexico,0
56,Self-emp-not-inc,48102,Some-college,10,Married-civ-spouse,Exec-managerial,Wife,White,Female,0,1977,50,United-States,1
40,Private,137304,Bachelors,13,Divorced,Adm-clerical,Not-in-family,Black,Female,0,0,40,United-States,0
50,Local-gov,154779,Some-college,10,Divorced,Adm-clerical,Not-in-family,Black,Female,0,0,40,United-States,0
20,Private,38001,Some-college,10,Never-married,Other-service,Own-child,White,Female,0,0,20,United-States,0
47,Private,436770,Assoc-voc,11,Never-married,Prof-specialty,Not-in-family,White,Female,0,0,40,United-States,0
39,Private,297847,9th,5,Married-civ-spouse,Other-service,Wife,Black,Female,3411,0,34,United-States,0
24,Federal-gov,44075,Bachelors,13,Never-married,Prof-specialty,Not-in-family,Asian-Pac-Islander,Male,0,0,40,United-States,0
36,Federal-gov,51089,Bachelors,13,Married-civ-spouse,Adm-clerical,Husband,White,Male,0,0,50,United-States,1
54,Self-emp-not-inc,172898,Prof-school,15,Married-civ-spouse,Prof-specialty,Husband,White,Male,5178,0,50,United-States,1
51,Private,89652,HS-grad,9,Divorced,Adm-clerical,Unmarried,White,Female,4787,0,24,United-States,1
35,Private,163237,Bachelors,13,Married-civ-spouse,Sales,Husband,White,Male,0,0,52,United-States,1
51,Private,124963,Assoc-acdm,12,Married-civ-spouse,Sales,Husband,White,Male,0,0,50,United-States,0
34,Self-emp-not-inc,426431,Bachelors,13,Married-civ-spouse,Craft-repair,Husband,White,Male,0,0,40,United-States,0
28,Local-gov,175262,Assoc-acdm,12,Married-civ-spouse,Protective-serv,Husband,White,Male,0,2002,40,England,0
22,Private,67234,HS-grad,9,Never-married,Handlers-cleaners,Unmarried,White,Male,0,0,45,United-States,0
19,State-gov,67217,Some-college,10,Never-married,Other-service,Not-in-family,White,Male,594,0,24,United-States,0
41,Private,49156,HS-grad,9,Married-civ-spouse,Craft-repair,Husband,White,Male,0,0,40,United-States,0
64,Local-gov,84737,HS-grad,9,Married-civ-spouse,Other-service,Husband,Asian-Pac-Islander,Male,0,0,35,United-States,1
23,Private,234663,HS-grad,9,Never-married,Machine-op-inspct,Not-in-family,White,Male,0,0,40,United-States,0
28,Private,132686,HS-grad,9,Married-civ-spouse,Handlers-cleaners,Husband,White,Male,0,0,40,United-States,1
45,State-gov,190406,Prof-school,15,Divorced,Prof-specialty,Unmarried,Black,Male,25236,0,36,United-States,1
48,Private,177211,11th,7,Married-civ-spouse,Machine-op-inspct,Husband,White,Male,0,0,40,United-States,0
33,Private,207267,10th,6,Separated,Other-service,Unmarried,White,Female,3418,0,35,United-States,0
57,Private,31532,Bachelors,13,Married-civ-spouse,Transport-moving,Husband,White,Male,0,0,40,United-States,0
21,Private,145964,12th,8,Never-married,Farming-fishing,Not-in-family,White,Male,0,0,40,United-States,0
36,Federal-gov,203836,Some-college,10,Married-civ-spouse,Handlers-cleaners,Husband,White,Male,0,0,50,United-States,0
26,Private,256000,Prof-school,15,Married-civ-spouse,Prof-specialty,Husband,White,Male,99999,0,60,United-States,1
22,Private,64292,HS-grad,9,Never-married,Tech-support,Not-in-family,White,Female,0,0,40,United-States,0
22,Private,306967,Some-college,10,Never-married,Adm-clerical,Not-in-family,White,Female,0,0,25,United-States,0
24,Private,462820,Bachelors,13,Never-married,Farming-fishing,Not-in-family,White,Male,0,0,40,United-States,0
43,Self-emp-not-inc,56920,HS-grad,9,Married-civ-spouse,Craft-repair,Husband,White,Male,0,0,60,United-States,0
41,Local-gov,47858,Bachelors,13,Married-civ-spouse,Protective-serv,Husband,White,Male,0,0,40,United-States,1
47,Federal-gov,224559,HS-grad,9,Married-civ-spouse,Transport-moving,Husband,Black,Male,0,0,40,United-States,1
53,Private,70387,Masters,14,Married-civ-spouse,Prof-specialty,Husband,Asian-Pac-Islander,Male,4386,0,40,India,1
49,Private,94342,Bachelors,13,Married-civ-spouse,Craft-repair,Husband,White,Male,0,0,60,United-States,0
42,Private,296749,Some-college,10,Divorced,Machine-op-inspct,Not-in-family,White,Male,0,0,45,United-States,0
42,Self-emp-not-inc,30759,HS-grad,9,Married-civ-spouse,Craft-repair,Husband,White,Male,0,0,35,United-States,0
38,Private,358682,Some-college,10,Married-civ-spouse,Handlers-cleaners,Husband,White,Male,0,0,40,United-States,0
59,Private,158813,Some-college,10,Married-civ-spouse,Exec-managerial,Husband,White,Male,0,0,60,United-States,1
31,State-gov,255830,Assoc-acdm,12,Never-married,Adm-clerical,Own-child,Black,Female,0,0,45,United-States,0
40,Private,182268,Preschool,1,Married-spouse-absent,Adm-clerical,Own-child,White,Male,0,0,40,United-States,0
28,Private,45613,Some-college,10,Never-married,Priv-house-serv,Not-in-family,White,Female,0,0,40,United-States,0
42,Private,184823,Some-college,10,Never-married,Adm-clerical,Own-child,White,Female,0,0,40,United-States,0
63,Private,30602,7th-8th,4,Married-spouse-absent,Other-service,Unmarried,Amer-Indian-Eskimo,Female,0,0,40,United-States,0
20,Private,161708,Some-college,10,Never-married,Sales,Own-child,White,Female,0,0,35,United-States,0
21,Private,43475,HS-grad,9,Never-married,Protective-serv,Not-in-family,White,Male,0,0,40,United-States,0
53,Private,194259,Some-college,10,Married-civ-spouse,Adm-clerical,Wife,White,Female,4386,0,40,United-States,1
31,Private,259425,HS-grad,9,Married-civ-spouse,Craft-repair,Husband,White,Male,0,0,40,United-States,1
54,Local-gov,135840,10th,6,Married-civ-spouse,Protective-serv,Husband,White,Male,0,0,45,United-States,0
17,Private,101626,9th,5,Never-married,Machine-op-inspct,Own-child,White,Male,0,0,20,United-States,0
35,Private,52738,Some-college,10,Married-civ-spouse,Machine-op-inspct,Husband,White,Male,0,0,46,United-States,0
29,Private,187188,Masters,14,Never-married,Exec-managerial,Not-in-family,Asian-Pac-Islander,Male,0,0,60,United-States,0
63,Private,167967,Masters,14,Married-civ-spouse,Handlers-cleaners,Husband,White,Male,0,0,46,United-States,0
26,Self-emp-not-inc,137795,Bachelors,13,Married-civ-spouse,Exec-managerial,Husband,White,Male,0,0,20,United-States,0
21,Private,129699,HS-grad,9,Never-married,Adm-clerical,Not-in-family,White,Male,0,0,40,United-States,0
56,Private,398067,HS-grad,9,Widowed,Adm-clerical,Not-in-family,White,Female,0,0,40,United-States,0
48,Private,172695,Assoc-voc,11,Divorced,Other-service,Own-child,White,Female,0,0,40,United-States,0
27,Private,200802,Some-college,10,Never-married,Tech-support,Not-in-family,White,Female,0,0,40,United-States,0
43,State-gov,227910,Assoc-voc,11,Married-civ-spouse,Prof-specialty,Wife,White,Female,0,0,40,United-States,1
52,Local-gov,392668,Assoc-voc,11,Married-civ-spouse,Protective-serv,Husband,White,Male,0,0,40,United-States,1
65,Private,193216,HS-grad,9,Married-civ-spouse,Sales,Husband,White,Male,9386,0,40,United-States,1
43,Federal-gov,211763,Doctorate,16,Separated,Prof-specialty,Unmarried,Black,Female,0,0,24,United-States,1
40,Self-emp-inc,144371,Bachelors,13,Married-civ-spouse,Craft-repair,Husband,White,Male,0,0,15,United-States,0
35,Self-emp-not-inc,278632,HS-grad,9,Married-civ-spouse,Craft-repair,Husband,White,Male,0,0,40,United-States,0
36,Private,58343,Bachelors,13,Married-civ-spouse,Tech-support,Husband,White,Male,3103,0,42,United-States,1
32,Private,167990,Masters,14,Never-married,Exec-managerial,Not-in-family,White,Male,14084,0,40,United-States,1
29,Private,95423,HS-grad,9,Married-AF-spouse,Transport-moving,Husband,White,Male,0,0,80,United-States,0
67,Private,105252,Some-college,10,Divorced,Adm-clerical,Not-in-family,White,Male,7978,0,35,United-States,0
38,Private,292307,Bachelors,13,Married-spouse-absent,Craft-repair,Not-in-family,Black,Male,0,0,40,Dominican-Republic,0
51,Private,138852,HS-grad,9,Married-civ-spouse,Tech-support,Husband,White,Male,0,0,40,United-States,0
59,Private,206487,Some-college,10,Married-civ-spouse,Craft-repair,Husband,White,Male,0,0,40,United-States,1
41,Private,156566,Some-college,10,Married-civ-spouse,Craft-repair,Husband,White,Male,0,0,40,United-States,1
38,Private,162322,Assoc-voc,11,Never-married,Tech-support,Own-child,White,Female,0,0,40,United-States,0
34,Private,96245,HS-grad,9,Divorced,Farming-fishing,Not-in-family,White,Male,0,0,40,United-States,0
50,Self-emp-inc,204447,Some-college,10,Divorced,Protective-serv,Not-in-family,White,Male,0,0,40,United-States,0
29,Private,228860,Some-college,10,Married-civ-spouse,Other-service,Husband,White,Male,0,0,35,United-States,0
54,Private,167770,HS-grad,9,Married-civ-spouse,Exec-managerial,Husband,White,Male,0,1902,55,United-States,1
25,Private,40512,Bachelors,13,Never-married,Prof-specialty,Not-in-family,White,Male,3674,0,30,United-States,0
54,Private,96062,Assoc-acdm,12,Married-civ-spouse,Tech-support,Husband,White,Male,0,0,40,United-States,1
25,Private,306513,Some-college,10,Married-civ-spouse,Adm-clerical,Husband,White,Male,0,0,45,United-States,0
36,Private,190759,Bachelors,13,Married-civ-spouse,Prof-specialty,Husband,White,Male,0,0,45,United-States,1
44,Private,207685,HS-grad,9,Never-married,Exec-managerial,Not-in-family,White,Male,0,1564,55,England,1
36,Private,99872,HS-grad,9,Married-civ-spouse,Craft-repair,Husband,Asian-Pac-Islander,Male,0,0,40,India,0
68,Private,144137,Some-college,10,Divorced,Priv-house-serv,Other-relative,White,Female,0,0,30,United-States,0
32,Private,373263,HS-grad,9,Married-civ-spouse,Exec-managerial,Wife,White,Female,0,0,40,United-States,0
55,Private,41108,Some-college,10,Widowed,Farming-fishing,Not-in-family,White,Male,0,2258,62,United-States,1
76,Private,278938,Bachelors,13,Widowed,Prof-specialty,Not-in-family,White,Female,0,0,20,United-States,0
27,Private,209472,Bachelors,13,Never-married,Exec-managerial,Not-in-family,White,Male,0,0,50,United-States,0
80,Private,173488,Some-college,10,Widowed,Adm-clerical,Not-in-family,White,Female,0,0,20,United-States,0
41,Private,343121,HS-grad,9,Divorced,Adm-clerical,Unmarried,White,Female,0,0,36,United-States,0
75,Private,200068,Some-college,10,Married-civ-spouse,Exec-managerial,Husband,White,Male,0,0,35,United-States,1
60,Private,113440,Bachelors,13,Divorced,Exec-managerial,Own-child,White,Male,0,0,60,United-States,0
24,Private,213902,7th-8th,4,Never-married,Priv-house-serv,Own-child,White,Female,0,0,32,El-Salvador,0
32,Private,73621,Some-college,10,Divorced,Exec-managerial,Unmarried,White,Female,0,0,42,United-States,0
34,Private,181311,11th,7,Married-civ-spouse,Machine-op-inspct,Husband,White,Male,0,0,40,United-States,0
42,Private,135056,HS-grad,9,Never-married,Sales,Own-child,White,Female,0,0,40,United-States,0
43,Self-emp-not-inc,315971,Masters,14,Never-married,Exec-managerial,Not-in-family,White,Female,0,0,40,United-States,0
27,Private,170017,Bachelors,13,Married-civ-spouse,Prof-specialty,Husband,White,Male,0,0,40,United-States,0
32,Private,213750,Assoc-voc,11,Never-married,Other-service,Not-in-family,White,Male,0,0,45,United-States,0
38,Private,262882,HS-grad,9,Married-civ-spouse,Machine-op-inspct,Wife,White,Female,0,0,40,United-States,0
30,Private,117963,Bachelors,13,Married-civ-spouse,Adm-clerical,Husband,White,Male,0,0,40,United-States,1
31,Private,207537,HS-grad,9,Divorced,Craft-repair,Own-child,White,Male,0,1669,50,United-States,0
39,Self-emp-not-inc,174330,Some-college,10,Married-civ-spouse,Craft-repair,Husband,White,Male,0,0,40,United-States,0
54,Self-emp-not-inc,82551,Assoc-voc,11,Married-civ-spouse,Tech-support,Other-relative,White,Female,0,0,10,United-States,0
36,Private,356824,HS-grad,9,Divorced,Sales,Not-in-family,White,Female,0,0,40,United-States,0
37,Private,105021,Bachelors,13,Married-civ-spouse,Sales,Husband,White,Male,0,0,50,United-States,1
30,Private,509500,Bachelors,13,Never-married,Tech-support,Not-in-family,White,Female,4787,0,45,United-States,1
49,Self-emp-not-inc,349986,Bachelors,13,Married-civ-spouse,Prof-specialty,Husband,White,Male,0,0,60,United-States,1
35,Private,454843,Some-college,10,Married-civ-spouse,Craft-repair,Husband,White,Male,0,0,40,United-States,1
26,Private,32276,HS-grad,9,Never-married,Farming-fishing,Not-in-family,White,Male,0,0,40,United-States,0
55,Federal-gov,176904,HS-grad,9,Married-civ-spouse,Exec-managerial,Husband,White,Male,0,0,40,United-States,0
17,Private,165918,11th,7,Never-married,Handlers-cleaners,Own-child,White,Male,0,0,20,Peru,0
20,Private,210781,Some-college,10,Never-married,Adm-clerical,Own-child,White,Female,0,0,20,United-States,0
54,Self-emp-not-inc,179704,Bachelors,13,Married-civ-spouse,Exec-managerial,Husband,White,Male,0,0,45,United-States,1
20,Private,148709,Some-college,10,Never-married,Prof-specialty,Unmarried,White,Female,0,0,25,United-States,0
34,Private,90415,Assoc-voc,11,Never-married,Tech-support,Not-in-family,Black,Male,0,0,40,United-States,0
32,Private,447066,Bachelors,13,Married-civ-spouse,Sales,Husband,Black,Male,15024,0,50,United-States,1
62,Private,109463,Some-college,10,Separated,Sales,Unmarried,White,Female,0,1617,33,United-States,0
39,Private,115289,Some-college,10,Divorced,Sales,Own-child,White,Male,0,1380,70,United-States,0
24,Federal-gov,127185,Assoc-acdm,12,Married-civ-spouse,Exec-managerial,Wife,White,Female,0,0,40,United-States,0
47,Private,105273,Bachelors,13,Widowed,Craft-repair,Unmarried,Black,Female,6497,0,40,United-States,0
30,Private,262994,Some-college,10,Divorced,Craft-repair,Not-in-family,Black,Male,0,0,40,United-States,0
39,Self-emp-not-inc,336793,Masters,14,Married-civ-spouse,Craft-repair,Husband,White,Male,0,0,55,United-States,1
44,Self-emp-inc,229466,Some-college,10,Married-civ-spouse,Exec-managerial,Husband,White,Male,0,0,50,United-States,1
64,Private,169482,Some-college,10,Married-spouse-absent,Exec-managerial,Unmarried,White,Female,0,0,40,United-States,0
47,Self-emp-inc,116927,HS-grad,9,Married-civ-spouse,Exec-managerial,Husband,White,Male,0,0,42,United-States,1
26,State-gov,287420,Bachelors,13,Never-married,Prof-specialty,Not-in-family,White,Female,0,0,60,United-States,0
58,Private,106546,HS-grad,9,Divorced,Adm-clerical,Unmarried,White,Female,2174,0,40,United-States,0
40,Private,48087,HS-grad,9,Married-civ-spouse,Sales,Husband,White,Male,7298,0,45,United-States,1
30,Private,174789,Assoc-acdm,12,Married-civ-spouse,Exec-managerial,Husband,White,Male,0,1848,50,United-States,1
19,Private,57206,HS-grad,9,Never-married,Sales,Own-child,White,Female,0,0,20,United-States,0
30,Private,39054,HS-grad,9,Married-civ-spouse,Sales,Husband,White,Male,0,0,40,United-States,0
41,Private,255044,Bachelors,13,Divorced,Exec-managerial,Not-in-family,White,Female,0,0,55,United-States,0
50,Private,172175,Prof-school,15,Married-civ-spouse,Prof-specialty,Husband,White,Male,0,0,50,United-States,1
27,Private,110622,5th-6th,3,Never-married,Sales,Own-child,Asian-Pac-Islander,Female,0,0,20,Vietnam,0
38,Private,204501,Bachelors,13,Married-civ-spouse,Exec-managerial,Husband,White,Male,0,0,55,United-States,1
25,Local-gov,191921,Bachelors,13,Never-married,Craft-repair,Own-child,White,Male,0,0,25,United-States,0
41,Self-emp-inc,139916,Assoc-voc,11,Married-civ-spouse,Sales,Husband,Other,Male,0,2179,84,Mexico,0
41,Private,116379,Masters,14,Married-civ-spouse,Prof-specialty,Husband,Asian-Pac-Islander,Male,0,0,55,Taiwan,1
32,State-gov,481096,5th-6th,3,Never-married,Machine-op-inspct,Own-child,White,Female,0,0,10,United-States,0
38,Private,255621,HS-grad,9,Married-civ-spouse,Other-service,Husband,White,Male,0,0,40,United-States,0
46,Private,276087,HS-grad,9,Married-civ-spouse,Sales,Husband,White,Male,5013,0,50,United-States,0
60,Private,160625,HS-grad,9,Married-civ-spouse,Prof-specialty,Husband,White,Male,5013,0,40,United-States,0
17,Private,183110,11th,7,Never-married,Handlers-cleaners,Own-child,White,Male,0,0,16,United-States,0
53,Private,242606,HS-grad,9,Married-civ-spouse,Transport-moving,Husband,White,Male,0,0,40,United-States,0
39,Self-emp-not-inc,29874,Some-college,10,Separated,Craft-repair,Not-in-family,White,Male,0,0,60,United-States,1
24,Private,211968,Some-college,10,Never-married,Sales,Not-in-family,White,Female,0,0,24,United-States,0
45,Self-emp-not-inc,192203,Some-college,10,Married-civ-spouse,Craft-repair,Husband,White,Male,0,1485,40,United-States,1
60,Private,25141,Some-college,10,Married-civ-spouse,Transport-moving,Husband,White,Male,0,0,60,United-States,0
40,Private,239708,11th,7,Married-civ-spouse,Transport-moving,Husband,White,Male,0,0,55,United-States,0
38,Private,188503,Some-college,10,Never-married,Adm-clerical,Unmarried,White,Female,6497,0,35,United-States,0
48,Private,320421,HS-grad,9,Married-civ-spouse,Sales,Husband,White,Male,0,0,50,United-States,0
38,Private,210438,7th-8th,4,Divorced,Sales,Unmarried,White,Female,0,0,40,United-States,0
35,Self-emp-not-inc,225399,HS-grad,9,Never-married,Machine-op-inspct,Own-child,White,Male,8614,0,40,United-States,1
28,Private,183151,11th,7,Married-civ-spouse,Handlers-cleaners,Husband,White,Male,7688,0,40,United-States,1
70,Private,145419,HS-grad,9,Widowed,Adm-clerical,Unmarried,White,Female,0,0,5,United-States,0
39,Federal-gov,235485,Assoc-acdm,12,Never-married,Exec-managerial,Not-in-family,White,Male,0,0,42,United-States,0
57,Self-emp-inc,42959,Bachelors,13,Married-civ-spouse,Sales,Wife,White,Female,0,0,40,United-States,1
47,Private,280798,Some-college,10,Married-civ-spouse,Exec-managerial,Husband,White,Male,0,0,40,United-States,1
40,Private,231991,HS-grad,9,Divorced,Exec-managerial,Unmarried,White,Female,0,0,40,United-States,0
40,Local-gov,27444,Bachelors,13,Never-married,Prof-specialty,Not-in-family,White,Male,0,0,50,United-States,1
40,Private,238329,Bachelors,13,Never-married,Sales,Not-in-family,White,Female,0,0,45,United-States,0
42,Self-emp-not-inc,196514,Some-college,10,Never-married,Prof-specialty,Not-in-family,White,Male,0,0,40,United-States,0
22,Private,138768,HS-grad,9,Never-married,Adm-clerical,Own-child,White,Male,0,0,40,United-States,0
65,Self-emp-not-inc,145628,10th,6,Married-civ-spouse,Craft-repair,Husband,White,Male,0,0,40,United-States,0
33,Private,168030,Some-college,10,Married-civ-spouse,Prof-specialty,Wife,White,Female,7298,0,21,United-States,1
29,Private,178551,HS-grad,9,Married-civ-spouse,Transport-moving,Husband,White,Male,0,0,40,United-States,0
30,Self-emp-not-inc,180859,Some-college,10,Never-married,Craft-repair,Own-child,White,Male,0,0,8,United-States,0
45,Federal-gov,98524,Assoc-acdm,12,Married-civ-spouse,Adm-clerical,Husband,White,Male,0,0,40,United-States,1
51,Private,289436,Bachelors,13,Married-civ-spouse,Exec-managerial,Husband,White,Male,0,0,60,United-States,1
48,Private,41504,HS-grad,9,Married-civ-spouse,Transport-moving,Husband,White,Male,0,0,40,United-States,1
33,Self-emp-not-inc,108438,HS-grad,9,Married-civ-spouse,Craft-repair,Husband,White,Male,0,0,40,United-States,1
24,Private,107882,HS-grad,9,Never-married,Sales,Not-in-family,White,Female,0,0,40,United-States,0
30,Private,161572,HS-grad,9,Married-civ-spouse,Other-service,Wife,White,Female,0,0,45,United-States,0
36,State-gov,177064,Some-college,10,Never-married,Exec-managerial,Unmarried,White,Female,0,0,40,United-States,0
19,Private,164395,HS-grad,9,Never-married,Adm-clerical,Own-child,White,Female,0,0,25,United-States,0
44,Private,288433,Some-college,10,Never-married,Adm-clerical,Own-child,Black,Female,0,0,40,United-States,0
29,Private,197932,Some-college,10,Separated,Priv-house-serv,Not-in-family,White,Female,0,0,30,Guatemala,0
41,Private,163322,11th,7,Divorced,Exec-managerial,Unmarried,White,Female,0,0,36,United-States,0
22,State-gov,186569,Bachelors,13,Never-married,Prof-specialty,Own-child,White,Female,0,0,12,United-States,0
90,Private,47929,HS-grad,9,Married-civ-spouse,Machine-op-inspct,Husband,White,Male,0,0,40,United-States,0
51,Local-gov,146181,9th,5,Married-civ-spouse,Transport-moving,Husband,Black,Male,0,0,40,United-States,0
50,Self-emp-not-inc,124793,HS-grad,9,Married-civ-spouse,Craft-repair,Husband,White,Male,0,0,30,United-States,0
37,Self-emp-not-inc,177277,Some-college,10,Never-married,Craft-repair,Not-in-family,White,Male,0,0,40,United-States,0
19,Private,57145,HS-grad,9,Never-married,Other-service,Own-child,White,Female,0,0,25,United-States,0
18,Private,401051,10th,6,Never-married,Sales,Own-child,White,Female,0,0,35,United-States,0
59,Private,98361,Some-college,10,Married-civ-spouse,Craft-repair,Husband,White,Male,0,0,40,United-States,1
19,State-gov,176634,HS-grad,9,Never-married,Adm-clerical,Own-child,White,Female,0,0,40,United-States,0
32,Local-gov,191731,Some-college,10,Never-married,Adm-clerical,Unmarried,Black,Female,0,0,40,United-States,0
23,Private,209955,HS-grad,9,Never-married,Craft-repair,Not-in-family,White,Male,0,0,40,United-States,0
35,Self-emp-not-inc,42044,Assoc-acdm,12,Married-civ-spouse,Craft-repair,Husband,White,Male,0,0,40,United-States,0
35,Private,239755,Some-college,10,Never-married,Sales,Unmarried,White,Male,0,0,50,United-States,0
36,Private,199739,HS-grad,9,Married-civ-spouse,Transport-moving,Husband,White,Male,7298,0,60,United-States,1
37,Private,161111,Bachelors,13,Never-married,Sales,Not-in-family,White,Female,0,0,40,United-States,0
23,Private,160968,Some-college,10,Never-married,Prof-specialty,Own-child,White,Male,0,0,10,United-States,0
25,Local-gov,335005,Bachelors,13,Never-married,Prof-specialty,Not-in-family,White,Male,0,0,35,Italy,0
29,Private,247151,11th,7,Divorced,Machine-op-inspct,Unmarried,White,Female,0,0,40,United-States,0
58,Private,164857,Bachelors,13,Never-married,Prof-specialty,Not-in-family,White,Male,0,0,99,United-States,0
21,Private,351084,HS-grad,9,Never-married,Adm-clerical,Not-in-family,White,Female,0,0,40,United-States,0
29,Private,183111,Assoc-voc,11,Married-civ-spouse,Machine-op-inspct,Husband,White,Male,0,0,40,United-States,0
36,Private,222584,HS-grad,9,Divorced,Adm-clerical,Unmarried,Black,Female,0,0,40,United-States,0
28,Private,191342,Some-college,10,Never-married,Sales,Not-in-family,Other,Male,0,0,40,India,0
46,Private,394860,HS-grad,9,Married-civ-spouse,Other-service,Husband,White,Male,0,0,40,United-States,0
47,Private,169092,Masters,14,Divorced,Prof-specialty,Unmarried,White,Female,0,0,50,United-States,1
44,Private,111275,HS-grad,9,Never-married,Other-service,Unmarried,Black,Female,0,0,38,United-States,0
25,Private,66622,Some-college,10,Never-married,Other-service,Own-child,White,Female,0,0,25,United-States,0
21,Private,255685,Some-college,10,Never-married,Other-service,Own-child,Black,Male,0,0,40,Outlying-US(Guam-USVI-etc),0
61,Private,175331,10th,6,Married-civ-spouse,Transport-moving,Husband,White,Male,0,0,40,United-States,0
50,Private,158948,7th-8th,4,Married-civ-spouse,Craft-repair,Husband,White,Male,3411,0,40,United-States,0
37,Private,359131,HS-grad,9,Divorced,Craft-repair,Unmarried,White,Female,0,0,48,United-States,0
19,Private,104112,HS-grad,9,Never-married,Sales,Unmarried,Black,Male,0,0,30,Haiti,0
24,Private,153542,Some-college,10,Never-married,Sales,Other-relative,White,Male,0,0,35,United-States,0
44,Federal-gov,316120,Prof-school,15,Divorced,Prof-specialty,Unmarried,White,Male,0,0,40,United-States,1
62,Private,159908,Some-college,10,Married-civ-spouse,Adm-clerical,Wife,White,Female,0,0,38,United-States,1
18,Private,20057,7th-8th,4,Never-married,Other-service,Other-relative,Asian-Pac-Islander,Female,0,0,40,Philippines,0
26,Private,90915,Assoc-acdm,12,Never-married,Other-service,Own-child,Black,Female,0,0,15,United-States,0
46,Private,375606,Doctorate,16,Never-married,Prof-specialty,Not-in-family,White,Male,0,0,40,United-States,1
23,Private,193586,Some-college,10,Separated,Farming-fishing,Other-relative,White,Female,0,0,40,United-States,0
38,Self-emp-not-inc,423616,HS-grad,9,Married-civ-spouse,Sales,Wife,White,Female,0,0,24,United-States,1
31,Private,202729,HS-grad,9,Married-civ-spouse,Transport-moving,Husband,White,Male,0,0,50,United-States,0
18,Private,192583,Some-college,10,Never-married,Sales,Not-in-family,White,Female,0,0,30,United-States,0
52,Private,76860,HS-grad,9,Married-civ-spouse,Handlers-cleaners,Husband,Asian-Pac-Islander,Male,0,0,8,Philippines,0
25,Private,178478,Bachelors,13,Never-married,Tech-support,Own-child,White,Female,0,0,40,United-States,0
61,Private,197286,9th,5,Married-civ-spouse,Craft-repair,Husband,White,Male,0,0,40,United-States,0
61,Private,355645,9th,5,Married-civ-spouse,Machine-op-inspct,Husband,Black,Male,0,0,20,Trinadad&Tobago,0
40,Private,193144,HS-grad,9,Divorced,Other-service,Unmarried,White,Female,0,0,36,United-States,0
60,Private,120067,9th,5,Married-civ-spouse,Farming-fishing,Husband,White,Male,0,0,45,United-States,0
42,Private,212894,Assoc-voc,11,Married-civ-spouse,Adm-clerical,Husband,White,Male,2407,0,40,United-States,0
30,Private,248584,Some-college,10,Married-civ-spouse,Craft-repair,Husband,White,Male,0,0,40,United-States,0
40,Private,187702,Some-college,10,Never-married,Exec-managerial,Not-in-family,White,Male,0,0,50,United-States,1
48,Private,83444,HS-grad,9,Married-civ-spouse,Prof-specialty,Husband,White,Male,7298,0,40,United-States,1
56,Private,116143,Bachelors,13,Married-civ-spouse,Adm-clerical,Husband,White,Male,5178,0,44,United-States,1
45,Private,140644,Doctorate,16,Divorced,Prof-specialty,Not-in-family,White,Male,0,0,45,United-States,1
32,Private,167106,HS-grad,9,Married-civ-spouse,Sales,Husband,Asian-Pac-Islander,Male,0,0,40,Hong,0
24,Private,200679,HS-grad,9,Never-married,Farming-fishing,Own-child,Black,Male,0,0,50,United-States,0
46,Private,234690,HS-grad,9,Married-civ-spouse,Sales,Husband,White,Male,0,0,40,United-States,0
58,Self-emp-not-inc,216824,HS-grad,9,Married-civ-spouse,Farming-fishing,Husband,Asian-Pac-Islander,Male,0,0,30,United-States,0
34,Private,394447,Bachelors,13,Never-married,Prof-specialty,Not-in-family,White,Male,2463,0,50,France,0
45,Private,117409,Some-college,10,Married-civ-spouse,Exec-managerial,Husband,White,Male,0,0,40,United-States,1
39,Private,186183,Masters,14,Married-civ-spouse,Prof-specialty,Husband,White,Male,0,0,40,United-States,1
28,Private,197905,HS-grad,9,Married-civ-spouse,Craft-repair,Husband,White,Male,0,0,50,United-States,0
59,Private,100453,7th-8th,4,Separated,Other-service,Own-child,Black,Female,0,0,38,United-States,0
45,Private,363087,HS-grad,9,Separated,Machine-op-inspct,Unmarried,Black,Female,0,0,40,United-States,0
35,Private,54595,12th,8,Never-married,Sales,Not-in-family,Black,Female,0,0,40,United-States,0
40,Private,287079,HS-grad,9,Never-married,Farming-fishing,Not-in-family,White,Male,0,0,55,United-States,0
38,Private,31053,HS-grad,9,Divorced,Exec-managerial,Unmarried,White,Female,0,0,40,United-States,0
34,Private,146980,HS-grad,9,Married-spouse-absent,Other-service,Unmarried,White,Female,0,0,65,United-States,0
21,Private,349041,HS-grad,9,Never-married,Handlers-cleaners,Not-in-family,White,Male,0,0,40,United-States,0
44,Private,202565,HS-grad,9,Divorced,Craft-repair,Not-in-family,White,Male,0,0,45,United-States,0
50,Private,71898,5th-6th,3,Married-civ-spouse,Machine-op-inspct,Wife,Asian-Pac-Islander,Female,0,0,35,Philippines,0
20,Private,133061,HS-grad,9,Never-married,Handlers-cleaners,Own-child,White,Male,0,0,40,United-States,0
18,Private,79443,9th,5,Never-married,Machine-op-inspct,Own-child,White,Male,0,0,40,Mexico,0
39,Private,348960,HS-grad,9,Married-civ-spouse,Handlers-cleaners,Husband,White,Male,0,0,40,United-States,0
33,Private,301867,Some-college,10,Never-married,Adm-clerical,Unmarried,Asian-Pac-Islander,Female,0,0,35,United-States,0
24,Self-emp-not-inc,143062,HS-grad,9,Never-married,Other-service,Own-child,White,Male,0,0,30,United-States,0
37,Private,31023,HS-grad,9,Married-civ-spouse,Craft-repair,Husband,White,Male,0,0,45,United-States,0
20,Private,296618,HS-grad,9,Never-married,Sales,Not-in-family,White,Female,0,0,30,United-States,0
43,Private,270522,HS-grad,9,Separated,Other-service,Not-in-family,White,Female,0,0,26,United-States,0
46,Self-emp-inc,278322,Bachelors,13,Married-civ-spouse,Sales,Husband,White,Male,0,0,45,United-States,0
47,Private,227310,Some-college,10,Divorced,Adm-clerical,Unmarried,Black,Female,0,0,40,United-States,0
49,Private,261688,HS-grad,9,Married-civ-spouse,Craft-repair,Husband,White,Male,5013,0,60,United-States,0
60,Self-emp-not-inc,143932,Masters,14,Married-civ-spouse,Exec-managerial,Husband,White,Male,0,0,40,United-States,0
26,State-gov,272986,Assoc-acdm,12,Never-married,Adm-clerical,Own-child,Black,Female,0,0,8,United-States,0
23,Private,580248,HS-grad,9,Never-married,Tech-support,Not-in-family,White,Female,0,0,40,United-States,0
48,State-gov,170142,Masters,14,Divorced,Prof-specialty,Not-in-family,White,Male,0,0,40,United-States,1
20,Private,270517,HS-grad,9,Never-married,Other-service,Own-child,White,Female,0,0,40,Mexico,0
38,Private,203763,HS-grad,9,Divorced,Adm-clerical,Not-in-family,White,Female,0,0,40,United-States,0
34,Private,193285,HS-grad,9,Married-civ-spouse,Handlers-cleaners,Husband,White,Male,0,0,40,United-States,0
19,Private,389942,HS-grad,9,Never-married,Sales,Not-in-family,White,Male,0,0,40,United-States,0
36,Private,126946,Some-college,10,Separated,Craft-repair,Not-in-family,White,Male,0,0,40,United-States,0
69,Private,200560,Bachelors,13,Married-civ-spouse,Handlers-cleaners,Husband,White,Male,0,0,20,United-States,0
34,Private,260560,HS-grad,9,Married-civ-spouse,Machine-op-inspct,Husband,White,Male,0,0,40,United-States,0
31,Private,240771,Some-college,10,Married-civ-spouse,Craft-repair,Husband,White,Male,4386,0,50,United-States,1
29,Private,253814,Bachelors,13,Never-married,Exec-managerial,Not-in-family,White,Female,0,0,45,United-States,0
25,Private,122999,HS-grad,9,Never-married,Craft-repair,Own-child,White,Male,0,0,40,United-States,0
53,State-gov,144586,Some-college,10,Never-married,Protective-serv,Not-in-family,White,Female,0,0,40,United-States,0
30,Private,312667,Some-college,10,Married-civ-spouse,Craft-repair,Husband,White,Male,0,0,40,United-States,0
36,State-gov,137421,Assoc-voc,11,Married-civ-spouse,Tech-support,Husband,Asian-Pac-Islander,Male,0,0,37,Hong,0
43,Self-emp-inc,240504,Some-college,10,Married-civ-spouse,Exec-managerial,Husband,White,Male,0,0,70,United-States,1
36,Private,353263,Bachelors,13,Never-married,Prof-specialty,Not-in-family,White,Female,0,0,45,United-States,1
44,Private,187322,Bachelors,13,Divorced,Transport-moving,Not-in-family,White,Male,0,0,40,United-States,0
42,Private,157425,Bachelors,13,Divorced,Exec-managerial,Unmarried,White,Female,0,0,45,United-States,0
21,Private,141453,HS-grad,9,Never-married,Other-service,Own-child,White,Female,0,0,40,United-States,0
35,Local-gov,103260,Masters,14,Married-civ-spouse,Prof-specialty,Wife,White,Female,0,0,35,United-States,1
27,Private,221166,9th,5,Never-married,Farming-fishing,Own-child,White,Male,0,0,40,United-States,0
23,Private,122048,HS-grad,9,Never-married,Machine-op-inspct,Other-relative,White,Female,0,0,40,United-States,0
60,Private,52152,Masters,14,Never-married,Prof-specialty,Not-in-family,White,Male,0,0,50,United-States,0
33,Private,69748,HS-grad,9,Married-civ-spouse,Exec-managerial,Wife,White,Female,0,0,40,United-States,0
42,Private,29393,Some-college,10,Divorced,Machine-op-inspct,Not-in-family,White,Female,0,0,40,United-States,0
55,Self-emp-not-inc,283635,Prof-school,15,Divorced,Prof-specialty,Not-in-family,White,Female,0,0,35,United-States,0
25,Private,185952,Masters,14,Never-married,Prof-specialty,Not-in-family,White,Male,0,0,30,United-States,0
33,Private,118500,Some-college,10,Divorced,Exec-managerial,Unmarried,White,Female,0,0,40,United-States,0
38,Self-emp-not-inc,197365,HS-grad,9,Married-civ-spouse,Tech-support,Husband,White,Male,0,0,50,United-States,0
17,Private,120068,11th,7,Never-married,Handlers-cleaners,Own-child,White,Male,0,0,17,United-States,0
39,Private,191342,Bachelors,13,Married-civ-spouse,Craft-repair,Husband,Asian-Pac-Islander,Male,0,0,40,Philippines,1
41,Private,102332,HS-grad,9,Divorced,Sales,Unmarried,Black,Female,0,0,40,United-States,0
29,Private,184078,HS-grad,9,Never-married,Other-service,Other-relative,White,Female,0,0,40,United-States,0
59,Self-emp-inc,253062,Prof-school,15,Married-civ-spouse,Prof-specialty,Husband,White,Male,0,0,55,United-States,1
50,Local-gov,320386,Assoc-acdm,12,Divorced,Prof-specialty,Not-in-family,White,Female,0,0,40,United-States,0
88,Private,68539,Some-college,10,Divorced,Adm-clerical,Unmarried,White,Female,0,0,40,United-States,0
38,Private,65466,Bachelors,13,Never-married,Adm-clerical,Not-in-family,White,Female,0,0,50,United-States,0
52,State-gov,135388,HS-grad,9,Married-civ-spouse,Craft-repair,Husband,White,Male,5013,0,40,United-States,0
29,Self-emp-not-inc,227890,Bachelors,13,Never-married,Prof-specialty,Not-in-family,Black,Male,0,0,40,United-States,0
36,Private,155537,HS-grad,9,Married-civ-spouse,Craft-repair,Husband,White,Male,0,0,40,United-States,0
49,Private,125421,HS-grad,9,Married-civ-spouse,Craft-repair,Wife,White,Female,0,0,40,United-States,1
37,Private,111128,11th,7,Never-married,Machine-op-inspct,Not-in-family,White,Male,0,0,40,United-States,0
71,Private,183678,Prof-school,15,Married-civ-spouse,Prof-specialty,Husband,White,Male,0,0,16,United-States,0
57,Self-emp-not-inc,222216,Some-college,10,Married-civ-spouse,Exec-managerial,Wife,White,Female,0,0,60,United-States,0
58,Private,197114,11th,7,Married-civ-spouse,Craft-repair,Husband,White,Male,0,0,40,United-States,0
33,Private,132601,Bachelors,13,Married-civ-spouse,Sales,Husband,White,Male,0,0,55,United-States,1
36,Self-emp-not-inc,36425,Some-college,10,Divorced,Sales,Unmarried,White,Female,0,0,35,United-States,0
23,Private,176178,HS-grad,9,Never-married,Tech-support,Own-child,White,Female,0,0,40,United-States,0
22,Private,109053,12th,8,Married-civ-spouse,Transport-moving,Husband,White,Male,0,0,40,United-States,0
39,Private,343403,HS-grad,9,Married-civ-spouse,Sales,Wife,White,Female,0,0,36,United-States,0
31,Private,54929,Some-college,10,Divorced,Craft-repair,Not-in-family,White,Male,0,0,60,United-States,0
27,Private,183639,HS-grad,9,Never-married,Transport-moving,Own-child,White,Male,0,0,40,United-States,0
17,Private,193748,11th,7,Never-married,Sales,Own-child,White,Male,0,0,15,United-States,0
34,Private,211948,HS-grad,9,Divorced,Sales,Not-in-family,White,Female,0,1590,40,United-States,0
59,Federal-gov,43280,Some-college,10,Never-married,Exec-managerial,Own-child,Black,Female,0,0,40,United-States,0
57,State-gov,111224,Bachelors,13,Divorced,Machine-op-inspct,Not-in-family,Black,Male,0,0,39,United-States,0
41,Self-emp-not-inc,170214,HS-grad,9,Married-civ-spouse,Handlers-cleaners,Husband,White,Male,0,2179,40,United-States,0
53,Local-gov,124094,HS-grad,9,Married-civ-spouse,Craft-repair,Husband,White,Male,5013,0,35,United-States,0
27,Private,150025,5th-6th,3,Never-married,Handlers-cleaners,Other-relative,White,Male,0,0,40,Guatemala,0
55,Federal-gov,169133,Bachelors,13,Divorced,Prof-specialty,Unmarried,White,Male,0,0,40,United-States,0
60,Local-gov,232618,HS-grad,9,Married-civ-spouse,Other-service,Husband,White,Male,0,0,40,United-States,0
39,Local-gov,327435,HS-grad,9,Divorced,Craft-repair,Unmarried,White,Female,0,0,40,United-States,0
21,Private,186648,Some-college,10,Never-married,Other-service,Own-child,White,Male,0,0,20,United-States,0
53,Self-emp-inc,263925,HS-grad,9,Married-civ-spouse,Sales,Husband,White,Male,99999,0,40,United-States,1
28,Private,132191,HS-grad,9,Married-civ-spouse,Transport-moving,Husband,White,Male,0,0,45,United-States,1
27,Private,85251,Some-college,10,Married-civ-spouse,Transport-moving,Husband,White,Male,0,0,45,United-States,0
30,Private,323054,10th,6,Divorced,Other-service,Not-in-family,Amer-Indian-Eskimo,Male,0,0,40,United-States,0
57,Self-emp-not-inc,34297,7th-8th,4,Married-civ-spouse,Craft-repair,Husband,White,Male,0,0,40,United-States,1
47,Private,297884,10th,6,Widowed,Machine-op-inspct,Not-in-family,White,Male,0,0,40,United-States,0
63,Self-emp-not-inc,78383,HS-grad,9,Married-civ-spouse,Farming-fishing,Husband,White,Male,0,0,45,United-States,0
71,Private,187493,HS-grad,9,Married-civ-spouse,Protective-serv,Husband,White,Male,0,0,40,United-States,1
18,Private,89760,12th,8,Never-married,Other-service,Own-child,White,Female,0,0,20,United-States,0
51,Private,148431,HS-grad,9,Married-civ-spouse,Craft-repair,Husband,White,Male,0,0,40,United-States,0
51,Private,102904,HS-grad,9,Divorced,Sales,Unmarried,White,Female,0,0,43,United-States,0
47,Private,238185,Bachelors,13,Divorced,Adm-clerical,Not-in-family,White,Female,0,0,40,United-States,0
22,Private,48988,Some-college,10,Never-married,Transport-moving,Not-in-family,White,Male,0,0,40,United-States,0
77,Self-emp-inc,192230,Some-college,10,Married-civ-spouse,Exec-managerial,Husband,White,Male,0,0,40,United-States,0
31,Private,329874,Some-college,10,Never-married,Adm-clerical,Not-in-family,White,Male,0,0,40,United-States,0
20,Private,317443,Some-college,10,Never-married,Adm-clerical,Own-child,Black,Female,0,0,15,United-States,0
41,Local-gov,144995,Masters,14,Married-civ-spouse,Exec-managerial,Husband,White,Male,0,0,55,United-States,0
57,Local-gov,189824,Some-college,10,Married-civ-spouse,Handlers-cleaners,Husband,Black,Male,7298,0,40,United-States,1
65,Private,198766,Masters,14,Married-civ-spouse,Sales,Husband,White,Male,20051,0,40,United-States,1
69,Private,182862,HS-grad,9,Never-married,Transport-moving,Not-in-family,White,Male,15831,0,40,United-States,1
53,Self-emp-inc,157881,Some-college,10,Divorced,Exec-managerial,Not-in-family,White,Male,0,0,60,United-States,0
32,Private,200246,Bachelors,13,Married-civ-spouse,Exec-managerial,Husband,White,Male,0,0,40,United-States,1
24,Private,128487,Bachelors,13,Never-married,Adm-clerical,Not-in-family,White,Female,0,0,40,United-States,0
46,Private,147640,5th-6th,3,Married-civ-spouse,Transport-moving,Husband,Amer-Indian-Eskimo,Male,0,1902,40,United-States,0
90,Self-emp-not-inc,155981,Bachelors,13,Married-civ-spouse,Prof-specialty,Husband,White,Male,10566,0,50,United-States,0
45,Private,219632,HS-grad,9,Married-civ-spouse,Transport-moving,Husband,White,Male,0,0,40,United-States,0
50,Self-emp-not-inc,93705,Some-college,10,Divorced,Sales,Not-in-family,White,Female,0,0,40,United-States,0
27,Private,228472,Bachelors,13,Married-civ-spouse,Craft-repair,Husband,White,Male,0,0,45,United-States,1
74,Self-emp-inc,231002,HS-grad,9,Married-civ-spouse,Exec-managerial,Husband,White,Male,0,0,30,United-States,1
43,Self-emp-not-inc,396758,Bachelors,13,Married-civ-spouse,Prof-specialty,Wife,White,Female,0,1887,70,United-States,1
75,Self-emp-not-inc,165968,Assoc-voc,11,Widowed,Exec-managerial,Not-in-family,White,Female,0,0,30,United-States,0
24,Private,280960,HS-grad,9,Married-civ-spouse,Machine-op-inspct,Wife,White,Female,0,0,24,United-States,0
21,Private,275395,Some-college,10,Never-married,Craft-repair,Own-child,White,Male,0,0,40,United-States,0
31,Federal-gov,166626,HS-grad,9,Married-civ-spouse,Adm-clerical,Husband,White,Male,0,0,40,United-States,1
34,Private,202450,HS-grad,9,Married-civ-spouse,Craft-repair,Husband,White,Male,0,0,55,United-States,1
53,Local-gov,155314,HS-grad,9,Married-civ-spouse,Adm-clerical,Wife,White,Female,0,0,40,United-States,1
57,Local-gov,109973,HS-grad,9,Divorced,Other-service,Not-in-family,White,Female,0,0,40,United-States,0
30,Private,67187,HS-grad,9,Never-married,Handlers-cleaners,Own-child,Amer-Indian-Eskimo,Female,0,0,8,United-States,0
32,Private,174215,Some-college,10,Divorced,Sales,Unmarried,White,Female,0,0,40,United-States,0
56,Federal-gov,187873,Masters,14,Divorced,Adm-clerical,Unmarried,White,Female,0,0,40,United-States,0
51,Private,153870,HS-grad,9,Married-civ-spouse,Tech-support,Husband,White,Male,0,0,40,United-States,1
56,State-gov,110257,HS-grad,9,Married-civ-spouse,Adm-clerical,Husband,White,Male,0,0,40,United-States,0
28,Private,236861,Bachelors,13,Divorced,Craft-repair,Unmarried,White,Male,0,0,50,United-States,0
61,Private,232719,Masters,14,Married-civ-spouse,Prof-specialty,Husband,White,Male,0,0,50,United-States,0
17,Private,143331,10th,6,Never-married,Sales,Own-child,White,Male,0,0,15,United-States,0
65,Private,398001,HS-grad,9,Widowed,Adm-clerical,Not-in-family,White,Female,0,0,20,United-States,0
38,Private,180342,Bachelors,13,Married-civ-spouse,Adm-clerical,Husband,White,Male,0,0,40,United-States,0
44,Self-emp-not-inc,274363,HS-grad,9,Divorced,Sales,Not-in-family,White,Male,0,0,50,United-States,0
22,Private,188274,Assoc-acdm,12,Never-married,Handlers-cleaners,Own-child,White,Male,0,0,40,United-States,0
39,Private,74194,HS-grad,9,Married-civ-spouse,Exec-managerial,Husband,White,Male,0,0,55,United-States,0
62,Private,148113,10th,6,Married-civ-spouse,Craft-repair,Husband,Black,Male,0,0,40,United-States,0
47,Private,209460,Some-college,10,Married-civ-spouse,Craft-repair,Husband,White,Male,0,1485,47,United-States,0
42,Private,280167,Masters,14,Married-civ-spouse,Prof-specialty,Husband,White,Male,0,0,40,United-States,1
26,Private,219815,Some-college,10,Married-spouse-absent,Adm-clerical,Unmarried,White,Female,0,0,40,United-States,0
30,Private,24292,Bachelors,13,Married-civ-spouse,Sales,Husband,White,Male,0,0,45,United-States,1
32,Private,116365,HS-grad,9,Married-civ-spouse,Adm-clerical,Wife,White,Female,0,0,20,United-States,0
37,Private,220314,HS-grad,9,Divorced,Adm-clerical,Unmarried,White,Female,0,0,40,Mexico,0
40,Self-emp-not-inc,99651,Some-college,10,Married-civ-spouse,Prof-specialty,Husband,White,Male,0,0,60,United-States,0
32,Private,101709,Bachelors,13,Married-civ-spouse,Prof-specialty,Husband,Asian-Pac-Islander,Male,0,0,40,United-States,1
25,Private,306352,Assoc-voc,11,Married-civ-spouse,Tech-support,Husband,White,Male,0,0,40,Mexico,0
44,Local-gov,177937,Doctorate,16,Married-civ-spouse,Prof-specialty,Husband,White,Male,0,0,36,United-States,1
32,Private,398019,7th-8th,4,Never-married,Priv-house-serv,Not-in-family,White,Female,0,0,15,Mexico,0
43,Private,477983,HS-grad,9,Married-civ-spouse,Handlers-cleaners,Husband,Black,Male,0,0,40,United-States,0
46,Self-emp-not-inc,82572,HS-grad,9,Widowed,Other-service,Other-relative,White,Female,0,0,40,United-States,0
39,Local-gov,143385,HS-grad,9,Married-civ-spouse,Craft-repair,Husband,White,Male,0,0,40,United-States,0
24,Private,116934,Some-college,10,Separated,Sales,Unmarried,White,Female,0,0,45,United-States,0
47,Private,202322,5th-6th,3,Married-civ-spouse,Handlers-cleaners,Husband,White,Male,0,0,40,Mexico,0
42,Self-emp-not-inc,121718,HS-grad,9,Married-civ-spouse,Craft-repair,Husband,White,Male,0,0,24,United-States,0
41,Private,308296,HS-grad,9,Married-civ-spouse,Transport-moving,Wife,White,Female,0,0,20,United-States,0
41,Private,89226,HS-grad,9,Divorced,Craft-repair,Not-in-family,White,Male,0,0,40,United-States,0
32,Private,165226,HS-grad,9,Divorced,Other-service,Not-in-family,White,Female,0,0,40,United-States,0
35,Private,224566,Some-college,10,Never-married,Exec-managerial,Not-in-family,White,Male,0,0,60,United-States,0
21,Private,119665,Some-college,10,Never-married,Tech-support,Own-child,White,Male,0,0,35,United-States,0
21,Private,301199,Some-college,10,Never-married,Machine-op-inspct,Own-child,White,Female,0,0,40,United-States,0
22,Private,306593,HS-grad,9,Never-married,Craft-repair,Own-child,White,Male,0,0,40,United-States,0
30,Local-gov,326104,HS-grad,9,Married-civ-spouse,Protective-serv,Husband,White,Male,0,0,40,United-States,1
40,Private,188291,Prof-school,15,Married-civ-spouse,Prof-specialty,Husband,White,Male,0,0,40,United-States,1
30,Private,349148,Bachelors,13,Never-married,Prof-specialty,Not-in-family,White,Male,0,0,70,United-States,0
50,Private,41890,HS-grad,9,Married-civ-spouse,Craft-repair,Husband,White,Male,0,0,40,United-States,0
47,Private,200734,Bachelors,13,Never-married,Exec-managerial,Unmarried,Black,Female,0,0,45,United-States,0
26,Private,152129,12th,8,Never-married,Other-service,Unmarried,Black,Male,0,0,40,United-States,0
29,Self-emp-not-inc,184710,HS-grad,9,Married-civ-spouse,Craft-repair,Husband,White,Male,0,0,40,United-States,0
23,Private,185554,Bachelors,13,Never-married,Prof-specialty,Own-child,White,Female,0,0,40,United-States,0
21,Private,160968,Some-college,10,Never-married,Handlers-cleaners,Own-child,White,Male,0,0,40,United-States,0
21,Private,155066,Some-college,10,Never-married,Craft-repair,Own-child,White,Male,0,0,40,United-States,0
30,Private,115426,Bachelors,13,Married-civ-spouse,Sales,Husband,White,Male,0,0,40,United-States,1
35,Private,139012,Bachelors,13,Married-civ-spouse,Other-service,Husband,Asian-Pac-Islander,Male,0,0,40,Vietnam,0
26,Local-gov,138597,HS-grad,9,Never-married,Other-service,Unmarried,Black,Female,0,0,25,United-States,0
30,Private,236599,HS-grad,9,Married-civ-spouse,Exec-managerial,Husband,White,Male,0,0,50,United-States,0
20,Private,115057,Some-college,10,Never-married,Other-service,Not-in-family,White,Male,0,0,40,United-States,0
54,Self-emp-not-inc,278230,Some-college,10,Divorced,Farming-fishing,Unmarried,White,Female,10520,0,30,United-States,1
26,Private,101150,HS-grad,9,Divorced,Exec-managerial,Not-in-family,White,Female,0,0,41,United-States,0
44,Private,286750,Bachelors,13,Married-civ-spouse,Exec-managerial,Husband,Black,Male,0,0,50,United-States,1
44,Private,248973,Bachelors,13,Divorced,Adm-clerical,Not-in-family,Black,Male,0,0,65,United-States,0
17,Private,96282,10th,6,Never-married,Other-service,Own-child,White,Male,0,0,14,United-States,0
30,Private,296453,Bachelors,13,Married-civ-spouse,Adm-clerical,Husband,White,Male,7298,0,40,United-States,1
19,Private,148392,HS-grad,9,Never-married,Adm-clerical,Own-child,White,Male,0,0,30,United-States,0
32,Private,227214,Bachelors,13,Married-civ-spouse,Prof-specialty,Husband,Other,Male,0,0,40,Ecuador,0
61,Private,153048,HS-grad,9,Widowed,Sales,Not-in-family,White,Female,0,0,35,United-States,0
52,Private,164530,11th,7,Divorced,Machine-op-inspct,Not-in-family,Black,Female,0,0,20,United-States,0
61,Private,146788,7th-8th,4,Married-civ-spouse,Transport-moving,Husband,White,Male,0,0,40,United-States,0
57,Private,124852,Some-college,10,Never-married,Handlers-cleaners,Own-child,Black,Male,0,0,40,United-States,0
56,Private,257555,Some-college,10,Married-civ-spouse,Sales,Husband,White,Male,0,0,40,United-States,0
51,State-gov,42017,Some-college,10,Divorced,Prof-specialty,Not-in-family,White,Female,0,0,40,United-States,0
33,Local-gov,190027,Some-college,10,Never-married,Adm-clerical,Unmarried,Black,Female,0,0,18,United-States,0
20,Private,236769,Some-college,10,Never-married,Handlers-cleaners,Own-child,White,Male,0,0,40,United-States,0
31,State-gov,301526,Some-college,10,Married-spouse-absent,Other-service,Other-relative,White,Male,0,0,40,United-States,0
23,Private,202284,Bachelors,13,Never-married,Sales,Own-child,White,Male,0,0,20,United-States,0
37,Private,194630,HS-grad,9,Divorced,Craft-repair,Not-in-family,White,Male,0,0,50,United-States,0
42,Private,224203,Some-college,10,Widowed,Sales,Unmarried,Black,Female,0,0,40,United-States,0
47,Private,167787,HS-grad,9,Never-married,Adm-clerical,Other-relative,White,Female,0,0,40,United-States,0
28,Private,487347,HS-grad,9,Never-married,Transport-moving,Not-in-family,White,Male,0,0,45,United-States,0
22,Private,113936,Some-college,10,Never-married,Handlers-cleaners,Own-child,White,Male,0,0,40,United-States,0
47,Private,166634,Some-college,10,Divorced,Exec-managerial,Unmarried,White,Female,0,0,40,Germany,0
24,Private,214542,Some-college,10,Never-married,Craft-repair,Own-child,White,Male,0,0,60,Canada,0
42,Private,182302,HS-grad,9,Married-civ-spouse,Exec-managerial,Husband,White,Male,0,0,40,United-States,0
36,Private,145933,HS-grad,9,Never-married,Exec-managerial,Not-in-family,White,Male,0,2258,70,United-States,0
36,Private,138441,Some-college,10,Never-married,Machine-op-inspct,Own-child,White,Male,0,0,40,United-States,0
38,Private,154669,HS-grad,9,Separated,Sales,Not-in-family,White,Male,0,0,60,United-States,0
26,Private,269060,Bachelors,13,Never-married,Adm-clerical,Own-child,White,Female,0,0,40,United-States,0
31,Local-gov,168906,Assoc-acdm,12,Married-civ-spouse,Adm-clerical,Wife,White,Female,0,0,35,United-States,0
32,Local-gov,19302,Assoc-acdm,12,Married-civ-spouse,Protective-serv,Husband,White,Male,0,0,56,England,1
31,Private,148607,Some-college,10,Divorced,Machine-op-inspct,Not-in-family,White,Male,0,0,40,United-States,0
35,Private,167140,Bachelors,13,Married-civ-spouse,Prof-specialty,Husband,White,Male,5013,0,40,United-States,0
28,Private,250679,HS-grad,9,Married-civ-spouse,Craft-repair,Husband,White,Male,0,0,40,United-States,0
40,Private,200479,Assoc-voc,11,Married-civ-spouse,Prof-specialty,Husband,White,Male,0,0,40,United-States,0
26,Private,463194,HS-grad,9,Married-civ-spouse,Craft-repair,Husband,White,Male,0,0,40,United-States,0
22,Private,218343,HS-grad,9,Never-married,Other-service,Own-child,White,Female,0,0,40,United-States,0
33,Private,144949,Masters,14,Married-civ-spouse,Prof-specialty,Husband,White,Male,15024,0,40,United-States,1
58,Self-emp-not-inc,163047,Bachelors,13,Divorced,Prof-specialty,Not-in-family,White,Female,0,0,40,United-States,0
44,Private,143368,Some-college,10,Never-married,Other-service,Not-in-family,Black,Male,0,0,55,United-States,0
31,Private,309974,Some-college,10,Separated,Tech-support,Unmarried,Black,Female,0,0,40,United-States,0
46,Local-gov,207946,Masters,14,Divorced,Prof-specialty,Unmarried,White,Female,0,0,43,United-States,0
53,Private,177705,Bachelors,13,Married-civ-spouse,Craft-repair,Husband,White,Male,0,0,44,United-States,1
20,Private,278155,Some-college,10,Never-married,Adm-clerical,Own-child,White,Male,0,0,40,United-States,0
51,Self-emp-not-inc,134447,HS-grad,9,Married-civ-spouse,Craft-repair,Husband,White,Male,0,0,70,United-States,0
46,Federal-gov,33794,Bachelors,13,Married-civ-spouse,Tech-support,Husband,White,Male,3103,0,40,United-States,1
39,State-gov,114055,Bachelors,13,Never-married,Exec-managerial,Not-in-family,White,Female,0,0,40,United-States,0
33,Private,118551,HS-grad,9,Divorced,Adm-clerical,Unmarried,White,Female,0,0,40,United-States,0
73,Private,333676,HS-grad,9,Married-civ-spouse,Farming-fishing,Husband,White,Male,0,0,50,United-States,0
45,Private,120724,Masters,14,Married-civ-spouse,Exec-managerial,Husband,White,Male,4386,0,40,United-States,0
28,Private,211184,Some-college,10,Never-married,Sales,Not-in-family,White,Female,0,0,50,United-States,0
23,Private,87867,HS-grad,9,Never-married,Sales,Own-child,White,Male,0,0,35,United-States,0
38,Private,298841,Some-college,10,Never-married,Exec-managerial,Not-in-family,White,Female,0,0,45,United-States,0
28,Private,441620,Bachelors,13,Never-married,Other-service,Not-in-family,White,Male,0,0,43,Mexico,0
32,Private,213887,Some-college,10,Divorced,Machine-op-inspct,Unmarried,White,Male,0,0,45,United-States,0
36,Private,203482,Assoc-acdm,12,Married-civ-spouse,Prof-specialty,Husband,White,Male,0,0,40,United-States,1
26,Private,97153,Assoc-acdm,12,Married-civ-spouse,Machine-op-inspct,Husband,White,Male,5178,0,40,United-States,1
20,Private,146879,HS-grad,9,Never-married,Other-service,Not-in-family,White,Male,0,2001,40,United-States,0
39,Federal-gov,243872,Assoc-acdm,12,Never-married,Prof-specialty,Not-in-family,White,Male,0,0,40,United-States,1
43,State-gov,182254,Some-college,10,Divorced,Adm-clerical,Unmarried,White,Female,0,0,40,United-States,0
38,Private,111499,Prof-school,15,Never-married,Prof-specialty,Not-in-family,White,Female,0,0,50,United-States,1
30,Private,191571,HS-grad,9,Separated,Other-service,Own-child,White,Female,0,0,36,United-States,0
22,Private,297380,HS-grad,9,Never-married,Sales,Own-child,Black,Female,0,0,40,United-States,0
35,Private,234962,HS-grad,9,Never-married,Machine-op-inspct,Other-relative,White,Male,0,0,40,Mexico,0
46,Federal-gov,161337,Some-college,10,Divorced,Tech-support,Not-in-family,White,Male,0,0,40,United-States,0
27,Private,36851,Bachelors,13,Never-married,Machine-op-inspct,Not-in-family,White,Male,0,0,41,United-States,0
20,Private,249956,Some-college,10,Never-married,Adm-clerical,Own-child,White,Female,0,0,10,United-States,0
41,Private,239833,HS-grad,9,Married-spouse-absent,Transport-moving,Unmarried,Black,Male,0,0,50,United-States,0
46,Private,171807,Some-college,10,Divorced,Sales,Unmarried,White,Female,0,0,40,United-States,0
27,Private,328981,HS-grad,9,Never-married,Machine-op-inspct,Unmarried,Black,Male,0,0,40,United-States,0
42,Private,390781,Bachelors,13,Married-civ-spouse,Adm-clerical,Wife,Black,Female,0,0,40,United-States,0
24,Private,283806,Some-college,10,Never-married,Other-service,Not-in-family,White,Female,0,0,40,United-States,0
20,Private,181675,HS-grad,9,Never-married,Other-service,Not-in-family,White,Male,0,0,40,United-States,0
59,Local-gov,53304,Bachelors,13,Married-civ-spouse,Prof-specialty,Husband,White,Male,0,0,50,United-States,1
44,Private,228124,HS-grad,9,Married-spouse-absent,Adm-clerical,Unmarried,Black,Female,0,0,40,United-States,0
33,Private,341187,Bachelors,13,Married-civ-spouse,Exec-managerial,Husband,White,Male,0,0,50,United-States,1
23,Private,216181,Some-college,10,Never-married,Sales,Own-child,White,Male,0,0,36,Iran,0
24,Private,205844,Bachelors,13,Never-married,Exec-managerial,Own-child,Black,Female,0,0,40,United-States,0
31,State-gov,157673,HS-grad,9,Married-civ-spouse,Farming-fishing,Husband,White,Male,0,0,40,United-States,0
23,Private,53306,HS-grad,9,Never-married,Craft-repair,Not-in-family,White,Male,0,0,30,United-States,0
27,Private,199903,Bachelors,13,Never-married,Prof-specialty,Not-in-family,White,Female,0,0,40,United-States,0
36,Private,171393,Masters,14,Married-civ-spouse,Prof-specialty,Husband,White,Male,7298,0,55,United-States,1
27,Federal-gov,148153,HS-grad,9,Married-civ-spouse,Handlers-cleaners,Husband,Asian-Pac-Islander,Male,0,0,40,United-States,0
19,Private,383637,HS-grad,9,Never-married,Other-service,Own-child,White,Male,0,0,20,United-States,0
41,State-gov,109762,Masters,14,Never-married,Prof-specialty,Not-in-family,White,Male,0,0,40,United-States,0
23,Private,308498,Some-college,10,Never-married,Craft-repair,Own-child,White,Male,0,0,15,United-States,0
40,Private,223548,HS-grad,9,Married-civ-spouse,Adm-clerical,Husband,White,Male,0,0,40,Mexico,0
40,Private,199900,Assoc-acdm,12,Married-civ-spouse,Exec-managerial,Husband,White,Male,0,1848,55,United-States,1
61,Self-emp-not-inc,171840,HS-grad,9,Widowed,Prof-specialty,Unmarried,White,Female,0,0,16,United-States,0
30,Private,341346,11th,7,Married-civ-spouse,Sales,Husband,White,Male,0,0,40,United-States,0
44,Local-gov,202872,Some-college,10,Divorced,Prof-specialty,Unmarried,White,Female,0,0,25,United-States,0
27,Federal-gov,285432,Assoc-acdm,12,Never-married,Transport-moving,Not-in-family,Black,Male,0,0,40,United-States,0
18,Private,115443,11th,7,Never-married,Handlers-cleaners,Not-in-family,White,Male,0,0,25,United-States,0
35,Private,107302,Masters,14,Married-civ-spouse,Sales,Husband,White,Male,0,0,40,India,0
22,Private,113550,HS-grad,9,Never-married,Adm-clerical,Own-child,White,Female,0,0,40,United-States,0
45,Private,210875,HS-grad,9,Married-civ-spouse,Craft-repair,Husband,White,Male,0,0,40,United-States,0
28,State-gov,19395,Some-college,10,Never-married,Adm-clerical,Not-in-family,White,Female,0,0,38,United-States,0
48,Private,165267,10th,6,Married-civ-spouse,Farming-fishing,Husband,Black,Male,0,0,40,United-States,0
42,Private,156526,Some-college,10,Never-married,Tech-support,Not-in-family,White,Male,0,0,33,United-States,0
42,Private,103932,Assoc-voc,11,Divorced,Prof-specialty,Unmarried,White,Female,0,0,40,United-States,0
26,Private,360252,Assoc-acdm,12,Married-civ-spouse,Adm-clerical,Wife,White,Female,0,0,40,United-States,0
18,Private,98667,11th,7,Never-married,Other-service,Own-child,White,Female,0,0,16,United-States,0
36,State-gov,108320,Masters,14,Divorced,Prof-specialty,Unmarried,White,Male,5455,0,30,United-States,0
45,Local-gov,185399,Masters,14,Divorced,Prof-specialty,Own-child,White,Female,0,0,55,United-States,0
21,Private,347292,HS-grad,9,Never-married,Craft-repair,Not-in-family,White,Male,0,0,40,United-States,0
63,Private,205246,HS-grad,9,Married-civ-spouse,Machine-op-inspct,Husband,Black,Male,0,0,40,United-States,0
27,Private,169631,HS-grad,9,Never-married,Handlers-cleaners,Own-child,White,Female,0,0,40,United-States,0
42,Private,331651,Masters,14,Never-married,Prof-specialty,Not-in-family,White,Female,8614,0,50,United-States,1
53,Private,98791,Some-college,10,Married-civ-spouse,Tech-support,Husband,White,Male,0,0,40,United-States,0
22,Private,113062,Bachelors,13,Never-married,Exec-managerial,Own-child,White,Female,0,0,7,United-States,0
57,Private,206343,HS-grad,9,Separated,Machine-op-inspct,Not-in-family,White,Male,2174,0,40,Cuba,0
57,Private,230899,5th-6th,3,Separated,Machine-op-inspct,Not-in-family,White,Female,0,0,40,United-States,0
43,Private,88913,Some-college,10,Never-married,Handlers-cleaners,Own-child,Asian-Pac-Islander,Female,1055,0,40,United-States,0
28,Private,77760,HS-grad,9,Never-married,Other-service,Unmarried,White,Male,0,0,40,United-States,0
39,Private,172538,HS-grad,9,Married-civ-spouse,Prof-specialty,Husband,White,Male,0,0,50,United-States,1
32,Private,174789,HS-grad,9,Never-married,Machine-op-inspct,Unmarried,White,Male,0,0,40,United-States,0
46,Local-gov,199281,Bachelors,13,Separated,Prof-specialty,Unmarried,White,Male,0,0,40,United-States,0
42,Self-emp-not-inc,89942,Some-college,10,Married-civ-spouse,Craft-repair,Husband,White,Male,0,0,40,United-States,0
40,Private,236021,Some-college,10,Never-married,Exec-managerial,Not-in-family,White,Male,0,0,50,United-States,0
64,Private,285052,Some-college,10,Widowed,Exec-managerial,Not-in-family,White,Female,0,0,10,United-States,0
19,Private,115248,Some-college,10,Never-married,Adm-clerical,Not-in-family,Asian-Pac-Islander,Male,0,0,40,Vietnam,0
29,Private,115064,HS-grad,9,Never-married,Other-service,Not-in-family,White,Male,0,0,40,United-States,0
25,Private,391591,12th,8,Never-married,Craft-repair,Not-in-family,White,Male,0,0,40,United-States,0
41,Private,173682,Assoc-voc,11,Married-civ-spouse,Craft-repair,Husband,White,Male,0,0,43,United-States,1
40,Private,240027,Some-college,10,Never-married,Sales,Unmarried,Black,Female,0,0,45,United-States,0
90,Private,87372,Prof-school,15,Married-civ-spouse,Prof-specialty,Husband,White,Male,20051,0,72,United-States,1
54,Private,139703,Some-college,10,Married-civ-spouse,Craft-repair,Husband,White,Male,3103,0,40,Germany,1
37,Private,255621,HS-grad,9,Separated,Craft-repair,Not-in-family,White,Male,0,0,50,United-States,0
37,Private,415500,Some-college,10,Married-civ-spouse,Machine-op-inspct,Husband,Black,Male,0,0,40,United-States,1
26,Private,377754,HS-grad,9,Never-married,Machine-op-inspct,Not-in-family,White,Male,0,0,40,United-States,0
51,Local-gov,277024,HS-grad,9,Separated,Protective-serv,Not-in-family,Black,Male,0,0,40,United-States,0
58,Private,215190,11th,7,Married-civ-spouse,Other-service,Husband,White,Male,0,0,20,United-States,0
48,Self-emp-not-inc,370119,Some-college,10,Married-civ-spouse,Exec-managerial,Husband,White,Male,0,0,40,United-States,1
64,Self-emp-not-inc,167149,7th-8th,4,Married-civ-spouse,Other-service,Husband,White,Male,0,0,25,United-States,0
27,Private,501172,5th-6th,3,Married-civ-spouse,Transport-moving,Husband,White,Male,0,0,40,Mexico,0
27,Private,279608,5th-6th,3,Married-civ-spouse,Farming-fishing,Husband,White,Male,0,0,40,Mexico,0
52,Private,98588,HS-grad,9,Married-civ-spouse,Craft-repair,Husband,White,Male,0,0,40,United-States,0
56,Self-emp-inc,75214,Prof-school,15,Married-civ-spouse,Prof-specialty,Husband,White,Male,0,0,32,United-States,1
43,Local-gov,216116,Masters,14,Separated,Prof-specialty,Unmarried,Black,Female,0,0,37,United-States,0
37,Private,177974,Some-college,10,Married-civ-spouse,Machine-op-inspct,Husband,White,Male,0,0,70,United-States,0
28,Private,261725,HS-grad,9,Never-married,Other-service,Unmarried,White,Female,0,0,40,Mexico,0
27,Private,246440,11th,7,Divorced,Machine-op-inspct,Unmarried,White,Female,0,0,40,United-States,0
45,Private,167617,Some-college,10,Married-civ-spouse,Other-service,Husband,White,Male,0,0,40,United-States,0
63,Private,161563,HS-grad,9,Married-civ-spouse,Craft-repair,Husband,White,Male,0,0,48,United-States,0
31,Private,120672,11th,7,Divorced,Handlers-cleaners,Other-relative,Black,Male,0,1721,40,United-States,0
55,Private,197399,Masters,14,Married-civ-spouse,Exec-managerial,Husband,White,Male,99999,0,55,United-States,1
33,State-gov,167474,10th,6,Married-civ-spouse,Handlers-cleaners,Husband,White,Male,0,0,40,United-States,0
35,Private,236910,Bachelors,13,Married-civ-spouse,Exec-managerial,Husband,White,Male,0,0,60,United-States,0
44,Local-gov,254146,Masters,14,Married-civ-spouse,Prof-specialty,Husband,White,Male,0,0,40,United-States,1
38,Self-emp-not-inc,163204,HS-grad,9,Married-civ-spouse,Craft-repair,Husband,White,Male,3411,0,25,United-States,0
56,Self-emp-not-inc,95763,HS-grad,9,Married-civ-spouse,Craft-repair,Husband,White,Male,0,0,55,United-States,0
35,Private,179579,HS-grad,9,Married-civ-spouse,Transport-moving,Husband,White,Male,0,0,40,United-States,0
53,Private,172991,Some-college,10,Married-civ-spouse,Sales,Husband,White,Male,0,0,25,United-States,0
36,Private,135289,HS-grad,9,Married-civ-spouse,Machine-op-inspct,Husband,White,Male,0,0,45,United-States,0
48,Private,148995,Masters,14,Married-civ-spouse,Exec-managerial,Husband,White,Male,0,0,40,United-States,1
23,Private,135138,Bachelors,13,Never-married,Sales,Own-child,Asian-Pac-Islander,Male,0,0,40,United-States,0
36,Private,207789,HS-grad,9,Divorced,Exec-managerial,Not-in-family,White,Male,0,0,52,United-States,0
19,Private,68552,HS-grad,9,Never-married,Handlers-cleaners,Own-child,White,Male,0,0,30,United-States,0
59,Private,61885,12th,8,Divorced,Transport-moving,Other-relative,Black,Male,0,0,35,United-States,0
31,Private,128567,HS-grad,9,Married-civ-spouse,Craft-repair,Husband,White,Male,0,0,40,United-States,0
76,Self-emp-not-inc,225964,Some-college,10,Widowed,Sales,Not-in-family,White,Male,0,0,8,United-States,0
20,Private,41356,Some-college,10,Never-married,Prof-specialty,Not-in-family,White,Female,0,0,40,United-States,0
56,Private,147989,Some-college,10,Married-spouse-absent,Transport-moving,Not-in-family,White,Male,0,0,40,United-States,0
45,Private,319637,HS-grad,9,Divorced,Other-service,Unmarried,White,Female,0,0,40,United-States,0
24,Private,200295,Some-college,10,Never-married,Craft-repair,Not-in-family,White,Male,0,0,40,United-States,0
24,Private,211345,Some-college,10,Never-married,Other-service,Own-child,White,Female,0,0,40,Mexico,0
24,Private,174461,Some-college,10,Never-married,Exec-managerial,Own-child,White,Female,0,0,45,United-States,0
41,Private,443508,Bachelors,13,Married-civ-spouse,Transport-moving,Husband,White,Male,0,0,48,Canada,1
51,Private,175339,Bachelors,13,Married-civ-spouse,Sales,Husband,White,Male,0,0,47,United-States,1
22,Private,35663,HS-grad,9,Never-married,Other-service,Not-in-family,White,Female,0,0,40,United-States,0
24,Private,121023,Bachelors,13,Never-married,Prof-specialty,Not-in-family,White,Female,0,0,40,United-States,0
19,Private,232392,HS-grad,9,Never-married,Other-service,Other-relative,White,Female,0,0,40,United-States,0
45,Private,198223,Bachelors,13,Married-civ-spouse,Sales,Husband,White,Male,0,1902,45,United-States,1
18,Private,236262,11th,7,Never-married,Handlers-cleaners,Own-child,White,Male,0,0,12,United-States,0
66,Local-gov,157942,HS-grad,9,Widowed,Transport-moving,Not-in-family,Black,Female,0,0,40,United-States,0
29,Private,228346,Assoc-voc,11,Never-married,Craft-repair,Not-in-family,White,Male,0,0,50,United-States,0
30,Private,356882,Doctorate,16,Never-married,Prof-specialty,Own-child,White,Male,0,0,20,United-States,0
30,Private,271933,HS-grad,9,Divorced,Adm-clerical,Not-in-family,White,Female,0,0,40,United-States,0
51,State-gov,172281,Bachelors,13,Married-civ-spouse,Exec-managerial,Husband,White,Male,0,0,35,United-States,1
37,Private,199753,Some-college,10,Married-civ-spouse,Craft-repair,Husband,White,Male,0,0,35,United-States,1
24,Private,141040,Some-college,10,Never-married,Adm-clerical,Own-child,Black,Female,0,0,40,United-States,0
34,Private,202210,HS-grad,9,Never-married,Other-service,Unmarried,Black,Female,0,0,40,United-States,0
50,Private,126566,HS-grad,9,Married-civ-spouse,Handlers-cleaners,Husband,Black,Male,0,0,40,United-States,0
58,Private,202652,HS-grad,9,Separated,Other-service,Unmarried,White,Female,0,0,40,Dominican-Republic,0
19,Private,185097,HS-grad,9,Never-married,Handlers-cleaners,Not-in-family,White,Female,0,0,37,United-States,0
48,Private,171807,Bachelors,13,Divorced,Other-service,Unmarried,White,Female,0,0,56,United-States,1
46,Private,155489,Masters,14,Married-civ-spouse,Exec-managerial,Husband,White,Male,0,0,50,United-States,1
50,Private,196975,HS-grad,9,Married-civ-spouse,Craft-repair,Husband,White,Male,0,0,40,United-States,1
47,Self-emp-not-inc,192755,HS-grad,9,Married-civ-spouse,Machine-op-inspct,Wife,White,Female,0,0,20,United-States,1
43,Self-emp-not-inc,144218,12th,8,Married-civ-spouse,Transport-moving,Husband,White,Male,0,0,60,United-States,0
32,Private,549430,HS-grad,9,Never-married,Priv-house-serv,Unmarried,White,Female,0,0,40,Mexico,0
23,Private,169104,Some-college,10,Never-married,Sales,Own-child,Asian-Pac-Islander,Male,0,0,25,United-States,0
48,Private,116641,HS-grad,9,Divorced,Adm-clerical,Unmarried,White,Female,0,0,45,United-States,0
48,Private,123075,Doctorate,16,Married-civ-spouse,Prof-specialty,Husband,White,Male,0,0,45,United-States,1
60,Private,31577,Assoc-voc,11,Married-civ-spouse,Tech-support,Husband,White,Male,0,0,40,United-States,0
47,Self-emp-not-inc,145290,HS-grad,9,Married-civ-spouse,Exec-managerial,Husband,White,Male,0,2415,50,United-States,1
22,Private,190968,HS-grad,9,Married-civ-spouse,Other-service,Husband,White,Male,0,0,40,United-States,0
41,State-gov,175537,Some-college,10,Divorced,Machine-op-inspct,Not-in-family,Black,Female,0,0,38,United-States,0
22,Private,258509,HS-grad,9,Never-married,Transport-moving,Own-child,Black,Male,0,0,24,United-States,0
52,Private,139176,HS-grad,9,Married-civ-spouse,Sales,Husband,White,Male,0,0,8,United-States,0
27,Private,113635,Bachelors,13,Never-married,Other-service,Not-in-family,White,Male,0,0,35,United-States,0
39,Private,214117,Some-college,10,Divorced,Craft-repair,Unmarried,Black,Male,0,0,40,United-States,0
48,Private,167009,Some-college,10,Divorced,Adm-clerical,Not-in-family,White,Female,0,0,48,United-States,0
43,Federal-gov,56063,Bachelors,13,Married-civ-spouse,Sales,Husband,White,Male,0,0,60,United-States,0
44,Self-emp-inc,33126,Some-college,10,Married-civ-spouse,Exec-managerial,Husband,White,Male,0,0,80,United-States,0
59,Private,245196,10th,6,Married-civ-spouse,Transport-moving,Husband,Black,Male,0,0,40,United-States,1
45,State-gov,35969,Masters,14,Married-civ-spouse,Prof-specialty,Husband,White,Male,0,0,60,United-States,1
25,Private,200318,HS-grad,9,Married-civ-spouse,Transport-moving,Husband,White,Male,0,0,60,United-States,0
39,Federal-gov,255407,HS-grad,9,Married-civ-spouse,Craft-repair,Husband,White,Male,0,0,40,United-States,0
29,Private,327779,Some-college,10,Married-civ-spouse,Handlers-cleaners,Husband,White,Male,0,0,20,United-States,0
24,Local-gov,32950,Bachelors,13,Never-married,Prof-specialty,Not-in-family,White,Male,0,0,35,United-States,0
50,Private,129956,HS-grad,9,Married-civ-spouse,Craft-repair,Husband,White,Male,0,0,48,United-States,1
25,Private,210184,11th,7,Separated,Craft-repair,Own-child,White,Male,0,0,40,United-States,0
46,Private,116789,HS-grad,9,Married-civ-spouse,Adm-clerical,Husband,White,Male,0,0,40,United-States,1
36,Private,89202,Bachelors,13,Never-married,Prof-specialty,Own-child,White,Male,0,0,50,United-States,0
59,Private,127728,Some-college,10,Married-civ-spouse,Tech-support,Husband,White,Male,0,0,40,United-States,1
31,Private,111567,Bachelors,13,Never-married,Sales,Not-in-family,White,Male,0,0,40,United-States,1
36,Private,133655,HS-grad,9,Married-spouse-absent,Adm-clerical,Unmarried,White,Female,0,0,40,United-States,0
48,Private,128432,HS-grad,9,Married-civ-spouse,Other-service,Husband,White,Male,0,0,40,United-States,0
32,Private,209808,Some-college,10,Married-civ-spouse,Sales,Husband,White,Male,0,1740,47,United-States,0
44,Private,187821,Bachelors,13,Married-civ-spouse,Transport-moving,Husband,White,Male,0,0,55,United-States,0
49,Private,187454,HS-grad,9,Married-civ-spouse,Sales,Husband,White,Male,99999,0,65,United-States,1
34,State-gov,221966,Bachelors,13,Never-married,Prof-specialty,Not-in-family,White,Male,0,0,45,United-States,0
24,Private,64167,Assoc-voc,11,Never-married,Tech-support,Unmarried,Black,Female,0,0,40,United-States,0
47,Private,181307,Some-college,10,Married-civ-spouse,Sales,Husband,White,Male,99999,0,60,United-States,1
54,Private,257869,Some-college,10,Separated,Other-service,Not-in-family,White,Male,0,0,28,Columbia,0
52,Private,29658,HS-grad,9,Married-civ-spouse,Adm-clerical,Husband,White,Male,0,0,40,United-States,0
47,Private,170846,Assoc-acdm,12,Married-civ-spouse,Adm-clerical,Wife,White,Female,0,0,40,Italy,1
50,Private,144361,HS-grad,9,Married-civ-spouse,Machine-op-inspct,Husband,White,Male,0,0,50,United-States,1
49,Private,44434,Some-college,10,Divorced,Tech-support,Other-relative,White,Male,0,0,35,United-States,0
21,Private,195919,10th,6,Never-married,Handlers-cleaners,Not-in-family,Other,Male,0,0,40,Dominican-Republic,0
28,Private,595088,Some-college,10,Married-civ-spouse,Craft-repair,Husband,White,Male,0,0,63,United-States,0
25,Private,233461,Assoc-acdm,12,Never-married,Tech-support,Not-in-family,White,Male,0,0,30,United-States,0
17,Private,33138,12th,8,Never-married,Sales,Own-child,White,Male,0,0,40,United-States,0
24,Private,202570,Bachelors,13,Never-married,Prof-specialty,Own-child,Black,Male,0,0,15,United-States,0
17,Private,202344,10th,6,Never-married,Other-service,Own-child,White,Male,0,0,25,United-States,0
25,Private,203871,Assoc-voc,11,Married-civ-spouse,Prof-specialty,Wife,White,Female,0,1887,40,United-States,1
33,Private,162312,HS-grad,9,Divorced,Sales,Not-in-family,Asian-Pac-Islander,Male,0,0,45,Japan,0
72,Private,298070,Assoc-voc,11,Separated,Other-service,Unmarried,White,Female,6723,0,25,United-States,0
31,Private,236391,Some-college,10,Never-married,Sales,Not-in-family,White,Female,0,0,40,United-States,0
28,Private,37359,Bachelors,13,Married-civ-spouse,Sales,Husband,White,Male,0,0,60,United-States,1
53,Local-gov,204447,Masters,14,Married-civ-spouse,Exec-managerial,Husband,White,Male,0,0,43,United-States,1
28,Private,190525,Bachelors,13,Married-civ-spouse,Exec-managerial,Husband,White,Male,0,0,46,United-States,1
19,Private,246652,Some-college,10,Never-married,Sales,Own-child,White,Female,0,0,40,United-States,0
67,Self-emp-inc,330144,Masters,14,Married-civ-spouse,Sales,Husband,White,Male,0,0,48,United-States,1
36,Private,113397,HS-grad,9,Married-civ-spouse,Handlers-cleaners,Husband,White,Male,0,0,40,United-States,0
53,Local-gov,204397,HS-grad,9,Married-civ-spouse,Exec-managerial,Husband,White,Male,0,0,60,United-States,0
33,Local-gov,298785,10th,6,Divorced,Transport-moving,Not-in-family,White,Male,0,0,40,United-States,0
34,Local-gov,172664,HS-grad,9,Married-civ-spouse,Craft-repair,Husband,White,Male,0,0,40,United-States,0
33,Private,273243,HS-grad,9,Married-civ-spouse,Craft-repair,Husband,Black,Male,0,0,40,United-States,0
27,Local-gov,255237,Bachelors,13,Never-married,Prof-specialty,Not-in-family,White,Female,0,0,40,United-States,0
24,Private,448026,Bachelors,13,Never-married,Sales,Own-child,White,Male,0,0,40,United-States,0
25,Private,204219,HS-grad,9,Never-married,Adm-clerical,Unmarried,White,Female,0,0,40,Mexico,0
34,Local-gov,105540,Bachelors,13,Married-civ-spouse,Prof-specialty,Husband,White,Male,0,2051,40,United-States,0
40,Private,143327,Some-college,10,Separated,Handlers-cleaners,Not-in-family,White,Male,0,0,40,United-States,0
43,Private,131435,Bachelors,13,Divorced,Other-service,Not-in-family,White,Female,0,0,40,United-States,0
34,Private,198183,HS-grad,9,Never-married,Adm-clerical,Not-in-family,White,Female,0,0,40,United-States,0
31,Private,193231,Bachelors,13,Never-married,Tech-support,Not-in-family,White,Male,3325,0,60,United-States,0
54,Private,138026,HS-grad,9,Married-civ-spouse,Adm-clerical,Wife,White,Female,0,0,40,United-States,0
63,Private,124242,HS-grad,9,Married-civ-spouse,Adm-clerical,Husband,Black,Male,0,0,40,United-States,0
26,Private,199143,HS-grad,9,Married-civ-spouse,Handlers-cleaners,Husband,White,Male,0,0,50,United-States,0
38,Self-emp-inc,159179,Prof-school,15,Married-civ-spouse,Prof-specialty,Husband,White,Male,0,0,45,United-States,1
23,Private,147548,HS-grad,9,Divorced,Other-service,Unmarried,White,Female,0,0,30,United-States,0
27,Federal-gov,276776,Some-college,10,Married-civ-spouse,Tech-support,Husband,White,Male,0,0,40,United-States,1
37,Private,257042,HS-grad,9,Divorced,Craft-repair,Unmarried,White,Male,1506,0,40,United-States,0
32,Private,94235,HS-grad,9,Married-civ-spouse,Craft-repair,Husband,White,Male,0,0,40,United-States,1
39,Federal-gov,232036,Some-college,10,Married-civ-spouse,Adm-clerical,Husband,White,Male,0,0,40,United-States,1
50,Self-emp-not-inc,156951,Assoc-acdm,12,Married-civ-spouse,Machine-op-inspct,Husband,White,Male,3103,0,40,United-States,1
41,Self-emp-inc,94113,Prof-school,15,Married-civ-spouse,Prof-specialty,Husband,White,Male,0,0,60,United-States,1
52,Local-gov,152795,Some-college,10,Married-civ-spouse,Craft-repair,Husband,White,Male,0,0,40,United-States,0
55,Private,151474,Bachelors,13,Never-married,Tech-support,Other-relative,White,Female,0,1590,38,United-States,0
19,Private,236879,Some-college,10,Never-married,Exec-managerial,Own-child,White,Female,0,0,35,United-States,0
32,Private,131224,HS-grad,9,Married-civ-spouse,Prof-specialty,Husband,White,Male,0,0,40,United-States,0
53,Private,22978,Masters,14,Married-civ-spouse,Exec-managerial,Wife,White,Female,0,0,50,United-States,1
42,Self-emp-not-inc,201522,Bachelors,13,Married-civ-spouse,Sales,Husband,White,Male,0,0,60,United-States,0
27,Private,302406,Some-college,10,Married-civ-spouse,Sales,Husband,White,Male,0,0,40,United-States,1
30,Self-emp-not-inc,188798,HS-grad,9,Divorced,Other-service,Unmarried,White,Female,0,0,40,United-States,0
58,Private,210673,Some-college,10,Married-civ-spouse,Adm-clerical,Wife,White,Female,0,0,40,United-States,1
59,Self-emp-inc,103948,HS-grad,9,Married-civ-spouse,Sales,Husband,White,Male,0,0,60,United-States,1
22,Private,188569,Some-college,10,Never-married,Adm-clerical,Not-in-family,White,Female,0,0,20,United-States,0
27,Self-emp-not-inc,151402,HS-grad,9,Married-civ-spouse,Farming-fishing,Husband,White,Male,0,1573,70,United-States,0
38,Federal-gov,325538,Prof-school,15,Married-civ-spouse,Prof-specialty,Husband,White,Male,0,0,50,United-States,1
47,Self-emp-not-inc,88500,HS-grad,9,Married-civ-spouse,Farming-fishing,Husband,White,Male,0,0,35,United-States,0
52,Private,159670,Assoc-acdm,12,Married-civ-spouse,Exec-managerial,Husband,White,Male,0,0,40,United-States,0
49,Private,198759,Assoc-acdm,12,Married-civ-spouse,Sales,Husband,White,Male,15024,0,60,United-States,1
30,State-gov,312767,HS-grad,9,Never-married,Sales,Unmarried,Black,Female,0,0,40,United-States,0
31,Private,157640,HS-grad,9,Married-civ-spouse,Prof-specialty,Husband,White,Male,0,0,55,United-States,1
30,Private,218551,Assoc-voc,11,Married-civ-spouse,Sales,Husband,White,Male,0,0,45,United-States,1
18,Private,205218,Some-college,10,Never-married,Other-service,Own-child,White,Female,0,0,20,United-States,0
34,Private,177437,Some-college,10,Married-civ-spouse,Craft-repair,Husband,White,Male,15024,0,45,United-States,1
26,Private,214413,11th,7,Never-married,Machine-op-inspct,Unmarried,White,Male,6497,0,48,United-States,0
31,Private,62374,HS-grad,9,Married-civ-spouse,Prof-specialty,Husband,White,Male,0,0,50,United-States,0
55,Private,89690,Bachelors,13,Divorced,Prof-specialty,Not-in-family,White,Female,0,0,40,United-States,1
27,Private,84977,HS-grad,9,Married-civ-spouse,Craft-repair,Husband,White,Male,0,0,40,United-States,0
20,Private,193586,Some-college,10,Never-married,Prof-specialty,Not-in-family,White,Female,0,0,18,United-States,0
49,Self-emp-not-inc,343742,10th,6,Never-married,Craft-repair,Not-in-family,Black,Male,0,0,32,United-States,0
23,Private,82497,Some-college,10,Never-married,Sales,Own-child,White,Female,0,0,28,United-States,0
44,Private,121130,HS-grad,9,Divorced,Other-service,Unmarried,White,Female,0,0,40,United-States,0
24,Local-gov,162919,Some-college,10,Never-married,Adm-clerical,Not-in-family,White,Female,0,0,40,United-States,0
56,Self-emp-not-inc,222182,HS-grad,9,Married-civ-spouse,Exec-managerial,Husband,Black,Male,0,0,45,United-States,0
46,Private,167882,HS-grad,9,Divorced,Tech-support,Not-in-family,White,Female,0,0,43,United-States,0
34,Private,287315,HS-grad,9,Divorced,Machine-op-inspct,Not-in-family,White,Male,0,0,40,United-States,0
47,Private,181363,Masters,14,Married-civ-spouse,Prof-specialty,Husband,White,Male,0,0,40,United-States,1
30,Private,205204,HS-grad,9,Never-married,Adm-clerical,Own-child,White,Female,0,0,40,United-States,0
28,Private,141957,Assoc-acdm,12,Married-civ-spouse,Tech-support,Husband,White,Male,0,1887,70,United-States,1
30,Private,194901,Prof-school,15,Divorced,Sales,Own-child,White,Male,0,0,55,United-States,0
41,State-gov,180272,Masters,14,Never-married,Prof-specialty,Own-child,White,Female,0,0,35,United-States,0
56,Private,197369,7th-8th,4,Married-civ-spouse,Exec-managerial,Husband,White,Male,0,0,40,United-States,1
46,Private,188161,HS-grad,9,Separated,Machine-op-inspct,Own-child,Black,Female,0,0,40,United-States,0
28,Private,181659,11th,7,Never-married,Transport-moving,Own-child,White,Male,0,0,50,United-States,0
47,Private,34248,Assoc-voc,11,Married-civ-spouse,Sales,Husband,White,Male,0,0,40,United-States,1
19,Private,269991,HS-grad,9,Never-married,Other-service,Own-child,White,Male,0,0,40,Puerto-Rico,0
42,Self-emp-not-inc,101593,Bachelors,13,Married-civ-spouse,Exec-managerial,Husband,White,Male,0,0,60,United-States,1
39,Private,47871,Bachelors,13,Divorced,Exec-managerial,Unmarried,White,Female,0,0,50,United-States,1
44,Private,222504,Some-college,10,Married-civ-spouse,Adm-clerical,Wife,White,Female,0,0,45,United-States,1
57,Private,132704,Masters,14,Separated,Prof-specialty,Not-in-family,White,Male,10520,0,32,United-States,1
18,Private,194561,Some-college,10,Never-married,Other-service,Own-child,White,Male,0,0,37,United-States,0
52,Self-emp-not-inc,174752,HS-grad,9,Divorced,Craft-repair,Not-in-family,White,Male,0,0,40,United-States,0
24,Private,201680,HS-grad,9,Never-married,Craft-repair,Own-child,White,Male,0,0,40,United-States,0
23,Private,60331,Some-college,10,Never-married,Craft-repair,Not-in-family,White,Male,0,0,40,United-States,0
26,Private,247025,Some-college,10,Never-married,Handlers-cleaners,Not-in-family,White,Male,0,0,40,United-States,0
37,Private,148581,HS-grad,9,Married-civ-spouse,Transport-moving,Husband,White,Male,0,0,50,United-States,1
44,Private,159911,7th-8th,4,Married-civ-spouse,Other-service,Wife,White,Female,0,0,55,United-States,0
31,Private,43819,Bachelors,13,Married-civ-spouse,Prof-specialty,Wife,White,Female,7688,0,43,United-States,1
27,Private,94064,Assoc-voc,11,Divorced,Machine-op-inspct,Not-in-family,White,Male,0,0,40,United-States,0
47,Private,101299,HS-grad,9,Married-civ-spouse,Craft-repair,Husband,White,Male,0,0,40,United-States,0
17,Private,289405,11th,7,Never-married,Machine-op-inspct,Own-child,Other,Male,0,0,12,United-States,0
47,Private,70754,HS-grad,9,Married-civ-spouse,Craft-repair,Husband,White,Male,0,0,40,United-States,0
52,Private,110977,Doctorate,16,Never-married,Exec-managerial,Not-in-family,White,Male,0,0,40,United-States,1
39,Local-gov,214284,Bachelors,13,Widowed,Prof-specialty,Unmarried,Asian-Pac-Islander,Female,0,0,10,Japan,0
34,Private,160216,Bachelors,13,Never-married,Exec-managerial,Not-in-family,White,Female,0,0,55,United-States,1
30,Private,313038,HS-grad,9,Never-married,Craft-repair,Not-in-family,White,Male,0,0,40,United-States,0
61,Private,423297,Doctorate,16,Married-civ-spouse,Prof-specialty,Husband,White,Male,0,0,40,United-States,1
62,Private,121319,Bachelors,13,Married-civ-spouse,Prof-specialty,Husband,White,Male,3103,0,40,United-States,1
52,Private,308764,Some-college,10,Divorced,Exec-managerial,Unmarried,White,Female,0,0,40,United-States,0
52,Self-emp-inc,173754,Prof-school,15,Married-civ-spouse,Prof-specialty,Husband,White,Male,15024,0,60,United-States,1
30,Private,224462,HS-grad,9,Never-married,Handlers-cleaners,Own-child,White,Male,0,0,40,United-States,0
27,Private,29904,Bachelors,13,Never-married,Tech-support,Not-in-family,White,Female,0,0,40,United-States,0
50,Local-gov,50178,Some-college,10,Married-civ-spouse,Craft-repair,Husband,White,Male,4064,0,55,United-States,0
39,Private,90646,Assoc-voc,11,Divorced,Adm-clerical,Unmarried,White,Female,0,0,40,United-States,0
25,Private,201635,Bachelors,13,Never-married,Exec-managerial,Not-in-family,White,Female,0,0,50,United-States,0
35,Private,241998,HS-grad,9,Never-married,Sales,Not-in-family,White,Male,4787,0,40,United-States,1
34,Self-emp-inc,174215,Masters,14,Never-married,Exec-managerial,Not-in-family,White,Female,4787,0,45,France,1
41,Federal-gov,207685,Bachelors,13,Never-married,Exec-managerial,Not-in-family,White,Male,0,0,40,United-States,1
45,Private,230979,Some-college,10,Married-spouse-absent,Adm-clerical,Not-in-family,White,Female,0,0,40,United-States,0
18,Private,79443,11th,7,Never-married,Other-service,Own-child,White,Male,0,0,8,United-States,0
47,Local-gov,148576,Prof-school,15,Married-civ-spouse,Prof-specialty,Husband,White,Male,0,0,35,United-States,0
52,Private,292110,5th-6th,3,Never-married,Handlers-cleaners,Not-in-family,White,Female,0,0,40,United-States,0
25,Private,189775,Some-college,10,Married-spouse-absent,Adm-clerical,Own-child,Black,Female,0,0,20,United-States,0
22,Private,276133,HS-grad,9,Never-married,Farming-fishing,Not-in-family,White,Male,0,0,50,United-States,0
25,Private,103358,Some-college,10,Never-married,Machine-op-inspct,Own-child,White,Male,0,0,40,India,0
62,Private,214288,HS-grad,9,Married-civ-spouse,Machine-op-inspct,Husband,White,Male,0,0,40,United-States,0
44,Private,210525,Bachelors,13,Married-civ-spouse,Prof-specialty,Husband,White,Male,0,0,40,United-States,1
30,Self-emp-not-inc,173854,HS-grad,9,Married-civ-spouse,Craft-repair,Husband,White,Male,0,0,60,United-States,0
31,Private,204752,12th,8,Never-married,Sales,Own-child,White,Male,0,0,32,United-States,0
59,Private,232672,Masters,14,Married-civ-spouse,Exec-managerial,Husband,White,Male,0,0,40,United-States,1
47,Private,431245,7th-8th,4,Married-civ-spouse,Craft-repair,Husband,White,Male,0,0,40,United-States,0
19,Private,119075,Some-college,10,Never-married,Handlers-cleaners,Own-child,White,Male,0,0,50,United-States,0
47,Private,306183,Some-college,10,Divorced,Other-service,Own-child,White,Female,0,0,44,United-States,0
45,Local-gov,160187,HS-grad,9,Married-spouse-absent,Adm-clerical,Unmarried,Black,Female,0,0,40,United-States,0
30,Private,329425,Some-college,10,Never-married,Protective-serv,Own-child,White,Male,0,0,48,United-States,0
47,Private,176319,HS-grad,9,Married-civ-spouse,Sales,Own-child,White,Female,0,0,38,United-States,1
41,Local-gov,185057,Masters,14,Never-married,Prof-specialty,Not-in-family,White,Female,0,0,40,United-States,0
34,Private,114639,Some-college,10,Never-married,Handlers-cleaners,Other-relative,White,Male,0,0,20,United-States,0
49,Private,50748,Bachelors,13,Widowed,Prof-specialty,Unmarried,White,Female,1506,0,35,United-States,0
40,Federal-gov,75313,Bachelors,13,Married-civ-spouse,Prof-specialty,Husband,White,Male,7688,0,66,United-States,1
60,Private,367695,Assoc-acdm,12,Married-civ-spouse,Adm-clerical,Husband,White,Male,0,0,40,United-States,1
19,Private,198668,HS-grad,9,Never-married,Handlers-cleaners,Own-child,White,Male,0,0,40,United-States,0
34,Private,219619,HS-grad,9,Never-married,Handlers-cleaners,Not-in-family,White,Male,0,0,40,United-States,0
34,Private,182926,HS-grad,9,Married-civ-spouse,Craft-repair,Husband,White,Male,0,0,43,United-States,1
35,Private,263081,HS-grad,9,Married-civ-spouse,Craft-repair,Husband,Black,Male,0,0,60,United-States,1
40,Local-gov,63042,Bachelors,13,Married-civ-spouse,Prof-specialty,Wife,White,Female,0,0,40,United-States,1
27,Private,42734,Some-college,10,Never-married,Other-service,Not-in-family,White,Male,0,0,25,United-States,0
22,Private,291386,Some-college,10,Never-married,Adm-clerical,Not-in-family,White,Female,0,0,40,United-States,0
52,Private,155983,Bachelors,13,Married-civ-spouse,Exec-managerial,Husband,White,Male,0,0,40,United-States,1
49,Self-emp-not-inc,263568,Bachelors,13,Married-civ-spouse,Exec-managerial,Husband,White,Male,0,0,60,United-States,1
21,Private,256240,11th,7,Married-civ-spouse,Machine-op-inspct,Husband,White,Male,0,0,40,United-States,0
41,Private,243607,5th-6th,3,Married-civ-spouse,Adm-clerical,Husband,White,Male,0,0,40,Mexico,0
80,Private,86111,Doctorate,16,Married-civ-spouse,Prof-specialty,Husband,White,Male,0,0,30,United-States,0
67,Private,274451,10th,6,Married-civ-spouse,Transport-moving,Husband,White,Male,0,0,16,United-States,0
29,Private,173652,Some-college,10,Never-married,Adm-clerical,Own-child,White,Female,0,0,40,United-States,0
52,Self-emp-not-inc,44728,Some-college,10,Married-civ-spouse,Sales,Husband,White,Male,0,0,55,United-States,1
25,Self-emp-not-inc,182809,HS-grad,9,Married-civ-spouse,Craft-repair,Husband,White,Male,7298,0,40,United-States,1
36,Private,306567,HS-grad,9,Married-civ-spouse,Transport-moving,Wife,White,Female,0,0,40,United-States,1
18,Private,128086,12th,8,Never-married,Handlers-cleaners,Own-child,White,Male,0,0,18,United-States,0
56,Local-gov,104996,HS-grad,9,Married-civ-spouse,Transport-moving,Husband,White,Male,0,0,40,United-States,0
36,Self-emp-not-inc,138940,HS-grad,9,Married-civ-spouse,Farming-fishing,Husband,White,Male,0,0,70,United-States,0
86,Private,149912,Masters,14,Never-married,Adm-clerical,Not-in-family,White,Female,0,0,40,United-States,0
45,Local-gov,127678,Assoc-voc,11,Married-civ-spouse,Protective-serv,Husband,White,Male,0,0,60,United-States,1
33,Private,78707,11th,7,Never-married,Other-service,Not-in-family,Black,Male,0,0,40,United-States,0
50,Private,145333,Doctorate,16,Divorced,Prof-specialty,Other-relative,White,Male,10520,0,50,United-States,1
23,Private,207546,11th,7,Married-civ-spouse,Machine-op-inspct,Husband,White,Male,0,0,40,United-States,0
43,Local-gov,115603,Some-college,10,Divorced,Adm-clerical,Unmarried,White,Female,0,0,40,United-States,0
45,Local-gov,140644,Bachelors,13,Divorced,Protective-serv,Not-in-family,White,Male,0,0,40,United-States,1
53,Private,218630,HS-grad,9,Married-civ-spouse,Machine-op-inspct,Husband,White,Male,0,0,40,United-States,1
23,Private,204209,Some-college,10,Never-married,Handlers-cleaners,Own-child,White,Male,0,0,10,United-States,0
29,Private,132686,HS-grad,9,Divorced,Machine-op-inspct,Unmarried,White,Male,0,0,40,United-States,0
34,Private,386877,HS-grad,9,Married-civ-spouse,Machine-op-inspct,Husband,Black,Male,0,0,40,United-States,0
27,Private,178688,Assoc-voc,11,Never-married,Craft-repair,Other-relative,White,Male,0,0,40,United-States,0
21,Private,226181,Bachelors,13,Never-married,Handlers-cleaners,Not-in-family,White,Male,0,0,40,United-States,0
44,Federal-gov,201435,Assoc-voc,11,Married-civ-spouse,Craft-repair,Husband,Black,Male,0,0,40,United-States,1
19,Private,227178,11th,7,Never-married,Sales,Not-in-family,White,Female,0,0,25,United-States,0
24,Private,38455,Some-college,10,Never-married,Craft-repair,Not-in-family,White,Male,0,0,40,United-States,0
36,Private,186035,11th,7,Married-civ-spouse,Craft-repair,Husband,White,Male,5178,0,40,United-States,1
47,Private,212120,Bachelors,13,Married-civ-spouse,Exec-managerial,Husband,White,Male,0,0,45,United-States,1
37,Private,123785,HS-grad,9,Never-married,Other-service,Not-in-family,White,Male,0,0,75,United-States,0
46,Private,155933,Bachelors,13,Never-married,Machine-op-inspct,Not-in-family,White,Female,0,1602,8,United-States,0
25,Private,159732,Bachelors,13,Never-married,Prof-specialty,Not-in-family,White,Male,0,0,40,United-States,0
20,Private,247794,HS-grad,9,Never-married,Sales,Not-in-family,White,Female,0,0,84,United-States,0
38,Private,205852,Bachelors,13,Married-civ-spouse,Exec-managerial,Husband,White,Male,0,0,40,United-States,1
44,Private,59474,HS-grad,9,Married-civ-spouse,Transport-moving,Husband,White,Male,0,0,40,United-States,1
28,Private,55360,Some-college,10,Never-married,Craft-repair,Not-in-family,Black,Male,0,0,40,United-States,0
51,Federal-gov,198186,Bachelors,13,Widowed,Prof-specialty,Not-in-family,Black,Female,0,0,40,United-States,0
23,Private,272185,Assoc-voc,11,Never-married,Craft-repair,Own-child,White,Male,0,0,33,United-States,0
56,Private,265086,HS-grad,9,Married-civ-spouse,Craft-repair,Husband,White,Male,0,0,50,United-States,1
35,Private,110402,11th,7,Married-civ-spouse,Sales,Husband,White,Male,0,0,35,United-States,0
26,Private,109570,Some-college,10,Separated,Sales,Unmarried,White,Female,0,0,35,United-States,0
55,Private,195329,HS-grad,9,Widowed,Other-service,Not-in-family,White,Female,2202,0,35,Italy,0
41,Self-emp-not-inc,204235,Prof-school,15,Married-civ-spouse,Prof-specialty,Husband,White,Male,0,0,50,United-States,1
54,Self-emp-not-inc,52634,Some-college,10,Married-civ-spouse,Sales,Husband,White,Male,0,0,40,United-States,0
40,Private,119101,Some-college,10,Married-civ-spouse,Craft-repair,Husband,White,Male,0,1887,68,United-States,1
41,Private,224799,Some-college,10,Married-civ-spouse,Craft-repair,Husband,White,Male,0,0,40,United-States,0
32,State-gov,400132,Bachelors,13,Married-civ-spouse,Protective-serv,Husband,White,Male,0,0,40,United-States,1
39,Private,30673,Some-college,10,Divorced,Handlers-cleaners,Not-in-family,White,Male,0,0,50,United-States,1
49,Private,304416,11th,7,Married-civ-spouse,Sales,Wife,White,Female,0,0,40,United-States,0
48,Private,176026,HS-grad,9,Married-civ-spouse,Machine-op-inspct,Husband,White,Male,0,0,40,United-States,0
32,Private,239150,Some-college,10,Never-married,Craft-repair,Not-in-family,Black,Male,0,0,40,United-States,0
38,Private,248919,11th,7,Married-civ-spouse,Craft-repair,Husband,White,Male,0,0,40,Guatemala,0
61,Federal-gov,181081,HS-grad,9,Divorced,Adm-clerical,Own-child,Black,Female,0,0,20,United-States,0
29,Private,115677,Bachelors,13,Never-married,Prof-specialty,Not-in-family,White,Male,0,0,40,United-States,0
26,Private,169121,Bachelors,13,Married-civ-spouse,Sales,Husband,White,Male,0,0,48,United-States,1
39,State-gov,267581,HS-grad,9,Never-married,Other-service,Not-in-family,Black,Male,0,0,40,United-States,0
67,Private,95113,HS-grad,9,Married-civ-spouse,Exec-managerial,Husband,White,Male,0,0,37,United-States,1
47,Self-emp-inc,139268,Prof-school,15,Married-civ-spouse,Prof-specialty,Husband,White,Male,0,1977,60,United-States,1
60,Private,399387,7th-8th,4,Separated,Priv-house-serv,Unmarried,Black,Female,0,0,15,United-States,0
42,Self-emp-not-inc,29962,Bachelors,13,Married-civ-spouse,Sales,Husband,White,Male,0,0,48,United-States,0
31,Federal-gov,294870,Assoc-acdm,12,Married-civ-spouse,Craft-repair,Husband,White,Male,0,0,40,United-States,0
18,Private,391585,HS-grad,9,Never-married,Machine-op-inspct,Other-relative,White,Female,0,0,40,United-States,0
46,Private,199316,Some-college,10,Married-civ-spouse,Craft-repair,Other-relative,Asian-Pac-Islander,Male,0,0,40,India,0
57,Local-gov,118481,Bachelors,13,Married-civ-spouse,Prof-specialty,Husband,White,Male,0,1902,40,United-States,1
53,Private,270546,HS-grad,9,Divorced,Priv-house-serv,Not-in-family,White,Female,0,0,20,United-States,0
49,Private,116789,HS-grad,9,Married-civ-spouse,Farming-fishing,Husband,White,Male,0,0,40,United-States,0
45,Private,49298,Bachelors,13,Never-married,Tech-support,Own-child,White,Male,0,0,40,United-States,0
26,Private,289980,5th-6th,3,Married-civ-spouse,Farming-fishing,Husband,White,Male,0,0,30,Mexico,0
28,Private,261725,1st-4th,2,Never-married,Machine-op-inspct,Not-in-family,White,Female,0,0,40,Mexico,0
32,Self-emp-not-inc,129497,Some-college,10,Married-civ-spouse,Craft-repair,Husband,White,Male,0,0,55,United-States,1
29,Private,131310,Assoc-acdm,12,Never-married,Sales,Own-child,White,Female,0,0,40,United-States,0
45,Private,148900,Bachelors,13,Married-civ-spouse,Prof-specialty,Husband,White,Male,0,0,50,United-States,1
33,Private,167771,Some-college,10,Separated,Other-service,Not-in-family,White,Female,0,0,30,United-States,0
44,Private,174373,Assoc-acdm,12,Married-civ-spouse,Craft-repair,Husband,White,Male,0,0,40,United-States,1
34,Private,384150,Bachelors,13,Married-civ-spouse,Exec-managerial,Husband,White,Male,0,0,40,United-States,1
61,Private,72442,11th,7,Married-civ-spouse,Other-service,Husband,White,Male,0,0,40,United-States,1
49,Private,204629,Bachelors,13,Married-civ-spouse,Exec-managerial,Husband,White,Male,0,0,40,United-States,1
36,State-gov,135874,Bachelors,13,Married-civ-spouse,Sales,Husband,White,Male,0,0,40,United-States,0
37,Self-emp-not-inc,268598,Bachelors,13,Married-civ-spouse,Exec-managerial,Husband,Other,Male,7298,0,50,Puerto-Rico,1
30,Private,113364,HS-grad,9,Never-married,Machine-op-inspct,Other-relative,White,Male,0,0,40,Vietnam,0
44,Private,192878,Bachelors,13,Married-civ-spouse,Machine-op-inspct,Husband,White,Male,0,0,40,United-States,1
49,Private,124672,HS-grad,9,Married-civ-spouse,Craft-repair,Husband,White,Male,0,0,40,United-States,1
25,Private,102476,Bachelors,13,Never-married,Prof-specialty,Not-in-family,White,Male,0,0,50,United-States,0
55,Private,266343,HS-grad,9,Married-civ-spouse,Prof-specialty,Husband,White,Male,0,0,46,United-States,0
51,Private,169364,Some-college,10,Divorced,Handlers-cleaners,Not-in-family,White,Female,0,0,40,Ireland,0
53,Private,608184,Bachelors,13,Married-civ-spouse,Exec-managerial,Husband,Black,Male,0,1902,40,United-States,1
17,Private,193769,9th,5,Never-married,Other-service,Unmarried,White,Male,0,0,20,United-States,0
29,Private,114870,Some-college,10,Divorced,Craft-repair,Own-child,White,Male,0,0,40,United-States,0
37,Private,223433,HS-grad,9,Married-civ-spouse,Sales,Husband,White,Male,0,0,40,United-States,1
20,Private,154781,HS-grad,9,Never-married,Adm-clerical,Not-in-family,White,Female,0,0,40,United-States,0
21,Private,56520,Some-college,10,Never-married,Adm-clerical,Own-child,White,Male,0,0,40,United-States,0
26,Self-emp-inc,109240,Bachelors,13,Never-married,Exec-managerial,Not-in-family,White,Male,0,0,50,United-States,0
23,Private,117606,Bachelors,13,Never-married,Prof-specialty,Not-in-family,White,Female,0,0,40,United-States,0
38,Private,101192,Some-college,10,Never-married,Other-service,Not-in-family,White,Male,0,0,40,United-States,0
40,Private,103789,Assoc-acdm,12,Divorced,Adm-clerical,Unmarried,Black,Female,0,0,32,United-States,0
27,Private,253814,HS-grad,9,Married-spouse-absent,Sales,Unmarried,White,Female,0,0,25,United-States,0
48,Private,174533,HS-grad,9,Married-civ-spouse,Machine-op-inspct,Husband,White,Male,0,0,40,United-States,0
50,Private,138270,HS-grad,9,Married-civ-spouse,Sales,Wife,Black,Female,0,0,40,United-States,0
57,Private,47619,Assoc-acdm,12,Divorced,Prof-specialty,Not-in-family,Black,Female,0,0,40,United-States,0
46,Private,211226,Assoc-acdm,12,Married-civ-spouse,Transport-moving,Husband,Other,Male,0,0,36,United-States,0
35,Private,168675,HS-grad,9,Separated,Transport-moving,Own-child,White,Male,0,0,50,United-States,0
17,Private,121425,11th,7,Never-married,Adm-clerical,Own-child,White,Female,0,0,16,United-States,0
44,Local-gov,433705,HS-grad,9,Married-civ-spouse,Protective-serv,Husband,White,Male,0,0,52,United-States,1
54,Private,143822,Some-college,10,Married-civ-spouse,Craft-repair,Husband,White,Male,0,0,45,United-States,1
38,Self-emp-not-inc,243484,Bachelors,13,Married-civ-spouse,Adm-clerical,Wife,White,Female,0,0,28,United-States,1
31,Private,159979,Some-college,10,Never-married,Sales,Not-in-family,Asian-Pac-Islander,Female,0,0,50,United-States,0
49,Self-emp-not-inc,179048,HS-grad,9,Married-civ-spouse,Sales,Husband,White,Male,0,0,60,Greece,0
44,Self-emp-not-inc,567788,5th-6th,3,Married-civ-spouse,Farming-fishing,Husband,White,Male,0,0,40,Mexico,0
33,Private,124827,HS-grad,9,Married-civ-spouse,Transport-moving,Husband,White,Male,0,0,40,United-States,0
29,Private,201954,Bachelors,13,Never-married,Exec-managerial,Not-in-family,White,Male,0,0,35,United-States,0
21,Private,176262,Some-college,10,Never-married,Exec-managerial,Own-child,White,Female,0,0,30,United-States,0
66,State-gov,41506,10th,6,Divorced,Other-service,Not-in-family,Black,Female,0,0,40,United-States,0
43,Private,183096,Some-college,10,Separated,Sales,Unmarried,White,Female,0,0,10,United-States,0
34,Private,182691,HS-grad,9,Divorced,Exec-managerial,Own-child,White,Male,0,0,44,United-States,0
57,Federal-gov,140711,Bachelors,13,Married-civ-spouse,Prof-specialty,Husband,White,Male,0,0,40,United-States,1
54,Local-gov,365049,Some-college,10,Never-married,Prof-specialty,Not-in-family,White,Female,0,0,40,Mexico,0
48,Self-emp-not-inc,309895,Some-college,10,Divorced,Handlers-cleaners,Own-child,White,Female,0,0,40,United-States,0
40,Private,260761,Bachelors,13,Married-civ-spouse,Adm-clerical,Husband,White,Male,0,0,40,Mexico,0
37,Local-gov,244341,Some-college,10,Never-married,Adm-clerical,Unmarried,Black,Female,0,0,40,United-States,0
19,Private,188815,HS-grad,9,Never-married,Other-service,Own-child,White,Female,34095,0,20,United-States,0
51,Self-emp-not-inc,268639,Some-college,10,Married-civ-spouse,Prof-specialty,Wife,White,Female,0,2057,60,Canada,0
42,Private,358677,HS-grad,9,Divorced,Other-service,Unmarried,Black,Male,0,0,35,United-States,0
43,Self-emp-not-inc,198096,Masters,14,Married-civ-spouse,Sales,Husband,White,Male,0,0,60,United-States,0
50,Self-emp-inc,152810,Some-college,10,Married-civ-spouse,Machine-op-inspct,Husband,White,Male,0,0,70,Germany,0
56,Local-gov,264436,Some-college,10,Divorced,Exec-managerial,Not-in-family,White,Female,0,0,40,United-States,0
18,Private,173255,HS-grad,9,Never-married,Transport-moving,Own-child,White,Male,1055,0,25,United-States,0
25,Private,74883,Bachelors,13,Never-married,Tech-support,Not-in-family,Asian-Pac-Islander,Female,0,1092,40,Philippines,0
39,Private,150480,Prof-school,15,Married-civ-spouse,Prof-specialty,Husband,White,Male,0,0,55,United-States,1
22,Private,180060,Bachelors,13,Never-married,Exec-managerial,Unmarried,White,Male,0,0,40,United-States,0
23,Self-emp-not-inc,111296,11th,7,Never-married,Craft-repair,Own-child,White,Male,0,0,50,Mexico,0
39,Private,200153,Bachelors,13,Divorced,Adm-clerical,Not-in-family,White,Male,0,0,40,United-States,0
30,Private,399522,11th,7,Married-spouse-absent,Handlers-cleaners,Unmarried,White,Female,0,0,40,United-States,0
28,Private,369114,HS-grad,9,Separated,Sales,Other-relative,White,Female,0,0,40,United-States,0
36,Private,41017,Some-college,10,Married-civ-spouse,Exec-managerial,Husband,White,Male,0,0,52,United-States,1
52,Private,256861,Bachelors,13,Married-civ-spouse,Exec-managerial,Husband,White,Male,0,0,50,United-States,0
40,State-gov,390781,HS-grad,9,Divorced,Other-service,Not-in-family,Black,Female,0,0,48,United-States,0
23,Private,197552,Some-college,10,Never-married,Sales,Own-child,White,Female,0,0,35,United-States,0
42,Private,54202,Bachelors,13,Never-married,Sales,Not-in-family,White,Male,10520,0,50,United-States,1
31,Private,159737,HS-grad,9,Never-married,Sales,Unmarried,Black,Female,0,0,58,United-States,0
27,State-gov,192257,HS-grad,9,Never-married,Protective-serv,Own-child,White,Male,2174,0,40,United-States,0
37,Private,218188,HS-grad,9,Divorced,Machine-op-inspct,Other-relative,White,Female,0,0,32,United-States,0
51,Federal-gov,40808,Bachelors,13,Never-married,Prof-specialty,Not-in-family,Amer-Indian-Eskimo,Female,0,0,43,United-States,0
49,Self-emp-not-inc,123598,HS-grad,9,Never-married,Craft-repair,Not-in-family,White,Male,0,0,30,United-States,0
41,Private,648223,1st-4th,2,Married-spouse-absent,Farming-fishing,Unmarried,White,Male,0,0,40,Mexico,0
19,Private,302945,Some-college,10,Never-married,Adm-clerical,Own-child,White,Male,0,0,10,Thailand,0
52,Private,99184,HS-grad,9,Divorced,Transport-moving,Not-in-family,White,Male,0,0,40,United-States,0
39,Private,278557,Assoc-voc,11,Married-civ-spouse,Craft-repair,Husband,White,Male,0,1628,48,United-States,0
24,Private,124971,HS-grad,9,Never-married,Sales,Not-in-family,White,Male,0,0,38,United-States,0
47,Self-emp-not-inc,162236,Bachelors,13,Never-married,Craft-repair,Not-in-family,White,Female,0,0,40,United-States,0
37,Private,271767,Bachelors,13,Never-married,Exec-managerial,Not-in-family,White,Male,0,0,48,United-States,1
26,Private,357933,Some-college,10,Never-married,Adm-clerical,Own-child,White,Female,0,0,15,United-States,0
28,Private,161087,Some-college,10,Never-married,Exec-managerial,Not-in-family,Black,Female,0,0,45,Jamaica,0
49,Private,61885,11th,7,Married-civ-spouse,Craft-repair,Husband,White,Male,0,0,40,United-States,0
41,Self-emp-inc,230168,Some-college,10,Married-civ-spouse,Sales,Husband,White,Male,0,0,91,United-States,0
18,Private,301948,HS-grad,9,Never-married,Protective-serv,Own-child,White,Male,34095,0,3,United-States,0
30,Private,36383,Bachelors,13,Married-civ-spouse,Sales,Husband,White,Male,0,0,40,Mexico,1
44,Private,227399,Assoc-voc,11,Married-civ-spouse,Exec-managerial,Husband,Black,Male,0,0,40,United-States,0
21,Private,165475,HS-grad,9,Married-civ-spouse,Machine-op-inspct,Husband,White,Male,0,0,40,United-States,0
46,Self-emp-not-inc,277946,Assoc-acdm,12,Separated,Craft-repair,Not-in-family,White,Male,0,0,40,United-States,0
53,State-gov,58913,Masters,14,Married-civ-spouse,Exec-managerial,Husband,White,Male,0,0,42,United-States,1
44,Private,476391,Some-college,10,Divorced,Farming-fishing,Not-in-family,White,Female,0,0,40,United-States,0
49,Private,193047,HS-grad,9,Married-civ-spouse,Craft-repair,Husband,White,Male,0,0,45,United-States,1
67,Private,154035,HS-grad,9,Widowed,Handlers-cleaners,Other-relative,Black,Male,0,0,32,United-States,0
37,Private,393360,Some-college,10,Never-married,Protective-serv,Own-child,Black,Male,0,0,30,United-States,0
42,Private,115511,Doctorate,16,Married-civ-spouse,Prof-specialty,Husband,White,Male,0,0,50,United-States,0
43,Private,172577,Some-college,10,Divorced,Adm-clerical,Not-in-family,White,Female,0,0,44,United-States,0
20,Private,243178,HS-grad,9,Never-married,Handlers-cleaners,Own-child,White,Male,0,0,28,United-States,0
54,Self-emp-inc,357596,Bachelors,13,Married-civ-spouse,Exec-managerial,Husband,White,Male,7298,0,55,United-States,1
56,Private,279340,11th,7,Separated,Other-service,Not-in-family,Black,Female,0,0,40,United-States,0
42,Self-emp-inc,168071,HS-grad,9,Married-civ-spouse,Sales,Husband,White,Male,0,0,43,United-States,1
32,Private,207668,HS-grad,9,Married-civ-spouse,Craft-repair,Husband,White,Male,0,0,50,United-States,0
31,State-gov,33308,Assoc-voc,11,Married-civ-spouse,Craft-repair,Husband,White,Male,0,0,40,United-States,0
38,Private,181716,12th,8,Married-civ-spouse,Craft-repair,Husband,White,Male,0,0,48,United-States,0
43,Private,152159,Bachelors,13,Married-civ-spouse,Machine-op-inspct,Husband,Black,Male,0,0,40,United-States,0
45,Private,317360,Bachelors,13,Divorced,Prof-specialty,Unmarried,White,Female,0,0,50,United-States,0
49,Private,188330,HS-grad,9,Married-civ-spouse,Sales,Husband,White,Male,0,0,40,United-States,1
69,Local-gov,286983,Some-college,10,Married-civ-spouse,Other-service,Husband,White,Male,0,0,40,United-States,0
25,Private,172581,Bachelors,13,Never-married,Prof-specialty,Not-in-family,White,Female,0,0,40,United-States,0
34,Private,196164,HS-grad,9,Never-married,Other-service,Not-in-family,White,Female,0,0,35,United-States,0
51,Private,203435,HS-grad,9,Never-married,Handlers-cleaners,Own-child,White,Female,0,0,40,United-States,0
34,Private,85374,HS-grad,9,Married-civ-spouse,Craft-repair,Husband,White,Male,0,0,40,United-States,0
65,Local-gov,221026,HS-grad,9,Married-civ-spouse,Transport-moving,Husband,White,Male,0,0,20,United-States,0
36,State-gov,110964,Bachelors,13,Married-civ-spouse,Prof-specialty,Wife,White,Female,0,1672,38,United-States,0
59,Private,160631,Bachelors,13,Married-civ-spouse,Craft-repair,Husband,White,Male,0,0,60,United-States,1
45,Local-gov,53123,11th,7,Married-civ-spouse,Other-service,Wife,White,Female,0,0,25,United-States,0
58,Self-emp-inc,143266,Bachelors,13,Married-civ-spouse,Prof-specialty,Husband,White,Male,0,0,40,United-States,0
29,Private,270379,HS-grad,9,Never-married,Exec-managerial,Unmarried,Black,Female,0,0,40,United-States,0
39,Private,165848,HS-grad,9,Married-civ-spouse,Sales,Husband,White,Male,0,0,50,United-States,0
57,Private,210688,HS-grad,9,Married-civ-spouse,Prof-specialty,Husband,White,Male,0,0,15,United-States,0
41,State-gov,108945,HS-grad,9,Never-married,Transport-moving,Not-in-family,White,Female,14344,0,40,United-States,1
77,Self-emp-inc,155761,Some-college,10,Married-civ-spouse,Sales,Husband,White,Male,0,0,8,United-States,0
25,Private,181814,HS-grad,9,Never-married,Craft-repair,Other-relative,White,Female,0,0,40,United-States,0
49,Private,206947,HS-grad,9,Divorced,Adm-clerical,Not-in-family,White,Female,0,0,40,United-States,0
22,Private,51111,Some-college,10,Never-married,Sales,Not-in-family,White,Female,0,0,40,United-States,0
25,Private,92093,Bachelors,13,Married-civ-spouse,Exec-managerial,Husband,White,Male,0,0,20,United-States,0
35,State-gov,483530,Some-college,10,Divorced,Tech-support,Unmarried,White,Female,0,0,40,United-States,0
30,Private,177216,Prof-school,15,Married-civ-spouse,Prof-specialty,Husband,Black,Male,0,1740,40,Haiti,0
31,Private,62165,HS-grad,9,Never-married,Other-service,Own-child,Black,Male,0,0,40,United-States,0
51,Private,95329,Masters,14,Divorced,Protective-serv,Unmarried,White,Male,0,0,40,United-States,0
20,Private,215495,9th,5,Never-married,Exec-managerial,Other-relative,White,Female,0,0,40,Mexico,0
42,State-gov,155657,HS-grad,9,Divorced,Adm-clerical,Not-in-family,Black,Female,0,0,25,United-States,0
45,Private,264526,Assoc-acdm,12,Divorced,Machine-op-inspct,Own-child,White,Male,0,0,40,United-States,0
54,Private,178946,HS-grad,9,Married-civ-spouse,Craft-repair,Husband,White,Male,0,0,48,United-States,1
61,Self-emp-not-inc,390472,HS-grad,9,Married-civ-spouse,Farming-fishing,Husband,White,Male,0,0,40,United-States,0
27,Private,185127,Assoc-voc,11,Never-married,Exec-managerial,Own-child,White,Male,0,0,40,United-States,0
56,Private,189975,Some-college,10,Married-civ-spouse,Craft-repair,Husband,White,Male,0,1902,60,United-States,1
36,Private,185360,HS-grad,9,Married-civ-spouse,Sales,Husband,White,Male,0,0,60,United-States,0
37,Self-emp-inc,126569,Bachelors,13,Married-civ-spouse,Craft-repair,Husband,White,Male,0,0,60,United-States,0
36,Private,186865,Doctorate,16,Married-civ-spouse,Prof-specialty,Husband,White,Male,0,0,60,United-States,1
37,Federal-gov,29054,Some-college,10,Married-civ-spouse,Adm-clerical,Husband,White,Male,0,0,42,United-States,1
47,Private,129513,Bachelors,13,Married-civ-spouse,Exec-managerial,Husband,White,Male,0,0,60,United-States,1
17,Private,206998,11th,7,Never-married,Handlers-cleaners,Own-child,White,Male,0,0,10,United-States,0
60,Private,146674,10th,6,Married-civ-spouse,Handlers-cleaners,Husband,Black,Male,0,0,40,United-States,0
31,State-gov,286911,Some-college,10,Married-civ-spouse,Adm-clerical,Husband,White,Male,0,0,38,United-States,0
45,Private,262802,Bachelors,13,Divorced,Exec-managerial,Unmarried,White,Female,0,0,40,United-States,0
23,Private,154210,Some-college,10,Never-married,Adm-clerical,Other-relative,Asian-Pac-Islander,Male,0,0,14,Puerto-Rico,0
34,Private,69251,Some-college,10,Married-civ-spouse,Other-service,Husband,Asian-Pac-Islander,Male,0,0,40,Philippines,0
29,Private,175738,Bachelors,13,Never-married,Exec-managerial,Not-in-family,White,Female,0,0,45,United-States,1
33,Private,246038,Bachelors,13,Married-civ-spouse,Prof-specialty,Husband,White,Male,0,0,40,United-States,1
59,Private,77884,Assoc-voc,11,Never-married,Craft-repair,Not-in-family,Asian-Pac-Islander,Male,0,0,40,United-States,0
68,Self-emp-inc,182131,Some-college,10,Married-civ-spouse,Exec-managerial,Husband,White,Male,10605,0,20,United-States,1
59,Self-emp-not-inc,81107,Some-college,10,Married-civ-spouse,Sales,Wife,White,Female,0,0,80,United-States,1
28,Private,435842,Bachelors,13,Married-civ-spouse,Exec-managerial,Husband,White,Male,0,0,40,United-States,0
43,Private,152420,Some-college,10,Married-civ-spouse,Machine-op-inspct,Husband,Black,Male,0,0,50,United-States,0
23,Private,184271,Bachelors,13,Never-married,Prof-specialty,Not-in-family,White,Female,0,0,36,United-States,0
24,Private,186314,Some-college,10,Separated,Prof-specialty,Own-child,White,Male,0,0,54,United-States,0
37,State-gov,160910,Doctorate,16,Married-civ-spouse,Prof-specialty,Husband,White,Male,0,0,45,United-States,0
29,Private,114801,Some-college,10,Married-civ-spouse,Exec-managerial,Husband,White,Male,0,0,40,United-States,0
31,Private,382368,Some-college,10,Never-married,Adm-clerical,Not-in-family,White,Male,0,0,40,Germany,0
36,Local-gov,241962,Bachelors,13,Married-civ-spouse,Adm-clerical,Husband,White,Male,0,0,40,United-States,0
46,Private,428350,HS-grad,9,Married-civ-spouse,Other-service,Own-child,White,Female,0,0,15,United-States,0
45,Self-emp-inc,117605,HS-grad,9,Married-civ-spouse,Exec-managerial,Husband,White,Male,0,0,48,United-States,1
38,Federal-gov,248919,HS-grad,9,Married-civ-spouse,Transport-moving,Husband,White,Male,0,2051,40,United-States,0
46,Private,155659,Some-college,10,Married-civ-spouse,Craft-repair,Husband,White,Male,15024,0,45,United-States,1
50,Self-emp-not-inc,68898,Masters,14,Married-civ-spouse,Sales,Husband,White,Male,7688,0,55,United-States,1
23,Private,176486,Some-college,10,Never-married,Other-service,Other-relative,White,Female,0,0,25,United-States,0
34,Private,213307,HS-grad,9,Never-married,Handlers-cleaners,Unmarried,White,Female,7443,0,35,United-States,0
22,Private,496856,Some-college,10,Married-civ-spouse,Exec-managerial,Wife,White,Female,0,0,40,United-States,0
30,Federal-gov,295010,Bachelors,13,Never-married,Protective-serv,Not-in-family,White,Female,0,0,60,United-States,1
34,Private,100669,Bachelors,13,Married-civ-spouse,Transport-moving,Husband,Asian-Pac-Islander,Male,0,0,40,United-States,1
35,Private,200426,Assoc-voc,11,Married-spouse-absent,Prof-specialty,Unmarried,White,Female,0,0,44,United-States,0
28,Private,480861,HS-grad,9,Married-civ-spouse,Machine-op-inspct,Husband,White,Male,0,0,45,United-States,0
38,Private,129102,HS-grad,9,Married-civ-spouse,Exec-managerial,Husband,White,Male,0,0,50,United-States,0
29,Private,176037,Assoc-voc,11,Divorced,Tech-support,Not-in-family,Black,Male,14344,0,40,United-States,1
37,Local-gov,249392,Assoc-voc,11,Married-civ-spouse,Protective-serv,Husband,White,Male,0,0,40,United-States,1
20,Private,250630,Some-college,10,Never-married,Sales,Not-in-family,White,Female,0,0,20,United-States,0
59,Private,99131,Masters,14,Widowed,Exec-managerial,Not-in-family,White,Female,0,0,40,United-States,1
28,Private,133696,Bachelors,13,Never-married,Sales,Unmarried,White,Male,0,0,65,United-States,0
23,Federal-gov,55465,Some-college,10,Never-married,Handlers-cleaners,Not-in-family,White,Male,0,0,40,United-States,0
69,Private,230417,Doctorate,16,Married-civ-spouse,Prof-specialty,Husband,White,Male,0,0,40,China,1
46,Private,106255,Some-college,10,Married-civ-spouse,Craft-repair,Husband,White,Male,0,0,40,United-States,0
19,Self-emp-not-inc,47176,Some-college,10,Never-married,Craft-repair,Not-in-family,White,Female,0,0,15,United-States,0
36,Private,224531,Bachelors,13,Married-civ-spouse,Sales,Husband,White,Male,0,0,50,United-States,1
45,Private,205424,Bachelors,13,Never-married,Prof-specialty,Not-in-family,White,Male,0,0,40,United-States,1
47,Local-gov,173938,Bachelors,13,Married-civ-spouse,Craft-repair,Husband,White,Male,0,0,50,United-States,1
58,Private,250206,10th,6,Married-civ-spouse,Craft-repair,Husband,White,Male,5178,0,40,United-States,1
25,Private,162687,12th,8,Married-civ-spouse,Craft-repair,Husband,White,Male,0,0,40,United-States,1
64,State-gov,222966,7th-8th,4,Married-civ-spouse,Other-service,Wife,Black,Female,0,0,40,United-States,0
21,Private,304949,Some-college,10,Never-married,Prof-specialty,Own-child,White,Female,0,0,10,United-States,0
23,Private,122272,HS-grad,9,Never-married,Craft-repair,Own-child,White,Female,0,0,40,United-States,0
19,Private,237848,Some-college,10,Never-married,Other-service,Own-child,White,Male,0,0,3,United-States,0
30,Private,296453,HS-grad,9,Never-married,Craft-repair,Not-in-family,White,Male,0,0,35,United-States,0
58,Private,118303,HS-grad,9,Widowed,Sales,Not-in-family,White,Female,0,0,35,United-States,1
19,Private,97189,Some-college,10,Never-married,Sales,Own-child,White,Female,0,0,22,United-States,0
36,Private,255454,HS-grad,9,Never-married,Craft-repair,Own-child,Black,Male,0,0,30,United-States,0
38,Private,312108,HS-grad,9,Never-married,Other-service,Unmarried,Black,Female,0,0,40,United-States,0
28,Private,61435,HS-grad,9,Married-civ-spouse,Craft-repair,Husband,White,Male,0,0,45,United-States,0
36,Private,287658,HS-grad,9,Never-married,Adm-clerical,Own-child,Black,Male,0,0,40,United-States,0
60,Federal-gov,27466,Some-college,10,Widowed,Exec-managerial,Not-in-family,White,Female,0,0,40,England,0
33,Private,198069,HS-grad,9,Never-married,Machine-op-inspct,Not-in-family,White,Male,0,0,65,United-States,0
43,Self-emp-not-inc,150528,HS-grad,9,Married-civ-spouse,Craft-repair,Husband,White,Male,0,0,30,United-States,0
63,Self-emp-not-inc,129845,7th-8th,4,Married-civ-spouse,Craft-repair,Husband,White,Male,0,0,40,United-States,0
22,Private,406978,Bachelors,13,Never-married,Exec-managerial,Other-relative,White,Female,0,0,40,United-States,0
27,Private,341672,Some-college,10,Never-married,Adm-clerical,Other-relative,Asian-Pac-Islander,Male,0,0,40,India,0
23,Private,181820,Some-college,10,Never-married,Farming-fishing,Unmarried,White,Male,0,0,45,United-States,0
47,Private,254367,Some-college,10,Married-civ-spouse,Exec-managerial,Husband,White,Male,0,0,50,United-States,1
53,Self-emp-not-inc,240138,HS-grad,9,Married-civ-spouse,Craft-repair,Husband,White,Male,0,0,60,United-States,0
48,Private,195491,HS-grad,9,Divorced,Sales,Not-in-family,White,Female,0,0,30,United-States,0
26,Private,333677,Bachelors,13,Never-married,Exec-managerial,Own-child,White,Male,2463,0,35,United-States,0
19,Private,217418,Some-college,10,Never-married,Adm-clerical,Other-relative,Black,Female,0,0,38,United-States,0
48,Private,498325,Assoc-acdm,12,Married-civ-spouse,Transport-moving,Husband,White,Male,0,0,50,United-States,0
23,Private,35633,HS-grad,9,Married-civ-spouse,Handlers-cleaners,Husband,White,Male,0,0,40,United-States,0
23,Private,175424,Some-college,10,Never-married,Adm-clerical,Own-child,Black,Female,0,0,40,United-States,0
67,Self-emp-not-inc,139960,7th-8th,4,Married-civ-spouse,Craft-repair,Husband,White,Male,0,0,40,United-States,0
26,Private,311497,Bachelors,13,Never-married,Exec-managerial,Not-in-family,White,Female,0,0,40,United-States,0
57,Self-emp-inc,101338,Bachelors,13,Married-civ-spouse,Exec-managerial,Husband,White,Male,0,0,20,United-States,0
28,Private,218887,HS-grad,9,Never-married,Farming-fishing,Unmarried,White,Female,0,0,35,United-States,0
61,Local-gov,260167,HS-grad,9,Widowed,Prof-specialty,Not-in-family,White,Female,0,0,40,United-States,0
47,Private,236805,Some-college,10,Divorced,Sales,Unmarried,White,Female,0,0,60,United-States,0
20,Private,161092,Some-college,10,Never-married,Handlers-cleaners,Own-child,White,Male,0,0,40,United-States,0
37,State-gov,34996,HS-grad,9,Separated,Other-service,Unmarried,White,Female,0,0,40,United-States,0
31,Private,120857,HS-grad,9,Married-civ-spouse,Sales,Wife,White,Female,0,0,18,United-States,0
40,Self-emp-inc,157240,Masters,14,Married-civ-spouse,Exec-managerial,Wife,White,Female,15024,0,30,Iran,1
27,Private,183627,Bachelors,13,Married-civ-spouse,Exec-managerial,Husband,White,Male,0,1977,50,United-States,1
33,Private,123291,HS-grad,9,Married-civ-spouse,Machine-op-inspct,Husband,White,Male,0,0,84,United-States,1
56,Private,172364,HS-grad,9,Married-civ-spouse,Machine-op-inspct,Husband,White,Male,0,0,40,United-States,0
56,Private,182460,HS-grad,9,Married-civ-spouse,Handlers-cleaners,Husband,White,Male,0,0,40,United-States,1
41,Private,187881,Some-college,10,Married-civ-spouse,Sales,Husband,White,Male,3942,0,40,United-States,0
23,Private,31606,HS-grad,9,Never-married,Adm-clerical,Unmarried,White,Female,0,0,40,United-States,0
47,Local-gov,39986,Bachelors,13,Married-civ-spouse,Prof-specialty,Husband,White,Male,0,0,40,United-States,0
19,Private,28790,Some-college,10,Never-married,Other-service,Not-in-family,White,Female,0,0,40,United-States,0
30,State-gov,46144,HS-grad,9,Married-AF-spouse,Adm-clerical,Own-child,White,Female,0,0,38,United-States,0
18,Private,184277,HS-grad,9,Never-married,Sales,Own-child,White,Female,0,0,25,United-States,0
51,Self-emp-not-inc,155963,Some-college,10,Married-civ-spouse,Craft-repair,Husband,White,Male,0,0,55,United-States,0
18,Private,404085,HS-grad,9,Married-civ-spouse,Adm-clerical,Wife,White,Female,0,0,40,United-States,0
52,Private,206862,HS-grad,9,Married-civ-spouse,Craft-repair,Husband,White,Male,0,0,40,United-States,0
31,Private,119432,Bachelors,13,Married-civ-spouse,Sales,Husband,White,Male,0,0,40,United-States,1
61,Private,29059,HS-grad,9,Divorced,Sales,Unmarried,White,Female,0,2754,25,United-States,0
56,Self-emp-not-inc,144380,Some-college,10,Married-spouse-absent,Prof-specialty,Not-in-family,Black,Male,0,0,50,United-States,0
24,Private,148320,Some-college,10,Married-civ-spouse,Adm-clerical,Husband,Black,Male,0,0,40,United-States,0
44,Self-emp-not-inc,274562,HS-grad,9,Never-married,Craft-repair,Not-in-family,White,Male,14344,0,40,United-States,1
21,Private,207923,Some-college,10,Married-spouse-absent,Adm-clerical,Own-child,White,Female,0,0,15,United-States,0
25,Private,267426,HS-grad,9,Married-civ-spouse,Handlers-cleaners,Husband,White,Male,0,0,40,United-States,0
66,Self-emp-not-inc,174995,Assoc-acdm,12,Married-civ-spouse,Craft-repair,Husband,White,Male,2290,0,30,Hungary,0
30,Local-gov,181372,Bachelors,13,Married-civ-spouse,Prof-specialty,Wife,White,Female,0,0,33,United-States,1
35,Private,246449,HS-grad,9,Never-married,Other-service,Not-in-family,White,Male,3325,0,50,United-States,0
40,Private,104196,HS-grad,9,Married-civ-spouse,Tech-support,Husband,White,Male,0,0,40,United-States,0
39,Local-gov,203070,HS-grad,9,Separated,Protective-serv,Not-in-family,White,Male,0,0,40,United-States,0
18,Private,96445,Some-college,10,Never-married,Other-service,Own-child,White,Female,0,0,24,United-States,0
21,State-gov,96483,Some-college,10,Never-married,Adm-clerical,Own-child,Asian-Pac-Islander,Female,0,0,12,United-States,0
60,Private,156889,Some-college,10,Divorced,Adm-clerical,Not-in-family,White,Female,0,0,40,United-States,0
64,Private,75577,7th-8th,4,Married-civ-spouse,Adm-clerical,Husband,White,Male,2580,0,50,United-States,0
64,Private,298301,HS-grad,9,Married-civ-spouse,Other-service,Husband,White,Male,0,0,40,United-States,0
40,Private,176069,Bachelors,13,Divorced,Prof-specialty,Not-in-family,White,Female,0,0,45,United-States,0
41,Local-gov,396467,Assoc-acdm,12,Married-civ-spouse,Exec-managerial,Husband,Black,Male,0,0,50,United-States,1
57,Self-emp-not-inc,138285,Assoc-acdm,12,Married-civ-spouse,Other-service,Husband,White,Male,0,0,40,Iran,0
26,Private,266022,Some-college,10,Married-civ-spouse,Sales,Husband,White,Male,0,0,50,United-States,0
50,Private,192203,11th,7,Married-civ-spouse,Transport-moving,Husband,White,Male,0,0,40,United-States,0
23,Private,462294,Assoc-acdm,12,Never-married,Other-service,Own-child,Black,Male,0,0,44,United-States,0
31,Private,219318,HS-grad,9,Never-married,Adm-clerical,Unmarried,White,Female,0,0,35,Puerto-Rico,0
47,Private,156926,Bachelors,13,Married-civ-spouse,Exec-managerial,Husband,White,Male,0,0,45,Canada,1
21,Private,180339,Some-college,10,Never-married,Adm-clerical,Not-in-family,White,Female,0,0,45,United-States,0
32,Private,80058,HS-grad,9,Married-civ-spouse,Adm-clerical,Husband,White,Male,0,0,40,United-States,0
18,Private,245199,Some-college,10,Never-married,Other-service,Own-child,White,Male,0,0,40,United-States,0
27,Private,214858,10th,6,Married-civ-spouse,Craft-repair,Other-relative,White,Male,0,0,55,United-States,0
39,Private,117381,HS-grad,9,Never-married,Tech-support,Not-in-family,White,Male,0,0,62,England,0
41,Private,320984,Prof-school,15,Married-civ-spouse,Prof-specialty,Husband,White,Male,99999,0,65,United-States,1
49,Self-emp-inc,125892,Masters,14,Married-civ-spouse,Exec-managerial,Husband,White,Male,0,0,50,United-States,1
58,Private,192806,7th-8th,4,Never-married,Handlers-cleaners,Not-in-family,White,Female,0,0,33,United-States,0
38,Private,320305,7th-8th,4,Married-civ-spouse,Adm-clerical,Husband,White,Male,0,0,40,United-States,0
31,Private,454508,11th,7,Never-married,Craft-repair,Not-in-family,White,Male,0,2001,40,United-States,0
24,Private,395297,Some-college,10,Never-married,Sales,Own-child,White,Female,0,0,35,United-States,0
45,Private,137604,Some-college,10,Never-married,Other-service,Not-in-family,White,Male,0,0,40,United-States,0
47,Self-emp-not-inc,171968,Bachelors,13,Widowed,Exec-managerial,Unmarried,Asian-Pac-Islander,Female,0,0,60,Thailand,0
47,Private,80924,Some-college,10,Widowed,Other-service,Not-in-family,White,Female,0,0,35,United-States,0
50,Private,194231,Masters,14,Divorced,Sales,Not-in-family,White,Female,0,0,40,United-States,1
38,Self-emp-not-inc,30916,Assoc-acdm,12,Married-civ-spouse,Sales,Husband,White,Male,0,0,60,United-States,0
21,Private,83033,Some-college,10,Never-married,Adm-clerical,Own-child,White,Female,2176,0,20,United-States,0
33,Federal-gov,615893,Masters,14,Married-civ-spouse,Transport-moving,Husband,Black,Male,0,0,40,Nicaragua,0
57,Private,173796,HS-grad,9,Married-civ-spouse,Transport-moving,Husband,White,Male,0,1887,40,United-States,1
39,Private,136081,HS-grad,9,Married-civ-spouse,Machine-op-inspct,Husband,White,Male,0,2051,40,United-States,0
57,Self-emp-not-inc,118806,1st-4th,2,Widowed,Craft-repair,Other-relative,White,Female,0,1602,45,Columbia,0
51,Self-emp-inc,162327,11th,7,Divorced,Sales,Not-in-family,White,Male,0,0,40,United-States,0
43,Self-emp-not-inc,27242,Some-college,10,Married-civ-spouse,Craft-repair,Husband,White,Male,0,0,50,United-States,0
41,Self-emp-not-inc,190290,HS-grad,9,Divorced,Craft-repair,Not-in-family,White,Male,0,0,40,United-States,0
48,Private,304791,Some-college,10,Widowed,Adm-clerical,Not-in-family,White,Female,0,0,40,United-States,0
36,Private,128516,HS-grad,9,Married-civ-spouse,Adm-clerical,Wife,White,Female,0,0,40,United-States,1
25,Private,159662,HS-grad,9,Married-civ-spouse,Sales,Own-child,White,Male,0,0,26,United-States,1
38,Private,127601,Some-college,10,Widowed,Exec-managerial,Not-in-family,White,Female,0,0,40,United-States,1
36,Self-emp-not-inc,409189,Some-college,10,Married-civ-spouse,Craft-repair,Husband,White,Male,0,0,40,United-States,1
31,Private,87560,Some-college,10,Never-married,Machine-op-inspct,Not-in-family,White,Female,0,0,50,United-States,0
17,Private,65368,11th,7,Never-married,Sales,Own-child,White,Female,0,0,12,United-States,0
22,Private,199336,Some-college,10,Never-married,Machine-op-inspct,Own-child,White,Male,0,0,25,United-States,0
32,Private,330715,HS-grad,9,Married-civ-spouse,Craft-repair,Husband,White,Male,99999,0,40,United-States,1
34,Private,252646,Some-college,10,Married-civ-spouse,Prof-specialty,Husband,White,Male,7298,0,50,United-States,1
20,Private,113511,11th,7,Never-married,Transport-moving,Own-child,White,Male,0,0,40,United-States,0
24,Private,204172,Bachelors,13,Never-married,Sales,Other-relative,White,Female,0,0,40,United-States,0
26,Private,333108,HS-grad,9,Divorced,Sales,Not-in-family,White,Male,0,0,40,United-States,0
24,Private,239663,Some-college,10,Married-civ-spouse,Adm-clerical,Husband,White,Male,0,0,15,United-States,0
47,Private,169388,11th,7,Divorced,Other-service,Unmarried,White,Female,0,0,15,United-States,0
24,Private,96844,Some-college,10,Never-married,Adm-clerical,Not-in-family,White,Female,0,0,17,United-States,0
38,Private,682947,Bachelors,13,Divorced,Exec-managerial,Not-in-family,White,Male,0,0,55,United-States,1
39,Self-emp-not-inc,52870,HS-grad,9,Married-civ-spouse,Craft-repair,Husband,White,Male,0,0,40,United-States,1
32,Private,267736,Some-college,10,Never-married,Adm-clerical,Own-child,Black,Female,0,0,40,United-States,0
21,Private,227986,HS-grad,9,Never-married,Machine-op-inspct,Unmarried,White,Female,0,0,40,United-States,0
43,Self-emp-inc,150533,HS-grad,9,Married-civ-spouse,Sales,Husband,White,Male,0,0,68,United-States,1
67,Private,264095,Some-college,10,Married-civ-spouse,Handlers-cleaners,Husband,White,Male,9386,0,24,Cuba,1
44,Private,242861,HS-grad,9,Married-civ-spouse,Transport-moving,Husband,White,Male,0,0,40,United-States,0
47,Self-emp-not-inc,83064,Bachelors,13,Married-civ-spouse,Farming-fishing,Husband,White,Male,0,0,60,United-States,0
39,Self-emp-not-inc,188571,11th,7,Married-civ-spouse,Transport-moving,Husband,White,Male,0,0,40,United-States,0
51,State-gov,172962,Doctorate,16,Married-civ-spouse,Prof-specialty,Husband,White,Male,0,0,40,United-States,1
73,Private,139978,11th,7,Married-civ-spouse,Machine-op-inspct,Husband,White,Male,0,0,40,United-States,0
46,State-gov,164023,Some-college,10,Married-civ-spouse,Protective-serv,Husband,Black,Male,0,0,70,United-States,1
30,Private,316606,Bachelors,13,Married-civ-spouse,Other-service,Wife,White,Female,0,0,40,United-States,0
35,Private,182898,HS-grad,9,Never-married,Adm-clerical,Not-in-family,White,Male,8614,0,40,United-States,1
20,Private,71475,Some-college,10,Never-married,Adm-clerical,Own-child,White,Female,0,0,40,United-States,0
31,Private,113838,HS-grad,9,Married-civ-spouse,Machine-op-inspct,Husband,White,Male,0,0,45,United-States,0
26,Private,160445,HS-grad,9,Divorced,Craft-repair,Not-in-family,White,Male,0,0,40,United-States,0
24,Private,493034,Bachelors,13,Never-married,Prof-specialty,Not-in-family,Black,Male,0,0,40,United-States,0
42,Private,657397,HS-grad,9,Married-civ-spouse,Machine-op-inspct,Husband,White,Male,0,0,40,Mexico,0
37,Local-gov,189878,Some-college,10,Married-civ-spouse,Protective-serv,Husband,White,Male,0,0,60,United-States,0
38,Private,164898,HS-grad,9,Never-married,Craft-repair,Not-in-family,White,Male,0,0,40,United-States,0
32,Private,42485,HS-grad,9,Divorced,Craft-repair,Unmarried,White,Male,0,0,40,United-States,0
59,Self-emp-not-inc,148626,10th,6,Married-civ-spouse,Farming-fishing,Husband,White,Male,0,0,40,United-States,0
35,Private,176123,10th,6,Married-civ-spouse,Other-service,Husband,Asian-Pac-Islander,Male,0,0,60,India,0
54,Private,174655,HS-grad,9,Married-civ-spouse,Adm-clerical,Husband,White,Male,0,0,40,United-States,0
26,Private,115717,Some-college,10,Married-civ-spouse,Adm-clerical,Husband,White,Male,0,2051,40,United-States,0
43,Private,112607,11th,7,Married-civ-spouse,Sales,Husband,White,Male,0,0,60,United-States,0
42,Local-gov,137232,HS-grad,9,Divorced,Protective-serv,Unmarried,White,Female,0,0,50,United-States,0
35,Self-emp-not-inc,127930,HS-grad,9,Married-spouse-absent,Farming-fishing,Not-in-family,White,Male,0,0,60,United-States,0
30,Private,347166,Bachelors,13,Never-married,Prof-specialty,Not-in-family,White,Male,13550,0,45,United-States,1
23,Private,101885,10th,6,Never-married,Craft-repair,Not-in-family,White,Female,0,0,40,United-States,0
43,Private,156403,10th,6,Married-civ-spouse,Handlers-cleaners,Husband,White,Male,0,0,40,United-States,0
40,Private,110028,Some-college,10,Married-civ-spouse,Craft-repair,Husband,White,Male,0,0,40,United-States,0
29,Self-emp-not-inc,85572,11th,7,Married-civ-spouse,Other-service,Wife,White,Female,0,0,5,United-States,0
23,Private,287681,7th-8th,4,Never-married,Other-service,Not-in-family,White,Male,0,0,25,Mexico,0
23,Private,210797,Some-college,10,Married-civ-spouse,Craft-repair,Husband,White,Male,0,0,40,United-States,0
37,Self-emp-not-inc,29054,HS-grad,9,Married-civ-spouse,Farming-fishing,Husband,White,Male,0,0,50,United-States,0
40,Private,228535,Assoc-acdm,12,Married-civ-spouse,Prof-specialty,Husband,White,Male,7298,0,36,United-States,1
33,Private,87605,HS-grad,9,Never-married,Other-service,Unmarried,Black,Female,0,0,40,United-States,0
37,Federal-gov,419053,HS-grad,9,Divorced,Craft-repair,Not-in-family,White,Male,0,0,40,United-States,0
31,Local-gov,127651,10th,6,Never-married,Transport-moving,Other-relative,White,Male,0,1741,40,United-States,0
38,Private,198170,Assoc-voc,11,Married-civ-spouse,Sales,Husband,White,Male,0,0,40,United-States,0
23,Private,203003,7th-8th,4,Never-married,Craft-repair,Not-in-family,White,Male,0,0,25,Germany,0
43,Private,145441,Bachelors,13,Married-civ-spouse,Exec-managerial,Husband,White,Male,0,0,38,United-States,1
44,Private,125461,Doctorate,16,Married-civ-spouse,Exec-managerial,Husband,White,Male,0,0,60,United-States,1
39,Local-gov,164156,Assoc-acdm,12,Divorced,Other-service,Unmarried,White,Female,0,0,55,United-States,0
29,State-gov,214284,Masters,14,Never-married,Prof-specialty,Unmarried,Asian-Pac-Islander,Female,0,0,20,Taiwan,0
56,Private,413373,7th-8th,4,Married-civ-spouse,Transport-moving,Husband,White,Male,0,0,36,United-States,0
38,Private,168680,Some-college,10,Never-married,Adm-clerical,Own-child,Black,Female,0,0,40,United-States,0
45,Private,175262,9th,5,Married-civ-spouse,Handlers-cleaners,Husband,Asian-Pac-Islander,Male,0,0,40,India,0
34,Private,261023,Some-college,10,Married-civ-spouse,Craft-repair,Husband,White,Male,0,1651,38,United-States,0
39,Private,205359,Assoc-acdm,12,Widowed,Adm-clerical,Unmarried,White,Female,0,0,45,United-States,0
34,Private,111415,HS-grad,9,Married-civ-spouse,Sales,Husband,White,Male,0,0,70,United-States,0
29,Private,236992,HS-grad,9,Married-civ-spouse,Other-service,Husband,Black,Male,0,0,50,United-States,0
44,Private,346594,HS-grad,9,Divorced,Other-service,Unmarried,White,Female,0,0,40,United-States,0
25,Private,27411,Bachelors,13,Divorced,Sales,Not-in-family,White,Female,0,0,40,United-States,0
49,Local-gov,107231,HS-grad,9,Married-civ-spouse,Craft-repair,Husband,White,Male,0,2002,40,United-States,0
28,Private,42881,10th,6,Divorced,Machine-op-inspct,Own-child,White,Female,0,0,40,United-States,0
40,Self-emp-not-inc,277488,HS-grad,9,Divorced,Transport-moving,Not-in-family,White,Male,0,0,84,United-States,0
40,Private,694812,Some-college,10,Never-married,Craft-repair,Not-in-family,White,Male,0,0,40,United-States,0
19,Private,544091,HS-grad,9,Married-AF-spouse,Adm-clerical,Wife,White,Female,0,0,25,United-States,0
21,Private,30039,Some-college,10,Never-married,Prof-specialty,Own-child,White,Male,0,0,40,United-States,0
42,Private,355728,Assoc-voc,11,Never-married,Craft-repair,Not-in-family,White,Male,0,0,44,United-States,0
41,Private,266530,HS-grad,9,Married-civ-spouse,Other-service,Husband,Amer-Indian-Eskimo,Male,0,0,45,United-States,0
33,Private,80058,HS-grad,9,Never-married,Transport-moving,Not-in-family,White,Male,0,0,40,United-States,0
36,Private,96452,Bachelors,13,Married-civ-spouse,Prof-specialty,Husband,White,Male,0,0,45,United-States,0
23,Private,335570,Some-college,10,Never-married,Handlers-cleaners,Own-child,White,Male,0,0,35,United-States,0
17,Private,130125,10th,6,Never-married,Other-service,Own-child,Amer-Indian-Eskimo,Female,1055,0,20,United-States,0
33,Private,182246,HS-grad,9,Never-married,Prof-specialty,Not-in-family,White,Male,0,0,40,United-States,0
42,Private,332401,Bachelors,13,Never-married,Sales,Not-in-family,White,Male,0,0,40,United-States,0
33,Private,157747,Assoc-acdm,12,Married-civ-spouse,Handlers-cleaners,Husband,White,Male,0,0,40,United-States,0
40,Private,360884,Some-college,10,Never-married,Tech-support,Not-in-family,White,Female,0,0,50,United-States,1
33,Local-gov,511289,Assoc-voc,11,Married-civ-spouse,Protective-serv,Husband,White,Male,0,0,48,United-States,1
18,Private,703067,11th,7,Never-married,Sales,Own-child,White,Male,0,0,20,United-States,0
55,Federal-gov,264834,Bachelors,13,Never-married,Prof-specialty,Not-in-family,White,Female,0,0,40,United-States,0
55,Private,193130,HS-grad,9,Married-civ-spouse,Handlers-cleaners,Husband,White,Male,0,1887,40,United-States,1
32,State-gov,92003,Bachelors,13,Married-civ-spouse,Exec-managerial,Wife,White,Female,0,0,40,United-States,1
46,Private,377401,HS-grad,9,Married-civ-spouse,Transport-moving,Husband,White,Male,0,1902,70,Canada,1
23,Private,62278,Some-college,10,Married-civ-spouse,Sales,Husband,White,Male,0,0,45,United-States,0
25,Private,120535,HS-grad,9,Divorced,Sales,Unmarried,White,Female,0,0,40,United-States,0
22,Private,88126,Bachelors,13,Never-married,Exec-managerial,Own-child,White,Male,0,0,40,United-States,0
30,Private,427474,9th,5,Married-civ-spouse,Other-service,Husband,White,Male,0,0,40,Mexico,0
29,Federal-gov,309778,Some-college,10,Married-civ-spouse,Tech-support,Husband,White,Male,0,0,40,United-States,1
29,Private,375482,Bachelors,13,Never-married,Prof-specialty,Not-in-family,White,Male,0,0,50,England,0
29,Local-gov,302422,Assoc-voc,11,Never-married,Protective-serv,Not-in-family,White,Male,0,1564,56,United-States,1
39,Private,192702,Masters,14,Never-married,Craft-repair,Not-in-family,White,Female,0,0,50,United-States,0
54,Self-emp-not-inc,392286,Assoc-acdm,12,Married-civ-spouse,Sales,Husband,White,Male,0,0,50,United-States,1
44,Private,278476,Some-college,10,Married-civ-spouse,Sales,Husband,White,Male,0,0,60,United-States,1
54,Private,48358,HS-grad,9,Married-civ-spouse,Craft-repair,Husband,White,Male,0,0,40,United-States,1
23,State-gov,241951,Some-college,10,Never-married,Prof-specialty,Not-in-family,White,Male,0,0,40,United-States,0
22,Private,218886,12th,8,Never-married,Handlers-cleaners,Own-child,Amer-Indian-Eskimo,Male,0,0,40,United-States,0
50,State-gov,238187,Bachelors,13,Divorced,Adm-clerical,Not-in-family,Black,Female,0,0,37,United-States,0
25,Private,358975,HS-grad,9,Never-married,Other-service,Not-in-family,White,Female,0,0,35,United-States,0
40,Private,146653,Bachelors,13,Divorced,Adm-clerical,Unmarried,White,Female,0,0,20,United-States,0
64,Private,477697,HS-grad,9,Married-civ-spouse,Exec-managerial,Husband,White,Male,0,0,16,United-States,0
47,Federal-gov,126204,Some-college,10,Divorced,Adm-clerical,Not-in-family,White,Female,0,0,40,United-States,0
24,Private,60783,Some-college,10,Married-civ-spouse,Transport-moving,Husband,White,Male,0,0,70,United-States,1
42,Federal-gov,158926,Assoc-acdm,12,Divorced,Prof-specialty,Unmarried,Asian-Pac-Islander,Female,0,0,40,Philippines,1
18,Private,40829,11th,7,Never-married,Sales,Other-relative,Amer-Indian-Eskimo,Female,0,0,25,United-States,0
51,Private,97005,HS-grad,9,Married-civ-spouse,Craft-repair,Husband,White,Male,0,0,40,United-States,0
22,Private,117363,Some-college,10,Never-married,Adm-clerical,Not-in-family,White,Female,0,0,35,United-States,0
45,Private,55720,Bachelors,13,Married-civ-spouse,Prof-specialty,Husband,White,Male,0,0,40,United-States,1
27,Private,411950,Bachelors,13,Never-married,Prof-specialty,Not-in-family,White,Male,0,0,60,United-States,0
40,Private,84136,HS-grad,9,Married-civ-spouse,Craft-repair,Husband,White,Male,0,0,25,United-States,0
47,Private,139145,Some-college,10,Divorced,Adm-clerical,Not-in-family,White,Female,0,0,60,United-States,0
53,Private,251675,HS-grad,9,Married-civ-spouse,Craft-repair,Husband,White,Male,0,0,40,El-Salvador,0
34,Private,381153,HS-grad,9,Married-civ-spouse,Exec-managerial,Husband,White,Male,0,0,40,United-States,1
30,Private,78530,HS-grad,9,Never-married,Handlers-cleaners,Not-in-family,White,Male,0,0,40,United-States,0
41,Self-emp-inc,151089,Some-college,10,Married-civ-spouse,Exec-managerial,Husband,White,Male,0,0,50,United-States,0
46,Local-gov,167159,Some-college,10,Married-civ-spouse,Protective-serv,Husband,White,Male,0,0,70,United-States,1
20,Private,151780,Assoc-voc,11,Never-married,Sales,Not-in-family,Black,Female,0,0,35,United-States,0
37,Private,34173,Bachelors,13,Never-married,Tech-support,Not-in-family,White,Female,0,0,40,United-States,0
53,Private,324568,11th,7,Married-civ-spouse,Craft-repair,Husband,White,Male,0,0,45,United-States,0
22,Private,137862,Some-college,10,Never-married,Adm-clerical,Other-relative,White,Female,0,0,16,United-States,0
18,Private,83492,7th-8th,4,Never-married,Machine-op-inspct,Own-child,White,Male,0,0,40,United-States,0
46,Private,164749,Some-college,10,Married-civ-spouse,Exec-managerial,Husband,White,Male,0,0,40,United-States,1
21,Private,197997,Some-college,10,Never-married,Adm-clerical,Own-child,White,Male,0,0,30,United-States,0
28,Private,263614,Bachelors,13,Married-civ-spouse,Exec-managerial,Husband,White,Male,0,0,40,United-States,1
21,Local-gov,102942,Some-college,10,Never-married,Other-service,Not-in-family,White,Female,0,2001,40,United-States,0
69,Local-gov,660461,HS-grad,9,Widowed,Adm-clerical,Not-in-family,Black,Female,0,0,20,United-States,0
40,Local-gov,24763,Some-college,10,Divorced,Transport-moving,Unmarried,White,Male,6849,0,40,United-States,0
32,Private,222548,HS-grad,9,Divorced,Adm-clerical,Own-child,White,Female,0,0,40,United-States,0
43,Private,33126,Some-college,10,Married-civ-spouse,Exec-managerial,Husband,White,Male,0,0,50,United-States,0
69,Private,88566,9th,5,Married-civ-spouse,Other-service,Husband,White,Male,1424,0,35,United-States,0
48,Private,199735,Bachelors,13,Divorced,Priv-house-serv,Not-in-family,White,Female,0,0,44,Germany,0
34,Private,337587,Some-college,10,Married-civ-spouse,Prof-specialty,Husband,White,Male,0,0,50,United-States,1
47,Private,144844,HS-grad,9,Married-civ-spouse,Craft-repair,Husband,White,Male,0,0,40,United-States,0
38,Private,258888,Some-college,10,Married-civ-spouse,Adm-clerical,Wife,White,Female,0,0,35,United-States,1
32,Private,101562,Bachelors,13,Never-married,Prof-specialty,Not-in-family,White,Female,0,0,45,United-States,0
62,Private,176811,HS-grad,9,Married-civ-spouse,Craft-repair,Husband,White,Male,0,0,40,United-States,0
23,Local-gov,144165,Bachelors,13,Never-married,Prof-specialty,Own-child,Amer-Indian-Eskimo,Male,0,0,30,United-States,0
54,Private,123011,Some-college,10,Married-civ-spouse,Craft-repair,Husband,White,Male,0,0,40,United-States,1
43,Private,216697,Some-college,10,Married-civ-spouse,Protective-serv,Husband,Other,Male,0,0,32,United-States,0
39,Self-emp-not-inc,122353,Bachelors,13,Married-civ-spouse,Exec-managerial,Husband,White,Male,0,0,40,United-States,0
44,Local-gov,177240,Prof-school,15,Never-married,Prof-specialty,Not-in-family,White,Male,10520,0,40,United-States,1
58,Private,137506,HS-grad,9,Married-civ-spouse,Machine-op-inspct,Husband,White,Male,0,0,40,United-States,0
49,Private,101320,Assoc-acdm,12,Married-civ-spouse,Sales,Wife,White,Female,0,1902,40,United-States,1
19,Local-gov,276973,Some-college,10,Never-married,Prof-specialty,Own-child,White,Female,0,0,20,United-States,0
22,Private,205604,5th-6th,3,Never-married,Machine-op-inspct,Not-in-family,White,Male,0,0,30,Mexico,0
61,Private,128848,HS-grad,9,Married-civ-spouse,Machine-op-inspct,Husband,White,Male,3471,0,40,United-States,0
43,Federal-gov,25005,Masters,14,Married-civ-spouse,Handlers-cleaners,Husband,White,Male,5013,0,12,United-States,0
48,Private,120724,12th,8,Married-civ-spouse,Exec-managerial,Husband,White,Male,0,0,50,United-States,0
33,Private,184306,HS-grad,9,Divorced,Handlers-cleaners,Unmarried,White,Male,0,0,30,United-States,0
49,Private,97883,Bachelors,13,Divorced,Exec-managerial,Unmarried,White,Female,0,0,40,United-States,0
19,Private,198943,Some-college,10,Never-married,Other-service,Own-child,White,Female,0,0,35,United-States,0
28,State-gov,37250,Bachelors,13,Never-married,Prof-specialty,Own-child,White,Male,0,0,16,United-States,0
26,Private,212798,Bachelors,13,Never-married,Exec-managerial,Not-in-family,White,Female,0,0,45,United-States,0
64,Private,391121,7th-8th,4,Married-civ-spouse,Farming-fishing,Husband,White,Male,0,0,40,United-States,1
46,Self-emp-not-inc,57452,Assoc-voc,11,Married-civ-spouse,Craft-repair,Husband,White,Male,0,0,40,United-States,1
21,Private,293968,Some-college,10,Married-spouse-absent,Sales,Own-child,Black,Female,0,0,20,United-States,0
37,Private,95855,HS-grad,9,Divorced,Protective-serv,Unmarried,White,Female,0,0,40,United-States,0
51,Private,106819,7th-8th,4,Never-married,Handlers-cleaners,Own-child,White,Male,0,0,19,United-States,0
51,Private,284211,HS-grad,9,Widowed,Prof-specialty,Unmarried,White,Female,0,0,35,United-States,0
23,Private,203924,Bachelors,13,Never-married,Prof-specialty,Not-in-family,White,Male,0,0,50,United-States,0
26,Private,161007,Bachelors,13,Never-married,Adm-clerical,Own-child,White,Male,0,0,30,United-States,0
29,Private,182521,HS-grad,9,Never-married,Craft-repair,Not-in-family,Amer-Indian-Eskimo,Male,0,0,40,United-States,0
22,Private,138504,Some-college,10,Never-married,Adm-clerical,Unmarried,Black,Female,0,0,30,United-States,0
34,Private,281852,HS-grad,9,Never-married,Transport-moving,Not-in-family,Black,Male,0,0,80,United-States,0
50,Private,166220,Assoc-acdm,12,Married-civ-spouse,Sales,Wife,White,Female,3942,0,40,United-States,0
48,Private,176732,9th,5,Divorced,Sales,Not-in-family,White,Female,0,0,40,United-States,0
66,Private,142624,Assoc-acdm,12,Married-civ-spouse,Machine-op-inspct,Husband,White,Male,5556,0,40,Yugoslavia,1
19,Private,144161,HS-grad,9,Never-married,Transport-moving,Own-child,White,Male,0,0,30,United-States,0
23,Private,69911,Preschool,1,Never-married,Other-service,Own-child,White,Female,0,0,15,United-States,0
58,Private,354024,HS-grad,9,Married-civ-spouse,Adm-clerical,Wife,White,Female,0,0,40,United-States,1
39,Private,139012,Bachelors,13,Married-civ-spouse,Adm-clerical,Husband,Asian-Pac-Islander,Male,0,0,40,Philippines,1
19,Private,172582,Some-college,10,Never-married,Sales,Own-child,White,Male,0,0,30,United-States,0
40,Private,138975,HS-grad,9,Married-civ-spouse,Craft-repair,Husband,White,Male,0,0,56,United-States,0
33,Private,82393,HS-grad,9,Never-married,Craft-repair,Own-child,Asian-Pac-Islander,Male,0,0,40,United-States,0
37,Private,227545,Some-college,10,Married-civ-spouse,Sales,Husband,White,Male,0,0,44,United-States,1
43,Private,143046,HS-grad,9,Married-civ-spouse,Machine-op-inspct,Wife,White,Female,0,0,40,Greece,0
39,Private,243409,HS-grad,9,Married-civ-spouse,Exec-managerial,Husband,White,Male,0,0,60,United-States,1
49,Private,124604,HS-grad,9,Divorced,Adm-clerical,Not-in-family,White,Male,0,0,32,United-States,0
50,Private,175029,HS-grad,9,Married-civ-spouse,Handlers-cleaners,Husband,White,Male,0,0,40,United-States,1
41,Private,197919,HS-grad,9,Married-civ-spouse,Adm-clerical,Wife,White,Female,0,0,60,United-States,0
41,Private,171615,Assoc-acdm,12,Married-civ-spouse,Tech-support,Husband,White,Male,0,0,45,United-States,1
53,Private,303462,HS-grad,9,Married-civ-spouse,Machine-op-inspct,Husband,White,Male,0,0,30,United-States,0
56,Private,199713,9th,5,Married-civ-spouse,Craft-repair,Husband,White,Male,0,0,40,United-States,0
27,Private,405855,9th,5,Never-married,Craft-repair,Other-relative,White,Male,0,0,40,Mexico,0
35,Private,142616,HS-grad,9,Separated,Other-service,Own-child,Black,Female,0,0,30,United-States,0
28,Private,319768,Masters,14,Married-civ-spouse,Sales,Husband,White,Male,0,0,45,France,1
40,State-gov,34218,HS-grad,9,Married-civ-spouse,Craft-repair,Husband,White,Male,0,0,40,United-States,0
36,Private,175759,Bachelors,13,Married-civ-spouse,Exec-managerial,Husband,White,Male,7298,0,50,United-States,1
60,Self-emp-not-inc,35649,Bachelors,13,Married-civ-spouse,Craft-repair,Husband,White,Male,0,0,40,United-States,0
28,Private,219267,HS-grad,9,Never-married,Other-service,Unmarried,White,Female,0,0,28,United-States,0
31,Private,143653,Assoc-voc,11,Married-civ-spouse,Sales,Husband,White,Male,0,0,50,United-States,0
40,Self-emp-not-inc,198953,Assoc-acdm,12,Never-married,Prof-specialty,Own-child,Black,Female,0,0,2,United-States,0
32,Private,290964,Bachelors,13,Never-married,Sales,Not-in-family,White,Female,0,1590,40,United-States,0
52,Local-gov,155141,Doctorate,16,Married-civ-spouse,Prof-specialty,Wife,White,Female,0,0,40,United-States,1
17,Private,275051,11th,7,Never-married,Adm-clerical,Own-child,White,Female,0,0,8,United-States,0
52,Private,123011,Some-college,10,Married-civ-spouse,Exec-managerial,Husband,White,Male,0,0,45,United-States,1
54,Private,172962,HS-grad,9,Married-civ-spouse,Sales,Husband,White,Male,0,0,40,United-States,0
51,Private,99064,Assoc-voc,11,Married-civ-spouse,Craft-repair,Husband,White,Male,5013,0,40,United-States,0
46,Self-emp-inc,110457,Masters,14,Married-civ-spouse,Exec-managerial,Husband,White,Male,0,0,55,United-States,1
25,Private,114838,Prof-school,15,Never-married,Prof-specialty,Not-in-family,White,Female,0,0,8,Italy,0
37,Private,241998,Bachelors,13,Married-civ-spouse,Tech-support,Husband,White,Male,0,0,50,United-States,1
28,Private,261278,Assoc-voc,11,Never-married,Tech-support,Not-in-family,Black,Female,0,0,40,United-States,0
55,Private,199067,Bachelors,13,Married-civ-spouse,Exec-managerial,Husband,White,Male,15024,0,42,United-States,1
26,Private,147982,11th,7,Divorced,Craft-repair,Not-in-family,White,Female,0,0,40,United-States,0
19,Private,46162,HS-grad,9,Never-married,Farming-fishing,Own-child,White,Male,0,0,25,United-States,0
19,Private,475028,HS-grad,9,Never-married,Sales,Own-child,White,Female,0,0,20,United-States,0
35,Private,407913,HS-grad,9,Separated,Other-service,Not-in-family,Black,Male,0,0,40,United-States,0
35,Private,138992,Masters,14,Married-civ-spouse,Prof-specialty,Other-relative,White,Male,7298,0,40,United-States,1
47,Private,104068,HS-grad,9,Divorced,Prof-specialty,Unmarried,Amer-Indian-Eskimo,Female,0,0,40,United-States,0
22,Private,160120,10th,6,Never-married,Transport-moving,Own-child,Asian-Pac-Islander,Male,0,0,30,United-States,0
34,Private,135785,Bachelors,13,Never-married,Prof-specialty,Not-in-family,White,Female,0,0,36,United-States,0
32,Private,192965,HS-grad,9,Separated,Sales,Not-in-family,White,Female,0,0,45,United-States,0
36,Self-emp-not-inc,84848,HS-grad,9,Separated,Other-service,Not-in-family,White,Female,0,0,16,United-States,0
45,Private,231672,HS-grad,9,Married-civ-spouse,Machine-op-inspct,Husband,Black,Male,0,0,40,United-States,0
31,Private,331065,Bachelors,13,Never-married,Exec-managerial,Not-in-family,White,Female,0,1408,40,United-States,0
27,Private,347153,Some-college,10,Never-married,Transport-moving,Other-relative,White,Male,0,0,40,United-States,0
23,Federal-gov,53245,Bachelors,13,Never-married,Prof-specialty,Not-in-family,White,Male,0,0,40,United-States,0
31,Private,188246,Masters,14,Married-civ-spouse,Prof-specialty,Husband,White,Male,0,0,50,United-States,0
25,Private,125491,Some-college,10,Never-married,Other-service,Not-in-family,Asian-Pac-Islander,Female,0,0,34,United-States,0
65,Private,171584,Bachelors,13,Never-married,Exec-managerial,Not-in-family,White,Male,0,0,40,United-States,0
31,Private,289731,Some-college,10,Married-civ-spouse,Craft-repair,Husband,White,Male,0,0,40,United-States,0
28,Private,115579,Assoc-voc,11,Never-married,Tech-support,Own-child,White,Female,0,0,38,United-States,0
60,Private,308608,HS-grad,9,Married-civ-spouse,Sales,Husband,White,Male,0,0,50,United-States,0
53,Private,161691,HS-grad,9,Widowed,Sales,Not-in-family,White,Female,0,0,35,United-States,0
34,Private,245378,Bachelors,13,Married-civ-spouse,Exec-managerial,Husband,White,Male,0,0,45,United-States,0
44,Private,222978,HS-grad,9,Divorced,Sales,Not-in-family,White,Female,0,1504,40,United-States,0
43,Private,149909,HS-grad,9,Married-civ-spouse,Craft-repair,Husband,White,Male,0,0,42,United-States,1
41,Private,207578,Assoc-acdm,12,Married-civ-spouse,Exec-managerial,Husband,Black,Male,0,0,50,India,1
30,Private,181651,Bachelors,13,Married-civ-spouse,Exec-managerial,Husband,White,Male,0,0,50,United-States,0
28,Private,177955,11th,7,Married-civ-spouse,Adm-clerical,Wife,White,Female,0,0,40,Mexico,0
51,Private,195105,HS-grad,9,Divorced,Priv-house-serv,Own-child,White,Female,0,0,40,United-States,0
50,Private,72351,Bachelors,13,Divorced,Sales,Not-in-family,White,Male,0,0,45,United-States,0
60,Self-emp-not-inc,224377,HS-grad,9,Married-civ-spouse,Sales,Husband,White,Male,0,0,40,United-States,0
57,Self-emp-not-inc,264148,HS-grad,9,Married-civ-spouse,Farming-fishing,Husband,White,Male,0,0,45,United-States,0
25,Private,133373,HS-grad,9,Separated,Craft-repair,Not-in-family,White,Male,0,0,40,United-States,0
33,Private,312881,Bachelors,13,Married-civ-spouse,Prof-specialty,Husband,Black,Male,0,0,40,United-States,1
31,Private,367314,HS-grad,9,Divorced,Adm-clerical,Not-in-family,White,Female,0,0,40,United-States,0
47,Local-gov,242552,Some-college,10,Never-married,Protective-serv,Not-in-family,Black,Male,0,0,40,United-States,0
42,Private,201732,Some-college,10,Married-civ-spouse,Sales,Husband,White,Male,0,0,40,United-States,1
30,State-gov,126414,Bachelors,13,Married-spouse-absent,Adm-clerical,Not-in-family,White,Male,0,0,40,United-States,0
42,Private,201495,Bachelors,13,Married-civ-spouse,Exec-managerial,Husband,White,Male,0,0,40,United-States,0
44,Private,81853,HS-grad,9,Never-married,Sales,Not-in-family,Asian-Pac-Islander,Female,0,0,40,United-States,0
38,State-gov,255191,HS-grad,9,Never-married,Other-service,Not-in-family,White,Male,0,0,40,United-States,0
42,Private,33155,HS-grad,9,Married-civ-spouse,Machine-op-inspct,Husband,White,Male,0,0,45,United-States,0
38,Local-gov,414791,Bachelors,13,Married-civ-spouse,Exec-managerial,Husband,White,Male,0,0,42,United-States,1
29,Self-emp-not-inc,164607,HS-grad,9,Married-civ-spouse,Craft-repair,Husband,White,Male,0,0,40,United-States,0
29,Private,232914,Assoc-voc,11,Never-married,Adm-clerical,Own-child,Black,Female,0,0,40,United-States,0
18,Private,155021,11th,7,Never-married,Other-service,Own-child,White,Female,0,0,6,United-States,0
30,Private,209103,Assoc-voc,11,Married-civ-spouse,Exec-managerial,Husband,White,Male,0,0,48,United-States,0
26,Self-emp-inc,189502,Bachelors,13,Married-civ-spouse,Sales,Husband,White,Male,0,0,80,United-States,1
43,Federal-gov,77370,HS-grad,9,Married-civ-spouse,Transport-moving,Husband,White,Male,0,0,40,United-States,0
18,Private,268952,12th,8,Never-married,Other-service,Own-child,White,Male,0,0,20,United-States,0
17,Private,198146,11th,7,Never-married,Sales,Own-child,White,Female,0,0,16,United-States,0
48,State-gov,31141,Some-college,10,Married-civ-spouse,Protective-serv,Husband,White,Male,0,1902,40,United-States,1
19,Private,560804,Some-college,10,Never-married,Adm-clerical,Own-child,White,Female,0,0,30,United-States,0
43,Private,219424,Bachelors,13,Never-married,Exec-managerial,Not-in-family,Black,Female,0,0,50,United-States,1
66,Self-emp-inc,220543,HS-grad,9,Married-civ-spouse,Adm-clerical,Wife,White,Female,0,0,40,United-States,1
21,Private,221418,HS-grad,9,Never-married,Other-service,Own-child,White,Female,0,0,40,United-States,0
28,Self-emp-not-inc,192838,Assoc-voc,11,Married-civ-spouse,Craft-repair,Husband,White,Male,0,0,45,United-States,0
28,Private,224964,HS-grad,9,Never-married,Other-service,Own-child,White,Female,0,0,25,United-States,0
25,Private,138765,Some-college,10,Married-civ-spouse,Machine-op-inspct,Husband,White,Male,0,0,40,United-States,0
35,Private,150217,Bachelors,13,Married-civ-spouse,Other-service,Wife,White,Female,0,0,24,Poland,0
29,Private,144556,HS-grad,9,Married-civ-spouse,Machine-op-inspct,Husband,White,Male,0,0,45,United-States,0
42,Local-gov,246862,Some-college,10,Divorced,Tech-support,Not-in-family,White,Female,3325,0,40,United-States,0
18,Private,266489,Some-college,10,Never-married,Exec-managerial,Not-in-family,White,Male,0,0,50,United-States,0
57,Private,142714,Some-college,10,Divorced,Other-service,Not-in-family,White,Female,0,0,38,United-States,0
51,Private,86373,Bachelors,13,Married-civ-spouse,Machine-op-inspct,Husband,White,Male,0,0,25,United-States,0
43,Local-gov,118853,Some-college,10,Married-civ-spouse,Tech-support,Husband,White,Male,4386,0,99,United-States,1
24,Private,205839,Some-college,10,Never-married,Handlers-cleaners,Own-child,White,Male,0,0,40,United-States,0
33,Private,408813,Bachelors,13,Never-married,Adm-clerical,Not-in-family,White,Female,0,0,50,United-States,0
24,Private,230475,HS-grad,9,Married-civ-spouse,Craft-repair,Husband,White,Male,0,0,44,United-States,0
36,State-gov,212143,Bachelors,13,Married-civ-spouse,Adm-clerical,Wife,White,Female,0,0,20,United-States,1
24,Private,174461,Assoc-acdm,12,Divorced,Other-service,Not-in-family,White,Female,0,0,22,United-States,0
71,Private,180117,10th,6,Married-civ-spouse,Machine-op-inspct,Husband,White,Male,0,0,40,United-States,0
52,Private,146711,Bachelors,13,Married-civ-spouse,Prof-specialty,Husband,White,Male,0,0,50,United-States,1
38,Private,205359,11th,7,Married-civ-spouse,Adm-clerical,Wife,White,Female,0,0,32,United-States,0
58,Private,197642,Some-college,10,Never-married,Adm-clerical,Not-in-family,White,Female,0,0,39,United-States,0
34,Private,108116,Bachelors,13,Married-civ-spouse,Prof-specialty,Husband,White,Male,0,0,50,United-States,1
22,Private,351381,Assoc-voc,11,Never-married,Adm-clerical,Not-in-family,White,Female,0,0,40,United-States,0
59,Local-gov,114401,HS-grad,9,Widowed,Other-service,Not-in-family,White,Female,0,1504,19,United-States,0
27,Private,189777,HS-grad,9,Married-civ-spouse,Craft-repair,Husband,White,Male,0,0,40,United-States,0
21,Private,120326,Some-college,10,Never-married,Adm-clerical,Own-child,White,Female,0,0,40,United-States,0
30,Private,175931,Some-college,10,Married-civ-spouse,Handlers-cleaners,Husband,White,Male,0,0,44,United-States,0
41,Private,223763,HS-grad,9,Divorced,Craft-repair,Not-in-family,White,Male,0,0,40,United-States,0
28,Private,90196,Bachelors,13,Married-civ-spouse,Exec-managerial,Husband,White,Male,0,0,45,United-States,1
47,State-gov,80914,Masters,14,Married-civ-spouse,Exec-managerial,Husband,White,Male,0,0,47,United-States,1
25,Private,181598,11th,7,Married-civ-spouse,Tech-support,Husband,White,Male,0,0,40,United-States,0
45,Private,123283,HS-grad,9,Separated,Machine-op-inspct,Unmarried,Black,Female,0,0,15,United-States,0
55,Private,170287,Some-college,10,Married-civ-spouse,Prof-specialty,Husband,White,Male,0,0,40,Poland,1
61,Self-emp-not-inc,219183,Bachelors,13,Married-civ-spouse,Prof-specialty,Husband,White,Male,0,0,50,United-States,1
40,Local-gov,153031,Masters,14,Married-civ-spouse,Prof-specialty,Husband,White,Male,7298,0,35,United-States,1
26,Private,417941,Bachelors,13,Never-married,Exec-managerial,Not-in-family,White,Female,0,0,40,United-States,0
61,Self-emp-not-inc,50483,7th-8th,4,Married-civ-spouse,Farming-fishing,Husband,White,Male,0,0,56,United-States,0
23,Private,119156,HS-grad,9,Married-civ-spouse,Craft-repair,Husband,White,Male,0,0,40,United-States,0
47,Self-emp-inc,79627,Prof-school,15,Divorced,Prof-specialty,Not-in-family,White,Male,27828,0,50,United-States,1
31,Private,226696,HS-grad,9,Never-married,Craft-repair,Not-in-family,White,Male,0,0,50,United-States,1
18,Private,159561,11th,7,Never-married,Transport-moving,Own-child,White,Male,0,0,20,United-States,0
38,Private,22245,Some-college,10,Divorced,Exec-managerial,Not-in-family,White,Male,0,0,50,United-States,0
49,Private,84013,HS-grad,9,Divorced,Other-service,Unmarried,White,Female,0,0,35,United-States,0
28,Local-gov,332249,HS-grad,9,Separated,Transport-moving,Own-child,White,Male,0,0,45,United-States,0
51,Federal-gov,100653,HS-grad,9,Divorced,Adm-clerical,Not-in-family,White,Female,0,0,8,United-States,0
26,State-gov,197156,HS-grad,9,Divorced,Adm-clerical,Own-child,White,Female,0,0,30,United-States,0
47,Private,219632,5th-6th,3,Married-spouse-absent,Machine-op-inspct,Other-relative,White,Male,0,0,40,Mexico,0
45,Private,408773,Some-college,10,Married-civ-spouse,Machine-op-inspct,Husband,White,Male,0,0,40,United-States,1
41,Local-gov,160893,Preschool,1,Never-married,Handlers-cleaners,Own-child,White,Female,0,0,30,United-States,0
34,Private,97355,Some-college,10,Divorced,Sales,Not-in-family,White,Female,0,0,60,United-States,0
26,Private,36201,Bachelors,13,Never-married,Sales,Not-in-family,White,Male,0,0,50,United-States,0
53,Federal-gov,39643,HS-grad,9,Widowed,Exec-managerial,Not-in-family,White,Female,0,0,58,United-States,0
27,Private,198286,Some-college,10,Never-married,Other-service,Not-in-family,White,Female,0,0,34,United-States,0
60,Federal-gov,55621,Assoc-acdm,12,Married-civ-spouse,Other-service,Husband,Black,Male,0,0,40,United-States,0
42,Private,150533,Some-college,10,Married-civ-spouse,Exec-managerial,Husband,White,Male,7298,0,52,United-States,1
27,Private,32519,Some-college,10,Married-civ-spouse,Sales,Husband,Asian-Pac-Islander,Male,0,0,55,South,0
56,Private,444089,11th,7,Divorced,Sales,Not-in-family,White,Female,0,0,40,United-States,0
52,Local-gov,108083,Masters,14,Married-civ-spouse,Prof-specialty,Husband,White,Male,0,0,50,United-States,1
28,Private,138269,HS-grad,9,Never-married,Craft-repair,Not-in-family,White,Male,0,0,40,United-States,0
47,Private,334039,Bachelors,13,Married-civ-spouse,Exec-managerial,Husband,White,Male,7298,0,44,United-States,1
20,Private,117606,Assoc-voc,11,Never-married,Adm-clerical,Own-child,White,Female,0,0,40,United-States,0
60,Local-gov,313852,Masters,14,Divorced,Prof-specialty,Not-in-family,White,Female,0,0,25,United-States,0
38,Private,170020,HS-grad,9,Married-civ-spouse,Machine-op-inspct,Husband,White,Male,3137,0,45,United-States,0
42,Private,106698,Some-college,10,Divorced,Other-service,Unmarried,White,Female,0,0,32,United-States,0
43,State-gov,78765,Some-college,10,Divorced,Exec-managerial,Unmarried,White,Male,0,0,40,United-States,0
33,Private,132705,9th,5,Separated,Adm-clerical,Not-in-family,White,Male,0,0,48,United-States,0
62,Private,319582,HS-grad,9,Widowed,Sales,Not-in-family,White,Female,0,0,32,United-States,0
43,Private,193494,Some-college,10,Married-civ-spouse,Prof-specialty,Husband,White,Male,0,0,40,United-States,0
35,Private,62333,Bachelors,13,Never-married,Prof-specialty,Not-in-family,White,Female,0,0,40,United-States,0
29,Self-emp-not-inc,128516,Assoc-acdm,12,Widowed,Sales,Unmarried,White,Female,0,0,40,United-States,1
20,Private,637080,Some-college,10,Never-married,Sales,Not-in-family,White,Male,0,0,25,United-States,0
40,Private,174515,HS-grad,9,Married-spouse-absent,Other-service,Own-child,White,Female,0,0,40,United-States,0
29,Self-emp-not-inc,96718,HS-grad,9,Married-civ-spouse,Craft-repair,Husband,White,Male,0,0,37,United-States,0
27,State-gov,31935,Some-college,10,Never-married,Tech-support,Own-child,White,Female,0,0,80,United-States,0
53,Private,94081,Bachelors,13,Married-civ-spouse,Exec-managerial,Husband,White,Male,0,0,44,United-States,1
20,Private,36235,Assoc-acdm,12,Never-married,Adm-clerical,Not-in-family,White,Female,0,0,40,United-States,0
32,Private,207668,Bachelors,13,Never-married,Exec-managerial,Other-relative,White,Male,0,2444,50,United-States,1
77,Self-emp-not-inc,138714,Some-college,10,Married-civ-spouse,Sales,Husband,White,Male,0,0,40,United-States,0
26,Private,305304,11th,7,Married-civ-spouse,Machine-op-inspct,Husband,White,Male,0,0,40,United-States,0
22,Private,137510,Some-college,10,Never-married,Adm-clerical,Own-child,White,Male,0,0,40,United-States,0
26,Private,192208,HS-grad,9,Never-married,Protective-serv,Not-in-family,Black,Female,0,0,32,United-States,0
33,Federal-gov,37546,Prof-school,15,Married-civ-spouse,Prof-specialty,Wife,White,Female,0,0,40,United-States,1
29,Private,114158,Some-college,10,Never-married,Prof-specialty,Not-in-family,White,Female,0,0,40,United-States,0
61,Self-emp-not-inc,243493,HS-grad,9,Married-civ-spouse,Other-service,Husband,Black,Male,0,0,12,United-States,0
43,Private,85995,HS-grad,9,Married-civ-spouse,Sales,Husband,White,Male,0,0,45,United-States,0
34,Private,277314,Assoc-acdm,12,Married-civ-spouse,Sales,Husband,Black,Male,0,1902,50,United-States,1
57,Private,437727,Masters,14,Married-civ-spouse,Prof-specialty,Husband,White,Male,0,1977,45,United-States,1
46,Self-emp-inc,125892,Masters,14,Married-civ-spouse,Sales,Husband,White,Male,0,0,50,United-States,1
48,Private,317360,Some-college,10,Divorced,Adm-clerical,Not-in-family,White,Female,0,0,50,United-States,0
50,Private,97741,HS-grad,9,Married-civ-spouse,Machine-op-inspct,Husband,White,Male,0,0,45,United-States,1
45,Private,235924,Bachelors,13,Divorced,Exec-managerial,Own-child,White,Female,0,0,40,United-States,0
70,Self-emp-inc,232871,Some-college,10,Married-civ-spouse,Exec-managerial,Husband,White,Male,0,0,30,United-States,0
19,Private,206874,Assoc-voc,11,Never-married,Adm-clerical,Own-child,Black,Female,0,0,40,United-States,0
30,Private,114691,Bachelors,13,Never-married,Adm-clerical,Other-relative,White,Male,0,0,40,United-States,0
31,Private,217803,HS-grad,9,Divorced,Sales,Not-in-family,White,Female,0,0,32,United-States,0
40,Private,283174,Assoc-voc,11,Married-civ-spouse,Farming-fishing,Husband,White,Male,0,0,60,United-States,0
38,Self-emp-not-inc,261382,Some-college,10,Married-civ-spouse,Transport-moving,Husband,White,Male,0,0,40,United-States,0
68,Private,204082,Some-college,10,Widowed,Exec-managerial,Not-in-family,White,Female,0,0,45,United-States,0
34,Private,260560,HS-grad,9,Married-civ-spouse,Exec-managerial,Husband,White,Male,0,0,50,United-States,0
53,Local-gov,221722,Masters,14,Never-married,Exec-managerial,Not-in-family,White,Female,14344,0,50,United-States,1
54,Self-emp-not-inc,136224,Masters,14,Divorced,Prof-specialty,Not-in-family,White,Female,0,0,30,United-States,0
33,Private,168387,11th,7,Married-civ-spouse,Other-service,Husband,White,Male,0,0,40,United-States,0
27,Private,207352,Bachelors,13,Married-civ-spouse,Tech-support,Husband,Asian-Pac-Islander,Male,0,0,40,India,1
42,Federal-gov,46366,HS-grad,9,Separated,Adm-clerical,Unmarried,Black,Female,0,0,40,United-States,0
48,Self-emp-not-inc,100931,Some-college,10,Never-married,Adm-clerical,Not-in-family,White,Male,0,0,40,United-States,0
32,Private,193231,HS-grad,9,Married-civ-spouse,Craft-repair,Husband,White,Male,0,0,40,United-States,0
36,Private,139743,Some-college,10,Widowed,Prof-specialty,Own-child,White,Female,0,0,40,United-States,0
27,Private,23940,HS-grad,9,Never-married,Handlers-cleaners,Other-relative,Amer-Indian-Eskimo,Male,0,0,40,United-States,0
34,Private,93169,Some-college,10,Divorced,Other-service,Unmarried,Black,Female,0,0,40,United-States,0
34,Private,154667,HS-grad,9,Married-civ-spouse,Machine-op-inspct,Wife,White,Female,0,0,40,United-States,0
17,Private,25690,10th,6,Never-married,Other-service,Own-child,White,Female,0,0,10,United-States,0
18,Private,120781,10th,6,Never-married,Other-service,Own-child,White,Male,0,0,20,United-States,0
45,Self-emp-not-inc,275445,Bachelors,13,Divorced,Exec-managerial,Unmarried,White,Male,0,0,50,United-States,0
58,Private,169611,HS-grad,9,Married-civ-spouse,Adm-clerical,Wife,White,Female,0,0,40,United-States,0
18,Private,362600,5th-6th,3,Never-married,Handlers-cleaners,Own-child,White,Male,0,0,40,United-States,0
17,Private,176017,10th,6,Never-married,Other-service,Other-relative,White,Male,0,0,15,United-States,0
37,Private,123833,Some-college,10,Never-married,Sales,Not-in-family,White,Male,0,0,60,United-States,0
37,Private,758700,9th,5,Married-civ-spouse,Handlers-cleaners,Husband,White,Male,3781,0,50,Mexico,0
50,Local-gov,168672,Masters,14,Married-civ-spouse,Prof-specialty,Wife,White,Female,0,1902,40,United-States,1
45,Federal-gov,352094,Some-college,10,Married-civ-spouse,Tech-support,Husband,White,Male,7688,0,40,Guatemala,1
45,Private,140581,Some-college,10,Widowed,Other-service,Unmarried,Black,Female,0,0,40,United-States,0
41,Private,152529,Bachelors,13,Never-married,Prof-specialty,Not-in-family,White,Male,0,0,40,United-States,1
41,Private,82319,12th,8,Married-civ-spouse,Other-service,Wife,White,Female,0,0,10,United-States,0
31,Private,99844,HS-grad,9,Never-married,Craft-repair,Not-in-family,Amer-Indian-Eskimo,Male,0,0,45,United-States,0
23,State-gov,502316,Bachelors,13,Never-married,Prof-specialty,Not-in-family,White,Female,0,0,40,United-States,0
48,Self-emp-not-inc,167918,Masters,14,Married-civ-spouse,Sales,Husband,Asian-Pac-Islander,Male,0,0,50,India,0
49,Private,240841,7th-8th,4,Divorced,Other-service,Unmarried,White,Female,0,0,35,United-States,0
50,Self-emp-not-inc,240612,Bachelors,13,Divorced,Prof-specialty,Not-in-family,White,Female,0,0,60,United-States,0
45,Private,204205,7th-8th,4,Divorced,Machine-op-inspct,Not-in-family,White,Male,0,0,48,United-States,0
44,Local-gov,165304,Some-college,10,Married-civ-spouse,Exec-managerial,Husband,White,Male,0,1485,40,United-States,1
24,Private,22201,HS-grad,9,Married-civ-spouse,Protective-serv,Husband,Asian-Pac-Islander,Male,0,0,40,Thailand,0
30,Self-emp-inc,356689,HS-grad,9,Married-civ-spouse,Handlers-cleaners,Husband,White,Male,0,0,60,United-States,0
30,Local-gov,47085,10th,6,Married-civ-spouse,Craft-repair,Husband,White,Male,0,0,40,United-States,0
46,Private,114797,HS-grad,9,Married-civ-spouse,Machine-op-inspct,Wife,Black,Female,0,0,36,United-States,0
28,Private,162551,7th-8th,4,Married-civ-spouse,Machine-op-inspct,Other-relative,Asian-Pac-Islander,Female,0,0,48,China,0
21,Private,162228,Some-college,10,Never-married,Adm-clerical,Own-child,White,Male,0,0,40,United-States,0
30,Private,151001,5th-6th,3,Married-civ-spouse,Machine-op-inspct,Husband,White,Male,3464,0,40,Mexico,0
41,Private,211253,Masters,14,Married-civ-spouse,Exec-managerial,Wife,White,Female,0,0,40,United-States,1
61,Private,149620,Some-college,10,Divorced,Other-service,Not-in-family,Black,Male,0,0,40,United-States,0
45,Federal-gov,283037,Bachelors,13,Married-civ-spouse,Exec-managerial,Husband,White,Male,0,0,40,United-States,0
29,Private,164040,HS-grad,9,Married-civ-spouse,Other-service,Husband,White,Male,0,0,40,United-States,0
56,Private,231781,HS-grad,9,Married-civ-spouse,Sales,Husband,White,Male,0,0,40,United-States,1
29,Private,130856,Some-college,10,Married-civ-spouse,Craft-repair,Husband,White,Male,0,0,60,United-States,0
39,Private,181661,HS-grad,9,Married-civ-spouse,Handlers-cleaners,Husband,White,Male,0,0,40,United-States,0
24,Private,72310,Some-college,10,Never-married,Sales,Own-child,White,Male,0,0,43,United-States,0
45,Private,265083,5th-6th,3,Divorced,Priv-house-serv,Unmarried,White,Female,0,0,35,Mexico,0
23,Private,166527,Some-college,10,Never-married,Exec-managerial,Own-child,Other,Female,0,0,40,United-States,0
20,Private,238384,HS-grad,9,Never-married,Sales,Not-in-family,White,Female,0,0,30,United-States,0
37,Private,19899,HS-grad,9,Married-civ-spouse,Craft-repair,Husband,White,Male,15024,0,45,United-States,1
36,Private,386726,Masters,14,Married-civ-spouse,Prof-specialty,Wife,White,Female,0,1977,44,United-States,1
28,Private,90547,HS-grad,9,Married-civ-spouse,Other-service,Wife,Black,Female,0,0,23,United-States,0
48,Private,216292,HS-grad,9,Married-civ-spouse,Farming-fishing,Husband,White,Male,0,0,43,United-States,0
38,Private,205493,HS-grad,9,Married-civ-spouse,Exec-managerial,Wife,White,Female,0,0,60,United-States,1
48,Private,164964,HS-grad,9,Married-civ-spouse,Machine-op-inspct,Husband,White,Male,0,0,40,United-States,0
47,Private,188330,HS-grad,9,Married-civ-spouse,Transport-moving,Husband,White,Male,0,0,25,United-States,0
33,Private,609789,Assoc-acdm,12,Married-spouse-absent,Machine-op-inspct,Unmarried,White,Male,0,0,40,United-States,0
55,Local-gov,98545,10th,6,Married-civ-spouse,Adm-clerical,Husband,White,Male,0,0,40,United-States,0
45,Private,98475,Bachelors,13,Divorced,Exec-managerial,Not-in-family,White,Male,0,0,45,United-States,0
35,Private,36214,Bachelors,13,Married-civ-spouse,Exec-managerial,Husband,White,Male,4386,0,47,United-States,1
45,Local-gov,364563,HS-grad,9,Married-civ-spouse,Transport-moving,Husband,White,Male,0,0,40,United-States,1
48,Self-emp-not-inc,197702,Some-college,10,Married-civ-spouse,Transport-moving,Husband,White,Male,0,0,40,United-States,0
36,Private,227615,5th-6th,3,Married-spouse-absent,Craft-repair,Other-relative,White,Male,0,0,32,Mexico,0
18,Private,352640,HS-grad,9,Never-married,Adm-clerical,Own-child,White,Female,0,0,40,United-States,0
19,Private,320014,Some-college,10,Never-married,Other-service,Own-child,White,Male,0,0,25,United-States,0
44,State-gov,136546,Doctorate,16,Married-civ-spouse,Prof-specialty,Husband,White,Male,0,1902,40,United-States,1
37,Private,305597,HS-grad,9,Divorced,Craft-repair,Not-in-family,White,Male,0,0,40,United-States,0
38,Self-emp-not-inc,175732,HS-grad,9,Never-married,Craft-repair,Not-in-family,Amer-Indian-Eskimo,Male,0,0,15,United-States,0
19,State-gov,112432,Some-college,10,Never-married,Adm-clerical,Own-child,White,Male,0,0,10,United-States,0
28,Private,161674,HS-grad,9,Never-married,Machine-op-inspct,Unmarried,White,Female,0,0,40,United-States,0
57,Private,301514,HS-grad,9,Married-civ-spouse,Sales,Husband,White,Male,0,0,40,United-States,0
41,Private,433989,Assoc-voc,11,Married-civ-spouse,Sales,Husband,White,Male,4386,0,60,United-States,1
22,Private,99829,Some-college,10,Never-married,Machine-op-inspct,Own-child,White,Female,0,0,30,United-States,0
31,State-gov,151763,Masters,14,Never-married,Adm-clerical,Not-in-family,White,Male,0,0,25,United-States,0
44,Private,174491,HS-grad,9,Widowed,Other-service,Unmarried,Black,Female,0,0,30,United-States,0
68,Private,73773,HS-grad,9,Widowed,Sales,Not-in-family,White,Female,0,0,24,United-States,0
38,Private,102350,Some-college,10,Divorced,Craft-repair,Unmarried,White,Male,0,0,40,United-States,0
28,Self-emp-not-inc,104617,7th-8th,4,Never-married,Other-service,Other-relative,White,Female,0,0,99,Mexico,0
37,Private,269329,Assoc-voc,11,Divorced,Prof-specialty,Not-in-family,White,Female,8614,0,45,United-States,1
32,Private,155781,Some-college,10,Married-civ-spouse,Handlers-cleaners,Husband,White,Male,0,0,40,United-States,0
40,Private,303291,Some-college,10,Married-civ-spouse,Other-service,Wife,White,Female,0,0,35,United-States,0
18,Private,210828,Some-college,10,Never-married,Handlers-cleaners,Own-child,Other,Male,0,0,30,United-States,0
29,Private,100764,Bachelors,13,Married-civ-spouse,Exec-managerial,Husband,White,Male,0,0,45,United-States,1
65,Self-emp-not-inc,37092,Assoc-voc,11,Married-civ-spouse,Farming-fishing,Husband,White,Male,0,0,25,United-States,0
51,Self-emp-inc,338260,Prof-school,15,Married-civ-spouse,Prof-specialty,Husband,White,Male,15024,0,60,United-States,1
66,Private,302072,Assoc-acdm,12,Divorced,Adm-clerical,Unmarried,White,Female,0,0,40,United-States,0
39,Private,123983,Bachelors,13,Divorced,Sales,Not-in-family,Asian-Pac-Islander,Male,0,0,40,China,0
49,Private,135643,HS-grad,9,Widowed,Craft-repair,Unmarried,Asian-Pac-Islander,Female,0,0,40,South,0
37,Private,160120,Masters,14,Never-married,Prof-specialty,Unmarried,Asian-Pac-Islander,Male,0,0,40,South,0
46,Private,345073,HS-grad,9,Divorced,Exec-managerial,Not-in-family,White,Male,0,0,48,United-States,1
60,Private,320376,7th-8th,4,Married-civ-spouse,Machine-op-inspct,Wife,White,Female,0,0,40,United-States,0
51,Private,193720,HS-grad,9,Married-civ-spouse,Craft-repair,Husband,White,Male,0,0,42,United-States,0
36,Private,279721,HS-grad,9,Married-civ-spouse,Transport-moving,Husband,White,Male,0,0,40,United-States,0
27,Private,106935,Some-college,10,Separated,Sales,Not-in-family,White,Male,0,0,40,United-States,0
19,Private,251579,Some-college,10,Never-married,Other-service,Own-child,White,Male,0,0,14,United-States,0
83,Self-emp-inc,272248,HS-grad,9,Divorced,Sales,Not-in-family,White,Male,0,0,20,United-States,0
41,Private,394669,Bachelors,13,Never-married,Prof-specialty,Not-in-family,White,Female,0,1741,40,United-States,0
33,Private,292465,9th,5,Married-civ-spouse,Machine-op-inspct,Husband,White,Male,0,0,50,United-States,0
37,Private,201259,11th,7,Divorced,Transport-moving,Not-in-family,White,Male,0,0,65,United-States,0
24,Private,29810,HS-grad,9,Divorced,Sales,Not-in-family,White,Female,0,0,38,United-States,0
26,Private,224361,Some-college,10,Married-civ-spouse,Craft-repair,Husband,White,Male,0,0,40,United-States,0
44,Private,210525,Some-college,10,Married-civ-spouse,Transport-moving,Husband,White,Male,0,0,40,United-States,0
45,Self-emp-not-inc,43434,Bachelors,13,Never-married,Exec-managerial,Not-in-family,White,Female,0,0,40,United-States,0
42,Private,325353,Assoc-acdm,12,Married-civ-spouse,Adm-clerical,Husband,White,Male,7688,0,42,United-States,1
31,State-gov,111843,Assoc-acdm,12,Separated,Other-service,Unmarried,Black,Female,0,0,40,United-States,0
54,Private,235693,11th,7,Divorced,Adm-clerical,Not-in-family,White,Male,0,0,40,United-States,1
52,Private,298215,Bachelors,13,Married-civ-spouse,Craft-repair,Husband,White,Male,0,0,50,United-States,1
29,Private,136017,10th,6,Never-married,Craft-repair,Not-in-family,White,Male,0,0,48,United-States,0
39,Private,32146,Masters,14,Never-married,Prof-specialty,Not-in-family,White,Male,0,0,60,United-States,0
17,Private,143791,10th,6,Never-married,Other-service,Own-child,Black,Female,0,0,12,United-States,0
49,Private,165134,Assoc-voc,11,Never-married,Exec-managerial,Unmarried,White,Female,0,0,35,Columbia,0
49,Private,379779,Bachelors,13,Divorced,Exec-managerial,Not-in-family,White,Female,0,0,40,United-States,0
59,Private,144071,HS-grad,9,Married-civ-spouse,Adm-clerical,Husband,White,Male,0,0,40,United-States,1
17,Private,111332,11th,7,Never-married,Sales,Own-child,White,Female,0,0,20,United-States,0
29,Private,499197,Some-college,10,Married-civ-spouse,Prof-specialty,Husband,White,Male,0,0,40,United-States,0
20,Private,283499,Some-college,10,Never-married,Transport-moving,Own-child,White,Male,0,0,30,United-States,0
36,Private,111545,HS-grad,9,Married-civ-spouse,Craft-repair,Husband,White,Male,0,0,70,United-States,0
65,Private,113323,Bachelors,13,Married-civ-spouse,Exec-managerial,Husband,White,Male,0,0,40,United-States,1
43,Private,128170,Some-college,10,Married-civ-spouse,Sales,Husband,White,Male,7688,0,40,United-States,1
60,Local-gov,93272,HS-grad,9,Married-civ-spouse,Other-service,Husband,White,Male,0,0,40,United-States,0
47,Federal-gov,329205,Bachelors,13,Divorced,Prof-specialty,Unmarried,White,Male,0,0,40,United-States,0
33,Local-gov,173806,Assoc-acdm,12,Married-civ-spouse,Handlers-cleaners,Husband,White,Male,0,0,40,United-States,0
62,Private,167098,Bachelors,13,Married-civ-spouse,Exec-managerial,Husband,White,Male,0,0,40,United-States,1
36,Private,223433,Masters,14,Married-civ-spouse,Sales,Husband,White,Male,7688,0,50,United-States,1
39,Self-emp-inc,143123,Assoc-voc,11,Married-civ-spouse,Craft-repair,Husband,White,Male,0,2415,40,United-States,1
43,Federal-gov,175669,Some-college,10,Married-civ-spouse,Adm-clerical,Wife,White,Female,0,0,40,United-States,0
24,Federal-gov,42251,Bachelors,13,Never-married,Prof-specialty,Not-in-family,White,Female,0,0,30,United-States,0
50,Private,104501,HS-grad,9,Married-civ-spouse,Craft-repair,Husband,White,Male,0,0,40,United-States,1
40,Private,342164,HS-grad,9,Separated,Adm-clerical,Unmarried,White,Female,0,0,37,United-States,0
25,Private,176162,Bachelors,13,Never-married,Handlers-cleaners,Own-child,White,Male,0,0,40,United-States,0
29,Private,203697,Bachelors,13,Married-civ-spouse,Prof-specialty,Own-child,White,Male,0,0,75,United-States,0
33,Private,99309,Some-college,10,Divorced,Craft-repair,Unmarried,White,Male,0,0,50,United-States,0
28,Self-emp-not-inc,33035,12th,8,Divorced,Other-service,Unmarried,White,Female,0,0,30,United-States,0
52,Private,114228,HS-grad,9,Divorced,Craft-repair,Not-in-family,White,Male,3325,0,40,United-States,0
31,Private,51471,HS-grad,9,Divorced,Adm-clerical,Unmarried,White,Female,0,0,38,United-States,0
49,Private,148995,HS-grad,9,Divorced,Adm-clerical,Not-in-family,White,Male,0,0,40,United-States,0
28,Private,461929,7th-8th,4,Married-civ-spouse,Farming-fishing,Husband,White,Male,0,0,40,Mexico,0
21,Private,250647,Some-college,10,Never-married,Adm-clerical,Other-relative,White,Male,0,0,30,Nicaragua,0
26,Private,35917,HS-grad,9,Married-civ-spouse,Sales,Husband,White,Male,0,0,40,United-States,0
38,Federal-gov,261241,Some-college,10,Married-civ-spouse,Adm-clerical,Husband,White,Male,0,0,45,United-States,1
19,Private,238474,Some-college,10,Never-married,Sales,Own-child,White,Male,0,0,25,United-States,0
61,Private,204908,9th,5,Married-civ-spouse,Craft-repair,Husband,White,Male,0,0,40,United-States,0
43,Private,459342,HS-grad,9,Divorced,Adm-clerical,Not-in-family,White,Female,0,0,40,United-States,0
57,Private,375868,Masters,14,Married-civ-spouse,Adm-clerical,Husband,White,Male,0,0,40,United-States,0
35,Private,32220,Assoc-acdm,12,Never-married,Exec-managerial,Not-in-family,White,Female,0,0,60,United-States,0
30,Private,280927,Bachelors,13,Never-married,Adm-clerical,Not-in-family,White,Female,0,0,40,United-States,0
25,Private,98283,Bachelors,13,Never-married,Prof-specialty,Own-child,Asian-Pac-Islander,Male,0,0,40,United-States,0
30,Private,207564,Some-college,10,Married-civ-spouse,Adm-clerical,Wife,White,Female,0,0,40,United-States,0
67,Self-emp-inc,168370,Some-college,10,Married-civ-spouse,Sales,Husband,White,Male,0,0,40,United-States,0
47,Self-emp-not-inc,229394,11th,7,Divorced,Exec-managerial,Unmarried,White,Female,0,0,55,United-States,0
45,Federal-gov,222011,Bachelors,13,Married-civ-spouse,Handlers-cleaners,Husband,White,Male,0,0,40,United-States,0
22,State-gov,34310,Some-college,10,Never-married,Transport-moving,Own-child,White,Male,0,0,25,United-States,0
41,Local-gov,132125,HS-grad,9,Married-civ-spouse,Protective-serv,Husband,White,Male,0,0,40,United-States,0
30,Private,118861,Some-college,10,Married-civ-spouse,Adm-clerical,Husband,Asian-Pac-Islander,Male,0,0,50,United-States,1
45,Private,343377,Some-college,10,Married-civ-spouse,Adm-clerical,Husband,White,Male,0,0,40,United-States,0
18,Self-emp-inc,38307,11th,7,Never-married,Farming-fishing,Own-child,White,Male,0,0,30,United-States,0
50,Private,107665,Some-college,10,Married-civ-spouse,Sales,Husband,White,Male,0,0,40,United-States,1
29,Private,383402,Some-college,10,Divorced,Other-service,Not-in-family,White,Female,0,0,35,United-States,0
40,Private,255675,Some-college,10,Married-civ-spouse,Prof-specialty,Husband,White,Male,0,0,40,United-States,1
55,Self-emp-not-inc,68006,7th-8th,4,Never-married,Other-service,Other-relative,White,Female,0,0,60,United-States,0
22,Private,500720,HS-grad,9,Never-married,Adm-clerical,Own-child,White,Female,0,0,40,Mexico,0
27,Private,150296,HS-grad,9,Never-married,Other-service,Own-child,White,Female,0,0,32,United-States,0
38,Private,117312,HS-grad,9,Married-civ-spouse,Exec-managerial,Wife,White,Female,15024,0,40,United-States,1
39,Local-gov,423605,12th,8,Married-civ-spouse,Transport-moving,Husband,White,Male,0,1848,40,Nicaragua,1
30,Private,226943,HS-grad,9,Divorced,Adm-clerical,Unmarried,White,Female,0,0,35,United-States,0
48,Self-emp-inc,200471,Bachelors,13,Married-civ-spouse,Exec-managerial,Husband,White,Male,0,0,40,United-States,1
26,Private,291968,Bachelors,13,Never-married,Prof-specialty,Not-in-family,White,Male,0,0,40,United-States,0
52,Private,284129,Some-college,10,Married-civ-spouse,Craft-repair,Husband,White,Male,0,0,40,United-States,1
20,Private,47678,HS-grad,9,Never-married,Craft-repair,Own-child,White,Male,0,0,40,United-States,0
35,State-gov,140752,HS-grad,9,Married-civ-spouse,Craft-repair,Husband,White,Male,0,0,40,United-States,0
21,Private,102766,Some-college,10,Divorced,Craft-repair,Own-child,White,Male,0,0,40,United-States,0
20,Local-gov,163965,HS-grad,9,Never-married,Other-service,Unmarried,Black,Female,0,0,40,United-States,0
61,Private,202952,10th,6,Divorced,Other-service,Not-in-family,Black,Female,0,0,24,United-States,0
20,Private,26842,Some-college,10,Never-married,Machine-op-inspct,Not-in-family,White,Female,2176,0,40,United-States,0
23,Private,233923,Some-college,10,Never-married,Other-service,Own-child,White,Female,0,0,20,United-States,0
55,Private,66356,HS-grad,9,Separated,Handlers-cleaners,Unmarried,White,Male,0,0,40,United-States,0
36,Private,460437,9th,5,Divorced,Sales,Not-in-family,White,Female,0,0,40,United-States,0
44,Local-gov,160943,HS-grad,9,Married-civ-spouse,Transport-moving,Husband,Black,Male,0,0,40,United-States,0
26,Private,104746,HS-grad,9,Married-civ-spouse,Craft-repair,Husband,White,Male,5013,0,60,United-States,0
32,Private,207400,HS-grad,9,Never-married,Machine-op-inspct,Unmarried,Black,Female,0,0,40,United-States,0
19,Private,283033,11th,7,Never-married,Other-service,Not-in-family,White,Male,0,0,40,United-States,0
68,Without-pay,174695,Some-college,10,Married-spouse-absent,Farming-fishing,Unmarried,White,Female,0,0,25,United-States,0
23,Private,38151,11th,7,Never-married,Other-service,Other-relative,White,Male,0,0,40,Philippines,0
43,Private,35210,Some-college,10,Divorced,Adm-clerical,Unmarried,White,Female,0,0,40,United-States,0
47,Private,363418,Some-college,10,Never-married,Sales,Not-in-family,White,Male,0,0,70,United-States,1
36,Private,73023,HS-grad,9,Divorced,Craft-repair,Not-in-family,White,Male,0,0,55,United-States,0
25,Private,190650,Bachelors,13,Never-married,Prof-specialty,Own-child,Asian-Pac-Islander,Male,0,0,40,Taiwan,0
55,Private,171780,Assoc-acdm,12,Divorced,Sales,Unmarried,Black,Female,0,0,30,United-States,0
34,Private,114955,Assoc-acdm,12,Divorced,Machine-op-inspct,Not-in-family,White,Male,0,0,40,United-States,0
44,Private,125461,Bachelors,13,Married-civ-spouse,Sales,Husband,White,Male,0,0,40,United-States,1
26,Private,167350,Some-college,10,Married-civ-spouse,Tech-support,Husband,White,Male,3103,0,40,United-States,1
45,Private,205644,HS-grad,9,Separated,Tech-support,Not-in-family,White,Female,0,0,26,United-States,0
24,Private,186213,Some-college,10,Married-civ-spouse,Tech-support,Husband,White,Male,0,0,50,United-States,1
58,Federal-gov,139290,Bachelors,13,Married-civ-spouse,Adm-clerical,Husband,White,Male,0,0,40,United-States,1
29,Private,250967,Assoc-voc,11,Married-civ-spouse,Machine-op-inspct,Husband,White,Male,0,0,40,United-States,0
22,Private,410439,HS-grad,9,Married-spouse-absent,Sales,Not-in-family,White,Male,0,0,55,United-States,0
50,Private,99925,HS-grad,9,Married-civ-spouse,Adm-clerical,Husband,White,Male,0,0,32,United-States,0
42,Private,154076,HS-grad,9,Married-civ-spouse,Prof-specialty,Husband,White,Male,7688,0,50,United-States,1
34,Self-emp-inc,79586,Bachelors,13,Never-married,Prof-specialty,Not-in-family,Other,Male,0,0,60,United-States,0
29,Private,250967,Assoc-voc,11,Married-civ-spouse,Machine-op-inspct,Husband,White,Male,0,1887,48,United-States,1
61,Private,86067,Assoc-acdm,12,Married-civ-spouse,Sales,Husband,White,Male,15024,0,40,United-States,1
34,Local-gov,202729,HS-grad,9,Married-civ-spouse,Protective-serv,Husband,White,Male,0,0,40,United-States,0
51,Self-emp-inc,28765,Prof-school,15,Married-civ-spouse,Prof-specialty,Husband,White,Male,0,0,60,United-States,1
21,Private,286853,HS-grad,9,Never-married,Other-service,Own-child,White,Male,0,0,35,United-States,0
43,Private,247162,Assoc-acdm,12,Never-married,Sales,Own-child,White,Male,0,0,40,United-States,0
28,Private,157624,Bachelors,13,Never-married,Adm-clerical,Not-in-family,White,Female,0,0,40,United-States,0
31,Private,221167,Bachelors,13,Widowed,Other-service,Not-in-family,White,Female,0,0,30,United-States,0
35,Private,186815,HS-grad,9,Married-civ-spouse,Machine-op-inspct,Husband,White,Male,0,0,40,United-States,0
21,Private,83141,HS-grad,9,Never-married,Farming-fishing,Not-in-family,White,Male,0,0,53,United-States,0
50,Self-emp-inc,293196,HS-grad,9,Married-civ-spouse,Exec-managerial,Husband,White,Male,7298,0,40,United-States,1
34,Local-gov,209213,Bachelors,13,Never-married,Prof-specialty,Other-relative,Black,Male,0,0,15,United-States,0
29,Private,255476,7th-8th,4,Never-married,Handlers-cleaners,Own-child,White,Male,0,0,30,Mexico,0
23,Private,204653,HS-grad,9,Never-married,Handlers-cleaners,Not-in-family,White,Male,0,0,72,Dominican-Republic,0
58,Private,233193,HS-grad,9,Widowed,Adm-clerical,Not-in-family,White,Female,0,0,27,United-States,0
59,Private,113959,HS-grad,9,Married-civ-spouse,Adm-clerical,Husband,White,Male,0,0,45,United-States,1
27,Private,109881,Bachelors,13,Never-married,Other-service,Own-child,White,Female,0,0,20,United-States,0
35,Local-gov,308945,HS-grad,9,Married-civ-spouse,Craft-repair,Husband,White,Male,0,0,40,United-States,1
24,Private,303296,Some-college,10,Married-civ-spouse,Adm-clerical,Wife,Asian-Pac-Islander,Female,0,0,40,Laos,0
48,Private,161187,HS-grad,9,Never-married,Adm-clerical,Not-in-family,White,Female,2463,0,40,United-States,0
34,Self-emp-inc,202450,HS-grad,9,Married-civ-spouse,Craft-repair,Husband,White,Male,0,0,50,United-States,0
39,Private,97136,HS-grad,9,Never-married,Machine-op-inspct,Unmarried,Black,Female,0,0,40,United-States,0
37,Private,282951,HS-grad,9,Married-civ-spouse,Prof-specialty,Husband,White,Male,0,0,40,United-States,0
36,Private,200352,Bachelors,13,Married-civ-spouse,Prof-specialty,Husband,White,Male,0,0,45,United-States,0
24,Private,111450,HS-grad,9,Never-married,Transport-moving,Unmarried,Black,Male,0,0,40,United-States,0
33,Private,159888,HS-grad,9,Married-civ-spouse,Transport-moving,Husband,White,Male,0,0,40,United-States,0
59,Self-emp-not-inc,32855,7th-8th,4,Married-civ-spouse,Farming-fishing,Husband,White,Male,0,0,70,United-States,0
48,Private,197683,Some-college,10,Married-civ-spouse,Sales,Husband,Black,Male,0,0,40,United-States,1
20,Private,47791,12th,8,Divorced,Other-service,Not-in-family,White,Female,0,0,10,United-States,0
25,Private,265618,HS-grad,9,Separated,Protective-serv,Own-child,Black,Male,0,0,40,United-States,0
54,Private,179291,Some-college,10,Married-civ-spouse,Prof-specialty,Husband,Black,Male,0,0,56,Haiti,1
76,Private,125784,Bachelors,13,Married-civ-spouse,Exec-managerial,Husband,White,Male,0,0,40,United-States,0
25,Private,356344,Bachelors,13,Never-married,Adm-clerical,Own-child,White,Female,0,0,40,United-States,0
40,Private,190044,Assoc-acdm,12,Married-civ-spouse,Other-service,Husband,White,Male,0,0,40,United-States,0
79,Local-gov,84616,11th,7,Married-civ-spouse,Exec-managerial,Husband,White,Male,0,0,7,United-States,0
31,Private,354464,HS-grad,9,Married-civ-spouse,Other-service,Husband,White,Male,0,0,40,United-States,0
40,Self-emp-inc,49249,Bachelors,13,Married-civ-spouse,Exec-managerial,Husband,White,Male,0,0,50,United-States,1
49,Self-emp-inc,26502,Bachelors,13,Divorced,Prof-specialty,Unmarried,White,Male,6497,0,45,United-States,0
31,Private,168782,HS-grad,9,Divorced,Handlers-cleaners,Not-in-family,White,Male,0,0,40,United-States,0
39,Private,207824,HS-grad,9,Never-married,Handlers-cleaners,Own-child,White,Male,0,0,60,United-States,0
55,Private,90414,Bachelors,13,Married-spouse-absent,Craft-repair,Unmarried,White,Female,0,0,55,Ireland,0
54,Private,145419,HS-grad,9,Married-civ-spouse,Sales,Husband,White,Male,0,1672,50,United-States,0
27,Private,207418,Bachelors,13,Never-married,Prof-specialty,Not-in-family,White,Female,0,0,50,United-States,0
65,Local-gov,24824,HS-grad,9,Married-civ-spouse,Craft-repair,Husband,White,Male,0,0,40,United-States,0
30,Private,200192,Some-college,10,Married-civ-spouse,Other-service,Wife,White,Female,0,0,45,United-States,0
51,Local-gov,184542,HS-grad,9,Married-civ-spouse,Machine-op-inspct,Husband,White,Male,0,0,40,United-States,0
44,State-gov,55076,Masters,14,Never-married,Prof-specialty,Not-in-family,White,Female,0,0,60,United-States,0
27,Self-emp-not-inc,357283,HS-grad,9,Never-married,Sales,Not-in-family,Black,Male,0,0,40,United-States,0
38,Federal-gov,48123,Some-college,10,Divorced,Exec-managerial,Not-in-family,White,Female,0,0,40,United-States,0
48,Private,70668,HS-grad,9,Married-civ-spouse,Machine-op-inspct,Wife,White,Female,0,0,50,United-States,0
57,Self-emp-not-inc,65080,HS-grad,9,Married-civ-spouse,Craft-repair,Husband,White,Male,0,0,50,United-States,1
33,Private,238912,Doctorate,16,Married-civ-spouse,Prof-specialty,Husband,White,Male,0,0,60,United-States,1
27,Private,149624,Some-college,10,Married-civ-spouse,Adm-clerical,Husband,White,Male,0,0,30,United-States,0
27,Private,332187,Bachelors,13,Never-married,Adm-clerical,Not-in-family,White,Female,0,0,65,United-States,0
27,Private,253814,Some-college,10,Never-married,Adm-clerical,Not-in-family,White,Female,0,0,40,United-States,0
31,Private,126501,Some-college,10,Married-civ-spouse,Craft-repair,Husband,White,Male,0,0,40,United-States,0
21,Private,149637,Some-college,10,Never-married,Other-service,Not-in-family,White,Female,0,0,40,United-States,0
26,Federal-gov,76900,Bachelors,13,Never-married,Tech-support,Not-in-family,White,Male,0,0,40,United-States,0
31,Private,183000,Prof-school,15,Never-married,Tech-support,Not-in-family,White,Male,0,0,55,United-States,0
51,Private,137253,HS-grad,9,Divorced,Prof-specialty,Unmarried,White,Female,0,0,40,United-States,1
63,Private,30813,Masters,14,Married-civ-spouse,Prof-specialty,Husband,White,Male,0,0,50,United-States,1
30,Private,109282,Some-college,10,Never-married,Sales,Own-child,White,Male,0,0,20,United-States,0
39,Private,143445,HS-grad,9,Married-civ-spouse,Other-service,Other-relative,Black,Female,0,0,40,United-States,0
59,Private,138370,10th,6,Married-spouse-absent,Protective-serv,Not-in-family,Asian-Pac-Islander,Male,0,0,40,India,0
26,Private,314177,HS-grad,9,Never-married,Sales,Not-in-family,Black,Male,0,0,40,United-States,0
45,Private,199832,Bachelors,13,Married-civ-spouse,Adm-clerical,Husband,White,Male,0,0,15,United-States,0
35,Private,379959,HS-grad,9,Divorced,Other-service,Not-in-family,White,Female,0,0,40,United-States,0
41,Private,180138,Bachelors,13,Married-civ-spouse,Exec-managerial,Husband,White,Male,0,0,50,Iran,1
48,Private,199763,HS-grad,9,Married-civ-spouse,Prof-specialty,Wife,White,Female,0,0,8,United-States,0
72,Private,497280,9th,5,Widowed,Other-service,Unmarried,Black,Female,0,0,20,United-States,0
23,Private,32950,Some-college,10,Never-married,Transport-moving,Not-in-family,White,Male,4101,0,40,United-States,0
27,Private,419146,5th-6th,3,Never-married,Other-service,Not-in-family,White,Male,0,0,75,Mexico,0
26,Private,133756,HS-grad,9,Divorced,Farming-fishing,Not-in-family,Asian-Pac-Islander,Male,0,0,40,Philippines,0
50,Self-emp-inc,100029,Bachelors,13,Widowed,Sales,Unmarried,White,Male,0,0,65,United-States,1
31,Private,227886,Some-college,10,Never-married,Adm-clerical,Unmarried,Black,Female,0,0,35,United-States,0
23,Private,198996,HS-grad,9,Never-married,Adm-clerical,Not-in-family,White,Female,0,0,40,United-States,0
20,Private,205839,Some-college,10,Never-married,Other-service,Own-child,White,Male,0,0,16,United-States,0
30,Local-gov,327825,HS-grad,9,Divorced,Protective-serv,Own-child,White,Female,0,0,32,United-States,0
45,Private,88265,HS-grad,9,Never-married,Machine-op-inspct,Own-child,White,Female,0,0,40,United-States,0
59,Private,126668,Assoc-voc,11,Married-civ-spouse,Prof-specialty,Husband,White,Male,5178,0,50,United-States,1
46,Self-emp-inc,98929,Bachelors,13,Married-civ-spouse,Sales,Husband,White,Male,0,0,52,United-States,0
30,Private,151868,9th,5,Married-civ-spouse,Craft-repair,Husband,White,Male,0,0,40,United-States,0
62,Private,588484,Bachelors,13,Married-civ-spouse,Sales,Husband,White,Male,0,0,20,United-States,1
51,Private,87205,Bachelors,13,Married-civ-spouse,Adm-clerical,Wife,White,Female,7688,0,20,United-States,1
39,Private,356838,HS-grad,9,Never-married,Farming-fishing,Own-child,White,Male,0,0,12,United-States,0
47,Private,160647,HS-grad,9,Never-married,Farming-fishing,Unmarried,White,Female,0,0,46,United-States,0
39,Private,53569,Assoc-voc,11,Married-civ-spouse,Craft-repair,Husband,White,Male,0,0,40,United-States,0
49,Private,99179,Bachelors,13,Never-married,Prof-specialty,Not-in-family,White,Female,0,0,40,United-States,0
32,Private,86808,Some-college,10,Never-married,Other-service,Own-child,White,Female,0,0,38,United-States,0
40,Private,202565,Assoc-acdm,12,Married-civ-spouse,Sales,Husband,White,Male,0,0,52,United-States,0
46,Private,243190,HS-grad,9,Married-civ-spouse,Adm-clerical,Wife,White,Female,7688,0,40,United-States,1
38,Private,309122,10th,6,Divorced,Machine-op-inspct,Not-in-family,White,Female,0,0,40,United-States,0
42,Private,30824,Masters,14,Divorced,Prof-specialty,Not-in-family,White,Female,2354,0,16,United-States,0
32,Private,211699,Assoc-acdm,12,Married-civ-spouse,Exec-managerial,Wife,White,Female,0,1485,40,United-States,1
28,Self-emp-not-inc,35032,Bachelors,13,Never-married,Exec-managerial,Not-in-family,White,Male,0,0,50,United-States,0
30,Self-emp-inc,185384,Some-college,10,Married-civ-spouse,Exec-managerial,Wife,White,Female,0,0,25,United-States,0
25,Private,178421,Bachelors,13,Never-married,Other-service,Not-in-family,White,Female,0,0,20,United-States,0
58,Private,142182,HS-grad,9,Married-civ-spouse,Craft-repair,Husband,White,Male,0,0,25,United-States,0
17,Private,143331,11th,7,Never-married,Sales,Own-child,White,Male,0,0,20,United-States,0
22,Private,355686,Some-college,10,Never-married,Adm-clerical,Not-in-family,White,Female,0,0,40,United-States,0
49,Local-gov,159641,Bachelors,13,Divorced,Exec-managerial,Unmarried,White,Female,0,625,40,United-States,0
21,State-gov,204425,Some-college,10,Never-married,Exec-managerial,Own-child,White,Female,0,0,20,United-States,0
22,Local-gov,34029,Bachelors,13,Never-married,Prof-specialty,Own-child,White,Female,0,0,20,United-States,0
31,Private,61559,HS-grad,9,Never-married,Other-service,Not-in-family,White,Male,0,0,50,United-States,0
28,Local-gov,100270,Bachelors,13,Divorced,Prof-specialty,Not-in-family,White,Male,0,0,40,United-States,0
46,Self-emp-inc,120131,Prof-school,15,Married-civ-spouse,Prof-specialty,Husband,White,Male,99999,0,60,United-States,1
36,Private,49837,Some-college,10,Divorced,Prof-specialty,Not-in-family,White,Female,0,0,40,United-States,0
42,Private,341638,11th,7,Divorced,Craft-repair,Not-in-family,White,Male,0,0,40,United-States,0
27,Private,178564,Some-college,10,Never-married,Adm-clerical,Own-child,White,Male,0,0,30,United-States,0
49,Private,148398,HS-grad,9,Divorced,Machine-op-inspct,Not-in-family,Black,Female,0,0,40,United-States,0
38,Federal-gov,47707,HS-grad,9,Never-married,Adm-clerical,Own-child,Black,Female,0,0,40,United-States,0
63,Private,109517,Some-college,10,Widowed,Adm-clerical,Unmarried,White,Female,0,0,43,United-States,0
50,Private,167886,Some-college,10,Married-civ-spouse,Sales,Husband,White,Male,0,0,40,United-States,1
18,Private,36882,HS-grad,9,Never-married,Adm-clerical,Own-child,White,Female,0,0,20,United-States,0
50,Private,226735,Some-college,10,Married-civ-spouse,Protective-serv,Husband,Black,Male,0,0,70,United-States,1
50,Private,133963,HS-grad,9,Divorced,Adm-clerical,Unmarried,White,Female,0,0,35,United-States,0
47,Private,102771,HS-grad,9,Married-civ-spouse,Transport-moving,Husband,White,Male,0,0,50,United-States,0
35,Private,148903,HS-grad,9,Married-civ-spouse,Other-service,Wife,White,Female,0,0,16,United-States,1
23,Private,208946,Bachelors,13,Never-married,Sales,Own-child,White,Male,0,0,32,United-States,0
53,Local-gov,248834,Bachelors,13,Married-civ-spouse,Prof-specialty,Wife,White,Female,0,0,50,United-States,1
67,Private,197816,Some-college,10,Married-civ-spouse,Sales,Husband,White,Male,0,1844,70,United-States,0
42,Private,106679,HS-grad,9,Married-civ-spouse,Craft-repair,Husband,White,Male,0,0,50,United-States,1
29,Private,211299,Assoc-voc,11,Never-married,Sales,Not-in-family,Black,Male,0,0,45,United-States,0
64,State-gov,114650,9th,5,Married-civ-spouse,Craft-repair,Husband,White,Male,0,0,40,United-States,0
64,State-gov,264544,Masters,14,Married-civ-spouse,Prof-specialty,Wife,White,Female,0,0,5,United-States,1
26,Private,262617,HS-grad,9,Married-civ-spouse,Craft-repair,Husband,White,Male,0,0,48,United-States,0
22,Private,374116,HS-grad,9,Never-married,Priv-house-serv,Own-child,White,Female,0,0,36,United-States,0
45,Private,242391,Bachelors,13,Married-civ-spouse,Exec-managerial,Husband,White,Male,0,0,60,United-States,1
42,Private,341757,Some-college,10,Never-married,Machine-op-inspct,Not-in-family,White,Female,0,0,40,United-States,0
31,Private,136651,HS-grad,9,Married-civ-spouse,Craft-repair,Husband,White,Male,0,0,40,Mexico,0
41,Private,317539,Some-college,10,Married-civ-spouse,Craft-repair,Husband,Black,Male,0,0,40,United-States,0
54,Private,222882,HS-grad,9,Widowed,Exec-managerial,Unmarried,White,Female,0,0,45,United-States,0
40,Private,305846,Some-college,10,Married-civ-spouse,Adm-clerical,Wife,White,Female,0,0,40,United-States,1
21,Self-emp-not-inc,318987,Assoc-voc,11,Married-civ-spouse,Farming-fishing,Husband,White,Male,0,0,40,United-States,0
25,Private,362912,Some-college,10,Never-married,Craft-repair,Own-child,White,Female,0,0,50,United-States,0
23,Private,436798,Some-college,10,Married-civ-spouse,Machine-op-inspct,Husband,White,Male,0,0,40,United-States,0
23,Local-gov,197918,Some-college,10,Never-married,Protective-serv,Own-child,White,Male,0,0,40,United-States,1
76,Local-gov,169133,Some-college,10,Widowed,Adm-clerical,Not-in-family,White,Female,0,0,30,United-States,0
60,State-gov,114060,Some-college,10,Married-civ-spouse,Protective-serv,Husband,White,Male,0,0,40,United-States,0
22,Private,222490,Some-college,10,Never-married,Sales,Own-child,White,Female,0,0,30,United-States,0
38,Private,115336,HS-grad,9,Divorced,Other-service,Unmarried,White,Female,0,0,70,United-States,0
49,Local-gov,78859,Masters,14,Widowed,Prof-specialty,Unmarried,White,Female,0,323,20,United-States,0
28,Private,301654,Bachelors,13,Never-married,Prof-specialty,Not-in-family,White,Female,0,0,40,United-States,0
61,Private,141745,HS-grad,9,Divorced,Other-service,Not-in-family,Black,Female,0,0,40,United-States,0
40,State-gov,199381,Masters,14,Married-civ-spouse,Prof-specialty,Wife,White,Female,15024,0,37,United-States,1
27,Private,267325,HS-grad,9,Married-civ-spouse,Sales,Wife,White,Female,3464,0,40,United-States,0
54,Local-gov,204325,Some-college,10,Married-civ-spouse,Protective-serv,Husband,White,Male,0,0,52,United-States,0
65,Self-emp-not-inc,28367,HS-grad,9,Married-civ-spouse,Sales,Husband,White,Male,0,0,55,United-States,0
26,State-gov,105787,Bachelors,13,Never-married,Prof-specialty,Own-child,White,Male,0,0,40,United-States,0
34,Private,140571,Assoc-voc,11,Divorced,Tech-support,Unmarried,Black,Female,0,0,40,United-States,0
25,Private,111058,Some-college,10,Never-married,Adm-clerical,Not-in-family,White,Male,0,1980,40,United-States,0
44,Federal-gov,218062,Some-college,10,Divorced,Adm-clerical,Unmarried,Black,Female,0,0,40,United-States,0
24,Private,276851,HS-grad,9,Divorced,Protective-serv,Own-child,White,Female,0,1762,40,United-States,0
43,Private,180138,HS-grad,9,Never-married,Craft-repair,Not-in-family,White,Male,0,0,45,United-States,0
26,Private,288592,HS-grad,9,Never-married,Adm-clerical,Not-in-family,White,Female,0,0,40,United-States,0
17,Private,218361,10th,6,Never-married,Other-service,Own-child,White,Female,0,1602,12,United-States,0
64,Self-emp-not-inc,388625,10th,6,Married-civ-spouse,Prof-specialty,Husband,White,Male,0,0,10,United-States,1
23,Private,435604,Assoc-voc,11,Separated,Exec-managerial,Own-child,White,Female,0,0,40,United-States,0
35,Private,202027,Bachelors,13,Divorced,Exec-managerial,Not-in-family,White,Male,27828,0,50,United-States,1
38,Self-emp-not-inc,198867,11th,7,Married-civ-spouse,Craft-repair,Husband,White,Male,0,0,40,United-States,0
35,Private,45607,Some-college,10,Never-married,Other-service,Not-in-family,White,Male,0,0,40,United-States,0
25,Private,105693,Bachelors,13,Never-married,Prof-specialty,Not-in-family,White,Female,0,0,40,United-States,0
57,Private,233382,Masters,14,Never-married,Exec-managerial,Not-in-family,White,Male,0,0,40,Cuba,0
29,Private,134890,Bachelors,13,Married-civ-spouse,Tech-support,Husband,White,Male,0,0,40,United-States,1
35,Private,239755,Bachelors,13,Never-married,Other-service,Not-in-family,White,Male,0,0,38,United-States,0
55,Private,49737,Some-college,10,Married-civ-spouse,Sales,Husband,White,Male,0,0,50,United-States,0
42,Private,209392,HS-grad,9,Divorced,Protective-serv,Not-in-family,Black,Male,0,0,35,United-States,0
31,Private,253354,Bachelors,13,Married-civ-spouse,Prof-specialty,Husband,White,Male,0,0,50,United-States,0
26,Private,190650,Bachelors,13,Never-married,Adm-clerical,Own-child,Asian-Pac-Islander,Male,0,0,40,Taiwan,0
18,Self-emp-not-inc,29582,11th,7,Never-married,Craft-repair,Own-child,White,Male,0,0,40,United-States,0
53,Private,103950,Masters,14,Divorced,Prof-specialty,Not-in-family,White,Female,0,0,40,United-States,0
30,Private,203488,HS-grad,9,Never-married,Craft-repair,Own-child,White,Male,0,0,50,United-States,0
39,Private,347814,Assoc-acdm,12,Never-married,Other-service,Own-child,White,Female,0,0,56,United-States,0
25,Private,353795,Some-college,10,Married-civ-spouse,Adm-clerical,Wife,Black,Female,3103,0,40,United-States,1
46,Private,219611,Some-college,10,Married-civ-spouse,Adm-clerical,Husband,White,Male,0,0,40,United-States,0
27,Private,114967,Bachelors,13,Never-married,Sales,Own-child,White,Male,0,0,40,United-States,0
25,Private,230292,HS-grad,9,Married-civ-spouse,Craft-repair,Husband,White,Male,0,0,40,United-States,0
41,Private,294270,9th,5,Married-civ-spouse,Transport-moving,Husband,White,Male,0,0,35,United-States,0
68,Self-emp-not-inc,336329,HS-grad,9,Married-civ-spouse,Exec-managerial,Husband,White,Male,0,0,10,United-States,0
30,Private,243165,HS-grad,9,Married-civ-spouse,Exec-managerial,Husband,White,Male,0,0,40,United-States,0
27,Private,704108,Bachelors,13,Never-married,Prof-specialty,Not-in-family,White,Male,0,0,50,United-States,0
44,Private,175485,Bachelors,13,Married-civ-spouse,Craft-repair,Husband,White,Male,0,0,12,United-States,0
64,Self-emp-not-inc,106538,Masters,14,Divorced,Prof-specialty,Not-in-family,White,Male,0,0,50,United-States,0
35,Private,98986,7th-8th,4,Never-married,Machine-op-inspct,Own-child,White,Female,0,0,30,United-States,0
51,Private,175246,HS-grad,9,Married-civ-spouse,Transport-moving,Husband,White,Male,0,0,50,United-States,1
30,Private,156464,Masters,14,Never-married,Prof-specialty,Not-in-family,White,Male,0,0,45,United-States,1
29,Private,244473,Assoc-voc,11,Married-civ-spouse,Tech-support,Husband,White,Male,0,2051,40,United-States,0
39,Private,33983,Some-college,10,Married-civ-spouse,Adm-clerical,Husband,White,Male,15024,0,40,United-States,1
36,Local-gov,191161,Some-college,10,Married-civ-spouse,Protective-serv,Husband,White,Male,0,0,57,United-States,1
54,State-gov,138852,HS-grad,9,Married-civ-spouse,Prof-specialty,Husband,White,Male,0,0,40,United-States,0
21,Private,226145,Some-college,10,Never-married,Handlers-cleaners,Own-child,White,Male,0,0,30,United-States,0
35,Self-emp-not-inc,95455,Bachelors,13,Divorced,Exec-managerial,Unmarried,White,Female,0,0,55,United-States,0
31,Federal-gov,126501,Assoc-voc,11,Never-married,Prof-specialty,Own-child,White,Male,0,0,40,United-States,0
51,Private,24185,Bachelors,13,Married-civ-spouse,Craft-repair,Husband,White,Male,0,0,40,United-States,1
21,Private,143062,Some-college,10,Never-married,Other-service,Own-child,White,Male,0,0,32,United-States,0
39,Private,160402,Some-college,10,Divorced,Exec-managerial,Not-in-family,White,Male,0,0,38,United-States,0
20,Private,184678,HS-grad,9,Never-married,Sales,Not-in-family,White,Female,0,0,32,United-States,0
45,Private,36006,Bachelors,13,Married-civ-spouse,Craft-repair,Husband,White,Male,0,0,45,United-States,1
38,State-gov,346766,HS-grad,9,Divorced,Adm-clerical,Unmarried,White,Female,0,0,40,United-States,0
21,Self-emp-not-inc,409230,Some-college,10,Never-married,Adm-clerical,Own-child,White,Male,0,0,30,United-States,0
31,Private,258849,Assoc-voc,11,Never-married,Adm-clerical,Unmarried,Black,Female,0,0,40,United-States,0
29,Self-emp-not-inc,389857,HS-grad,9,Never-married,Craft-repair,Not-in-family,White,Male,0,0,50,United-States,1
28,Private,141350,Bachelors,13,Married-civ-spouse,Exec-managerial,Husband,White,Male,0,0,45,United-States,0
31,Private,159187,Some-college,10,Married-civ-spouse,Craft-repair,Husband,White,Male,0,0,40,United-States,1
49,Private,116338,HS-grad,9,Separated,Prof-specialty,Unmarried,White,Female,0,653,60,United-States,0
42,Private,185145,Some-college,10,Married-civ-spouse,Transport-moving,Husband,White,Male,0,0,57,United-States,0
55,Private,342121,Some-college,10,Married-civ-spouse,Tech-support,Husband,White,Male,0,0,40,United-States,0
44,Private,171484,10th,6,Married-civ-spouse,Machine-op-inspct,Husband,White,Male,0,0,40,United-States,1
35,Private,126569,HS-grad,9,Divorced,Craft-repair,Own-child,White,Male,0,0,20,United-States,0
47,Private,275095,Some-college,10,Divorced,Machine-op-inspct,Not-in-family,White,Female,0,0,40,United-States,0
59,Private,216851,HS-grad,9,Never-married,Machine-op-inspct,Not-in-family,White,Male,0,0,40,United-States,0
26,Private,167350,HS-grad,9,Never-married,Transport-moving,Own-child,White,Male,0,0,50,United-States,0
61,Self-emp-not-inc,201965,HS-grad,9,Married-civ-spouse,Exec-managerial,Husband,White,Male,0,0,40,United-States,0
57,Private,204816,Masters,14,Divorced,Prof-specialty,Not-in-family,White,Male,0,0,30,United-States,0
46,Federal-gov,219293,HS-grad,9,Married-civ-spouse,Adm-clerical,Husband,Black,Male,0,0,80,United-States,1
34,Private,133122,Bachelors,13,Married-civ-spouse,Exec-managerial,Husband,White,Male,0,0,40,United-States,0
44,State-gov,351228,HS-grad,9,Married-civ-spouse,Adm-clerical,Husband,White,Male,0,0,40,United-States,0
50,Private,221336,HS-grad,9,Divorced,Adm-clerical,Other-relative,Asian-Pac-Islander,Female,0,0,40,Philippines,0
25,Private,198587,Some-college,10,Never-married,Tech-support,Not-in-family,Black,Female,2174,0,50,United-States,0
36,Private,185405,HS-grad,9,Married-civ-spouse,Adm-clerical,Husband,White,Male,0,0,50,United-States,1
50,Self-emp-not-inc,167728,Doctorate,16,Married-civ-spouse,Prof-specialty,Husband,White,Male,0,0,60,United-States,1
36,Local-gov,110791,Assoc-acdm,12,Separated,Adm-clerical,Unmarried,White,Female,0,0,40,United-States,0
57,Private,223214,HS-grad,9,Married-civ-spouse,Sales,Husband,White,Male,0,0,50,United-States,0
26,Private,195105,HS-grad,9,Never-married,Sales,Not-in-family,Other,Male,0,0,40,United-States,0
23,Private,154978,HS-grad,9,Married-civ-spouse,Other-service,Husband,White,Male,0,0,40,Guatemala,0
39,Private,230329,Bachelors,13,Married-civ-spouse,Sales,Husband,White,Male,0,0,40,Canada,1
